opponent,map,side,outcome,winner,rounds,seconds,error,analysis_error,team_a,team_b,log,replay,runtime_faults,reason,statistics,series,graph,candidate_units,candidate_total,candidate_longest,candidate_pearls,candidate_splits,candidate_deaths,candidate_enemy_kills,candidate_killed_by_enemy,candidate_team_kills,candidate_self_collisions,candidate_wall_deaths,candidate_invalid_action_deaths,candidate_suicides,candidate_tle,candidate_unattributed_collision_deaths,candidate_space_share,candidate_space_tied,candidate_space_unreachable,opponent_units,opponent_total,opponent_longest,opponent_pearls,opponent_splits,opponent_deaths,opponent_enemy_kills,opponent_killed_by_enemy,opponent_team_kills,opponent_self_collisions,opponent_wall_deaths,opponent_invalid_action_deaths,opponent_suicides,opponent_tle,opponent_unattributed_collision_deaths,opponent_space_share,opponent_space_tied,opponent_space_unreachable
gavroche-v13-tail-paced-rescue,Colosseum,A,B,gavroche-v13-tail-paced-rescue,145,5.523,,,gavroche-v15-divecap,gavroche-v13-tail-paced-rescue,opponents/gavroche-v13-tail-paced-rescue/replays/Colosseum-candidate-A.log,opponents/gavroche-v13-tail-paced-rescue/replays/Colosseum-candidate-A.replay,0,elimination,opponents/gavroche-v13-tail-paced-rescue/stats/Colosseum-candidate-A.json,opponents/gavroche-v13-tail-paced-rescue/stats/Colosseum-candidate-A.csv,opponents/gavroche-v13-tail-paced-rescue/graphs/Colosseum-candidate-A.svg,0,0,0,87,28,29,27,27,2,0,0,0,0,0,0,0.0,0.0,0.0,32,77,4,239,92,61,27,27,28,6,0,0,0,0,0,100.0,0.0,0.0
gavroche-v13-tail-paced-rescue,Colosseum,B,B,gavroche-v15-divecap,182,7.6,,,gavroche-v13-tail-paced-rescue,gavroche-v15-divecap,opponents/gavroche-v13-tail-paced-rescue/replays/Colosseum-candidate-B.log,opponents/gavroche-v13-tail-paced-rescue/replays/Colosseum-candidate-B.replay,0,elimination,opponents/gavroche-v13-tail-paced-rescue/stats/Colosseum-candidate-B.json,opponents/gavroche-v13-tail-paced-rescue/stats/Colosseum-candidate-B.csv,opponents/gavroche-v13-tail-paced-rescue/graphs/Colosseum-candidate-B.svg,34,87,4,297,114,81,12,12,53,13,3,0,0,0,0,100.0,0.0,0.0,0,0,0,52,14,15,12,12,2,0,1,0,0,0,0,0.0,0.0,0.0
gavroche-v13-tail-paced-rescue,arena,A,B,gavroche-v13-tail-paced-rescue,95,3.888,,,gavroche-v15-divecap,gavroche-v13-tail-paced-rescue,opponents/gavroche-v13-tail-paced-rescue/replays/arena-candidate-A.log,opponents/gavroche-v13-tail-paced-rescue/replays/arena-candidate-A.replay,0,elimination,opponents/gavroche-v13-tail-paced-rescue/stats/arena-candidate-A.json,opponents/gavroche-v13-tail-paced-rescue/stats/arena-candidate-A.csv,opponents/gavroche-v13-tail-paced-rescue/graphs/arena-candidate-A.svg,0,0,0,92,32,33,24,25,2,4,2,0,0,0,0,0.0,0.0,0.0,25,65,4,255,97,73,25,24,25,21,3,0,0,0,0,100.0,0.0,0.0
gavroche-v13-tail-paced-rescue,arena,B,B,gavroche-v15-divecap,104,3.688,,,gavroche-v13-tail-paced-rescue,gavroche-v15-divecap,opponents/gavroche-v13-tail-paced-rescue/replays/arena-candidate-B.log,opponents/gavroche-v13-tail-paced-rescue/replays/arena-candidate-B.replay,0,elimination,opponents/gavroche-v13-tail-paced-rescue/stats/arena-candidate-B.json,opponents/gavroche-v13-tail-paced-rescue/stats/arena-candidate-B.csv,opponents/gavroche-v13-tail-paced-rescue/graphs/arena-candidate-B.svg,24,61,3,236,90,67,36,37,11,12,7,0,0,0,0,100.0,0.0,0.0,0,0,0,144,42,43,37,36,6,1,0,0,0,0,0,0.0,0.0,0.0
gavroche-v13-tail-paced-rescue,autarky,A,A,gavroche-v15-divecap,416,20.781,,,gavroche-v15-divecap,gavroche-v13-tail-paced-rescue,opponents/gavroche-v13-tail-paced-rescue/replays/autarky-candidate-A.log,opponents/gavroche-v13-tail-paced-rescue/replays/autarky-candidate-A.replay,0,elimination,opponents/gavroche-v13-tail-paced-rescue/stats/autarky-candidate-A.json,opponents/gavroche-v13-tail-paced-rescue/stats/autarky-candidate-A.csv,opponents/gavroche-v13-tail-paced-rescue/graphs/autarky-candidate-A.svg,37,136,14,546,200,169,20,14,34,11,110,0,0,0,0,100.0,0.0,0.0,0,0,0,208,83,89,14,20,7,5,57,0,0,0,0,0.0,0.0,0.0
gavroche-v13-tail-paced-rescue,autarky,B,B,gavroche-v15-divecap,500,24.058,,,gavroche-v13-tail-paced-rescue,gavroche-v15-divecap,opponents/gavroche-v13-tail-paced-rescue/replays/autarky-candidate-B.log,opponents/gavroche-v13-tail-paced-rescue/replays/autarky-candidate-B.replay,0,roundLimit,opponents/gavroche-v13-tail-paced-rescue/stats/autarky-candidate-B.json,opponents/gavroche-v13-tail-paced-rescue/stats/autarky-candidate-B.csv,opponents/gavroche-v13-tail-paced-rescue/graphs/autarky-candidate-B.svg,18,126,37,719,234,222,12,13,39,37,133,0,0,0,0,99.07407407407408,0.30864197530864196,0.0,1,3,3,119,52,57,13,12,10,5,30,0,0,0,0,0.6172839506172839,0.30864197530864196,0.0
gavroche-v13-tail-paced-rescue,big_empty,A,B,gavroche-v13-tail-paced-rescue,500,71.702,,,gavroche-v15-divecap,gavroche-v13-tail-paced-rescue,opponents/gavroche-v13-tail-paced-rescue/replays/big_empty-candidate-A.log,opponents/gavroche-v13-tail-paced-rescue/replays/big_empty-candidate-A.replay,0,roundLimit,opponents/gavroche-v13-tail-paced-rescue/stats/big_empty-candidate-A.json,opponents/gavroche-v13-tail-paced-rescue/stats/big_empty-candidate-A.csv,opponents/gavroche-v13-tail-paced-rescue/graphs/big_empty-candidate-A.svg,34,492,31,1386,180,149,134,134,4,11,0,0,0,0,0,65.673828125,4.736328125,0.0,18,328,61,1213,178,163,134,134,1,28,0,0,0,0,0,29.58984375,4.736328125,0.0
gavroche-v13-tail-paced-rescue,big_empty,B,A,gavroche-v13-tail-paced-rescue,500,71.163,,,gavroche-v13-tail-paced-rescue,gavroche-v15-divecap,opponents/gavroche-v13-tail-paced-rescue/replays/big_empty-candidate-B.log,opponents/gavroche-v13-tail-paced-rescue/replays/big_empty-candidate-B.replay,0,roundLimit,opponents/gavroche-v13-tail-paced-rescue/stats/big_empty-candidate-B.json,opponents/gavroche-v13-tail-paced-rescue/stats/big_empty-candidate-B.csv,opponents/gavroche-v13-tail-paced-rescue/graphs/big_empty-candidate-B.svg,18,305,34,1259,162,147,121,121,0,26,0,0,0,0,0,51.2939453125,4.541015625,0.0,16,297,66,1250,169,156,121,121,4,31,0,0,0,0,0,44.1650390625,4.541015625,0.0
gavroche-v13-tail-paced-rescue,default,A,B,gavroche-v13-tail-paced-rescue,500,18.428,,,gavroche-v15-divecap,gavroche-v13-tail-paced-rescue,opponents/gavroche-v13-tail-paced-rescue/replays/default-candidate-A.log,opponents/gavroche-v13-tail-paced-rescue/replays/default-candidate-A.replay,0,roundLimit,opponents/gavroche-v13-tail-paced-rescue/stats/default-candidate-A.json,opponents/gavroche-v13-tail-paced-rescue/stats/default-candidate-A.csv,opponents/gavroche-v13-tail-paced-rescue/graphs/default-candidate-A.svg,3,29,18,163,40,41,28,25,0,13,3,0,0,0,0,46.77734375,0.0,0.0,4,58,27,393,132,132,25,28,65,32,7,0,0,0,0,53.22265625,0.0,0.0
gavroche-v13-tail-paced-rescue,default,B,A,gavroche-v13-tail-paced-rescue,500,19.611,,,gavroche-v13-tail-paced-rescue,gavroche-v15-divecap,opponents/gavroche-v13-tail-paced-rescue/replays/default-candidate-B.log,opponents/gavroche-v13-tail-paced-rescue/replays/default-candidate-B.replay,0,roundLimit,opponents/gavroche-v13-tail-paced-rescue/stats/default-candidate-B.json,opponents/gavroche-v13-tail-paced-rescue/stats/default-candidate-B.csv,opponents/gavroche-v13-tail-paced-rescue/graphs/default-candidate-B.svg,5,47,18,200,54,53,26,26,9,15,3,0,0,0,0,61.1328125,1.953125,0.0,4,69,33,355,110,110,26,26,50,22,12,0,0,0,0,36.9140625,1.953125,0.0
gavroche-v13-tail-paced-rescue,default_small,A,A,gavroche-v15-divecap,297,6.996,,,gavroche-v15-divecap,gavroche-v13-tail-paced-rescue,opponents/gavroche-v13-tail-paced-rescue/replays/default_small-candidate-A.log,opponents/gavroche-v13-tail-paced-rescue/replays/default_small-candidate-A.replay,0,elimination,opponents/gavroche-v13-tail-paced-rescue/stats/default_small-candidate-A.json,opponents/gavroche-v13-tail-paced-rescue/stats/default_small-candidate-A.csv,opponents/gavroche-v13-tail-paced-rescue/graphs/default_small-candidate-A.svg,22,55,5,222,90,70,13,13,16,21,20,0,0,0,0,100.0,0.0,0.0,0,0,0,44,15,17,13,13,1,1,2,0,0,0,0,0.0,0.0,0.0
gavroche-v13-tail-paced-rescue,default_small,B,A,gavroche-v13-tail-paced-rescue,230,4.691,,,gavroche-v13-tail-paced-rescue,gavroche-v15-divecap,opponents/gavroche-v13-tail-paced-rescue/replays/default_small-candidate-B.log,opponents/gavroche-v13-tail-paced-rescue/replays/default_small-candidate-B.replay,0,elimination,opponents/gavroche-v13-tail-paced-rescue/stats/default_small-candidate-B.json,opponents/gavroche-v13-tail-paced-rescue/stats/default_small-candidate-B.csv,opponents/gavroche-v13-tail-paced-rescue/graphs/default_small-candidate-B.svg,0,0,0,33,10,12,11,10,0,1,1,0,0,0,0,0.0,0.0,0.0,23,48,3,131,54,33,10,11,6,9,7,0,0,0,0,100.0,0.0,0.0
gavroche-v13-tail-paced-rescue,devil,A,A,gavroche-v15-divecap,500,23.263,,,gavroche-v15-divecap,gavroche-v13-tail-paced-rescue,opponents/gavroche-v13-tail-paced-rescue/replays/devil-candidate-A.log,opponents/gavroche-v13-tail-paced-rescue/replays/devil-candidate-A.replay,0,roundLimit,opponents/gavroche-v13-tail-paced-rescue/stats/devil-candidate-A.json,opponents/gavroche-v13-tail-paced-rescue/stats/devil-candidate-A.csv,opponents/gavroche-v13-tail-paced-rescue/graphs/devil-candidate-A.svg,3,56,37,1304,448,448,57,58,102,188,100,0,0,0,0,67.578125,0.390625,0.0,1,8,8,372,122,124,58,57,13,35,19,0,0,0,0,32.03125,0.390625,0.0
gavroche-v13-tail-paced-rescue,devil,B,B,gavroche-v15-divecap,500,23.411,,,gavroche-v13-tail-paced-rescue,gavroche-v15-divecap,opponents/gavroche-v13-tail-paced-rescue/replays/devil-candidate-B.log,opponents/gavroche-v13-tail-paced-rescue/replays/devil-candidate-B.replay,0,roundLimit,opponents/gavroche-v13-tail-paced-rescue/stats/devil-candidate-B.json,opponents/gavroche-v13-tail-paced-rescue/stats/devil-candidate-B.csv,opponents/gavroche-v13-tail-paced-rescue/graphs/devil-candidate-B.svg,5,97,42,1337,458,456,54,49,86,209,112,0,0,0,0,78.125,3.125,0.0,1,14,14,302,101,103,49,54,14,24,11,0,0,0,0,18.75,3.125,0.0
gavroche-v13-tail-paced-rescue,dilemma,A,A,gavroche-v15-divecap,500,9.364,,,gavroche-v15-divecap,gavroche-v13-tail-paced-rescue,opponents/gavroche-v13-tail-paced-rescue/replays/dilemma-candidate-A.log,opponents/gavroche-v13-tail-paced-rescue/replays/dilemma-candidate-A.replay,0,roundLimit,opponents/gavroche-v13-tail-paced-rescue/stats/dilemma-candidate-A.json,opponents/gavroche-v13-tail-paced-rescue/stats/dilemma-candidate-A.csv,opponents/gavroche-v13-tail-paced-rescue/graphs/dilemma-candidate-A.svg,3,33,22,256,89,89,4,6,10,44,29,0,0,0,0,65.234375,5.859375,0.0,1,17,17,113,37,39,6,4,4,19,12,0,0,0,0,28.90625,5.859375,0.0
gavroche-v13-tail-paced-rescue,dilemma,B,B,gavroche-v15-divecap,500,6.584,,,gavroche-v13-tail-paced-rescue,gavroche-v15-divecap,opponents/gavroche-v13-tail-paced-rescue/replays/dilemma-candidate-B.log,opponents/gavroche-v13-tail-paced-rescue/replays/dilemma-candidate-B.replay,0,roundLimit,opponents/gavroche-v13-tail-paced-rescue/stats/dilemma-candidate-B.json,opponents/gavroche-v13-tail-paced-rescue/stats/dilemma-candidate-B.csv,opponents/gavroche-v13-tail-paced-rescue/graphs/dilemma-candidate-B.svg,4,63,44,196,48,47,8,8,1,29,9,0,0,0,0,62.109375,3.90625,0.0,3,8,4,123,48,48,8,8,7,27,6,0,0,0,0,33.984375,3.90625,0.0
gavroche-v13-tail-paced-rescue,queen_of_spades,A,A,gavroche-v15-divecap,242,4.927,,,gavroche-v15-divecap,gavroche-v13-tail-paced-rescue,opponents/gavroche-v13-tail-paced-rescue/replays/queen_of_spades-candidate-A.log,opponents/gavroche-v13-tail-paced-rescue/replays/queen_of_spades-candidate-A.replay,0,elimination,opponents/gavroche-v13-tail-paced-rescue/stats/queen_of_spades-candidate-A.json,opponents/gavroche-v13-tail-paced-rescue/stats/queen_of_spades-candidate-A.csv,opponents/gavroche-v13-tail-paced-rescue/graphs/queen_of_spades-candidate-A.svg,13,32,4,230,86,75,17,12,37,11,15,0,0,0,0,79.2,0.0,20.8,0,0,0,99,34,36,12,17,8,1,10,0,0,0,0,0.0,0.0,20.8
gavroche-v13-tail-paced-rescue,queen_of_spades,B,A,gavroche-v13-tail-paced-rescue,500,9.352,,,gavroche-v13-tail-paced-rescue,gavroche-v15-divecap,opponents/gavroche-v13-tail-paced-rescue/replays/queen_of_spades-candidate-B.log,opponents/gavroche-v13-tail-paced-rescue/replays/queen_of_spades-candidate-B.replay,0,roundLimit,opponents/gavroche-v13-tail-paced-rescue/stats/queen_of_spades-candidate-B.json,opponents/gavroche-v13-tail-paced-rescue/stats/queen_of_spades-candidate-B.csv,opponents/gavroche-v13-tail-paced-rescue/graphs/queen_of_spades-candidate-B.svg,1,13,13,85,23,24,17,14,4,3,3,0,0,0,0,18.514285714285716,5.485714285714286,20.8,2,54,27,475,155,155,14,17,59,30,49,0,0,0,0,55.2,5.485714285714286,20.8
gavroche-v13-tail-paced-rescue,schooltime,A,A,gavroche-v15-divecap,483,35.7,,,gavroche-v15-divecap,gavroche-v13-tail-paced-rescue,opponents/gavroche-v13-tail-paced-rescue/replays/schooltime-candidate-A.log,opponents/gavroche-v13-tail-paced-rescue/replays/schooltime-candidate-A.replay,0,elimination,opponents/gavroche-v13-tail-paced-rescue/stats/schooltime-candidate-A.json,opponents/gavroche-v13-tail-paced-rescue/stats/schooltime-candidate-A.csv,opponents/gavroche-v13-tail-paced-rescue/graphs/schooltime-candidate-A.svg,36,339,37,1386,248,215,54,37,59,56,63,0,0,0,0,85.91666666666667,0.0,14.083333333333334,0,0,0,425,145,148,37,54,28,27,39,0,0,0,0,0.0,0.0,14.083333333333334
gavroche-v13-tail-paced-rescue,schooltime,B,B,gavroche-v15-divecap,500,40.572,,,gavroche-v13-tail-paced-rescue,gavroche-v15-divecap,opponents/gavroche-v13-tail-paced-rescue/replays/schooltime-candidate-B.log,opponents/gavroche-v13-tail-paced-rescue/replays/schooltime-candidate-B.replay,0,roundLimit,opponents/gavroche-v13-tail-paced-rescue/stats/schooltime-candidate-B.json,opponents/gavroche-v13-tail-paced-rescue/stats/schooltime-candidate-B.csv,opponents/gavroche-v13-tail-paced-rescue/graphs/schooltime-candidate-B.svg,24,234,21,1453,273,252,96,80,52,61,59,0,0,0,0,71.04166666666667,3.75,14.083333333333334,5,65,21,823,270,268,80,96,39,34,99,0,0,0,0,11.125,3.75,14.083333333333334
gavroche-v13-tail-paced-rescue,stronghold,A,B,gavroche-v13-tail-paced-rescue,500,33.49,,,gavroche-v15-divecap,gavroche-v13-tail-paced-rescue,opponents/gavroche-v13-tail-paced-rescue/replays/stronghold-candidate-A.log,opponents/gavroche-v13-tail-paced-rescue/replays/stronghold-candidate-A.replay,0,roundLimit,opponents/gavroche-v13-tail-paced-rescue/stats/stronghold-candidate-A.json,opponents/gavroche-v13-tail-paced-rescue/stats/stronghold-candidate-A.csv,opponents/gavroche-v13-tail-paced-rescue/graphs/stronghold-candidate-A.svg,7,71,25,562,199,194,11,7,63,64,60,0,0,0,0,74.56597222222223,0.0,0.0,2,61,51,507,174,174,7,11,60,52,51,0,0,0,0,25.43402777777778,0.0,0.0
gavroche-v13-tail-paced-rescue,stronghold,B,A,gavroche-v13-tail-paced-rescue,500,28.475,,,gavroche-v13-tail-paced-rescue,gavroche-v15-divecap,opponents/gavroche-v13-tail-paced-rescue/replays/stronghold-candidate-B.log,opponents/gavroche-v13-tail-paced-rescue/replays/stronghold-candidate-B.replay,0,roundLimit,opponents/gavroche-v13-tail-paced-rescue/stats/stronghold-candidate-B.json,opponents/gavroche-v13-tail-paced-rescue/stats/stronghold-candidate-B.csv,opponents/gavroche-v13-tail-paced-rescue/graphs/stronghold-candidate-B.svg,1,43,43,325,95,96,1,1,25,43,27,0,0,0,0,26.649305555555557,0.0,0.0,3,79,55,587,208,207,1,1,61,80,65,0,0,0,0,73.35069444444444,0.0,0.0
gavroche-v13-tail-paced-rescue,trauma,A,A,gavroche-v15-divecap,500,17.248,,,gavroche-v15-divecap,gavroche-v13-tail-paced-rescue,opponents/gavroche-v13-tail-paced-rescue/replays/trauma-candidate-A.log,opponents/gavroche-v13-tail-paced-rescue/replays/trauma-candidate-A.replay,0,roundLimit,opponents/gavroche-v13-tail-paced-rescue/stats/trauma-candidate-A.json,opponents/gavroche-v13-tail-paced-rescue/stats/trauma-candidate-A.csv,opponents/gavroche-v13-tail-paced-rescue/graphs/trauma-candidate-A.svg,4,44,14,348,122,120,15,14,23,26,57,0,0,0,0,51.822916666666664,0.1736111111111111,0.6944444444444444,5,43,14,389,135,132,14,15,25,28,64,0,0,0,0,47.30902777777778,0.1736111111111111,0.6944444444444444
gavroche-v13-tail-paced-rescue,trauma,B,A,gavroche-v13-tail-paced-rescue,500,22.362,,,gavroche-v13-tail-paced-rescue,gavroche-v15-divecap,opponents/gavroche-v13-tail-paced-rescue/replays/trauma-candidate-B.log,opponents/gavroche-v13-tail-paced-rescue/replays/trauma-candidate-B.replay,0,roundLimit,opponents/gavroche-v13-tail-paced-rescue/stats/trauma-candidate-B.json,opponents/gavroche-v13-tail-paced-rescue/stats/trauma-candidate-B.csv,opponents/gavroche-v13-tail-paced-rescue/graphs/trauma-candidate-B.svg,3,22,12,206,61,60,5,5,6,28,21,0,0,0,0,38.36805555555556,1.0416666666666667,0.6944444444444444,6,55,21,700,263,259,5,5,56,74,124,0,0,0,0,59.895833333333336,1.0416666666666667,0.6944444444444444
gavroche-v13-tail-paced-rescue,trophy,A,B,gavroche-v13-tail-paced-rescue,236,10.386,,,gavroche-v15-divecap,gavroche-v13-tail-paced-rescue,opponents/gavroche-v13-tail-paced-rescue/replays/trophy-candidate-A.log,opponents/gavroche-v13-tail-paced-rescue/replays/trophy-candidate-A.replay,0,elimination,opponents/gavroche-v13-tail-paced-rescue/stats/trophy-candidate-A.json,opponents/gavroche-v13-tail-paced-rescue/stats/trophy-candidate-A.csv,opponents/gavroche-v13-tail-paced-rescue/graphs/trophy-candidate-A.svg,0,0,0,34,9,11,12,11,0,0,0,0,0,0,0,0.0,0.0,0.0,49,118,4,267,107,60,11,12,20,9,19,0,0,0,0,100.0,0.0,0.0
gavroche-v13-tail-paced-rescue,trophy,B,A,gavroche-v13-tail-paced-rescue,500,23.298,,,gavroche-v13-tail-paced-rescue,gavroche-v15-divecap,opponents/gavroche-v13-tail-paced-rescue/replays/trophy-candidate-B.log,opponents/gavroche-v13-tail-paced-rescue/replays/trophy-candidate-B.replay,0,roundLimit,opponents/gavroche-v13-tail-paced-rescue/stats/trophy-candidate-B.json,opponents/gavroche-v13-tail-paced-rescue/stats/trophy-candidate-B.csv,opponents/gavroche-v13-tail-paced-rescue/graphs/trophy-candidate-B.svg,1,9,9,124,36,37,31,31,0,0,6,0,0,0,0,6.72,2.56,0.0,5,94,48,691,201,198,31,31,63,64,40,0,0,0,0,90.72,2.56,0.0
gavroche-v16-informed-divecap,Colosseum,A,A,gavroche-v15-divecap,159,5.69,,,gavroche-v15-divecap,gavroche-v16-informed-divecap,opponents/gavroche-v16-informed-divecap/replays/Colosseum-candidate-A.log,opponents/gavroche-v16-informed-divecap/replays/Colosseum-candidate-A.replay,0,elimination,opponents/gavroche-v16-informed-divecap/stats/Colosseum-candidate-A.json,opponents/gavroche-v16-informed-divecap/stats/Colosseum-candidate-A.csv,opponents/gavroche-v16-informed-divecap/graphs/Colosseum-candidate-A.svg,28,69,4,215,80,53,34,34,18,1,0,0,0,0,0,100.0,0.0,0.0,0,0,0,110,34,35,34,34,0,0,1,0,0,0,0,0.0,0.0,0.0
gavroche-v16-informed-divecap,Colosseum,B,A,gavroche-v16-informed-divecap,124,4.454,,,gavroche-v16-informed-divecap,gavroche-v15-divecap,opponents/gavroche-v16-informed-divecap/replays/Colosseum-candidate-B.log,opponents/gavroche-v16-informed-divecap/replays/Colosseum-candidate-B.replay,0,elimination,opponents/gavroche-v16-informed-divecap/stats/Colosseum-candidate-B.json,opponents/gavroche-v16-informed-divecap/stats/Colosseum-candidate-B.csv,opponents/gavroche-v16-informed-divecap/graphs/Colosseum-candidate-B.svg,0,0,0,39,11,12,11,12,0,0,0,0,0,0,0,0.0,0.0,0.0,27,68,4,148,55,29,12,11,9,7,2,0,0,0,0,100.0,0.0,0.0
gavroche-v16-informed-divecap,arena,A,A,gavroche-v15-divecap,60,2.385,,,gavroche-v15-divecap,gavroche-v16-informed-divecap,opponents/gavroche-v16-informed-divecap/replays/arena-candidate-A.log,opponents/gavroche-v16-informed-divecap/replays/arena-candidate-A.replay,0,elimination,opponents/gavroche-v16-informed-divecap/stats/arena-candidate-A.json,opponents/gavroche-v16-informed-divecap/stats/arena-candidate-A.csv,opponents/gavroche-v16-informed-divecap/graphs/arena-candidate-A.svg,23,62,4,166,62,40,13,11,13,12,4,0,0,0,0,100.0,0.0,0.0,0,0,0,66,18,19,11,13,2,4,0,0,0,0,0,0.0,0.0,0.0
gavroche-v16-informed-divecap,arena,B,B,gavroche-v15-divecap,74,2.464,,,gavroche-v16-informed-divecap,gavroche-v15-divecap,opponents/gavroche-v16-informed-divecap/replays/arena-candidate-B.log,opponents/gavroche-v16-informed-divecap/replays/arena-candidate-B.replay,0,elimination,opponents/gavroche-v16-informed-divecap/stats/arena-candidate-B.json,opponents/gavroche-v16-informed-divecap/stats/arena-candidate-B.csv,opponents/gavroche-v16-informed-divecap/graphs/arena-candidate-B.svg,23,54,4,219,78,56,27,30,12,8,6,0,0,0,0,100.0,0.0,0.0,0,0,0,93,27,28,30,27,1,0,0,0,0,0,0,0.0,0.0,0.0
gavroche-v16-informed-divecap,autarky,A,B,gavroche-v16-informed-divecap,500,21.566,,,gavroche-v15-divecap,gavroche-v16-informed-divecap,opponents/gavroche-v16-informed-divecap/replays/autarky-candidate-A.log,opponents/gavroche-v16-informed-divecap/replays/autarky-candidate-A.replay,0,roundLimit,opponents/gavroche-v16-informed-divecap/stats/autarky-candidate-A.json,opponents/gavroche-v16-informed-divecap/stats/autarky-candidate-A.csv,opponents/gavroche-v16-informed-divecap/graphs/autarky-candidate-A.svg,3,28,20,339,111,114,26,28,8,8,70,0,0,0,0,23.14814814814815,1.954732510288066,0.0,8,80,22,531,164,162,28,26,19,20,97,0,0,0,0,74.89711934156378,1.954732510288066,0.0
gavroche-v16-informed-divecap,autarky,B,A,gavroche-v16-informed-divecap,500,21.042,,,gavroche-v16-informed-divecap,gavroche-v15-divecap,opponents/gavroche-v16-informed-divecap/replays/autarky-candidate-B.log,opponents/gavroche-v16-informed-divecap/replays/autarky-candidate-B.replay,0,roundLimit,opponents/gavroche-v16-informed-divecap/stats/autarky-candidate-B.json,opponents/gavroche-v16-informed-divecap/stats/autarky-candidate-B.csv,opponents/gavroche-v16-informed-divecap/graphs/autarky-candidate-B.svg,2,17,11,242,82,86,25,27,2,3,54,0,0,0,0,20.987654320987655,3.4979423868312756,0.0,10,92,44,570,179,175,27,25,13,29,108,0,0,0,0,75.51440329218107,3.4979423868312756,0.0
gavroche-v16-informed-divecap,big_empty,A,B,gavroche-v16-informed-divecap,500,75.193,,,gavroche-v15-divecap,gavroche-v16-informed-divecap,opponents/gavroche-v16-informed-divecap/replays/big_empty-candidate-A.log,opponents/gavroche-v16-informed-divecap/replays/big_empty-candidate-A.replay,0,roundLimit,opponents/gavroche-v16-informed-divecap/stats/big_empty-candidate-A.json,opponents/gavroche-v16-informed-divecap/stats/big_empty-candidate-A.csv,opponents/gavroche-v16-informed-divecap/graphs/big_empty-candidate-A.svg,25,317,25,1251,168,146,113,113,7,26,0,0,0,0,0,44.6044921875,5.0537109375,0.0,27,392,42,1332,172,148,113,113,7,28,0,0,0,0,0,50.341796875,5.0537109375,0.0
gavroche-v16-informed-divecap,big_empty,B,A,gavroche-v16-informed-divecap,500,76.608,,,gavroche-v16-informed-divecap,gavroche-v15-divecap,opponents/gavroche-v16-informed-divecap/replays/big_empty-candidate-B.log,opponents/gavroche-v16-informed-divecap/replays/big_empty-candidate-B.replay,0,roundLimit,opponents/gavroche-v16-informed-divecap/stats/big_empty-candidate-B.json,opponents/gavroche-v16-informed-divecap/stats/big_empty-candidate-B.csv,opponents/gavroche-v16-informed-divecap/graphs/big_empty-candidate-B.svg,19,317,36,1378,198,182,150,150,3,29,0,0,0,0,0,38.818359375,4.5654296875,0.0,25,414,44,1390,195,173,150,150,3,20,0,0,0,0,0,56.6162109375,4.5654296875,0.0
gavroche-v16-informed-divecap,default,A,B,gavroche-v16-informed-divecap,500,19.692,,,gavroche-v15-divecap,gavroche-v16-informed-divecap,opponents/gavroche-v16-informed-divecap/replays/default-candidate-A.log,opponents/gavroche-v16-informed-divecap/replays/default-candidate-A.replay,0,roundLimit,opponents/gavroche-v16-informed-divecap/stats/default-candidate-A.json,opponents/gavroche-v16-informed-divecap/stats/default-candidate-A.csv,opponents/gavroche-v16-informed-divecap/graphs/default-candidate-A.svg,1,12,12,42,14,17,18,17,0,0,0,0,0,0,0,9.765625,8.203125,0.0,13,126,20,475,134,125,17,18,59,39,9,0,0,0,0,82.03125,8.203125,0.0
gavroche-v16-informed-divecap,default,B,A,gavroche-v16-informed-divecap,500,17.751,,,gavroche-v16-informed-divecap,gavroche-v15-divecap,opponents/gavroche-v16-informed-divecap/replays/default-candidate-B.log,opponents/gavroche-v16-informed-divecap/replays/default-candidate-B.replay,0,roundLimit,opponents/gavroche-v16-informed-divecap/stats/default-candidate-B.json,opponents/gavroche-v16-informed-divecap/stats/default-candidate-B.csv,opponents/gavroche-v16-informed-divecap/graphs/default-candidate-B.svg,8,57,17,311,89,85,28,28,28,20,9,0,0,0,0,60.83984375,4.1015625,0.0,6,50,18,247,76,74,28,28,28,14,4,0,0,0,0,35.05859375,4.1015625,0.0
gavroche-v16-informed-divecap,default_small,A,B,gavroche-v16-informed-divecap,133,2.741,,,gavroche-v15-divecap,gavroche-v16-informed-divecap,opponents/gavroche-v16-informed-divecap/replays/default_small-candidate-A.log,opponents/gavroche-v16-informed-divecap/replays/default_small-candidate-A.replay,0,elimination,opponents/gavroche-v16-informed-divecap/stats/default_small-candidate-A.json,opponents/gavroche-v16-informed-divecap/stats/default_small-candidate-A.csv,opponents/gavroche-v16-informed-divecap/graphs/default_small-candidate-A.svg,0,0,0,22,8,10,8,8,0,1,1,0,0,0,0,0.0,0.0,0.0,19,46,4,86,36,19,8,8,2,4,5,0,0,0,0,100.0,0.0,0.0
gavroche-v16-informed-divecap,default_small,B,A,gavroche-v16-informed-divecap,293,6.849,,,gavroche-v16-informed-divecap,gavroche-v15-divecap,opponents/gavroche-v16-informed-divecap/replays/default_small-candidate-B.log,opponents/gavroche-v16-informed-divecap/replays/default_small-candidate-B.replay,0,elimination,opponents/gavroche-v16-informed-divecap/stats/default_small-candidate-B.json,opponents/gavroche-v16-informed-divecap/stats/default_small-candidate-B.csv,opponents/gavroche-v16-informed-divecap/graphs/default_small-candidate-B.svg,0,0,0,120,41,43,35,34,0,6,3,0,0,0,0,0.0,0.0,0.0,20,55,6,182,67,49,34,35,4,3,7,0,0,0,0,100.0,0.0,0.0
gavroche-v16-informed-divecap,devil,A,A,gavroche-v15-divecap,500,26.253,,,gavroche-v15-divecap,gavroche-v16-informed-divecap,opponents/gavroche-v16-informed-divecap/replays/devil-candidate-A.log,opponents/gavroche-v16-informed-divecap/replays/devil-candidate-A.replay,0,roundLimit,opponents/gavroche-v16-informed-divecap/stats/devil-candidate-A.json,opponents/gavroche-v16-informed-divecap/stats/devil-candidate-A.csv,opponents/gavroche-v16-informed-divecap/graphs/devil-candidate-A.svg,4,49,20,1378,501,500,59,59,104,223,114,0,0,0,0,91.2109375,1.171875,0.0,1,15,15,400,133,135,59,59,7,43,26,0,0,0,0,7.6171875,1.171875,0.0
gavroche-v16-informed-divecap,devil,B,A,gavroche-v16-informed-divecap,425,23.175,,,gavroche-v16-informed-divecap,gavroche-v15-divecap,opponents/gavroche-v16-informed-divecap/replays/devil-candidate-B.log,opponents/gavroche-v16-informed-divecap/replays/devil-candidate-B.replay,0,elimination,opponents/gavroche-v16-informed-divecap/stats/devil-candidate-B.json,opponents/gavroche-v16-informed-divecap/stats/devil-candidate-B.csv,opponents/gavroche-v16-informed-divecap/graphs/devil-candidate-B.svg,0,0,0,354,131,134,67,64,13,32,25,0,0,0,0,0.0,0.0,0.0,19,104,17,1199,446,430,64,67,96,168,99,0,0,0,0,100.0,0.0,0.0
gavroche-v16-informed-divecap,dilemma,A,B,gavroche-v16-informed-divecap,500,9.551,,,gavroche-v15-divecap,gavroche-v16-informed-divecap,opponents/gavroche-v16-informed-divecap/replays/dilemma-candidate-A.log,opponents/gavroche-v16-informed-divecap/replays/dilemma-candidate-A.replay,0,roundLimit,opponents/gavroche-v16-informed-divecap/stats/dilemma-candidate-A.json,opponents/gavroche-v16-informed-divecap/stats/dilemma-candidate-A.csv,opponents/gavroche-v16-informed-divecap/graphs/dilemma-candidate-A.svg,1,6,6,148,51,53,11,11,1,16,25,0,0,0,0,1.3671875,4.6875,0.0,5,33,24,242,81,79,11,11,2,41,25,0,0,0,0,93.9453125,4.6875,0.0
gavroche-v16-informed-divecap,dilemma,B,B,gavroche-v15-divecap,500,7.826,,,gavroche-v16-informed-divecap,gavroche-v15-divecap,opponents/gavroche-v16-informed-divecap/replays/dilemma-candidate-B.log,opponents/gavroche-v16-informed-divecap/replays/dilemma-candidate-B.replay,0,roundLimit,opponents/gavroche-v16-informed-divecap/stats/dilemma-candidate-B.json,opponents/gavroche-v16-informed-divecap/stats/dilemma-candidate-B.csv,opponents/gavroche-v16-informed-divecap/graphs/dilemma-candidate-B.svg,4,46,39,227,69,68,9,10,1,31,26,0,0,0,0,59.765625,2.734375,0.0,1,11,11,105,37,39,10,9,2,7,21,0,0,0,0,37.5,2.734375,0.0
gavroche-v16-informed-divecap,queen_of_spades,A,B,gavroche-v16-informed-divecap,457,9.496,,,gavroche-v15-divecap,gavroche-v16-informed-divecap,opponents/gavroche-v16-informed-divecap/replays/queen_of_spades-candidate-A.log,opponents/gavroche-v16-informed-divecap/replays/queen_of_spades-candidate-A.replay,0,elimination,opponents/gavroche-v16-informed-divecap/stats/queen_of_spades-candidate-A.json,opponents/gavroche-v16-informed-divecap/stats/queen_of_spades-candidate-A.csv,opponents/gavroche-v16-informed-divecap/graphs/queen_of_spades-candidate-A.svg,0,0,0,65,17,19,15,15,3,0,1,0,0,0,0,0.0,0.0,20.8,7,46,13,407,131,126,15,15,43,20,48,0,0,0,0,79.2,0.0,20.8
gavroche-v16-informed-divecap,queen_of_spades,B,B,gavroche-v15-divecap,497,8.361,,,gavroche-v16-informed-divecap,gavroche-v15-divecap,opponents/gavroche-v16-informed-divecap/replays/queen_of_spades-candidate-B.log,opponents/gavroche-v16-informed-divecap/replays/queen_of_spades-candidate-B.replay,0,elimination,opponents/gavroche-v16-informed-divecap/stats/queen_of_spades-candidate-B.json,opponents/gavroche-v16-informed-divecap/stats/queen_of_spades-candidate-B.csv,opponents/gavroche-v16-informed-divecap/graphs/queen_of_spades-candidate-B.svg,3,34,22,316,82,81,18,19,20,9,33,0,0,0,0,79.2,0.0,20.8,0,0,0,223,77,79,19,18,28,16,17,0,0,0,0,0.0,0.0,20.8
gavroche-v16-informed-divecap,schooltime,A,B,gavroche-v16-informed-divecap,500,47.969,,,gavroche-v15-divecap,gavroche-v16-informed-divecap,opponents/gavroche-v16-informed-divecap/replays/schooltime-candidate-A.log,opponents/gavroche-v16-informed-divecap/replays/schooltime-candidate-A.replay,0,roundLimit,opponents/gavroche-v16-informed-divecap/stats/schooltime-candidate-A.json,opponents/gavroche-v16-informed-divecap/stats/schooltime-candidate-A.csv,opponents/gavroche-v16-informed-divecap/graphs/schooltime-candidate-A.svg,5,88,26,970,283,281,79,80,46,49,106,0,0,0,0,15.625,3.4166666666666665,14.083333333333334,17,223,39,1328,289,275,80,79,58,70,68,0,0,0,0,66.875,3.4166666666666665,14.083333333333334
gavroche-v16-informed-divecap,schooltime,B,B,gavroche-v15-divecap,500,39.904,,,gavroche-v16-informed-divecap,gavroche-v15-divecap,opponents/gavroche-v16-informed-divecap/replays/schooltime-candidate-B.log,opponents/gavroche-v16-informed-divecap/replays/schooltime-candidate-B.replay,0,roundLimit,opponents/gavroche-v16-informed-divecap/stats/schooltime-candidate-B.json,opponents/gavroche-v16-informed-divecap/stats/schooltime-candidate-B.csv,opponents/gavroche-v16-informed-divecap/graphs/schooltime-candidate-B.svg,12,146,23,1402,280,271,74,64,57,76,74,0,0,0,0,69.83333333333333,1.25,14.083333333333334,3,56,20,752,212,212,64,74,20,23,95,0,0,0,0,14.833333333333334,1.25,14.083333333333334
gavroche-v16-informed-divecap,stronghold,A,B,gavroche-v16-informed-divecap,500,31.5,,,gavroche-v15-divecap,gavroche-v16-informed-divecap,opponents/gavroche-v16-informed-divecap/replays/stronghold-candidate-A.log,opponents/gavroche-v16-informed-divecap/replays/stronghold-candidate-A.replay,0,roundLimit,opponents/gavroche-v16-informed-divecap/stats/stronghold-candidate-A.json,opponents/gavroche-v16-informed-divecap/stats/stronghold-candidate-A.csv,opponents/gavroche-v16-informed-divecap/graphs/stronghold-candidate-A.svg,4,63,48,524,190,188,4,5,58,76,49,0,0,0,0,53.47222222222222,7.465277777777778,0.0,3,68,56,423,137,136,5,4,38,56,38,0,0,0,0,39.0625,7.465277777777778,0.0
gavroche-v16-informed-divecap,stronghold,B,A,gavroche-v16-informed-divecap,500,27.169,,,gavroche-v16-informed-divecap,gavroche-v15-divecap,opponents/gavroche-v16-informed-divecap/replays/stronghold-candidate-B.log,opponents/gavroche-v16-informed-divecap/replays/stronghold-candidate-B.replay,0,roundLimit,opponents/gavroche-v16-informed-divecap/stats/stronghold-candidate-B.json,opponents/gavroche-v16-informed-divecap/stats/stronghold-candidate-B.csv,opponents/gavroche-v16-informed-divecap/graphs/stronghold-candidate-B.svg,2,60,57,253,79,79,0,1,21,34,23,0,0,0,0,26.649305555555557,0.0,0.0,5,83,66,511,172,169,1,0,55,66,48,0,0,0,0,73.35069444444444,0.0,0.0
gavroche-v16-informed-divecap,trauma,A,A,gavroche-v15-divecap,500,20.906,,,gavroche-v15-divecap,gavroche-v16-informed-divecap,opponents/gavroche-v16-informed-divecap/replays/trauma-candidate-A.log,opponents/gavroche-v16-informed-divecap/replays/trauma-candidate-A.replay,0,roundLimit,opponents/gavroche-v16-informed-divecap/stats/trauma-candidate-A.json,opponents/gavroche-v16-informed-divecap/stats/trauma-candidate-A.csv,opponents/gavroche-v16-informed-divecap/graphs/trauma-candidate-A.svg,1,13,13,207,66,67,12,13,15,11,28,0,0,0,0,26.302083333333332,0.2604166666666667,0.6944444444444444,7,55,12,644,244,239,13,12,45,54,128,0,0,0,0,72.74305555555556,0.2604166666666667,0.6944444444444444
gavroche-v16-informed-divecap,trauma,B,A,gavroche-v16-informed-divecap,500,17.085,,,gavroche-v16-informed-divecap,gavroche-v15-divecap,opponents/gavroche-v16-informed-divecap/replays/trauma-candidate-B.log,opponents/gavroche-v16-informed-divecap/replays/trauma-candidate-B.replay,0,roundLimit,opponents/gavroche-v16-informed-divecap/stats/trauma-candidate-B.json,opponents/gavroche-v16-informed-divecap/stats/trauma-candidate-B.csv,opponents/gavroche-v16-informed-divecap/graphs/trauma-candidate-B.svg,3,26,16,329,123,122,14,18,17,33,54,0,0,0,0,43.31597222222222,0.6944444444444444,0.6944444444444444,4,36,16,340,120,118,18,14,20,32,52,0,0,0,0,55.295138888888886,0.6944444444444444,0.6944444444444444
gavroche-v16-informed-divecap,trophy,A,B,gavroche-v16-informed-divecap,332,14.314,,,gavroche-v15-divecap,gavroche-v16-informed-divecap,opponents/gavroche-v16-informed-divecap/replays/trophy-candidate-A.log,opponents/gavroche-v16-informed-divecap/replays/trophy-candidate-A.replay,0,elimination,opponents/gavroche-v16-informed-divecap/stats/trophy-candidate-A.json,opponents/gavroche-v16-informed-divecap/stats/trophy-candidate-A.csv,opponents/gavroche-v16-informed-divecap/graphs/trophy-candidate-A.svg,0,0,0,81,27,29,24,24,0,2,3,0,0,0,0,0.0,0.0,0.0,50,121,4,358,139,91,24,24,29,15,23,0,0,0,0,100.0,0.0,0.0
gavroche-v16-informed-divecap,trophy,B,B,gavroche-v15-divecap,229,11.343,,,gavroche-v16-informed-divecap,gavroche-v15-divecap,opponents/gavroche-v16-informed-divecap/replays/trophy-candidate-B.log,opponents/gavroche-v16-informed-divecap/replays/trophy-candidate-B.replay,0,elimination,opponents/gavroche-v16-informed-divecap/stats/trophy-candidate-B.json,opponents/gavroche-v16-informed-divecap/stats/trophy-candidate-B.csv,opponents/gavroche-v16-informed-divecap/graphs/trophy-candidate-B.svg,45,113,4,274,108,65,14,14,22,10,19,0,0,0,0,100.0,0.0,0.0,0,0,0,48,16,18,14,14,0,1,3,0,0,0,0,0.0,0.0,0.0
sinbad-v07-divecap,Colosseum,A,A,gavroche-v15-divecap,136,4.211,,,gavroche-v15-divecap,sinbad-v07-divecap,opponents/sinbad-v07-divecap/replays/Colosseum-candidate-A.log,opponents/sinbad-v07-divecap/replays/Colosseum-candidate-A.replay,0,elimination,opponents/sinbad-v07-divecap/stats/Colosseum-candidate-A.json,opponents/sinbad-v07-divecap/stats/Colosseum-candidate-A.csv,opponents/sinbad-v07-divecap/graphs/Colosseum-candidate-A.svg,27,66,3,200,68,42,36,36,6,0,0,0,0,0,0,100.0,0.0,0.0,0,0,0,125,37,38,36,36,2,0,0,0,0,0,0,0.0,0.0,0.0
sinbad-v07-divecap,Colosseum,B,B,gavroche-v15-divecap,119,4.371,,,sinbad-v07-divecap,gavroche-v15-divecap,opponents/sinbad-v07-divecap/replays/Colosseum-candidate-B.log,opponents/sinbad-v07-divecap/replays/Colosseum-candidate-B.replay,0,elimination,opponents/sinbad-v07-divecap/stats/Colosseum-candidate-B.json,opponents/sinbad-v07-divecap/stats/Colosseum-candidate-B.csv,opponents/sinbad-v07-divecap/graphs/Colosseum-candidate-B.svg,36,88,4,185,71,36,14,13,13,4,6,0,0,0,0,100.0,0.0,0.0,0,0,0,44,13,14,13,14,0,0,0,0,0,0,0,0.0,0.0,0.0
sinbad-v07-divecap,arena,A,A,gavroche-v15-divecap,71,2.748,,,gavroche-v15-divecap,sinbad-v07-divecap,opponents/sinbad-v07-divecap/replays/arena-candidate-A.log,opponents/sinbad-v07-divecap/replays/arena-candidate-A.replay,0,elimination,opponents/sinbad-v07-divecap/stats/arena-candidate-A.json,opponents/sinbad-v07-divecap/stats/arena-candidate-A.csv,opponents/sinbad-v07-divecap/graphs/arena-candidate-A.svg,25,60,4,212,74,50,30,30,11,8,1,0,0,0,0,100.0,0.0,0.0,0,0,0,98,33,34,30,30,2,2,0,0,0,0,0,0.0,0.0,0.0
sinbad-v07-divecap,arena,B,B,gavroche-v15-divecap,76,3.053,,,sinbad-v07-divecap,gavroche-v15-divecap,opponents/sinbad-v07-divecap/replays/arena-candidate-B.log,opponents/sinbad-v07-divecap/replays/arena-candidate-B.replay,0,elimination,opponents/sinbad-v07-divecap/stats/arena-candidate-B.json,opponents/sinbad-v07-divecap/stats/arena-candidate-B.csv,opponents/sinbad-v07-divecap/graphs/arena-candidate-B.svg,26,66,4,228,84,59,20,20,15,15,9,0,0,0,0,100.0,0.0,0.0,0,0,0,75,23,24,20,20,1,2,1,0,0,0,0,0.0,0.0,0.0
sinbad-v07-divecap,autarky,A,A,gavroche-v15-divecap,500,19.785,,,gavroche-v15-divecap,sinbad-v07-divecap,opponents/sinbad-v07-divecap/replays/autarky-candidate-A.log,opponents/sinbad-v07-divecap/replays/autarky-candidate-A.replay,0,roundLimit,opponents/sinbad-v07-divecap/stats/autarky-candidate-A.json,opponents/sinbad-v07-divecap/stats/autarky-candidate-A.csv,opponents/sinbad-v07-divecap/graphs/autarky-candidate-A.svg,5,43,30,388,130,131,34,33,11,5,82,0,0,0,0,39.19753086419753,0.720164609053498,0.0,8,65,22,489,150,148,33,34,19,14,81,0,0,0,0,60.08230452674897,0.720164609053498,0.0
sinbad-v07-divecap,autarky,B,A,sinbad-v07-divecap,500,19.45,,,sinbad-v07-divecap,gavroche-v15-divecap,opponents/sinbad-v07-divecap/replays/autarky-candidate-B.log,opponents/sinbad-v07-divecap/replays/autarky-candidate-B.replay,0,roundLimit,opponents/sinbad-v07-divecap/stats/autarky-candidate-B.json,opponents/sinbad-v07-divecap/stats/autarky-candidate-B.csv,opponents/sinbad-v07-divecap/graphs/autarky-candidate-B.svg,6,34,12,345,110,110,32,33,11,3,63,0,0,0,0,53.90946502057613,1.954732510288066,0.0,6,41,24,524,161,161,33,32,4,13,112,0,0,0,0,44.135802469135804,1.954732510288066,0.0
sinbad-v07-divecap,big_empty,A,B,sinbad-v07-divecap,500,66.69,,,gavroche-v15-divecap,sinbad-v07-divecap,opponents/sinbad-v07-divecap/replays/big_empty-candidate-A.log,opponents/sinbad-v07-divecap/replays/big_empty-candidate-A.replay,0,roundLimit,opponents/sinbad-v07-divecap/stats/big_empty-candidate-A.json,opponents/sinbad-v07-divecap/stats/big_empty-candidate-A.csv,opponents/sinbad-v07-divecap/graphs/big_empty-candidate-A.svg,21,411,46,1604,222,204,166,166,7,31,0,0,0,0,0,68.994140625,2.24609375,0.0,7,193,54,1540,221,217,166,166,8,43,0,0,0,0,0,28.759765625,2.24609375,0.0
sinbad-v07-divecap,big_empty,B,A,sinbad-v07-divecap,500,68.895,,,sinbad-v07-divecap,gavroche-v15-divecap,opponents/sinbad-v07-divecap/replays/big_empty-candidate-B.log,opponents/sinbad-v07-divecap/replays/big_empty-candidate-B.replay,0,roundLimit,opponents/sinbad-v07-divecap/stats/big_empty-candidate-B.json,opponents/sinbad-v07-divecap/stats/big_empty-candidate-B.csv,opponents/sinbad-v07-divecap/graphs/big_empty-candidate-B.svg,22,414,37,1590,229,210,186,185,5,20,0,0,0,0,0,44.287109375,4.39453125,0.0,22,426,64,1626,226,207,185,186,2,19,0,0,0,0,0,51.318359375,4.39453125,0.0
sinbad-v07-divecap,default,A,A,gavroche-v15-divecap,500,21.218,,,gavroche-v15-divecap,sinbad-v07-divecap,opponents/sinbad-v07-divecap/replays/default-candidate-A.log,opponents/sinbad-v07-divecap/replays/default-candidate-A.replay,0,roundLimit,opponents/sinbad-v07-divecap/stats/default-candidate-A.json,opponents/sinbad-v07-divecap/stats/default-candidate-A.csv,opponents/sinbad-v07-divecap/graphs/default-candidate-A.svg,7,56,19,382,119,116,17,16,45,34,21,0,0,0,0,81.93359375,2.05078125,0.0,2,18,13,176,59,61,16,17,22,13,9,0,0,0,0,16.015625,2.05078125,0.0
sinbad-v07-divecap,default,B,B,gavroche-v15-divecap,500,17.902,,,sinbad-v07-divecap,gavroche-v15-divecap,opponents/sinbad-v07-divecap/replays/default-candidate-B.log,opponents/sinbad-v07-divecap/replays/default-candidate-B.replay,0,roundLimit,opponents/sinbad-v07-divecap/stats/default-candidate-B.json,opponents/sinbad-v07-divecap/stats/default-candidate-B.csv,opponents/sinbad-v07-divecap/graphs/default-candidate-B.svg,6,61,28,338,101,99,18,22,43,27,7,0,0,0,0,76.953125,2.83203125,0.0,1,26,26,193,60,63,22,18,23,12,10,0,0,0,0,20.21484375,2.83203125,0.0
sinbad-v07-divecap,default_small,A,B,sinbad-v07-divecap,264,6.735,,,gavroche-v15-divecap,sinbad-v07-divecap,opponents/sinbad-v07-divecap/replays/default_small-candidate-A.log,opponents/sinbad-v07-divecap/replays/default_small-candidate-A.replay,0,elimination,opponents/sinbad-v07-divecap/stats/default_small-candidate-A.json,opponents/sinbad-v07-divecap/stats/default_small-candidate-A.csv,opponents/sinbad-v07-divecap/graphs/default_small-candidate-A.svg,0,0,0,67,24,26,22,21,0,3,2,0,0,0,0,0.0,0.0,0.0,29,64,3,235,92,65,21,22,4,19,20,0,0,0,0,100.0,0.0,0.0
sinbad-v07-divecap,default_small,B,A,sinbad-v07-divecap,145,2.976,,,sinbad-v07-divecap,gavroche-v15-divecap,opponents/sinbad-v07-divecap/replays/default_small-candidate-B.log,opponents/sinbad-v07-divecap/replays/default_small-candidate-B.replay,0,elimination,opponents/sinbad-v07-divecap/stats/default_small-candidate-B.json,opponents/sinbad-v07-divecap/stats/default_small-candidate-B.csv,opponents/sinbad-v07-divecap/graphs/default_small-candidate-B.svg,0,0,0,21,7,9,9,8,0,0,1,0,0,0,0,0.0,0.0,0.0,25,59,3,105,43,20,8,9,5,3,3,0,0,0,0,100.0,0.0,0.0
sinbad-v07-divecap,devil,A,A,gavroche-v15-divecap,335,19.476,,,gavroche-v15-divecap,sinbad-v07-divecap,opponents/sinbad-v07-divecap/replays/devil-candidate-A.log,opponents/sinbad-v07-divecap/replays/devil-candidate-A.replay,0,elimination,opponents/sinbad-v07-divecap/stats/devil-candidate-A.json,opponents/sinbad-v07-divecap/stats/devil-candidate-A.csv,opponents/sinbad-v07-divecap/graphs/devil-candidate-A.svg,46,118,5,1025,397,354,54,54,63,148,89,0,0,0,0,100.0,0.0,0.0,0,0,0,236,86,89,54,54,12,15,8,0,0,0,0,0.0,0.0,0.0
sinbad-v07-divecap,devil,B,B,gavroche-v15-divecap,404,23.146,,,sinbad-v07-divecap,gavroche-v15-divecap,opponents/sinbad-v07-divecap/replays/devil-candidate-B.log,opponents/sinbad-v07-divecap/replays/devil-candidate-B.replay,0,elimination,opponents/sinbad-v07-divecap/stats/devil-candidate-B.json,opponents/sinbad-v07-divecap/stats/devil-candidate-B.csv,opponents/sinbad-v07-divecap/graphs/devil-candidate-B.svg,30,124,11,1324,491,464,49,47,118,180,119,0,0,0,0,100.0,0.0,0.0,0,0,0,237,90,93,47,49,7,25,12,0,0,0,0,0.0,0.0,0.0
sinbad-v07-divecap,dilemma,A,B,sinbad-v07-divecap,500,8.324,,,gavroche-v15-divecap,sinbad-v07-divecap,opponents/sinbad-v07-divecap/replays/dilemma-candidate-A.log,opponents/sinbad-v07-divecap/replays/dilemma-candidate-A.replay,0,roundLimit,opponents/sinbad-v07-divecap/stats/dilemma-candidate-A.json,opponents/sinbad-v07-divecap/stats/dilemma-candidate-A.csv,opponents/sinbad-v07-divecap/graphs/dilemma-candidate-A.svg,3,21,16,151,56,56,14,14,6,19,17,0,0,0,0,64.84375,6.4453125,0.0,2,22,19,268,84,85,14,14,0,34,37,0,0,0,0,28.7109375,6.4453125,0.0
sinbad-v07-divecap,dilemma,B,B,gavroche-v15-divecap,162,2.883,,,sinbad-v07-divecap,gavroche-v15-divecap,opponents/sinbad-v07-divecap/replays/dilemma-candidate-B.log,opponents/sinbad-v07-divecap/replays/dilemma-candidate-B.replay,0,elimination,opponents/sinbad-v07-divecap/stats/dilemma-candidate-B.json,opponents/sinbad-v07-divecap/stats/dilemma-candidate-B.csv,opponents/sinbad-v07-divecap/graphs/dilemma-candidate-B.svg,11,24,3,44,24,16,4,4,0,5,7,0,0,0,0,100.0,0.0,0.0,0,0,0,66,23,26,4,4,0,11,11,0,0,0,0,0.0,0.0,0.0
sinbad-v07-divecap,queen_of_spades,A,B,sinbad-v07-divecap,247,5.071,,,gavroche-v15-divecap,sinbad-v07-divecap,opponents/sinbad-v07-divecap/replays/queen_of_spades-candidate-A.log,opponents/sinbad-v07-divecap/replays/queen_of_spades-candidate-A.replay,0,elimination,opponents/sinbad-v07-divecap/stats/queen_of_spades-candidate-A.json,opponents/sinbad-v07-divecap/stats/queen_of_spades-candidate-A.csv,opponents/sinbad-v07-divecap/graphs/queen_of_spades-candidate-A.svg,0,0,0,67,24,26,17,14,3,2,7,0,0,0,0,0.0,0.0,20.8,18,42,4,192,77,61,14,17,27,7,10,0,0,0,0,79.2,0.0,20.8
sinbad-v07-divecap,queen_of_spades,B,B,gavroche-v15-divecap,259,5.764,,,sinbad-v07-divecap,gavroche-v15-divecap,opponents/sinbad-v07-divecap/replays/queen_of_spades-candidate-B.log,opponents/sinbad-v07-divecap/replays/queen_of_spades-candidate-B.replay,0,elimination,opponents/sinbad-v07-divecap/stats/queen_of_spades-candidate-B.json,opponents/sinbad-v07-divecap/stats/queen_of_spades-candidate-B.csv,opponents/sinbad-v07-divecap/graphs/queen_of_spades-candidate-B.svg,27,65,3,205,78,53,8,11,23,10,9,0,0,0,0,79.2,0.0,20.8,0,0,0,48,18,20,11,8,8,3,1,0,0,0,0,0.0,0.0,20.8
sinbad-v07-divecap,schooltime,A,B,sinbad-v07-divecap,500,50.016,,,gavroche-v15-divecap,sinbad-v07-divecap,opponents/sinbad-v07-divecap/replays/schooltime-candidate-A.log,opponents/sinbad-v07-divecap/replays/schooltime-candidate-A.replay,0,roundLimit,opponents/sinbad-v07-divecap/stats/schooltime-candidate-A.json,opponents/sinbad-v07-divecap/stats/schooltime-candidate-A.csv,opponents/sinbad-v07-divecap/graphs/schooltime-candidate-A.svg,18,179,46,1110,280,265,96,102,40,60,63,0,0,0,0,53.333333333333336,2.5416666666666665,14.083333333333334,9,163,48,1385,422,416,102,96,75,75,170,0,0,0,0,30.041666666666668,2.5416666666666665,14.083333333333334
sinbad-v07-divecap,schooltime,B,B,gavroche-v15-divecap,500,47.955,,,sinbad-v07-divecap,gavroche-v15-divecap,opponents/sinbad-v07-divecap/replays/schooltime-candidate-B.log,opponents/sinbad-v07-divecap/replays/schooltime-candidate-B.replay,0,roundLimit,opponents/sinbad-v07-divecap/stats/schooltime-candidate-B.json,opponents/sinbad-v07-divecap/stats/schooltime-candidate-B.csv,opponents/sinbad-v07-divecap/graphs/schooltime-candidate-B.svg,7,107,55,1215,378,374,100,99,98,86,91,0,0,0,0,36.791666666666664,3.2916666666666665,14.083333333333334,9,167,49,1488,339,333,99,100,74,63,96,0,0,0,0,45.833333333333336,3.2916666666666665,14.083333333333334
sinbad-v07-divecap,stronghold,A,B,sinbad-v07-divecap,500,24.767,,,gavroche-v15-divecap,sinbad-v07-divecap,opponents/sinbad-v07-divecap/replays/stronghold-candidate-A.log,opponents/sinbad-v07-divecap/replays/stronghold-candidate-A.replay,0,roundLimit,opponents/sinbad-v07-divecap/stats/stronghold-candidate-A.json,opponents/sinbad-v07-divecap/stats/stronghold-candidate-A.csv,opponents/sinbad-v07-divecap/graphs/stronghold-candidate-A.svg,2,63,50,429,138,138,1,1,45,70,22,0,0,0,0,42.447916666666664,0.08680555555555555,0.0,2,61,52,363,108,108,1,1,35,46,26,0,0,0,0,57.46527777777778,0.08680555555555555,0.0
sinbad-v07-divecap,stronghold,B,A,sinbad-v07-divecap,500,25.073,,,sinbad-v07-divecap,gavroche-v15-divecap,opponents/sinbad-v07-divecap/replays/stronghold-candidate-B.log,opponents/sinbad-v07-divecap/replays/stronghold-candidate-B.replay,0,roundLimit,opponents/sinbad-v07-divecap/stats/stronghold-candidate-B.json,opponents/sinbad-v07-divecap/stats/stronghold-candidate-B.csv,opponents/sinbad-v07-divecap/graphs/stronghold-candidate-B.svg,2,51,46,315,99,99,1,1,22,48,28,0,0,0,0,36.02430555555556,1.9097222222222223,0.0,5,56,46,459,148,145,1,1,48,71,25,0,0,0,0,62.06597222222222,1.9097222222222223,0.0
sinbad-v07-divecap,trauma,A,B,sinbad-v07-divecap,500,20.841,,,gavroche-v15-divecap,sinbad-v07-divecap,opponents/sinbad-v07-divecap/replays/trauma-candidate-A.log,opponents/sinbad-v07-divecap/replays/trauma-candidate-A.replay,0,roundLimit,opponents/sinbad-v07-divecap/stats/trauma-candidate-A.json,opponents/sinbad-v07-divecap/stats/trauma-candidate-A.csv,opponents/sinbad-v07-divecap/graphs/trauma-candidate-A.svg,6,40,20,301,98,94,18,17,18,23,36,0,0,0,0,64.75694444444444,0.08680555555555555,0.6944444444444444,3,40,24,583,207,206,17,18,35,53,100,0,0,0,0,34.46180555555556,0.08680555555555555,0.6944444444444444
sinbad-v07-divecap,trauma,B,A,sinbad-v07-divecap,500,23.62,,,sinbad-v07-divecap,gavroche-v15-divecap,opponents/sinbad-v07-divecap/replays/trauma-candidate-B.log,opponents/sinbad-v07-divecap/replays/trauma-candidate-B.replay,0,roundLimit,opponents/sinbad-v07-divecap/stats/trauma-candidate-B.json,opponents/sinbad-v07-divecap/stats/trauma-candidate-B.csv,opponents/sinbad-v07-divecap/graphs/trauma-candidate-B.svg,3,30,13,485,176,175,19,16,40,40,79,0,0,0,0,47.482638888888886,3.298611111111111,0.6944444444444444,5,52,19,519,189,186,16,19,41,36,90,0,0,0,0,48.52430555555556,3.298611111111111,0.6944444444444444
sinbad-v07-divecap,trophy,A,B,sinbad-v07-divecap,275,9.827,,,gavroche-v15-divecap,sinbad-v07-divecap,opponents/sinbad-v07-divecap/replays/trophy-candidate-A.log,opponents/sinbad-v07-divecap/replays/trophy-candidate-A.replay,0,elimination,opponents/sinbad-v07-divecap/stats/trophy-candidate-A.json,opponents/sinbad-v07-divecap/stats/trophy-candidate-A.csv,opponents/sinbad-v07-divecap/graphs/trophy-candidate-A.svg,0,0,0,126,43,45,42,40,0,1,4,0,0,0,0,0.0,0.0,0.0,39,94,3,323,125,88,40,42,21,10,15,0,0,0,0,100.0,0.0,0.0
sinbad-v07-divecap,trophy,B,A,sinbad-v07-divecap,354,17.099,,,sinbad-v07-divecap,gavroche-v15-divecap,opponents/sinbad-v07-divecap/replays/trophy-candidate-B.log,opponents/sinbad-v07-divecap/replays/trophy-candidate-B.replay,0,elimination,opponents/sinbad-v07-divecap/stats/trophy-candidate-B.json,opponents/sinbad-v07-divecap/stats/trophy-candidate-B.csv,opponents/sinbad-v07-divecap/graphs/trophy-candidate-B.svg,0,0,0,96,32,34,28,28,1,1,4,0,0,0,0,0.0,0.0,0.0,49,129,8,502,192,145,28,28,67,24,26,0,0,0,0,100.0,0.0,0.0
vn-x06-info-tf-05,Colosseum,A,B,vn-x06-info-tf-05,175,6.433,,,gavroche-v15-divecap,vn-x06-info-tf-05,opponents/vn-x06-info-tf-05/replays/Colosseum-candidate-A.log,opponents/vn-x06-info-tf-05/replays/Colosseum-candidate-A.replay,0,elimination,opponents/vn-x06-info-tf-05/stats/Colosseum-candidate-A.json,opponents/vn-x06-info-tf-05/stats/Colosseum-candidate-A.csv,opponents/vn-x06-info-tf-05/graphs/Colosseum-candidate-A.svg,0,0,0,90,26,27,27,26,0,0,1,0,0,0,0,0.0,0.0,0.0,30,77,4,264,97,68,26,27,31,8,2,0,0,0,0,100.0,0.0,0.0
vn-x06-info-tf-05,Colosseum,B,B,gavroche-v15-divecap,79,2.721,,,vn-x06-info-tf-05,gavroche-v15-divecap,opponents/vn-x06-info-tf-05/replays/Colosseum-candidate-B.log,opponents/vn-x06-info-tf-05/replays/Colosseum-candidate-B.replay,0,elimination,opponents/vn-x06-info-tf-05/stats/Colosseum-candidate-B.json,opponents/vn-x06-info-tf-05/stats/Colosseum-candidate-B.csv,opponents/vn-x06-info-tf-05/graphs/Colosseum-candidate-B.svg,29,69,4,109,43,15,12,9,6,0,0,0,0,0,0,100.0,0.0,0.0,0,0,0,32,13,14,9,12,2,0,0,0,0,0,0,0.0,0.0,0.0
vn-x06-info-tf-05,arena,A,A,gavroche-v15-divecap,95,3.943,,,gavroche-v15-divecap,vn-x06-info-tf-05,opponents/vn-x06-info-tf-05/replays/arena-candidate-A.log,opponents/vn-x06-info-tf-05/replays/arena-candidate-A.replay,0,elimination,opponents/vn-x06-info-tf-05/stats/arena-candidate-A.json,opponents/vn-x06-info-tf-05/stats/arena-candidate-A.csv,opponents/vn-x06-info-tf-05/graphs/arena-candidate-A.svg,24,58,4,272,103,80,18,18,23,33,6,0,0,0,0,100.0,0.0,0.0,0,0,0,70,23,24,18,18,1,3,2,0,0,0,0,0.0,0.0,0.0
vn-x06-info-tf-05,arena,B,A,vn-x06-info-tf-05,57,2.454,,,vn-x06-info-tf-05,gavroche-v15-divecap,opponents/vn-x06-info-tf-05/replays/arena-candidate-B.log,opponents/vn-x06-info-tf-05/replays/arena-candidate-B.replay,0,elimination,opponents/vn-x06-info-tf-05/stats/arena-candidate-B.json,opponents/vn-x06-info-tf-05/stats/arena-candidate-B.csv,opponents/vn-x06-info-tf-05/graphs/arena-candidate-B.svg,0,0,0,23,6,7,8,6,0,1,0,0,0,0,0,0.0,0.0,0.0,24,60,4,174,69,46,6,8,20,15,3,0,0,0,0,100.0,0.0,0.0
vn-x06-info-tf-05,autarky,A,A,gavroche-v15-divecap,500,23.254,,,gavroche-v15-divecap,vn-x06-info-tf-05,opponents/vn-x06-info-tf-05/replays/autarky-candidate-A.log,opponents/vn-x06-info-tf-05/replays/autarky-candidate-A.replay,0,roundLimit,opponents/vn-x06-info-tf-05/stats/autarky-candidate-A.json,opponents/vn-x06-info-tf-05/stats/autarky-candidate-A.csv,opponents/vn-x06-info-tf-05/graphs/autarky-candidate-A.svg,9,74,17,593,184,181,24,22,24,29,106,0,0,0,0,74.48559670781893,3.1893004115226335,0.0,1,6,6,280,90,95,22,24,9,3,59,0,0,0,0,22.325102880658438,3.1893004115226335,0.0
vn-x06-info-tf-05,autarky,B,B,gavroche-v15-divecap,382,20.398,,,vn-x06-info-tf-05,gavroche-v15-divecap,opponents/vn-x06-info-tf-05/replays/autarky-candidate-B.log,opponents/vn-x06-info-tf-05/replays/autarky-candidate-B.replay,0,elimination,opponents/vn-x06-info-tf-05/stats/autarky-candidate-B.json,opponents/vn-x06-info-tf-05/stats/autarky-candidate-B.csv,opponents/vn-x06-info-tf-05/graphs/autarky-candidate-B.svg,49,119,4,585,225,182,18,20,36,9,117,0,0,0,0,100.0,0.0,0.0,0,0,0,189,72,78,20,18,11,2,47,0,0,0,0,0.0,0.0,0.0
vn-x06-info-tf-05,big_empty,A,B,vn-x06-info-tf-05,500,73.559,,,gavroche-v15-divecap,vn-x06-info-tf-05,opponents/vn-x06-info-tf-05/replays/big_empty-candidate-A.log,opponents/vn-x06-info-tf-05/replays/big_empty-candidate-A.replay,0,roundLimit,opponents/vn-x06-info-tf-05/stats/big_empty-candidate-A.json,opponents/vn-x06-info-tf-05/stats/big_empty-candidate-A.csv,opponents/vn-x06-info-tf-05/graphs/big_empty-candidate-A.svg,17,287,53,1354,189,175,143,143,2,30,0,0,0,0,0,33.203125,5.615234375,0.0,32,509,56,1316,186,157,143,143,1,13,0,0,0,0,0,61.181640625,5.615234375,0.0
vn-x06-info-tf-05,big_empty,B,A,vn-x06-info-tf-05,500,74.643,,,vn-x06-info-tf-05,gavroche-v15-divecap,opponents/vn-x06-info-tf-05/replays/big_empty-candidate-B.log,opponents/vn-x06-info-tf-05/replays/big_empty-candidate-B.replay,0,roundLimit,opponents/vn-x06-info-tf-05/stats/big_empty-candidate-B.json,opponents/vn-x06-info-tf-05/stats/big_empty-candidate-B.csv,opponents/vn-x06-info-tf-05/graphs/big_empty-candidate-B.svg,20,324,29,1312,197,180,147,147,5,28,0,0,0,0,0,40.6005859375,6.7138671875,0.0,25,487,53,1374,192,170,147,147,2,21,0,0,0,0,0,52.685546875,6.7138671875,0.0
vn-x06-info-tf-05,default,A,A,gavroche-v15-divecap,500,20.861,,,gavroche-v15-divecap,vn-x06-info-tf-05,opponents/vn-x06-info-tf-05/replays/default-candidate-A.log,opponents/vn-x06-info-tf-05/replays/default-candidate-A.replay,0,roundLimit,opponents/vn-x06-info-tf-05/stats/default-candidate-A.json,opponents/vn-x06-info-tf-05/stats/default-candidate-A.csv,opponents/vn-x06-info-tf-05/graphs/default-candidate-A.svg,5,55,15,290,79,78,30,26,12,32,8,0,0,0,0,86.23046875,1.07421875,0.0,3,17,6,244,77,78,26,30,26,9,13,0,0,0,0,12.6953125,1.07421875,0.0
vn-x06-info-tf-05,default,B,B,gavroche-v15-divecap,500,17.101,,,vn-x06-info-tf-05,gavroche-v15-divecap,opponents/vn-x06-info-tf-05/replays/default-candidate-B.log,opponents/vn-x06-info-tf-05/replays/default-candidate-B.replay,0,roundLimit,opponents/vn-x06-info-tf-05/stats/default-candidate-B.json,opponents/vn-x06-info-tf-05/stats/default-candidate-B.csv,opponents/vn-x06-info-tf-05/graphs/default-candidate-B.svg,7,94,39,296,72,69,34,29,21,13,6,0,0,0,0,93.9453125,0.390625,0.0,1,8,8,221,66,69,29,34,24,8,3,0,0,0,0,5.6640625,0.390625,0.0
vn-x06-info-tf-05,default_small,A,A,gavroche-v15-divecap,205,4.864,,,gavroche-v15-divecap,vn-x06-info-tf-05,opponents/vn-x06-info-tf-05/replays/default_small-candidate-A.log,opponents/vn-x06-info-tf-05/replays/default_small-candidate-A.replay,0,elimination,opponents/vn-x06-info-tf-05/stats/default_small-candidate-A.json,opponents/vn-x06-info-tf-05/stats/default_small-candidate-A.csv,opponents/vn-x06-info-tf-05/graphs/default_small-candidate-A.svg,24,59,4,134,53,31,4,4,7,11,9,0,0,0,0,100.0,0.0,0.0,0,0,0,12,3,5,4,4,0,1,0,0,0,0,0,0.0,0.0,0.0
vn-x06-info-tf-05,default_small,B,B,gavroche-v15-divecap,283,6.039,,,vn-x06-info-tf-05,gavroche-v15-divecap,opponents/vn-x06-info-tf-05/replays/default_small-candidate-B.log,opponents/vn-x06-info-tf-05/replays/default_small-candidate-B.replay,0,elimination,opponents/vn-x06-info-tf-05/stats/default_small-candidate-B.json,opponents/vn-x06-info-tf-05/stats/default_small-candidate-B.csv,opponents/vn-x06-info-tf-05/graphs/default_small-candidate-B.svg,19,48,3,199,76,59,22,22,5,9,23,0,0,0,0,100.0,0.0,0.0,0,0,0,78,25,27,22,22,0,1,4,0,0,0,0,0.0,0.0,0.0
vn-x06-info-tf-05,devil,A,A,gavroche-v15-divecap,424,25.308,,,gavroche-v15-divecap,vn-x06-info-tf-05,opponents/vn-x06-info-tf-05/replays/devil-candidate-A.log,opponents/vn-x06-info-tf-05/replays/devil-candidate-A.replay,0,elimination,opponents/vn-x06-info-tf-05/stats/devil-candidate-A.json,opponents/vn-x06-info-tf-05/stats/devil-candidate-A.csv,opponents/vn-x06-info-tf-05/graphs/devil-candidate-A.svg,31,131,8,1385,522,494,47,46,118,215,115,0,0,0,0,100.0,0.0,0.0,0,0,0,232,92,95,46,47,6,25,17,0,0,0,0,0.0,0.0,0.0
vn-x06-info-tf-05,devil,B,B,gavroche-v15-divecap,496,24.423,,,vn-x06-info-tf-05,gavroche-v15-divecap,opponents/vn-x06-info-tf-05/replays/devil-candidate-B.log,opponents/vn-x06-info-tf-05/replays/devil-candidate-B.replay,0,elimination,opponents/vn-x06-info-tf-05/stats/devil-candidate-B.json,opponents/vn-x06-info-tf-05/stats/devil-candidate-B.csv,opponents/vn-x06-info-tf-05/graphs/devil-candidate-B.svg,3,51,24,1335,485,485,62,63,119,199,104,0,0,0,0,100.0,0.0,0.0,0,0,0,387,125,128,63,62,6,42,18,0,0,0,0,0.0,0.0,0.0
vn-x06-info-tf-05,dilemma,A,A,gavroche-v15-divecap,269,4.047,,,gavroche-v15-divecap,vn-x06-info-tf-05,opponents/vn-x06-info-tf-05/replays/dilemma-candidate-A.log,opponents/vn-x06-info-tf-05/replays/dilemma-candidate-A.replay,0,elimination,opponents/vn-x06-info-tf-05/stats/dilemma-candidate-A.json,opponents/vn-x06-info-tf-05/stats/dilemma-candidate-A.csv,opponents/vn-x06-info-tf-05/graphs/dilemma-candidate-A.svg,21,48,3,177,73,55,2,4,1,19,31,0,0,0,0,100.0,0.0,0.0,0,0,0,2,0,3,4,2,0,1,0,0,0,0,0,0.0,0.0,0.0
vn-x06-info-tf-05,dilemma,B,B,gavroche-v15-divecap,500,9.548,,,vn-x06-info-tf-05,gavroche-v15-divecap,opponents/vn-x06-info-tf-05/replays/dilemma-candidate-B.log,opponents/vn-x06-info-tf-05/replays/dilemma-candidate-B.replay,0,roundLimit,opponents/vn-x06-info-tf-05/stats/dilemma-candidate-B.json,opponents/vn-x06-info-tf-05/stats/dilemma-candidate-B.csv,opponents/vn-x06-info-tf-05/graphs/dilemma-candidate-B.svg,6,52,28,315,102,99,1,1,8,42,48,0,0,0,0,86.1328125,0.0,0.0,1,4,4,13,3,5,1,1,0,0,4,0,0,0,0,13.8671875,0.0,0.0
vn-x06-info-tf-05,queen_of_spades,A,A,gavroche-v15-divecap,329,6.285,,,gavroche-v15-divecap,vn-x06-info-tf-05,opponents/vn-x06-info-tf-05/replays/queen_of_spades-candidate-A.log,opponents/vn-x06-info-tf-05/replays/queen_of_spades-candidate-A.replay,0,elimination,opponents/vn-x06-info-tf-05/stats/queen_of_spades-candidate-A.json,opponents/vn-x06-info-tf-05/stats/queen_of_spades-candidate-A.csv,opponents/vn-x06-info-tf-05/graphs/queen_of_spades-candidate-A.svg,10,28,6,217,76,68,14,18,21,9,20,0,0,0,0,79.2,0.0,20.8,0,0,0,133,49,51,18,14,12,3,22,0,0,0,0,0.0,0.0,20.8
vn-x06-info-tf-05,queen_of_spades,B,A,vn-x06-info-tf-05,359,8.183,,,vn-x06-info-tf-05,gavroche-v15-divecap,opponents/vn-x06-info-tf-05/replays/queen_of_spades-candidate-B.log,opponents/vn-x06-info-tf-05/replays/queen_of_spades-candidate-B.replay,0,elimination,opponents/vn-x06-info-tf-05/stats/queen_of_spades-candidate-B.json,opponents/vn-x06-info-tf-05/stats/queen_of_spades-candidate-B.csv,opponents/vn-x06-info-tf-05/graphs/queen_of_spades-candidate-B.svg,0,0,0,35,11,13,16,13,0,0,0,0,0,0,0,0.0,0.0,20.8,21,57,5,353,134,115,13,16,45,19,35,0,0,0,0,79.2,0.0,20.8
vn-x06-info-tf-05,schooltime,A,A,gavroche-v15-divecap,500,41.497,,,gavroche-v15-divecap,vn-x06-info-tf-05,opponents/vn-x06-info-tf-05/replays/schooltime-candidate-A.log,opponents/vn-x06-info-tf-05/replays/schooltime-candidate-A.replay,0,roundLimit,opponents/vn-x06-info-tf-05/stats/schooltime-candidate-A.json,opponents/vn-x06-info-tf-05/stats/schooltime-candidate-A.csv,opponents/vn-x06-info-tf-05/graphs/schooltime-candidate-A.svg,10,145,34,1428,292,285,106,103,55,66,61,0,0,0,0,57.875,4.083333333333333,14.083333333333334,5,78,23,874,259,257,103,106,44,31,76,0,0,0,0,23.958333333333332,4.083333333333333,14.083333333333334
vn-x06-info-tf-05,schooltime,B,B,gavroche-v15-divecap,500,37.968,,,vn-x06-info-tf-05,gavroche-v15-divecap,opponents/vn-x06-info-tf-05/replays/schooltime-candidate-B.log,opponents/vn-x06-info-tf-05/replays/schooltime-candidate-B.replay,0,roundLimit,opponents/vn-x06-info-tf-05/stats/schooltime-candidate-B.json,opponents/vn-x06-info-tf-05/stats/schooltime-candidate-B.csv,opponents/vn-x06-info-tf-05/graphs/schooltime-candidate-B.svg,19,258,53,1404,258,242,74,58,48,71,65,0,0,0,0,80.70833333333333,0.6666666666666666,14.083333333333334,2,31,29,511,166,167,58,74,15,21,57,0,0,0,0,4.541666666666667,0.6666666666666666,14.083333333333334
vn-x06-info-tf-05,stronghold,A,A,gavroche-v15-divecap,500,26.44,,,gavroche-v15-divecap,vn-x06-info-tf-05,opponents/vn-x06-info-tf-05/replays/stronghold-candidate-A.log,opponents/vn-x06-info-tf-05/replays/stronghold-candidate-A.replay,0,roundLimit,opponents/vn-x06-info-tf-05/stats/stronghold-candidate-A.json,opponents/vn-x06-info-tf-05/stats/stronghold-candidate-A.csv,opponents/vn-x06-info-tf-05/graphs/stronghold-candidate-A.svg,1,56,56,429,136,137,6,7,59,47,24,0,0,0,0,25.086805555555557,0.08680555555555555,0.0,2,52,50,419,140,140,7,6,39,43,52,0,0,0,0,74.82638888888889,0.08680555555555555,0.0
vn-x06-info-tf-05,stronghold,B,B,gavroche-v15-divecap,500,22.91,,,vn-x06-info-tf-05,gavroche-v15-divecap,opponents/vn-x06-info-tf-05/replays/stronghold-candidate-B.log,opponents/vn-x06-info-tf-05/replays/stronghold-candidate-B.replay,0,roundLimit,opponents/vn-x06-info-tf-05/stats/stronghold-candidate-B.json,opponents/vn-x06-info-tf-05/stats/stronghold-candidate-B.csv,opponents/vn-x06-info-tf-05/graphs/stronghold-candidate-B.svg,4,77,58,300,94,92,0,0,31,38,23,0,0,0,0,52.083333333333336,2.7777777777777777,0.0,3,49,44,303,88,87,0,0,26,44,17,0,0,0,0,45.138888888888886,2.7777777777777777,0.0
vn-x06-info-tf-05,trauma,A,B,vn-x06-info-tf-05,500,25.186,,,gavroche-v15-divecap,vn-x06-info-tf-05,opponents/vn-x06-info-tf-05/replays/trauma-candidate-A.log,opponents/vn-x06-info-tf-05/replays/trauma-candidate-A.replay,0,roundLimit,opponents/vn-x06-info-tf-05/stats/trauma-candidate-A.json,opponents/vn-x06-info-tf-05/stats/trauma-candidate-A.csv,opponents/vn-x06-info-tf-05/graphs/trauma-candidate-A.svg,5,41,17,365,136,133,18,18,31,27,57,0,0,0,0,51.99652777777778,0.2604166666666667,0.6944444444444444,4,49,21,650,241,239,18,18,48,60,113,0,0,0,0,47.048611111111114,0.2604166666666667,0.6944444444444444
vn-x06-info-tf-05,trauma,B,B,gavroche-v15-divecap,500,22.919,,,vn-x06-info-tf-05,gavroche-v15-divecap,opponents/vn-x06-info-tf-05/replays/trauma-candidate-B.log,opponents/vn-x06-info-tf-05/replays/trauma-candidate-B.replay,0,roundLimit,opponents/vn-x06-info-tf-05/stats/trauma-candidate-B.json,opponents/vn-x06-info-tf-05/stats/trauma-candidate-B.csv,opponents/vn-x06-info-tf-05/graphs/trauma-candidate-B.svg,4,41,14,495,183,181,15,14,38,48,81,0,0,0,0,42.708333333333336,0.0,0.6944444444444444,4,38,14,481,173,171,14,15,31,44,81,0,0,0,0,56.59722222222222,0.0,0.6944444444444444
vn-x06-info-tf-05,trophy,A,B,vn-x06-info-tf-05,500,18.329,,,gavroche-v15-divecap,vn-x06-info-tf-05,opponents/vn-x06-info-tf-05/replays/trophy-candidate-A.log,opponents/vn-x06-info-tf-05/replays/trophy-candidate-A.replay,0,roundLimit,opponents/vn-x06-info-tf-05/stats/trophy-candidate-A.json,opponents/vn-x06-info-tf-05/stats/trophy-candidate-A.csv,opponents/vn-x06-info-tf-05/graphs/trophy-candidate-A.svg,1,32,32,322,79,80,60,62,6,4,8,0,0,0,0,74.56,5.92,0.0,1,49,49,428,113,114,62,60,11,27,16,0,0,0,0,19.52,5.92,0.0
vn-x06-info-tf-05,trophy,B,B,gavroche-v15-divecap,328,15.269,,,vn-x06-info-tf-05,gavroche-v15-divecap,opponents/vn-x06-info-tf-05/replays/trophy-candidate-B.log,opponents/vn-x06-info-tf-05/replays/trophy-candidate-B.replay,0,elimination,opponents/vn-x06-info-tf-05/stats/trophy-candidate-B.json,opponents/vn-x06-info-tf-05/stats/trophy-candidate-B.csv,opponents/vn-x06-info-tf-05/graphs/trophy-candidate-B.svg,44,110,6,355,133,91,31,31,23,12,25,0,0,0,0,100.0,0.0,0.0,0,0,0,124,40,42,31,31,1,6,4,0,0,0,0,0.0,0.0,0.0
vn-x06-info-grad1,Colosseum,A,A,gavroche-v15-divecap,137,4.662,,,gavroche-v15-divecap,vn-x06-info-grad1,opponents/vn-x06-info-grad1/replays/Colosseum-candidate-A.log,opponents/vn-x06-info-grad1/replays/Colosseum-candidate-A.replay,0,elimination,opponents/vn-x06-info-grad1/stats/Colosseum-candidate-A.json,opponents/vn-x06-info-grad1/stats/Colosseum-candidate-A.csv,opponents/vn-x06-info-grad1/graphs/Colosseum-candidate-A.svg,33,78,4,196,76,44,16,13,21,5,5,0,0,0,0,100.0,0.0,0.0,0,0,0,52,18,19,13,16,3,0,0,0,0,0,0,0.0,0.0,0.0
vn-x06-info-grad1,Colosseum,B,B,gavroche-v15-divecap,97,3.508,,,vn-x06-info-grad1,gavroche-v15-divecap,opponents/vn-x06-info-grad1/replays/Colosseum-candidate-B.log,opponents/vn-x06-info-grad1/replays/Colosseum-candidate-B.replay,0,elimination,opponents/vn-x06-info-grad1/stats/Colosseum-candidate-B.json,opponents/vn-x06-info-grad1/stats/Colosseum-candidate-B.csv,opponents/vn-x06-info-grad1/graphs/Colosseum-candidate-B.svg,27,65,4,140,54,28,21,20,7,0,1,0,0,0,0,100.0,0.0,0.0,0,0,0,65,20,21,20,21,0,0,0,0,0,0,0,0.0,0.0,0.0
vn-x06-info-grad1,arena,A,A,gavroche-v15-divecap,91,4.004,,,gavroche-v15-divecap,vn-x06-info-grad1,opponents/vn-x06-info-grad1/replays/arena-candidate-A.log,opponents/vn-x06-info-grad1/replays/arena-candidate-A.replay,0,elimination,opponents/vn-x06-info-grad1/stats/arena-candidate-A.json,opponents/vn-x06-info-grad1/stats/arena-candidate-A.csv,opponents/vn-x06-info-grad1/graphs/arena-candidate-A.svg,20,55,4,245,87,68,38,38,17,13,0,0,0,0,0,100.0,0.0,0.0,0,0,0,150,49,50,38,38,7,4,1,0,0,0,0,0.0,0.0,0.0
vn-x06-info-grad1,arena,B,A,vn-x06-info-grad1,132,5.577,,,vn-x06-info-grad1,gavroche-v15-divecap,opponents/vn-x06-info-grad1/replays/arena-candidate-B.log,opponents/vn-x06-info-grad1/replays/arena-candidate-B.replay,0,elimination,opponents/vn-x06-info-grad1/stats/arena-candidate-B.json,opponents/vn-x06-info-grad1/stats/arena-candidate-B.csv,opponents/vn-x06-info-grad1/graphs/arena-candidate-B.svg,0,0,0,238,78,79,66,68,5,5,1,0,0,0,0,0.0,0.0,0.0,23,60,4,345,117,95,68,66,8,13,8,0,0,0,0,100.0,0.0,0.0
vn-x06-info-grad1,autarky,A,A,gavroche-v15-divecap,500,25.827,,,gavroche-v15-divecap,vn-x06-info-grad1,opponents/vn-x06-info-grad1/replays/autarky-candidate-A.log,opponents/vn-x06-info-grad1/replays/autarky-candidate-A.replay,0,roundLimit,opponents/vn-x06-info-grad1/stats/autarky-candidate-A.json,opponents/vn-x06-info-grad1/stats/autarky-candidate-A.csv,opponents/vn-x06-info-grad1/graphs/autarky-candidate-A.svg,18,134,40,752,247,235,11,15,28,46,146,0,0,0,0,98.66255144032922,0.0,0.0,1,3,3,84,33,38,15,11,8,3,16,0,0,0,0,1.337448559670782,0.0,0.0
vn-x06-info-grad1,autarky,B,B,gavroche-v15-divecap,377,18.715,,,vn-x06-info-grad1,gavroche-v15-divecap,opponents/vn-x06-info-grad1/replays/autarky-candidate-B.log,opponents/vn-x06-info-grad1/replays/autarky-candidate-B.replay,0,elimination,opponents/vn-x06-info-grad1/stats/autarky-candidate-B.json,opponents/vn-x06-info-grad1/stats/autarky-candidate-B.csv,opponents/vn-x06-info-grad1/graphs/autarky-candidate-B.svg,51,131,10,526,202,157,20,22,26,9,100,0,0,0,0,100.0,0.0,0.0,0,0,0,173,61,67,22,20,2,1,44,0,0,0,0,0.0,0.0,0.0
vn-x06-info-grad1,big_empty,A,A,gavroche-v15-divecap,500,76.083,,,gavroche-v15-divecap,vn-x06-info-grad1,opponents/vn-x06-info-grad1/replays/big_empty-candidate-A.log,opponents/vn-x06-info-grad1/replays/big_empty-candidate-A.replay,0,roundLimit,opponents/vn-x06-info-grad1/stats/big_empty-candidate-A.json,opponents/vn-x06-info-grad1/stats/big_empty-candidate-A.csv,opponents/vn-x06-info-grad1/graphs/big_empty-candidate-A.svg,21,379,62,1319,156,138,118,117,2,19,0,0,0,0,0,45.99609375,3.271484375,0.0,27,407,41,1185,174,150,117,118,9,23,0,0,0,0,0,50.732421875,3.271484375,0.0
vn-x06-info-grad1,big_empty,B,B,gavroche-v15-divecap,500,74.243,,,vn-x06-info-grad1,gavroche-v15-divecap,opponents/vn-x06-info-grad1/replays/big_empty-candidate-B.log,opponents/vn-x06-info-grad1/replays/big_empty-candidate-B.replay,0,roundLimit,opponents/vn-x06-info-grad1/stats/big_empty-candidate-B.json,opponents/vn-x06-info-grad1/stats/big_empty-candidate-B.csv,opponents/vn-x06-info-grad1/graphs/big_empty-candidate-B.svg,16,329,72,1440,205,192,149,151,5,36,0,0,0,0,0,36.2060546875,5.810546875,0.0,22,409,55,1452,210,191,151,149,8,34,0,0,0,0,0,57.9833984375,5.810546875,0.0
vn-x06-info-grad1,default,A,B,vn-x06-info-grad1,500,18.757,,,gavroche-v15-divecap,vn-x06-info-grad1,opponents/vn-x06-info-grad1/replays/default-candidate-A.log,opponents/vn-x06-info-grad1/replays/default-candidate-A.replay,0,roundLimit,opponents/vn-x06-info-grad1/stats/default-candidate-A.json,opponents/vn-x06-info-grad1/stats/default-candidate-A.csv,opponents/vn-x06-info-grad1/graphs/default-candidate-A.svg,1,4,4,69,16,19,23,18,1,0,0,0,0,0,0,14.55078125,2.83203125,0.0,9,80,24,426,120,115,18,23,59,27,6,0,0,0,0,82.6171875,2.83203125,0.0
vn-x06-info-grad1,default,B,B,gavroche-v15-divecap,500,20.991,,,vn-x06-info-grad1,gavroche-v15-divecap,opponents/vn-x06-info-grad1/replays/default-candidate-B.log,opponents/vn-x06-info-grad1/replays/default-candidate-B.replay,0,roundLimit,opponents/vn-x06-info-grad1/stats/default-candidate-B.json,opponents/vn-x06-info-grad1/stats/default-candidate-B.csv,opponents/vn-x06-info-grad1/graphs/default-candidate-B.svg,17,106,27,357,95,82,24,21,37,18,6,0,0,0,0,94.140625,0.78125,0.0,1,12,12,194,65,68,21,24,22,8,14,0,0,0,0,5.078125,0.78125,0.0
vn-x06-info-grad1,default_small,A,B,vn-x06-info-grad1,161,3.872,,,gavroche-v15-divecap,vn-x06-info-grad1,opponents/vn-x06-info-grad1/replays/default_small-candidate-A.log,opponents/vn-x06-info-grad1/replays/default_small-candidate-A.replay,0,elimination,opponents/vn-x06-info-grad1/stats/default_small-candidate-A.json,opponents/vn-x06-info-grad1/stats/default_small-candidate-A.csv,opponents/vn-x06-info-grad1/graphs/default_small-candidate-A.svg,0,0,0,23,10,12,11,10,0,1,1,0,0,0,0,0.0,0.0,0.0,23,54,3,115,46,25,10,11,4,3,7,0,0,0,0,100.0,0.0,0.0
vn-x06-info-grad1,default_small,B,A,vn-x06-info-grad1,180,4.38,,,vn-x06-info-grad1,gavroche-v15-divecap,opponents/vn-x06-info-grad1/replays/default_small-candidate-B.log,opponents/vn-x06-info-grad1/replays/default_small-candidate-B.replay,0,elimination,opponents/vn-x06-info-grad1/stats/default_small-candidate-B.json,opponents/vn-x06-info-grad1/stats/default_small-candidate-B.csv,opponents/vn-x06-info-grad1/graphs/default_small-candidate-B.svg,0,0,0,36,13,15,11,11,1,0,3,0,0,0,0,0.0,0.0,0.0,20,45,4,143,59,41,11,11,4,14,12,0,0,0,0,100.0,0.0,0.0
vn-x06-info-grad1,devil,A,A,gavroche-v15-divecap,496,25.887,,,gavroche-v15-divecap,vn-x06-info-grad1,opponents/vn-x06-info-grad1/replays/devil-candidate-A.log,opponents/vn-x06-info-grad1/replays/devil-candidate-A.replay,0,elimination,opponents/vn-x06-info-grad1/stats/devil-candidate-A.json,opponents/vn-x06-info-grad1/stats/devil-candidate-A.csv,opponents/vn-x06-info-grad1/graphs/devil-candidate-A.svg,2,43,28,1267,446,447,72,68,103,176,100,0,0,0,0,100.0,0.0,0.0,0,0,0,502,177,180,68,72,30,50,28,0,0,0,0,0.0,0.0,0.0
vn-x06-info-grad1,devil,B,A,vn-x06-info-grad1,500,24.356,,,vn-x06-info-grad1,gavroche-v15-divecap,opponents/vn-x06-info-grad1/replays/devil-candidate-B.log,opponents/vn-x06-info-grad1/replays/devil-candidate-B.replay,0,roundLimit,opponents/vn-x06-info-grad1/stats/devil-candidate-B.json,opponents/vn-x06-info-grad1/stats/devil-candidate-B.csv,opponents/vn-x06-info-grad1/graphs/devil-candidate-B.svg,4,34,17,1396,491,490,61,60,111,205,114,0,0,0,0,88.671875,3.515625,0.0,2,37,19,374,123,124,60,61,10,29,24,0,0,0,0,7.8125,3.515625,0.0
vn-x06-info-grad1,dilemma,A,A,gavroche-v15-divecap,251,4.122,,,gavroche-v15-divecap,vn-x06-info-grad1,opponents/vn-x06-info-grad1/replays/dilemma-candidate-A.log,opponents/vn-x06-info-grad1/replays/dilemma-candidate-A.replay,0,elimination,opponents/vn-x06-info-grad1/stats/dilemma-candidate-A.json,opponents/vn-x06-info-grad1/stats/dilemma-candidate-A.csv,opponents/vn-x06-info-grad1/graphs/dilemma-candidate-A.svg,20,47,3,182,74,57,2,3,6,17,31,0,0,0,0,100.0,0.0,0.0,0,0,0,2,0,3,3,2,0,1,0,0,0,0,0,0.0,0.0,0.0
vn-x06-info-grad1,dilemma,B,B,gavroche-v15-divecap,271,6.346,,,vn-x06-info-grad1,gavroche-v15-divecap,opponents/vn-x06-info-grad1/replays/dilemma-candidate-B.log,opponents/vn-x06-info-grad1/replays/dilemma-candidate-B.replay,0,elimination,opponents/vn-x06-info-grad1/stats/dilemma-candidate-B.json,opponents/vn-x06-info-grad1/stats/dilemma-candidate-B.csv,opponents/vn-x06-info-grad1/graphs/dilemma-candidate-B.svg,28,61,3,204,85,60,2,1,4,16,39,0,0,0,0,100.0,0.0,0.0,0,0,0,5,1,4,1,2,0,0,2,0,0,0,0,0.0,0.0,0.0
vn-x06-info-grad1,queen_of_spades,A,B,vn-x06-info-grad1,223,5.657,,,gavroche-v15-divecap,vn-x06-info-grad1,opponents/vn-x06-info-grad1/replays/queen_of_spades-candidate-A.log,opponents/vn-x06-info-grad1/replays/queen_of_spades-candidate-A.replay,0,elimination,opponents/vn-x06-info-grad1/stats/queen_of_spades-candidate-A.json,opponents/vn-x06-info-grad1/stats/queen_of_spades-candidate-A.csv,opponents/vn-x06-info-grad1/graphs/queen_of_spades-candidate-A.svg,0,0,0,28,10,12,10,9,1,0,2,0,0,0,0,0.0,0.0,20.8,24,60,4,271,111,89,9,10,44,14,21,0,0,0,0,79.2,0.0,20.8
vn-x06-info-grad1,queen_of_spades,B,B,gavroche-v15-divecap,378,10.519,,,vn-x06-info-grad1,gavroche-v15-divecap,opponents/vn-x06-info-grad1/replays/queen_of_spades-candidate-B.log,opponents/vn-x06-info-grad1/replays/queen_of_spades-candidate-B.replay,0,elimination,opponents/vn-x06-info-grad1/stats/queen_of_spades-candidate-B.json,opponents/vn-x06-info-grad1/stats/queen_of_spades-candidate-B.csv,opponents/vn-x06-info-grad1/graphs/queen_of_spades-candidate-B.svg,26,65,4,440,167,143,11,11,63,19,50,0,0,0,0,79.2,0.0,20.8,0,0,0,33,10,12,11,11,0,0,1,0,0,0,0,0.0,0.0,20.8
vn-x06-info-grad1,schooltime,A,B,vn-x06-info-grad1,500,51.153,,,gavroche-v15-divecap,vn-x06-info-grad1,opponents/vn-x06-info-grad1/replays/schooltime-candidate-A.log,opponents/vn-x06-info-grad1/replays/schooltime-candidate-A.replay,0,roundLimit,opponents/vn-x06-info-grad1/stats/schooltime-candidate-A.json,opponents/vn-x06-info-grad1/stats/schooltime-candidate-A.csv,opponents/vn-x06-info-grad1/graphs/schooltime-candidate-A.svg,9,137,28,1075,328,322,131,116,34,63,109,0,0,0,0,54.416666666666664,0.9166666666666666,14.083333333333334,9,160,41,1355,395,389,116,131,95,88,75,0,0,0,0,30.583333333333332,0.9166666666666666,14.083333333333334
vn-x06-info-grad1,schooltime,B,A,vn-x06-info-grad1,500,50.254,,,vn-x06-info-grad1,gavroche-v15-divecap,opponents/vn-x06-info-grad1/replays/schooltime-candidate-B.log,opponents/vn-x06-info-grad1/replays/schooltime-candidate-B.replay,0,roundLimit,opponents/vn-x06-info-grad1/stats/schooltime-candidate-B.json,opponents/vn-x06-info-grad1/stats/schooltime-candidate-B.csv,opponents/vn-x06-info-grad1/graphs/schooltime-candidate-B.svg,10,163,51,1195,287,280,99,83,49,93,55,0,0,0,0,36.041666666666664,3.75,14.083333333333334,9,132,52,1251,417,411,83,99,104,76,132,0,0,0,0,46.125,3.75,14.083333333333334
vn-x06-info-grad1,stronghold,A,B,vn-x06-info-grad1,500,34.365,,,gavroche-v15-divecap,vn-x06-info-grad1,opponents/vn-x06-info-grad1/replays/stronghold-candidate-A.log,opponents/vn-x06-info-grad1/replays/stronghold-candidate-A.replay,0,roundLimit,opponents/vn-x06-info-grad1/stats/stronghold-candidate-A.json,opponents/vn-x06-info-grad1/stats/stronghold-candidate-A.csv,opponents/vn-x06-info-grad1/graphs/stronghold-candidate-A.svg,2,10,7,547,201,201,7,8,65,76,52,0,0,0,0,18.92361111111111,3.732638888888889,0.0,7,62,36,528,187,182,8,7,48,62,65,0,0,0,0,77.34375,3.732638888888889,0.0
vn-x06-info-grad1,stronghold,B,A,vn-x06-info-grad1,500,27.069,,,vn-x06-info-grad1,gavroche-v15-divecap,opponents/vn-x06-info-grad1/replays/stronghold-candidate-B.log,opponents/vn-x06-info-grad1/replays/stronghold-candidate-B.replay,0,roundLimit,opponents/vn-x06-info-grad1/stats/stronghold-candidate-B.json,opponents/vn-x06-info-grad1/stats/stronghold-candidate-B.csv,opponents/vn-x06-info-grad1/graphs/stronghold-candidate-B.svg,2,61,55,288,92,92,1,1,36,33,22,0,0,0,0,46.44097222222222,0.08680555555555555,0.0,3,72,56,490,171,170,1,1,50,72,47,0,0,0,0,53.47222222222222,0.08680555555555555,0.0
vn-x06-info-grad1,trauma,A,A,gavroche-v15-divecap,500,24.122,,,gavroche-v15-divecap,vn-x06-info-grad1,opponents/vn-x06-info-grad1/replays/trauma-candidate-A.log,opponents/vn-x06-info-grad1/replays/trauma-candidate-A.replay,0,roundLimit,opponents/vn-x06-info-grad1/stats/trauma-candidate-A.json,opponents/vn-x06-info-grad1/stats/trauma-candidate-A.csv,opponents/vn-x06-info-grad1/graphs/trauma-candidate-A.svg,4,44,22,591,216,214,14,13,61,40,100,0,0,0,0,57.204861111111114,1.2152777777777777,0.6944444444444444,4,30,10,517,192,190,13,14,26,53,97,0,0,0,0,40.885416666666664,1.2152777777777777,0.6944444444444444
vn-x06-info-grad1,trauma,B,B,gavroche-v15-divecap,500,27.931,,,vn-x06-info-grad1,gavroche-v15-divecap,opponents/vn-x06-info-grad1/replays/trauma-candidate-B.log,opponents/vn-x06-info-grad1/replays/trauma-candidate-B.replay,0,roundLimit,opponents/vn-x06-info-grad1/stats/trauma-candidate-B.json,opponents/vn-x06-info-grad1/stats/trauma-candidate-B.csv,opponents/vn-x06-info-grad1/graphs/trauma-candidate-B.svg,5,42,21,423,158,155,13,13,21,41,80,0,0,0,0,47.048611111111114,0.08680555555555555,0.6944444444444444,4,27,11,686,259,257,13,13,63,62,119,0,0,0,0,52.170138888888886,0.08680555555555555,0.6944444444444444
vn-x06-info-grad1,trophy,A,A,gavroche-v15-divecap,353,16.95,,,gavroche-v15-divecap,vn-x06-info-grad1,opponents/vn-x06-info-grad1/replays/trophy-candidate-A.log,opponents/vn-x06-info-grad1/replays/trophy-candidate-A.replay,0,elimination,opponents/vn-x06-info-grad1/stats/trophy-candidate-A.json,opponents/vn-x06-info-grad1/stats/trophy-candidate-A.csv,opponents/vn-x06-info-grad1/graphs/trophy-candidate-A.svg,47,111,8,372,147,102,31,31,24,15,32,0,0,0,0,100.0,0.0,0.0,0,0,0,103,35,37,31,31,3,0,3,0,0,0,0,0.0,0.0,0.0
vn-x06-info-grad1,trophy,B,B,gavroche-v15-divecap,412,21.939,,,vn-x06-info-grad1,gavroche-v15-divecap,opponents/vn-x06-info-grad1/replays/trophy-candidate-B.log,opponents/vn-x06-info-grad1/replays/trophy-candidate-B.replay,0,elimination,opponents/vn-x06-info-grad1/stats/trophy-candidate-B.json,opponents/vn-x06-info-grad1/stats/trophy-candidate-B.csv,opponents/vn-x06-info-grad1/graphs/trophy-candidate-B.svg,38,125,7,518,189,153,21,22,67,27,37,0,0,0,0,100.0,0.0,0.0,0,0,0,77,25,27,22,21,4,0,2,0,0,0,0,0.0,0.0,0.0
von_neumann-x04-support,Colosseum,A,A,gavroche-v15-divecap,69,1.976,,,gavroche-v15-divecap,von_neumann-x04-support,opponents/von_neumann-x04-support/replays/Colosseum-candidate-A.log,opponents/von_neumann-x04-support/replays/Colosseum-candidate-A.replay,0,elimination,opponents/von_neumann-x04-support/stats/Colosseum-candidate-A.json,opponents/von_neumann-x04-support/stats/Colosseum-candidate-A.csv,opponents/von_neumann-x04-support/graphs/Colosseum-candidate-A.svg,21,53,4,78,31,11,9,9,1,0,1,0,0,0,0,100.0,0.0,0.0,0,0,0,33,11,12,9,9,3,0,0,0,0,0,0,0.0,0.0,0.0
von_neumann-x04-support,Colosseum,B,B,gavroche-v15-divecap,122,5.255,,,von_neumann-x04-support,gavroche-v15-divecap,opponents/von_neumann-x04-support/replays/Colosseum-candidate-B.log,opponents/von_neumann-x04-support/replays/Colosseum-candidate-B.replay,0,elimination,opponents/von_neumann-x04-support/stats/Colosseum-candidate-B.json,opponents/von_neumann-x04-support/stats/Colosseum-candidate-B.csv,opponents/von_neumann-x04-support/graphs/Colosseum-candidate-B.svg,35,88,4,196,79,45,19,19,15,6,5,0,0,0,0,100.0,0.0,0.0,0,0,0,48,19,20,19,19,1,0,0,0,0,0,0,0.0,0.0,0.0
von_neumann-x04-support,arena,A,A,gavroche-v15-divecap,80,3.126,,,gavroche-v15-divecap,von_neumann-x04-support,opponents/von_neumann-x04-support/replays/arena-candidate-A.log,opponents/von_neumann-x04-support/replays/arena-candidate-A.replay,0,elimination,opponents/von_neumann-x04-support/stats/arena-candidate-A.json,opponents/von_neumann-x04-support/stats/arena-candidate-A.csv,opponents/von_neumann-x04-support/graphs/arena-candidate-A.svg,22,59,4,234,81,60,35,34,15,11,0,0,0,0,0,100.0,0.0,0.0,0,0,0,117,37,38,34,35,1,2,0,0,0,0,0,0.0,0.0,0.0
von_neumann-x04-support,arena,B,A,von_neumann-x04-support,67,2.56,,,von_neumann-x04-support,gavroche-v15-divecap,opponents/von_neumann-x04-support/replays/arena-candidate-B.log,opponents/von_neumann-x04-support/replays/arena-candidate-B.replay,0,elimination,opponents/von_neumann-x04-support/stats/arena-candidate-B.json,opponents/von_neumann-x04-support/stats/arena-candidate-B.csv,opponents/von_neumann-x04-support/graphs/arena-candidate-B.svg,0,0,0,133,43,44,40,40,1,2,1,0,0,0,0,0.0,0.0,0.0,14,36,4,187,64,51,40,40,5,5,1,0,0,0,0,100.0,0.0,0.0
von_neumann-x04-support,autarky,A,A,gavroche-v15-divecap,336,16.844,,,gavroche-v15-divecap,von_neumann-x04-support,opponents/von_neumann-x04-support/replays/autarky-candidate-A.log,opponents/von_neumann-x04-support/replays/autarky-candidate-A.replay,0,elimination,opponents/von_neumann-x04-support/stats/autarky-candidate-A.json,opponents/von_neumann-x04-support/stats/autarky-candidate-A.csv,opponents/von_neumann-x04-support/graphs/autarky-candidate-A.svg,54,132,5,437,174,126,17,19,10,4,93,0,0,0,0,100.0,0.0,0.0,0,0,0,131,50,56,19,17,4,3,32,0,0,0,0,0.0,0.0,0.0
von_neumann-x04-support,autarky,B,B,gavroche-v15-divecap,500,23.466,,,von_neumann-x04-support,gavroche-v15-divecap,opponents/von_neumann-x04-support/replays/autarky-candidate-B.log,opponents/von_neumann-x04-support/replays/autarky-candidate-B.replay,0,roundLimit,opponents/von_neumann-x04-support/stats/autarky-candidate-B.json,opponents/von_neumann-x04-support/stats/autarky-candidate-B.csv,opponents/von_neumann-x04-support/graphs/autarky-candidate-B.svg,16,122,41,734,237,227,9,9,38,39,141,0,0,0,0,92.18106995884774,0.9259259259259259,0.0,1,2,2,101,35,40,9,9,4,1,26,0,0,0,0,6.893004115226337,0.9259259259259259,0.0
von_neumann-x04-support,big_empty,A,B,von_neumann-x04-support,500,72.054,,,gavroche-v15-divecap,von_neumann-x04-support,opponents/von_neumann-x04-support/replays/big_empty-candidate-A.log,opponents/von_neumann-x04-support/replays/big_empty-candidate-A.replay,0,roundLimit,opponents/von_neumann-x04-support/stats/big_empty-candidate-A.json,opponents/von_neumann-x04-support/stats/big_empty-candidate-A.csv,opponents/von_neumann-x04-support/graphs/big_empty-candidate-A.svg,25,395,37,1281,194,172,146,146,5,21,0,0,0,0,0,47.9736328125,7.0068359375,0.0,23,390,44,1369,193,173,146,146,5,22,0,0,0,0,0,45.01953125,7.0068359375,0.0
von_neumann-x04-support,big_empty,B,B,gavroche-v15-divecap,500,72.864,,,von_neumann-x04-support,gavroche-v15-divecap,opponents/von_neumann-x04-support/replays/big_empty-candidate-B.log,opponents/von_neumann-x04-support/replays/big_empty-candidate-B.replay,0,roundLimit,opponents/von_neumann-x04-support/stats/big_empty-candidate-B.json,opponents/von_neumann-x04-support/stats/big_empty-candidate-B.csv,opponents/von_neumann-x04-support/graphs/big_empty-candidate-B.svg,27,448,43,1462,213,189,170,168,3,18,0,0,0,0,0,54.7119140625,6.3232421875,0.0,19,303,31,1438,219,203,168,170,6,27,0,0,0,0,0,38.96484375,6.3232421875,0.0
von_neumann-x04-support,default,A,A,gavroche-v15-divecap,500,14.669,,,gavroche-v15-divecap,von_neumann-x04-support,opponents/von_neumann-x04-support/replays/default-candidate-A.log,opponents/von_neumann-x04-support/replays/default-candidate-A.replay,0,roundLimit,opponents/von_neumann-x04-support/stats/default-candidate-A.json,opponents/von_neumann-x04-support/stats/default-candidate-A.csv,opponents/von_neumann-x04-support/graphs/default-candidate-A.svg,6,55,27,218,59,57,40,35,4,8,10,0,0,0,0,48.53515625,4.1015625,0.0,6,49,12,325,98,96,35,40,30,18,8,0,0,0,0,47.36328125,4.1015625,0.0
von_neumann-x04-support,default,B,B,gavroche-v15-divecap,500,17.641,,,von_neumann-x04-support,gavroche-v15-divecap,opponents/von_neumann-x04-support/replays/default-candidate-B.log,opponents/von_neumann-x04-support/replays/default-candidate-B.replay,0,roundLimit,opponents/von_neumann-x04-support/stats/default-candidate-B.json,opponents/von_neumann-x04-support/stats/default-candidate-B.csv,opponents/von_neumann-x04-support/graphs/default-candidate-B.svg,6,60,28,177,46,44,36,32,6,4,2,0,0,0,0,40.234375,4.8828125,0.0,8,45,9,301,107,103,32,36,38,15,14,0,0,0,0,54.8828125,4.8828125,0.0
von_neumann-x04-support,default_small,A,A,gavroche-v15-divecap,223,4.776,,,gavroche-v15-divecap,von_neumann-x04-support,opponents/von_neumann-x04-support/replays/default_small-candidate-A.log,opponents/von_neumann-x04-support/replays/default_small-candidate-A.replay,0,elimination,opponents/von_neumann-x04-support/stats/default_small-candidate-A.json,opponents/von_neumann-x04-support/stats/default_small-candidate-A.csv,opponents/von_neumann-x04-support/graphs/default_small-candidate-A.svg,22,55,3,144,55,35,19,19,3,4,9,0,0,0,0,100.0,0.0,0.0,0,0,0,69,23,25,19,19,2,4,0,0,0,0,0,0.0,0.0,0.0
von_neumann-x04-support,default_small,B,A,von_neumann-x04-support,371,7.058,,,von_neumann-x04-support,gavroche-v15-divecap,opponents/von_neumann-x04-support/replays/default_small-candidate-B.log,opponents/von_neumann-x04-support/replays/default_small-candidate-B.replay,0,elimination,opponents/von_neumann-x04-support/stats/default_small-candidate-B.json,opponents/von_neumann-x04-support/stats/default_small-candidate-B.csv,opponents/von_neumann-x04-support/graphs/default_small-candidate-B.svg,0,0,0,169,55,57,45,45,2,3,7,0,0,0,0,0.0,0.0,0.0,15,41,5,219,69,56,45,45,3,5,3,0,0,0,0,100.0,0.0,0.0
von_neumann-x04-support,devil,A,B,von_neumann-x04-support,500,24.477,,,gavroche-v15-divecap,von_neumann-x04-support,opponents/von_neumann-x04-support/replays/devil-candidate-A.log,opponents/von_neumann-x04-support/replays/devil-candidate-A.replay,0,roundLimit,opponents/von_neumann-x04-support/stats/devil-candidate-A.json,opponents/von_neumann-x04-support/stats/devil-candidate-A.csv,opponents/von_neumann-x04-support/graphs/devil-candidate-A.svg,2,45,25,1353,477,478,69,72,104,198,104,0,0,0,0,90.0390625,1.953125,0.0,1,27,27,440,151,153,72,69,19,42,23,0,0,0,0,8.0078125,1.953125,0.0
von_neumann-x04-support,devil,B,A,von_neumann-x04-support,304,17.604,,,von_neumann-x04-support,gavroche-v15-divecap,opponents/von_neumann-x04-support/replays/devil-candidate-B.log,opponents/von_neumann-x04-support/replays/devil-candidate-B.replay,0,elimination,opponents/von_neumann-x04-support/stats/devil-candidate-B.json,opponents/von_neumann-x04-support/stats/devil-candidate-B.csv,opponents/von_neumann-x04-support/graphs/devil-candidate-B.svg,0,0,0,179,72,75,38,38,5,19,13,0,0,0,0,0.0,0.0,0.0,40,105,7,999,402,365,38,38,72,153,102,0,0,0,0,100.0,0.0,0.0
von_neumann-x04-support,dilemma,A,A,gavroche-v15-divecap,181,2.744,,,gavroche-v15-divecap,von_neumann-x04-support,opponents/von_neumann-x04-support/replays/dilemma-candidate-A.log,opponents/von_neumann-x04-support/replays/dilemma-candidate-A.replay,0,elimination,opponents/von_neumann-x04-support/stats/dilemma-candidate-A.json,opponents/von_neumann-x04-support/stats/dilemma-candidate-A.csv,opponents/von_neumann-x04-support/graphs/dilemma-candidate-A.svg,11,29,4,128,50,42,2,3,1,16,22,0,0,0,0,100.0,0.0,0.0,0,0,0,2,0,3,3,2,0,1,0,0,0,0,0,0.0,0.0,0.0
von_neumann-x04-support,dilemma,B,B,gavroche-v15-divecap,269,4.643,,,von_neumann-x04-support,gavroche-v15-divecap,opponents/von_neumann-x04-support/replays/dilemma-candidate-B.log,opponents/von_neumann-x04-support/replays/dilemma-candidate-B.replay,0,elimination,opponents/von_neumann-x04-support/stats/dilemma-candidate-B.json,opponents/von_neumann-x04-support/stats/dilemma-candidate-B.csv,opponents/von_neumann-x04-support/graphs/dilemma-candidate-B.svg,22,53,6,213,84,65,3,3,4,26,32,0,0,0,0,100.0,0.0,0.0,0,0,0,4,1,4,3,3,0,0,1,0,0,0,0,0.0,0.0,0.0
von_neumann-x04-support,queen_of_spades,A,A,gavroche-v15-divecap,500,6.62,,,gavroche-v15-divecap,von_neumann-x04-support,opponents/von_neumann-x04-support/replays/queen_of_spades-candidate-A.log,opponents/von_neumann-x04-support/replays/queen_of_spades-candidate-A.replay,0,roundLimit,opponents/von_neumann-x04-support/stats/queen_of_spades-candidate-A.json,opponents/von_neumann-x04-support/stats/queen_of_spades-candidate-A.csv,opponents/von_neumann-x04-support/graphs/queen_of_spades-candidate-A.svg,3,48,25,205,46,45,14,13,8,16,8,0,0,0,0,55.65714285714286,1.1428571428571428,20.8,1,17,17,283,95,96,13,14,29,18,35,0,0,0,0,22.4,1.1428571428571428,20.8
von_neumann-x04-support,queen_of_spades,B,A,von_neumann-x04-support,294,7.564,,,von_neumann-x04-support,gavroche-v15-divecap,opponents/von_neumann-x04-support/replays/queen_of_spades-candidate-B.log,opponents/von_neumann-x04-support/replays/queen_of_spades-candidate-B.replay,0,elimination,opponents/von_neumann-x04-support/stats/queen_of_spades-candidate-B.json,opponents/von_neumann-x04-support/stats/queen_of_spades-candidate-B.csv,opponents/von_neumann-x04-support/graphs/queen_of_spades-candidate-B.svg,0,0,0,15,5,7,8,7,0,0,0,0,0,0,0,0.0,0.0,20.8,27,64,4,403,163,138,7,8,54,34,42,0,0,0,0,79.2,0.0,20.8
von_neumann-x04-support,schooltime,A,B,von_neumann-x04-support,500,44.544,,,gavroche-v15-divecap,von_neumann-x04-support,opponents/von_neumann-x04-support/replays/schooltime-candidate-A.log,opponents/von_neumann-x04-support/replays/schooltime-candidate-A.replay,0,roundLimit,opponents/von_neumann-x04-support/stats/schooltime-candidate-A.json,opponents/von_neumann-x04-support/stats/schooltime-candidate-A.csv,opponents/von_neumann-x04-support/graphs/schooltime-candidate-A.svg,10,137,29,1204,377,370,130,132,43,80,115,0,0,0,0,48.583333333333336,3.4166666666666665,14.083333333333334,8,124,42,942,289,284,132,130,62,36,56,0,0,0,0,33.916666666666664,3.4166666666666665,14.083333333333334
von_neumann-x04-support,schooltime,B,B,gavroche-v15-divecap,454,35.051,,,von_neumann-x04-support,gavroche-v15-divecap,opponents/von_neumann-x04-support/replays/schooltime-candidate-B.log,opponents/von_neumann-x04-support/replays/schooltime-candidate-B.replay,0,elimination,opponents/von_neumann-x04-support/stats/schooltime-candidate-B.json,opponents/von_neumann-x04-support/stats/schooltime-candidate-B.csv,opponents/von_neumann-x04-support/graphs/schooltime-candidate-B.svg,26,294,49,1624,272,249,69,60,58,69,62,0,0,0,0,85.91666666666667,0.0,14.083333333333334,0,0,0,400,133,136,60,69,15,17,35,0,0,0,0,0.0,0.0,14.083333333333334
von_neumann-x04-support,stronghold,A,A,gavroche-v15-divecap,500,30.93,,,gavroche-v15-divecap,von_neumann-x04-support,opponents/von_neumann-x04-support/replays/stronghold-candidate-A.log,opponents/von_neumann-x04-support/replays/stronghold-candidate-A.replay,0,roundLimit,opponents/von_neumann-x04-support/stats/stronghold-candidate-A.json,opponents/von_neumann-x04-support/stats/stronghold-candidate-A.csv,opponents/von_neumann-x04-support/graphs/stronghold-candidate-A.svg,3,61,46,491,174,173,16,16,60,53,44,0,0,0,0,27.256944444444443,1.7361111111111112,0.0,5,74,45,511,178,175,16,16,51,49,59,0,0,0,0,71.00694444444444,1.7361111111111112,0.0
von_neumann-x04-support,stronghold,B,A,von_neumann-x04-support,500,32.893,,,von_neumann-x04-support,gavroche-v15-divecap,opponents/von_neumann-x04-support/replays/stronghold-candidate-B.log,opponents/von_neumann-x04-support/replays/stronghold-candidate-B.replay,0,roundLimit,opponents/von_neumann-x04-support/stats/stronghold-candidate-B.json,opponents/von_neumann-x04-support/stats/stronghold-candidate-B.csv,opponents/von_neumann-x04-support/graphs/stronghold-candidate-B.svg,4,60,45,554,193,191,11,11,45,67,68,0,0,0,0,53.125,1.4756944444444444,0.0,3,52,46,529,186,185,11,11,61,62,51,0,0,0,0,45.39930555555556,1.4756944444444444,0.0
von_neumann-x04-support,trauma,A,B,von_neumann-x04-support,500,20.058,,,gavroche-v15-divecap,von_neumann-x04-support,opponents/von_neumann-x04-support/replays/trauma-candidate-A.log,opponents/von_neumann-x04-support/replays/trauma-candidate-A.replay,0,roundLimit,opponents/von_neumann-x04-support/stats/trauma-candidate-A.json,opponents/von_neumann-x04-support/stats/trauma-candidate-A.csv,opponents/von_neumann-x04-support/graphs/trauma-candidate-A.svg,3,41,17,449,166,165,11,11,33,49,72,0,0,0,0,42.708333333333336,0.2604166666666667,0.6944444444444444,3,29,18,434,166,165,11,11,26,33,95,0,0,0,0,56.33680555555556,0.2604166666666667,0.6944444444444444
von_neumann-x04-support,trauma,B,A,von_neumann-x04-support,500,26.169,,,von_neumann-x04-support,gavroche-v15-divecap,opponents/von_neumann-x04-support/replays/trauma-candidate-B.log,opponents/von_neumann-x04-support/replays/trauma-candidate-B.replay,0,roundLimit,opponents/von_neumann-x04-support/stats/trauma-candidate-B.json,opponents/von_neumann-x04-support/stats/trauma-candidate-B.csv,opponents/von_neumann-x04-support/graphs/trauma-candidate-B.svg,4,37,13,327,118,116,18,18,14,29,55,0,0,0,0,39.670138888888886,1.3888888888888888,0.6944444444444444,4,44,16,758,288,286,18,18,49,71,148,0,0,0,0,58.24652777777778,1.3888888888888888,0.6944444444444444
von_neumann-x04-support,trophy,A,B,von_neumann-x04-support,206,6.774,,,gavroche-v15-divecap,von_neumann-x04-support,opponents/von_neumann-x04-support/replays/trophy-candidate-A.log,opponents/von_neumann-x04-support/replays/trophy-candidate-A.replay,0,elimination,opponents/von_neumann-x04-support/stats/trophy-candidate-A.json,opponents/von_neumann-x04-support/stats/trophy-candidate-A.csv,opponents/von_neumann-x04-support/graphs/trophy-candidate-A.svg,0,0,0,48,18,20,15,14,0,0,6,0,0,0,0,0.0,0.0,0.0,34,88,4,234,92,60,14,15,26,8,11,0,0,0,0,100.0,0.0,0.0
von_neumann-x04-support,trophy,B,B,gavroche-v15-divecap,500,23.095,,,von_neumann-x04-support,gavroche-v15-divecap,opponents/von_neumann-x04-support/replays/trophy-candidate-B.log,opponents/von_neumann-x04-support/replays/trophy-candidate-B.replay,0,roundLimit,opponents/von_neumann-x04-support/stats/trophy-candidate-B.json,opponents/von_neumann-x04-support/stats/trophy-candidate-B.csv,opponents/von_neumann-x04-support/graphs/trophy-candidate-B.svg,1,53,53,607,174,175,37,36,43,58,38,0,0,0,0,82.24,1.76,0.0,1,12,12,147,46,47,36,37,1,3,6,0,0,0,0,16.0,1.76,0.0
monte_christo-x12-remote-density,Colosseum,A,B,monte_christo-x12-remote-density,117,4.356,,,gavroche-v15-divecap,monte_christo-x12-remote-density,opponents/monte_christo-x12-remote-density/replays/Colosseum-candidate-A.log,opponents/monte_christo-x12-remote-density/replays/Colosseum-candidate-A.replay,0,elimination,opponents/monte_christo-x12-remote-density/stats/Colosseum-candidate-A.json,opponents/monte_christo-x12-remote-density/stats/Colosseum-candidate-A.csv,opponents/monte_christo-x12-remote-density/graphs/Colosseum-candidate-A.svg,0,0,0,45,17,18,19,18,0,0,0,0,0,0,0,0.0,0.0,0.0,32,75,3,198,76,45,18,19,20,4,2,0,0,0,0,100.0,0.0,0.0
monte_christo-x12-remote-density,Colosseum,B,B,gavroche-v15-divecap,108,3.376,,,monte_christo-x12-remote-density,gavroche-v15-divecap,opponents/monte_christo-x12-remote-density/replays/Colosseum-candidate-B.log,opponents/monte_christo-x12-remote-density/replays/Colosseum-candidate-B.replay,0,elimination,opponents/monte_christo-x12-remote-density/stats/Colosseum-candidate-B.json,opponents/monte_christo-x12-remote-density/stats/Colosseum-candidate-B.csv,opponents/monte_christo-x12-remote-density/graphs/Colosseum-candidate-B.svg,25,61,3,109,43,19,12,11,8,0,0,0,0,0,0,100.0,0.0,0.0,0,0,0,58,19,20,11,12,8,0,0,0,0,0,0,0.0,0.0,0.0
monte_christo-x12-remote-density,arena,A,A,gavroche-v15-divecap,145,5.803,,,gavroche-v15-divecap,monte_christo-x12-remote-density,opponents/monte_christo-x12-remote-density/replays/arena-candidate-A.log,opponents/monte_christo-x12-remote-density/replays/arena-candidate-A.replay,0,elimination,opponents/monte_christo-x12-remote-density/stats/arena-candidate-A.json,opponents/monte_christo-x12-remote-density/stats/arena-candidate-A.csv,opponents/monte_christo-x12-remote-density/graphs/arena-candidate-A.svg,21,50,3,375,129,109,75,77,14,15,3,0,0,0,0,100.0,0.0,0.0,0,0,0,298,92,93,77,75,6,9,3,0,0,0,0,0.0,0.0,0.0
monte_christo-x12-remote-density,arena,B,A,monte_christo-x12-remote-density,80,3.125,,,monte_christo-x12-remote-density,gavroche-v15-divecap,opponents/monte_christo-x12-remote-density/replays/arena-candidate-B.log,opponents/monte_christo-x12-remote-density/replays/arena-candidate-B.replay,0,elimination,opponents/monte_christo-x12-remote-density/stats/arena-candidate-B.json,opponents/monte_christo-x12-remote-density/stats/arena-candidate-B.csv,opponents/monte_christo-x12-remote-density/graphs/arena-candidate-B.svg,0,0,0,82,26,27,26,26,1,0,0,0,0,0,0,0.0,0.0,0.0,25,59,3,221,82,58,26,26,16,9,7,0,0,0,0,100.0,0.0,0.0
monte_christo-x12-remote-density,autarky,A,A,gavroche-v15-divecap,500,22.8,,,gavroche-v15-divecap,monte_christo-x12-remote-density,opponents/monte_christo-x12-remote-density/replays/autarky-candidate-A.log,opponents/monte_christo-x12-remote-density/replays/autarky-candidate-A.replay,0,roundLimit,opponents/monte_christo-x12-remote-density/stats/autarky-candidate-A.json,opponents/monte_christo-x12-remote-density/stats/autarky-candidate-A.csv,opponents/monte_christo-x12-remote-density/graphs/autarky-candidate-A.svg,11,110,36,700,218,213,15,16,32,34,131,0,0,0,0,91.76954732510288,1.131687242798354,0.0,1,4,4,149,55,60,16,15,2,3,40,0,0,0,0,7.098765432098766,1.131687242798354,0.0
monte_christo-x12-remote-density,autarky,B,B,gavroche-v15-divecap,184,7.899,,,monte_christo-x12-remote-density,gavroche-v15-divecap,opponents/monte_christo-x12-remote-density/replays/autarky-candidate-B.log,opponents/monte_christo-x12-remote-density/replays/autarky-candidate-B.replay,0,elimination,opponents/monte_christo-x12-remote-density/stats/autarky-candidate-B.json,opponents/monte_christo-x12-remote-density/stats/autarky-candidate-B.csv,opponents/monte_christo-x12-remote-density/graphs/autarky-candidate-B.svg,40,94,4,260,108,74,10,11,6,2,55,0,0,0,0,100.0,0.0,0.0,0,0,0,76,29,35,11,10,4,2,19,0,0,0,0,0.0,0.0,0.0
monte_christo-x12-remote-density,big_empty,A,B,monte_christo-x12-remote-density,500,74.134,,,gavroche-v15-divecap,monte_christo-x12-remote-density,opponents/monte_christo-x12-remote-density/replays/big_empty-candidate-A.log,opponents/monte_christo-x12-remote-density/replays/big_empty-candidate-A.replay,0,roundLimit,opponents/monte_christo-x12-remote-density/stats/big_empty-candidate-A.json,opponents/monte_christo-x12-remote-density/stats/big_empty-candidate-A.csv,opponents/monte_christo-x12-remote-density/graphs/big_empty-candidate-A.svg,23,345,28,1205,153,133,113,113,3,17,0,0,0,0,0,43.2861328125,5.46875,0.0,25,416,42,1265,157,135,113,113,5,17,0,0,0,0,0,51.2451171875,5.46875,0.0
monte_christo-x12-remote-density,big_empty,B,B,gavroche-v15-divecap,500,75.786,,,monte_christo-x12-remote-density,gavroche-v15-divecap,opponents/monte_christo-x12-remote-density/replays/big_empty-candidate-B.log,opponents/monte_christo-x12-remote-density/replays/big_empty-candidate-B.replay,0,roundLimit,opponents/monte_christo-x12-remote-density/stats/big_empty-candidate-B.json,opponents/monte_christo-x12-remote-density/stats/big_empty-candidate-B.csv,opponents/monte_christo-x12-remote-density/graphs/big_empty-candidate-B.svg,23,394,34,1398,184,164,136,138,7,19,0,0,0,0,0,54.6142578125,4.9072265625,0.0,21,313,28,1323,178,160,138,136,3,21,0,0,0,0,0,40.478515625,4.9072265625,0.0
monte_christo-x12-remote-density,default,A,B,monte_christo-x12-remote-density,500,19.756,,,gavroche-v15-divecap,monte_christo-x12-remote-density,opponents/monte_christo-x12-remote-density/replays/default-candidate-A.log,opponents/monte_christo-x12-remote-density/replays/default-candidate-A.replay,0,roundLimit,opponents/monte_christo-x12-remote-density/stats/default-candidate-A.json,opponents/monte_christo-x12-remote-density/stats/default-candidate-A.csv,opponents/monte_christo-x12-remote-density/graphs/default-candidate-A.svg,1,6,6,54,17,20,24,18,0,1,1,0,0,0,0,18.5546875,1.171875,0.0,8,102,19,493,149,145,18,24,70,32,19,0,0,0,0,80.2734375,1.171875,0.0
monte_christo-x12-remote-density,default,B,A,monte_christo-x12-remote-density,500,20.012,,,monte_christo-x12-remote-density,gavroche-v15-divecap,opponents/monte_christo-x12-remote-density/replays/default-candidate-B.log,opponents/monte_christo-x12-remote-density/replays/default-candidate-B.replay,0,roundLimit,opponents/monte_christo-x12-remote-density/stats/default-candidate-B.json,opponents/monte_christo-x12-remote-density/stats/default-candidate-B.csv,opponents/monte_christo-x12-remote-density/graphs/default-candidate-B.svg,7,43,12,195,56,53,28,31,4,17,1,0,0,0,0,53.90625,5.76171875,0.0,7,52,15,331,104,101,31,28,47,17,9,0,0,0,0,40.33203125,5.76171875,0.0
monte_christo-x12-remote-density,default_small,A,B,monte_christo-x12-remote-density,262,5.825,,,gavroche-v15-divecap,monte_christo-x12-remote-density,opponents/monte_christo-x12-remote-density/replays/default_small-candidate-A.log,opponents/monte_christo-x12-remote-density/replays/default_small-candidate-A.replay,0,elimination,opponents/monte_christo-x12-remote-density/stats/default_small-candidate-A.json,opponents/monte_christo-x12-remote-density/stats/default_small-candidate-A.csv,opponents/monte_christo-x12-remote-density/graphs/default_small-candidate-A.svg,0,0,0,67,24,26,21,21,0,4,1,0,0,0,0,0.0,0.0,0.0,22,51,3,171,68,48,21,21,5,13,9,0,0,0,0,100.0,0.0,0.0
monte_christo-x12-remote-density,default_small,B,B,gavroche-v15-divecap,438,10.878,,,monte_christo-x12-remote-density,gavroche-v15-divecap,opponents/monte_christo-x12-remote-density/replays/default_small-candidate-B.log,opponents/monte_christo-x12-remote-density/replays/default_small-candidate-B.replay,0,elimination,opponents/monte_christo-x12-remote-density/stats/default_small-candidate-B.json,opponents/monte_christo-x12-remote-density/stats/default_small-candidate-B.csv,opponents/monte_christo-x12-remote-density/graphs/default_small-candidate-B.svg,14,65,7,342,112,100,36,35,12,26,27,0,0,0,0,100.0,0.0,0.0,0,0,0,154,49,51,35,36,2,4,9,0,0,0,0,0.0,0.0,0.0
monte_christo-x12-remote-density,devil,A,B,monte_christo-x12-remote-density,437,25.083,,,gavroche-v15-divecap,monte_christo-x12-remote-density,opponents/monte_christo-x12-remote-density/replays/devil-candidate-A.log,opponents/monte_christo-x12-remote-density/replays/devil-candidate-A.replay,0,elimination,opponents/monte_christo-x12-remote-density/stats/devil-candidate-A.json,opponents/monte_christo-x12-remote-density/stats/devil-candidate-A.csv,opponents/monte_christo-x12-remote-density/graphs/devil-candidate-A.svg,0,0,0,260,90,93,52,54,2,22,15,0,0,0,0,0.0,0.0,0.0,16,101,16,1368,502,489,54,52,106,217,114,0,0,0,0,100.0,0.0,0.0
monte_christo-x12-remote-density,devil,B,B,gavroche-v15-divecap,350,19.554,,,monte_christo-x12-remote-density,gavroche-v15-divecap,opponents/monte_christo-x12-remote-density/replays/devil-candidate-B.log,opponents/monte_christo-x12-remote-density/replays/devil-candidate-B.replay,0,elimination,opponents/monte_christo-x12-remote-density/stats/devil-candidate-B.json,opponents/monte_christo-x12-remote-density/stats/devil-candidate-B.csv,opponents/monte_christo-x12-remote-density/graphs/devil-candidate-B.svg,46,113,5,1024,407,364,44,43,81,149,91,0,0,0,0,100.0,0.0,0.0,0,0,0,196,68,71,43,44,5,13,9,0,0,0,0,0.0,0.0,0.0
monte_christo-x12-remote-density,dilemma,A,A,gavroche-v15-divecap,179,2.69,,,gavroche-v15-divecap,monte_christo-x12-remote-density,opponents/monte_christo-x12-remote-density/replays/dilemma-candidate-A.log,opponents/monte_christo-x12-remote-density/replays/dilemma-candidate-A.replay,0,elimination,opponents/monte_christo-x12-remote-density/stats/dilemma-candidate-A.json,opponents/monte_christo-x12-remote-density/stats/dilemma-candidate-A.csv,opponents/monte_christo-x12-remote-density/graphs/dilemma-candidate-A.svg,12,29,4,110,45,36,2,3,1,12,20,0,0,0,0,100.0,0.0,0.0,0,0,0,2,0,3,3,2,0,1,0,0,0,0,0,0.0,0.0,0.0
monte_christo-x12-remote-density,dilemma,B,B,gavroche-v15-divecap,221,4.029,,,monte_christo-x12-remote-density,gavroche-v15-divecap,opponents/monte_christo-x12-remote-density/replays/dilemma-candidate-B.log,opponents/monte_christo-x12-remote-density/replays/dilemma-candidate-B.replay,0,elimination,opponents/monte_christo-x12-remote-density/stats/dilemma-candidate-B.json,opponents/monte_christo-x12-remote-density/stats/dilemma-candidate-B.csv,opponents/monte_christo-x12-remote-density/graphs/dilemma-candidate-B.svg,20,46,3,172,70,53,2,1,2,18,32,0,0,0,0,100.0,0.0,0.0,0,0,0,2,0,3,1,2,0,0,1,0,0,0,0,0.0,0.0,0.0
monte_christo-x12-remote-density,queen_of_spades,A,B,monte_christo-x12-remote-density,500,11.253,,,gavroche-v15-divecap,monte_christo-x12-remote-density,opponents/monte_christo-x12-remote-density/replays/queen_of_spades-candidate-A.log,opponents/monte_christo-x12-remote-density/replays/queen_of_spades-candidate-A.replay,0,roundLimit,opponents/monte_christo-x12-remote-density/stats/queen_of_spades-candidate-A.json,opponents/monte_christo-x12-remote-density/stats/queen_of_spades-candidate-A.csv,opponents/monte_christo-x12-remote-density/graphs/queen_of_spades-candidate-A.svg,1,7,7,181,63,64,27,25,11,3,25,0,0,0,0,5.485714285714286,1.3714285714285714,20.8,4,46,19,451,143,141,25,27,51,28,35,0,0,0,0,72.34285714285714,1.3714285714285714,20.8
monte_christo-x12-remote-density,queen_of_spades,B,B,gavroche-v15-divecap,338,7.418,,,monte_christo-x12-remote-density,gavroche-v15-divecap,opponents/monte_christo-x12-remote-density/replays/queen_of_spades-candidate-B.log,opponents/monte_christo-x12-remote-density/replays/queen_of_spades-candidate-B.replay,0,elimination,opponents/monte_christo-x12-remote-density/stats/queen_of_spades-candidate-B.json,opponents/monte_christo-x12-remote-density/stats/queen_of_spades-candidate-B.csv,opponents/monte_christo-x12-remote-density/graphs/queen_of_spades-candidate-B.svg,28,74,17,214,80,54,12,10,12,8,24,0,0,0,0,79.2,0.0,20.8,0,0,0,141,50,52,10,12,17,9,14,0,0,0,0,0.0,0.0,20.8
monte_christo-x12-remote-density,schooltime,A,A,gavroche-v15-divecap,500,47.242,,,gavroche-v15-divecap,monte_christo-x12-remote-density,opponents/monte_christo-x12-remote-density/replays/schooltime-candidate-A.log,opponents/monte_christo-x12-remote-density/replays/schooltime-candidate-A.replay,0,roundLimit,opponents/monte_christo-x12-remote-density/stats/schooltime-candidate-A.json,opponents/monte_christo-x12-remote-density/stats/schooltime-candidate-A.csv,opponents/monte_christo-x12-remote-density/graphs/schooltime-candidate-A.svg,22,241,33,1346,353,334,83,76,69,59,130,0,0,0,0,69.16666666666667,0.7083333333333334,14.083333333333334,2,18,16,785,249,250,76,83,57,42,68,0,0,0,0,16.041666666666668,0.7083333333333334,14.083333333333334
monte_christo-x12-remote-density,schooltime,B,B,gavroche-v15-divecap,500,41.5,,,monte_christo-x12-remote-density,gavroche-v15-divecap,opponents/monte_christo-x12-remote-density/replays/schooltime-candidate-B.log,opponents/monte_christo-x12-remote-density/replays/schooltime-candidate-B.replay,0,roundLimit,opponents/monte_christo-x12-remote-density/stats/schooltime-candidate-B.json,opponents/monte_christo-x12-remote-density/stats/schooltime-candidate-B.csv,opponents/monte_christo-x12-remote-density/graphs/schooltime-candidate-B.svg,21,289,47,1312,230,212,85,81,30,52,49,0,0,0,0,71.54166666666667,4.0,14.083333333333334,3,38,17,818,275,275,81,85,55,44,91,0,0,0,0,10.375,4.0,14.083333333333334
monte_christo-x12-remote-density,stronghold,A,A,gavroche-v15-divecap,500,33.496,,,gavroche-v15-divecap,monte_christo-x12-remote-density,opponents/monte_christo-x12-remote-density/replays/stronghold-candidate-A.log,opponents/monte_christo-x12-remote-density/replays/stronghold-candidate-A.replay,0,roundLimit,opponents/monte_christo-x12-remote-density/stats/stronghold-candidate-A.json,opponents/monte_christo-x12-remote-density/stats/stronghold-candidate-A.csv,opponents/monte_christo-x12-remote-density/graphs/stronghold-candidate-A.svg,1,51,51,516,176,177,13,13,65,59,40,0,0,0,0,25.260416666666668,0.08680555555555555,0.0,2,63,44,505,177,177,13,13,48,55,61,0,0,0,0,74.65277777777777,0.08680555555555555,0.0
monte_christo-x12-remote-density,stronghold,B,B,gavroche-v15-divecap,500,34.102,,,monte_christo-x12-remote-density,gavroche-v15-divecap,opponents/monte_christo-x12-remote-density/replays/stronghold-candidate-B.log,opponents/monte_christo-x12-remote-density/replays/stronghold-candidate-B.replay,0,roundLimit,opponents/monte_christo-x12-remote-density/stats/stronghold-candidate-B.json,opponents/monte_christo-x12-remote-density/stats/stronghold-candidate-B.csv,opponents/monte_christo-x12-remote-density/graphs/stronghold-candidate-B.svg,2,59,53,457,159,159,9,14,45,44,56,0,0,0,0,54.166666666666664,2.0833333333333335,0.0,3,62,52,580,208,207,14,9,69,65,64,0,0,0,0,43.75,2.0833333333333335,0.0
monte_christo-x12-remote-density,trauma,A,A,gavroche-v15-divecap,500,20.252,,,gavroche-v15-divecap,monte_christo-x12-remote-density,opponents/monte_christo-x12-remote-density/replays/trauma-candidate-A.log,opponents/monte_christo-x12-remote-density/replays/trauma-candidate-A.replay,0,roundLimit,opponents/monte_christo-x12-remote-density/stats/trauma-candidate-A.json,opponents/monte_christo-x12-remote-density/stats/trauma-candidate-A.csv,opponents/monte_christo-x12-remote-density/graphs/trauma-candidate-A.svg,6,50,10,632,239,235,16,17,38,62,118,0,0,0,0,63.107638888888886,1.1284722222222223,0.6944444444444444,2,10,6,243,92,92,17,16,9,13,54,0,0,0,0,35.06944444444444,1.1284722222222223,0.6944444444444444
monte_christo-x12-remote-density,trauma,B,A,monte_christo-x12-remote-density,500,23.184,,,monte_christo-x12-remote-density,gavroche-v15-divecap,opponents/monte_christo-x12-remote-density/replays/trauma-candidate-B.log,opponents/monte_christo-x12-remote-density/replays/trauma-candidate-B.replay,0,roundLimit,opponents/monte_christo-x12-remote-density/stats/trauma-candidate-B.json,opponents/monte_christo-x12-remote-density/stats/trauma-candidate-B.csv,opponents/monte_christo-x12-remote-density/graphs/trauma-candidate-B.svg,3,25,11,158,49,48,13,13,4,16,15,0,0,0,0,44.61805555555556,2.0833333333333335,0.6944444444444444,8,57,17,731,280,274,13,13,73,52,136,0,0,0,0,52.604166666666664,2.0833333333333335,0.6944444444444444
monte_christo-x12-remote-density,trophy,A,A,gavroche-v15-divecap,390,21.803,,,gavroche-v15-divecap,monte_christo-x12-remote-density,opponents/monte_christo-x12-remote-density/replays/trophy-candidate-A.log,opponents/monte_christo-x12-remote-density/replays/trophy-candidate-A.replay,0,elimination,opponents/monte_christo-x12-remote-density/stats/trophy-candidate-A.json,opponents/monte_christo-x12-remote-density/stats/trophy-candidate-A.csv,opponents/monte_christo-x12-remote-density/graphs/trophy-candidate-A.svg,48,145,17,430,161,115,22,24,35,29,27,0,0,0,0,100.0,0.0,0.0,0,0,0,94,31,33,24,22,0,5,6,0,0,0,0,0.0,0.0,0.0
monte_christo-x12-remote-density,trophy,B,A,monte_christo-x12-remote-density,231,12.046,,,monte_christo-x12-remote-density,gavroche-v15-divecap,opponents/monte_christo-x12-remote-density/replays/trophy-candidate-B.log,opponents/monte_christo-x12-remote-density/replays/trophy-candidate-B.replay,0,elimination,opponents/monte_christo-x12-remote-density/stats/trophy-candidate-B.json,opponents/monte_christo-x12-remote-density/stats/trophy-candidate-B.csv,opponents/monte_christo-x12-remote-density/graphs/trophy-candidate-B.svg,0,0,0,58,18,20,18,18,0,0,2,0,0,0,0,0.0,0.0,0.0,39,96,4,276,106,69,18,18,26,12,13,0,0,0,0,100.0,0.0,0.0
