opponent,map,side,outcome,winner,rounds,seconds,error,analysis_error,team_a,team_b,log,replay,runtime_faults,reason,statistics,series,graph,candidate_units,candidate_total,candidate_longest,candidate_pearls,candidate_splits,candidate_deaths,candidate_enemy_kills,candidate_killed_by_enemy,candidate_team_kills,candidate_self_collisions,candidate_wall_deaths,candidate_invalid_action_deaths,candidate_suicides,candidate_tle,candidate_unattributed_collision_deaths,candidate_space_share,candidate_space_tied,candidate_space_unreachable,opponent_units,opponent_total,opponent_longest,opponent_pearls,opponent_splits,opponent_deaths,opponent_enemy_kills,opponent_killed_by_enemy,opponent_team_kills,opponent_self_collisions,opponent_wall_deaths,opponent_invalid_action_deaths,opponent_suicides,opponent_tle,opponent_unattributed_collision_deaths,opponent_space_share,opponent_space_tied,opponent_space_unreachable
sinbad-v07-divecap,Colosseum,A,A,gavroche-v13-tail-paced-rescue,143,4.676,,,gavroche-v13-tail-paced-rescue,sinbad-v07-divecap,opponents/sinbad-v07-divecap/replays/Colosseum-candidate-A.log,opponents/sinbad-v07-divecap/replays/Colosseum-candidate-A.replay,0,elimination,opponents/sinbad-v07-divecap/stats/Colosseum-candidate-A.json,opponents/sinbad-v07-divecap/stats/Colosseum-candidate-A.csv,opponents/sinbad-v07-divecap/graphs/Colosseum-candidate-A.svg,32,82,4,212,77,46,17,18,16,8,4,0,0,0,0,100.0,0.0,0.0,0,0,0,51,16,17,18,17,0,0,0,0,0,0,0,0.0,0.0,0.0
sinbad-v07-divecap,Colosseum,B,A,sinbad-v07-divecap,91,2.631,,,sinbad-v07-divecap,gavroche-v13-tail-paced-rescue,opponents/sinbad-v07-divecap/replays/Colosseum-candidate-B.log,opponents/sinbad-v07-divecap/replays/Colosseum-candidate-B.replay,0,elimination,opponents/sinbad-v07-divecap/stats/Colosseum-candidate-B.json,opponents/sinbad-v07-divecap/stats/Colosseum-candidate-B.csv,opponents/sinbad-v07-divecap/graphs/Colosseum-candidate-B.svg,0,0,0,80,24,25,22,24,1,0,0,0,0,0,0,0.0,0.0,0.0,28,69,4,143,51,24,24,22,1,1,0,0,0,0,0,100.0,0.0,0.0
sinbad-v07-divecap,arena,A,B,sinbad-v07-divecap,94,3.422,,,gavroche-v13-tail-paced-rescue,sinbad-v07-divecap,opponents/sinbad-v07-divecap/replays/arena-candidate-A.log,opponents/sinbad-v07-divecap/replays/arena-candidate-A.replay,0,elimination,opponents/sinbad-v07-divecap/stats/arena-candidate-A.json,opponents/sinbad-v07-divecap/stats/arena-candidate-A.csv,opponents/sinbad-v07-divecap/graphs/arena-candidate-A.svg,0,0,0,94,27,28,26,24,2,2,0,0,0,0,0,0.0,0.0,0.0,25,65,3,310,110,86,24,26,27,23,10,0,0,0,0,100.0,0.0,0.0
sinbad-v07-divecap,arena,B,A,sinbad-v07-divecap,93,3.669,,,sinbad-v07-divecap,gavroche-v13-tail-paced-rescue,opponents/sinbad-v07-divecap/replays/arena-candidate-B.log,opponents/sinbad-v07-divecap/replays/arena-candidate-B.replay,0,elimination,opponents/sinbad-v07-divecap/stats/arena-candidate-B.json,opponents/sinbad-v07-divecap/stats/arena-candidate-B.csv,opponents/sinbad-v07-divecap/graphs/arena-candidate-B.svg,0,0,0,70,23,24,22,24,0,0,0,0,0,0,0,0.0,0.0,0.0,24,62,4,301,112,89,24,22,39,19,9,0,0,0,0,100.0,0.0,0.0
sinbad-v07-divecap,autarky,A,B,sinbad-v07-divecap,371,16.991,,,gavroche-v13-tail-paced-rescue,sinbad-v07-divecap,opponents/sinbad-v07-divecap/replays/autarky-candidate-A.log,opponents/sinbad-v07-divecap/replays/autarky-candidate-A.replay,0,elimination,opponents/sinbad-v07-divecap/stats/autarky-candidate-A.json,opponents/sinbad-v07-divecap/stats/autarky-candidate-A.csv,opponents/sinbad-v07-divecap/graphs/autarky-candidate-A.svg,0,0,0,212,81,87,15,16,6,4,61,0,0,0,0,0.0,0.0,0.0,56,143,14,522,200,150,16,15,30,12,93,0,0,0,0,100.0,0.0,0.0
sinbad-v07-divecap,autarky,B,A,sinbad-v07-divecap,500,19.406,,,sinbad-v07-divecap,gavroche-v13-tail-paced-rescue,opponents/sinbad-v07-divecap/replays/autarky-candidate-B.log,opponents/sinbad-v07-divecap/replays/autarky-candidate-B.replay,0,roundLimit,opponents/sinbad-v07-divecap/stats/autarky-candidate-B.json,opponents/sinbad-v07-divecap/stats/autarky-candidate-B.csv,opponents/sinbad-v07-divecap/graphs/autarky-candidate-B.svg,1,2,2,227,87,92,19,22,9,4,57,0,0,0,0,0.9259259259259259,4.2181069958847734,0.0,17,135,41,716,225,214,22,19,43,42,110,0,0,0,0,94.8559670781893,4.2181069958847734,0.0
sinbad-v07-divecap,big_empty,A,B,sinbad-v07-divecap,500,66.389,,,gavroche-v13-tail-paced-rescue,sinbad-v07-divecap,opponents/sinbad-v07-divecap/replays/big_empty-candidate-A.log,opponents/sinbad-v07-divecap/replays/big_empty-candidate-A.replay,0,roundLimit,opponents/sinbad-v07-divecap/stats/big_empty-candidate-A.json,opponents/sinbad-v07-divecap/stats/big_empty-candidate-A.csv,opponents/sinbad-v07-divecap/graphs/big_empty-candidate-A.svg,21,369,33,1539,217,199,173,170,3,26,0,0,0,0,0,49.2431640625,3.955078125,0.0,19,441,69,1615,218,202,170,173,5,24,0,0,0,0,0,46.8017578125,3.955078125,0.0
sinbad-v07-divecap,big_empty,B,A,sinbad-v07-divecap,500,67.192,,,sinbad-v07-divecap,gavroche-v13-tail-paced-rescue,opponents/sinbad-v07-divecap/replays/big_empty-candidate-B.log,opponents/sinbad-v07-divecap/replays/big_empty-candidate-B.replay,0,roundLimit,opponents/sinbad-v07-divecap/stats/big_empty-candidate-B.json,opponents/sinbad-v07-divecap/stats/big_empty-candidate-B.csv,opponents/sinbad-v07-divecap/graphs/big_empty-candidate-B.svg,13,268,54,1430,210,200,163,163,3,34,0,0,0,0,0,33.3740234375,5.029296875,0.0,29,612,79,1779,214,188,163,163,4,21,0,0,0,0,0,61.5966796875,5.029296875,0.0
sinbad-v07-divecap,default,A,B,sinbad-v07-divecap,500,19.762,,,gavroche-v13-tail-paced-rescue,sinbad-v07-divecap,opponents/sinbad-v07-divecap/replays/default-candidate-A.log,opponents/sinbad-v07-divecap/replays/default-candidate-A.replay,0,roundLimit,opponents/sinbad-v07-divecap/stats/default-candidate-A.json,opponents/sinbad-v07-divecap/stats/default-candidate-A.csv,opponents/sinbad-v07-divecap/graphs/default-candidate-A.svg,8,55,12,385,122,118,40,46,36,20,16,0,0,0,0,63.28125,1.46484375,0.0,5,47,25,221,60,59,46,40,3,12,4,0,0,0,0,35.25390625,1.46484375,0.0
sinbad-v07-divecap,default,B,A,sinbad-v07-divecap,500,19.402,,,sinbad-v07-divecap,gavroche-v13-tail-paced-rescue,opponents/sinbad-v07-divecap/replays/default-candidate-B.log,opponents/sinbad-v07-divecap/replays/default-candidate-B.replay,0,roundLimit,opponents/sinbad-v07-divecap/stats/default-candidate-B.json,opponents/sinbad-v07-divecap/stats/default-candidate-B.csv,opponents/sinbad-v07-divecap/graphs/default-candidate-B.svg,3,36,17,219,73,74,31,37,23,6,8,0,0,0,0,11.42578125,2.05078125,0.0,9,100,37,345,92,87,37,31,22,24,10,0,0,0,0,86.5234375,2.05078125,0.0
sinbad-v07-divecap,default_small,A,A,gavroche-v13-tail-paced-rescue,271,6.698,,,gavroche-v13-tail-paced-rescue,sinbad-v07-divecap,opponents/sinbad-v07-divecap/replays/default_small-candidate-A.log,opponents/sinbad-v07-divecap/replays/default_small-candidate-A.replay,0,elimination,opponents/sinbad-v07-divecap/stats/default_small-candidate-A.json,opponents/sinbad-v07-divecap/stats/default_small-candidate-A.csv,opponents/sinbad-v07-divecap/graphs/default_small-candidate-A.svg,22,54,4,215,84,64,14,14,11,23,16,0,0,0,0,100.0,0.0,0.0,0,0,0,46,16,18,14,14,0,0,4,0,0,0,0,0.0,0.0,0.0
sinbad-v07-divecap,default_small,B,A,sinbad-v07-divecap,343,9.391,,,sinbad-v07-divecap,gavroche-v13-tail-paced-rescue,opponents/sinbad-v07-divecap/replays/default_small-candidate-B.log,opponents/sinbad-v07-divecap/replays/default_small-candidate-B.replay,0,elimination,opponents/sinbad-v07-divecap/stats/default_small-candidate-B.json,opponents/sinbad-v07-divecap/stats/default_small-candidate-B.csv,opponents/sinbad-v07-divecap/graphs/default_small-candidate-B.svg,0,0,0,49,14,16,17,14,0,0,2,0,0,0,0,0.0,0.0,0.0,25,62,4,390,149,126,14,17,19,46,44,0,0,0,0,100.0,0.0,0.0
sinbad-v07-divecap,devil,A,B,sinbad-v07-divecap,500,24.544,,,gavroche-v13-tail-paced-rescue,sinbad-v07-divecap,opponents/sinbad-v07-divecap/replays/devil-candidate-A.log,opponents/sinbad-v07-divecap/replays/devil-candidate-A.replay,0,roundLimit,opponents/sinbad-v07-divecap/stats/devil-candidate-A.json,opponents/sinbad-v07-divecap/stats/devil-candidate-A.csv,opponents/sinbad-v07-divecap/graphs/devil-candidate-A.svg,1,19,19,1320,461,463,67,69,110,189,95,0,0,0,0,46.875,3.125,0.0,1,20,20,411,150,152,69,67,13,45,27,0,0,0,0,50.0,3.125,0.0
sinbad-v07-divecap,devil,B,A,sinbad-v07-divecap,500,23.179,,,sinbad-v07-divecap,gavroche-v13-tail-paced-rescue,opponents/sinbad-v07-divecap/replays/devil-candidate-B.log,opponents/sinbad-v07-divecap/replays/devil-candidate-B.replay,0,roundLimit,opponents/sinbad-v07-divecap/stats/devil-candidate-B.json,opponents/sinbad-v07-divecap/stats/devil-candidate-B.csv,opponents/sinbad-v07-divecap/graphs/devil-candidate-B.svg,2,50,33,1294,464,465,68,71,91,194,109,0,0,0,0,97.8515625,0.390625,0.0,1,34,34,486,158,160,71,68,14,58,20,0,0,0,0,1.7578125,0.390625,0.0
sinbad-v07-divecap,dilemma,A,B,sinbad-v07-divecap,500,6.654,,,gavroche-v13-tail-paced-rescue,sinbad-v07-divecap,opponents/sinbad-v07-divecap/replays/dilemma-candidate-A.log,opponents/sinbad-v07-divecap/replays/dilemma-candidate-A.replay,0,roundLimit,opponents/sinbad-v07-divecap/stats/dilemma-candidate-A.json,opponents/sinbad-v07-divecap/stats/dilemma-candidate-A.csv,opponents/sinbad-v07-divecap/graphs/dilemma-candidate-A.svg,1,2,2,112,46,48,11,13,11,9,15,0,0,0,0,14.0625,0.0,0.0,3,53,25,301,87,87,13,11,0,37,39,0,0,0,0,85.9375,0.0,0.0
sinbad-v07-divecap,dilemma,B,B,gavroche-v13-tail-paced-rescue,500,7.099,,,sinbad-v07-divecap,gavroche-v13-tail-paced-rescue,opponents/sinbad-v07-divecap/replays/dilemma-candidate-B.log,opponents/sinbad-v07-divecap/replays/dilemma-candidate-B.replay,0,roundLimit,opponents/sinbad-v07-divecap/stats/dilemma-candidate-B.json,opponents/sinbad-v07-divecap/stats/dilemma-candidate-B.csv,opponents/sinbad-v07-divecap/graphs/dilemma-candidate-B.svg,3,36,30,297,103,103,3,2,24,44,33,0,0,0,0,73.6328125,1.3671875,0.0,1,12,12,99,29,31,2,3,0,7,21,0,0,0,0,25.0,1.3671875,0.0
sinbad-v07-divecap,queen_of_spades,A,B,sinbad-v07-divecap,447,10.291,,,gavroche-v13-tail-paced-rescue,sinbad-v07-divecap,opponents/sinbad-v07-divecap/replays/queen_of_spades-candidate-A.log,opponents/sinbad-v07-divecap/replays/queen_of_spades-candidate-A.replay,0,elimination,opponents/sinbad-v07-divecap/stats/queen_of_spades-candidate-A.json,opponents/sinbad-v07-divecap/stats/queen_of_spades-candidate-A.csv,opponents/sinbad-v07-divecap/graphs/queen_of_spades-candidate-A.svg,0,0,0,132,44,46,7,9,19,8,10,0,0,0,0,0.0,0.0,20.8,9,61,16,401,130,123,9,7,43,27,46,0,0,0,0,79.2,0.0,20.8
sinbad-v07-divecap,queen_of_spades,B,B,gavroche-v13-tail-paced-rescue,453,8.991,,,sinbad-v07-divecap,gavroche-v13-tail-paced-rescue,opponents/sinbad-v07-divecap/replays/queen_of_spades-candidate-B.log,opponents/sinbad-v07-divecap/replays/queen_of_spades-candidate-B.replay,0,elimination,opponents/sinbad-v07-divecap/stats/queen_of_spades-candidate-B.json,opponents/sinbad-v07-divecap/stats/queen_of_spades-candidate-B.csv,opponents/sinbad-v07-divecap/graphs/queen_of_spades-candidate-B.svg,6,37,13,430,144,140,19,20,45,32,43,0,0,0,0,79.2,0.0,20.8,0,0,0,87,23,25,20,19,0,4,2,0,0,0,0,0.0,0.0,20.8
sinbad-v07-divecap,schooltime,A,B,sinbad-v07-divecap,500,41.389,,,gavroche-v13-tail-paced-rescue,sinbad-v07-divecap,opponents/sinbad-v07-divecap/replays/schooltime-candidate-A.log,opponents/sinbad-v07-divecap/replays/schooltime-candidate-A.replay,0,roundLimit,opponents/sinbad-v07-divecap/stats/schooltime-candidate-A.json,opponents/sinbad-v07-divecap/stats/schooltime-candidate-A.csv,opponents/sinbad-v07-divecap/graphs/schooltime-candidate-A.svg,3,54,19,985,313,313,133,139,75,35,64,0,0,0,0,10.916666666666666,1.375,14.083333333333334,14,213,48,1419,355,344,139,133,44,54,113,0,0,0,0,73.625,1.375,14.083333333333334
sinbad-v07-divecap,schooltime,B,A,sinbad-v07-divecap,332,19.106,,,sinbad-v07-divecap,gavroche-v13-tail-paced-rescue,opponents/sinbad-v07-divecap/replays/schooltime-candidate-B.log,opponents/sinbad-v07-divecap/replays/schooltime-candidate-B.replay,0,elimination,opponents/sinbad-v07-divecap/stats/schooltime-candidate-B.json,opponents/sinbad-v07-divecap/stats/schooltime-candidate-B.csv,opponents/sinbad-v07-divecap/graphs/schooltime-candidate-B.svg,0,0,0,97,31,34,9,13,11,2,8,0,0,0,0,0.0,0.0,14.083333333333334,64,309,17,1242,224,163,13,9,42,39,73,0,0,0,0,85.91666666666667,0.0,14.083333333333334
sinbad-v07-divecap,stronghold,A,B,sinbad-v07-divecap,500,31.64,,,gavroche-v13-tail-paced-rescue,sinbad-v07-divecap,opponents/sinbad-v07-divecap/replays/stronghold-candidate-A.log,opponents/sinbad-v07-divecap/replays/stronghold-candidate-A.replay,0,roundLimit,opponents/sinbad-v07-divecap/stats/stronghold-candidate-A.json,opponents/sinbad-v07-divecap/stats/stronghold-candidate-A.csv,opponents/sinbad-v07-divecap/graphs/stronghold-candidate-A.svg,4,52,35,498,177,175,8,7,61,62,45,0,0,0,0,47.135416666666664,5.642361111111111,0.0,4,68,55,506,171,169,7,8,54,55,52,0,0,0,0,47.22222222222222,5.642361111111111,0.0
sinbad-v07-divecap,stronghold,B,B,gavroche-v13-tail-paced-rescue,500,32.592,,,sinbad-v07-divecap,gavroche-v13-tail-paced-rescue,opponents/sinbad-v07-divecap/replays/stronghold-candidate-B.log,opponents/sinbad-v07-divecap/replays/stronghold-candidate-B.replay,0,roundLimit,opponents/sinbad-v07-divecap/stats/stronghold-candidate-B.json,opponents/sinbad-v07-divecap/stats/stronghold-candidate-B.csv,opponents/sinbad-v07-divecap/graphs/stronghold-candidate-B.svg,2,49,45,526,176,176,18,19,56,44,57,0,0,0,0,51.736111111111114,2.0833333333333335,0.0,3,57,41,685,256,255,19,18,98,77,62,0,0,0,0,46.18055555555556,2.0833333333333335,0.0
sinbad-v07-divecap,trauma,A,A,gavroche-v13-tail-paced-rescue,395,19.454,,,gavroche-v13-tail-paced-rescue,sinbad-v07-divecap,opponents/sinbad-v07-divecap/replays/trauma-candidate-A.log,opponents/sinbad-v07-divecap/replays/trauma-candidate-A.replay,0,elimination,opponents/sinbad-v07-divecap/stats/trauma-candidate-A.json,opponents/sinbad-v07-divecap/stats/trauma-candidate-A.csv,opponents/sinbad-v07-divecap/graphs/trauma-candidate-A.svg,44,136,9,771,319,277,9,9,55,77,136,0,0,0,0,99.30555555555556,0.0,0.6944444444444444,0,0,0,36,12,14,9,9,2,0,3,0,0,0,0,0.0,0.0,0.6944444444444444
sinbad-v07-divecap,trauma,B,A,sinbad-v07-divecap,500,13.315,,,sinbad-v07-divecap,gavroche-v13-tail-paced-rescue,opponents/sinbad-v07-divecap/replays/trauma-candidate-B.log,opponents/sinbad-v07-divecap/replays/trauma-candidate-B.replay,0,roundLimit,opponents/sinbad-v07-divecap/stats/trauma-candidate-B.json,opponents/sinbad-v07-divecap/stats/trauma-candidate-B.csv,opponents/sinbad-v07-divecap/graphs/trauma-candidate-B.svg,3,35,14,383,132,131,8,9,21,40,61,0,0,0,0,32.89930555555556,0.08680555555555555,0.6944444444444444,5,44,17,212,60,57,9,8,12,17,20,0,0,0,0,66.31944444444444,0.08680555555555555,0.6944444444444444
sinbad-v07-divecap,trophy,A,B,sinbad-v07-divecap,417,19.604,,,gavroche-v13-tail-paced-rescue,sinbad-v07-divecap,opponents/sinbad-v07-divecap/replays/trophy-candidate-A.log,opponents/sinbad-v07-divecap/replays/trophy-candidate-A.replay,0,elimination,opponents/sinbad-v07-divecap/stats/trophy-candidate-A.json,opponents/sinbad-v07-divecap/stats/trophy-candidate-A.csv,opponents/sinbad-v07-divecap/graphs/trophy-candidate-A.svg,0,0,0,314,104,106,64,66,26,7,7,0,0,0,0,0.0,0.0,0.0,23,100,10,398,123,102,66,64,4,15,19,0,0,0,0,100.0,0.0,0.0
sinbad-v07-divecap,trophy,B,B,gavroche-v13-tail-paced-rescue,500,23.642,,,sinbad-v07-divecap,gavroche-v13-tail-paced-rescue,opponents/sinbad-v07-divecap/replays/trophy-candidate-B.log,opponents/sinbad-v07-divecap/replays/trophy-candidate-B.replay,0,roundLimit,opponents/sinbad-v07-divecap/stats/trophy-candidate-B.json,opponents/sinbad-v07-divecap/stats/trophy-candidate-B.csv,opponents/sinbad-v07-divecap/graphs/trophy-candidate-B.svg,4,78,39,631,177,175,43,42,55,49,29,0,0,0,0,88.96,0.48,0.0,1,9,9,162,51,52,42,43,1,4,4,0,0,0,0,10.56,0.48,0.0
von_neumann-x04-support,Colosseum,A,B,von_neumann-x04-support,62,2.271,,,gavroche-v13-tail-paced-rescue,von_neumann-x04-support,opponents/von_neumann-x04-support/replays/Colosseum-candidate-A.log,opponents/von_neumann-x04-support/replays/Colosseum-candidate-A.replay,0,elimination,opponents/von_neumann-x04-support/stats/Colosseum-candidate-A.json,opponents/von_neumann-x04-support/stats/Colosseum-candidate-A.csv,opponents/von_neumann-x04-support/graphs/Colosseum-candidate-A.svg,0,0,0,29,10,11,9,9,2,0,0,0,0,0,0,0.0,0.0,0.0,22,55,4,102,40,19,9,9,6,3,1,0,0,0,0,100.0,0.0,0.0
von_neumann-x04-support,Colosseum,B,A,von_neumann-x04-support,68,2.069,,,von_neumann-x04-support,gavroche-v13-tail-paced-rescue,opponents/von_neumann-x04-support/replays/Colosseum-candidate-B.log,opponents/von_neumann-x04-support/replays/Colosseum-candidate-B.replay,0,elimination,opponents/von_neumann-x04-support/stats/Colosseum-candidate-B.json,opponents/von_neumann-x04-support/stats/Colosseum-candidate-B.csv,opponents/von_neumann-x04-support/graphs/Colosseum-candidate-B.svg,0,0,0,40,16,17,13,15,2,0,0,0,0,0,0,0.0,0.0,0.0,22,56,4,108,42,21,15,13,8,0,0,0,0,0,0,100.0,0.0,0.0
von_neumann-x04-support,arena,A,B,von_neumann-x04-support,45,1.722,,,gavroche-v13-tail-paced-rescue,von_neumann-x04-support,opponents/von_neumann-x04-support/replays/arena-candidate-A.log,opponents/von_neumann-x04-support/replays/arena-candidate-A.replay,0,elimination,opponents/von_neumann-x04-support/stats/arena-candidate-A.json,opponents/von_neumann-x04-support/stats/arena-candidate-A.csv,opponents/von_neumann-x04-support/graphs/arena-candidate-A.svg,0,0,0,66,21,22,20,20,2,0,0,0,0,0,0,0.0,0.0,0.0,18,45,4,117,42,25,20,20,2,3,0,0,0,0,0,100.0,0.0,0.0
von_neumann-x04-support,arena,B,B,gavroche-v13-tail-paced-rescue,47,1.971,,,von_neumann-x04-support,gavroche-v13-tail-paced-rescue,opponents/von_neumann-x04-support/replays/arena-candidate-B.log,opponents/von_neumann-x04-support/replays/arena-candidate-B.replay,0,elimination,opponents/von_neumann-x04-support/stats/arena-candidate-B.json,opponents/von_neumann-x04-support/stats/arena-candidate-B.csv,opponents/von_neumann-x04-support/graphs/arena-candidate-B.svg,22,58,4,152,58,37,14,17,9,8,3,0,0,0,0,100.0,0.0,0.0,0,0,0,38,13,14,17,14,0,0,0,0,0,0,0,0.0,0.0,0.0
von_neumann-x04-support,autarky,A,B,von_neumann-x04-support,500,14.627,,,gavroche-v13-tail-paced-rescue,von_neumann-x04-support,opponents/von_neumann-x04-support/replays/autarky-candidate-A.log,opponents/von_neumann-x04-support/replays/autarky-candidate-A.replay,0,roundLimit,opponents/von_neumann-x04-support/stats/autarky-candidate-A.json,opponents/von_neumann-x04-support/stats/autarky-candidate-A.csv,opponents/von_neumann-x04-support/graphs/autarky-candidate-A.svg,2,28,23,367,130,134,34,32,4,4,94,0,0,0,0,24.691358024691358,3.4979423868312756,0.0,6,63,30,518,176,176,32,34,42,28,72,0,0,0,0,71.81069958847736,3.4979423868312756,0.0
von_neumann-x04-support,autarky,B,A,von_neumann-x04-support,500,16.142,,,von_neumann-x04-support,gavroche-v13-tail-paced-rescue,opponents/von_neumann-x04-support/replays/autarky-candidate-B.log,opponents/von_neumann-x04-support/replays/autarky-candidate-B.replay,0,roundLimit,opponents/von_neumann-x04-support/stats/autarky-candidate-B.json,opponents/von_neumann-x04-support/stats/autarky-candidate-B.csv,opponents/von_neumann-x04-support/graphs/autarky-candidate-B.svg,6,71,38,505,175,175,22,25,36,20,94,0,0,0,0,69.95884773662551,1.337448559670782,0.0,6,72,42,346,104,104,25,22,18,13,51,0,0,0,0,28.703703703703702,1.337448559670782,0.0
von_neumann-x04-support,big_empty,A,B,von_neumann-x04-support,500,72.461,,,gavroche-v13-tail-paced-rescue,von_neumann-x04-support,opponents/von_neumann-x04-support/replays/big_empty-candidate-A.log,opponents/von_neumann-x04-support/replays/big_empty-candidate-A.replay,0,roundLimit,opponents/von_neumann-x04-support/stats/big_empty-candidate-A.json,opponents/von_neumann-x04-support/stats/big_empty-candidate-A.csv,opponents/von_neumann-x04-support/graphs/big_empty-candidate-A.svg,21,415,46,1376,207,189,162,164,5,20,0,0,0,0,0,53.02734375,3.6376953125,0.0,21,341,63,1347,204,186,164,162,1,23,0,0,0,0,0,43.3349609375,3.6376953125,0.0
von_neumann-x04-support,big_empty,B,B,gavroche-v13-tail-paced-rescue,500,76.011,,,von_neumann-x04-support,gavroche-v13-tail-paced-rescue,opponents/von_neumann-x04-support/replays/big_empty-candidate-B.log,opponents/von_neumann-x04-support/replays/big_empty-candidate-B.replay,0,roundLimit,opponents/von_neumann-x04-support/stats/big_empty-candidate-B.json,opponents/von_neumann-x04-support/stats/big_empty-candidate-B.csv,opponents/von_neumann-x04-support/graphs/big_empty-candidate-B.svg,29,368,49,1301,198,172,151,151,4,17,0,0,0,0,0,45.5322265625,4.2724609375,0.0,27,419,37,1522,207,183,151,151,8,24,0,0,0,0,0,50.1953125,4.2724609375,0.0
von_neumann-x04-support,default,A,B,von_neumann-x04-support,500,20.509,,,gavroche-v13-tail-paced-rescue,von_neumann-x04-support,opponents/von_neumann-x04-support/replays/default-candidate-A.log,opponents/von_neumann-x04-support/replays/default-candidate-A.replay,0,roundLimit,opponents/von_neumann-x04-support/stats/default-candidate-A.json,opponents/von_neumann-x04-support/stats/default-candidate-A.csv,opponents/von_neumann-x04-support/graphs/default-candidate-A.svg,1,4,4,53,23,26,17,19,3,3,1,0,0,0,0,3.3203125,0.0,0.0,4,59,35,508,155,155,19,17,73,50,15,0,0,0,0,96.6796875,0.0,0.0
von_neumann-x04-support,default,B,A,von_neumann-x04-support,500,16.921,,,von_neumann-x04-support,gavroche-v13-tail-paced-rescue,opponents/von_neumann-x04-support/replays/default-candidate-B.log,opponents/von_neumann-x04-support/replays/default-candidate-B.replay,0,roundLimit,opponents/von_neumann-x04-support/stats/default-candidate-B.json,opponents/von_neumann-x04-support/stats/default-candidate-B.csv,opponents/von_neumann-x04-support/graphs/default-candidate-B.svg,3,33,14,211,73,74,43,43,22,3,6,0,0,0,0,15.625,4.19921875,0.0,7,73,29,410,123,120,43,43,37,27,13,0,0,0,0,80.17578125,4.19921875,0.0
von_neumann-x04-support,default_small,A,A,gavroche-v13-tail-paced-rescue,436,11.241,,,gavroche-v13-tail-paced-rescue,von_neumann-x04-support,opponents/von_neumann-x04-support/replays/default_small-candidate-A.log,opponents/von_neumann-x04-support/replays/default_small-candidate-A.replay,0,elimination,opponents/von_neumann-x04-support/stats/default_small-candidate-A.json,opponents/von_neumann-x04-support/stats/default_small-candidate-A.csv,opponents/von_neumann-x04-support/graphs/default_small-candidate-A.svg,15,74,14,343,125,112,24,25,13,29,45,0,0,0,0,100.0,0.0,0.0,0,0,0,87,30,32,25,24,2,5,1,0,0,0,0,0.0,0.0,0.0
von_neumann-x04-support,default_small,B,B,gavroche-v13-tail-paced-rescue,172,4.224,,,von_neumann-x04-support,gavroche-v13-tail-paced-rescue,opponents/von_neumann-x04-support/replays/default_small-candidate-B.log,opponents/von_neumann-x04-support/replays/default_small-candidate-B.replay,0,elimination,opponents/von_neumann-x04-support/stats/default_small-candidate-B.json,opponents/von_neumann-x04-support/stats/default_small-candidate-B.csv,opponents/von_neumann-x04-support/graphs/default_small-candidate-B.svg,19,51,4,144,54,37,16,16,5,7,9,0,0,0,0,100.0,0.0,0.0,0,0,0,48,16,18,16,16,0,0,2,0,0,0,0,0.0,0.0,0.0
von_neumann-x04-support,devil,A,A,gavroche-v13-tail-paced-rescue,98,3.973,,,gavroche-v13-tail-paced-rescue,von_neumann-x04-support,opponents/von_neumann-x04-support/replays/devil-candidate-A.log,opponents/von_neumann-x04-support/replays/devil-candidate-A.replay,0,elimination,opponents/von_neumann-x04-support/stats/devil-candidate-A.json,opponents/von_neumann-x04-support/stats/devil-candidate-A.csv,opponents/von_neumann-x04-support/graphs/devil-candidate-A.svg,30,74,3,211,85,58,15,12,14,17,15,0,0,0,0,100.0,0.0,0.0,0,0,0,34,15,18,12,15,0,3,0,0,0,0,0,0.0,0.0,0.0
von_neumann-x04-support,devil,B,B,gavroche-v13-tail-paced-rescue,494,24.892,,,von_neumann-x04-support,gavroche-v13-tail-paced-rescue,opponents/von_neumann-x04-support/replays/devil-candidate-B.log,opponents/von_neumann-x04-support/replays/devil-candidate-B.replay,0,elimination,opponents/von_neumann-x04-support/stats/devil-candidate-B.json,opponents/von_neumann-x04-support/stats/devil-candidate-B.csv,opponents/von_neumann-x04-support/graphs/devil-candidate-B.svg,1,23,23,1240,450,452,62,64,101,163,124,0,0,0,0,100.0,0.0,0.0,0,0,0,473,148,151,64,62,23,42,24,0,0,0,0,0.0,0.0,0.0
von_neumann-x04-support,dilemma,A,A,gavroche-v13-tail-paced-rescue,108,1.618,,,gavroche-v13-tail-paced-rescue,von_neumann-x04-support,opponents/von_neumann-x04-support/replays/dilemma-candidate-A.log,opponents/von_neumann-x04-support/replays/dilemma-candidate-A.replay,0,elimination,opponents/von_neumann-x04-support/stats/dilemma-candidate-A.json,opponents/von_neumann-x04-support/stats/dilemma-candidate-A.csv,opponents/von_neumann-x04-support/graphs/dilemma-candidate-A.svg,3,9,5,94,38,38,2,5,4,11,18,0,0,0,0,100.0,0.0,0.0,0,0,0,2,0,3,5,2,0,1,0,0,0,0,0,0.0,0.0,0.0
von_neumann-x04-support,dilemma,B,B,gavroche-v13-tail-paced-rescue,446,6.778,,,von_neumann-x04-support,gavroche-v13-tail-paced-rescue,opponents/von_neumann-x04-support/replays/dilemma-candidate-B.log,opponents/von_neumann-x04-support/replays/dilemma-candidate-B.replay,0,elimination,opponents/von_neumann-x04-support/stats/dilemma-candidate-B.json,opponents/von_neumann-x04-support/stats/dilemma-candidate-B.csv,opponents/von_neumann-x04-support/graphs/dilemma-candidate-B.svg,8,29,12,290,107,102,2,3,19,26,54,0,0,0,0,100.0,0.0,0.0,0,0,0,37,11,14,3,2,0,2,10,0,0,0,0,0.0,0.0,0.0
von_neumann-x04-support,queen_of_spades,A,A,gavroche-v13-tail-paced-rescue,414,9.584,,,gavroche-v13-tail-paced-rescue,von_neumann-x04-support,opponents/von_neumann-x04-support/replays/queen_of_spades-candidate-A.log,opponents/von_neumann-x04-support/replays/queen_of_spades-candidate-A.replay,0,elimination,opponents/von_neumann-x04-support/stats/queen_of_spades-candidate-A.json,opponents/von_neumann-x04-support/stats/queen_of_spades-candidate-A.csv,opponents/von_neumann-x04-support/graphs/queen_of_spades-candidate-A.svg,15,55,10,384,145,132,26,21,37,33,41,0,0,0,0,79.2,0.0,20.8,0,0,0,160,57,59,21,26,8,4,21,0,0,0,0,0.0,0.0,20.8
von_neumann-x04-support,queen_of_spades,B,A,von_neumann-x04-support,500,9.533,,,von_neumann-x04-support,gavroche-v13-tail-paced-rescue,opponents/von_neumann-x04-support/replays/queen_of_spades-candidate-B.log,opponents/von_neumann-x04-support/replays/queen_of_spades-candidate-B.replay,0,roundLimit,opponents/von_neumann-x04-support/stats/queen_of_spades-candidate-B.json,opponents/von_neumann-x04-support/stats/queen_of_spades-candidate-B.csv,opponents/von_neumann-x04-support/graphs/queen_of_spades-candidate-B.svg,1,6,6,56,19,20,15,17,0,2,1,0,0,0,0,5.6,0.0,20.8,3,45,30,494,167,166,17,15,47,43,61,0,0,0,0,73.6,0.0,20.8
von_neumann-x04-support,schooltime,A,A,gavroche-v13-tail-paced-rescue,500,36.353,,,gavroche-v13-tail-paced-rescue,von_neumann-x04-support,opponents/von_neumann-x04-support/replays/schooltime-candidate-A.log,opponents/von_neumann-x04-support/replays/schooltime-candidate-A.replay,0,roundLimit,opponents/von_neumann-x04-support/stats/schooltime-candidate-A.json,opponents/von_neumann-x04-support/stats/schooltime-candidate-A.csv,opponents/von_neumann-x04-support/graphs/schooltime-candidate-A.svg,21,286,57,1589,377,359,94,92,116,76,75,0,0,0,0,76.95833333333333,1.625,14.083333333333334,2,39,26,526,178,179,92,94,29,18,38,0,0,0,0,7.333333333333333,1.625,14.083333333333334
von_neumann-x04-support,schooltime,B,B,gavroche-v13-tail-paced-rescue,500,42.797,,,von_neumann-x04-support,gavroche-v13-tail-paced-rescue,opponents/von_neumann-x04-support/replays/schooltime-candidate-B.log,opponents/von_neumann-x04-support/replays/schooltime-candidate-B.replay,0,roundLimit,opponents/von_neumann-x04-support/stats/schooltime-candidate-B.json,opponents/von_neumann-x04-support/stats/schooltime-candidate-B.csv,opponents/von_neumann-x04-support/graphs/schooltime-candidate-B.svg,11,153,46,1371,419,411,135,135,101,71,104,0,0,0,0,57.833333333333336,4.75,14.083333333333334,5,78,29,885,273,271,135,135,49,32,55,0,0,0,0,23.333333333333332,4.75,14.083333333333334
von_neumann-x04-support,stronghold,A,A,gavroche-v13-tail-paced-rescue,500,30.515,,,gavroche-v13-tail-paced-rescue,von_neumann-x04-support,opponents/von_neumann-x04-support/replays/stronghold-candidate-A.log,opponents/von_neumann-x04-support/replays/stronghold-candidate-A.replay,0,roundLimit,opponents/von_neumann-x04-support/stats/stronghold-candidate-A.json,opponents/von_neumann-x04-support/stats/stronghold-candidate-A.csv,opponents/von_neumann-x04-support/graphs/stronghold-candidate-A.svg,4,74,58,566,201,199,6,6,65,71,57,0,0,0,0,75.26041666666667,0.08680555555555555,0.0,1,34,34,411,139,140,6,6,32,52,50,0,0,0,0,24.65277777777778,0.08680555555555555,0.0
von_neumann-x04-support,stronghold,B,A,von_neumann-x04-support,500,36.312,,,von_neumann-x04-support,gavroche-v13-tail-paced-rescue,opponents/von_neumann-x04-support/replays/stronghold-candidate-B.log,opponents/von_neumann-x04-support/replays/stronghold-candidate-B.replay,0,roundLimit,opponents/von_neumann-x04-support/stats/stronghold-candidate-B.json,opponents/von_neumann-x04-support/stats/stronghold-candidate-B.csv,opponents/von_neumann-x04-support/graphs/stronghold-candidate-B.svg,3,67,57,578,211,210,12,13,60,64,73,0,0,0,0,55.46875,1.7361111111111112,0.0,2,74,68,599,221,221,13,12,83,78,48,0,0,0,0,42.795138888888886,1.7361111111111112,0.0
von_neumann-x04-support,trauma,A,B,von_neumann-x04-support,500,28.196,,,gavroche-v13-tail-paced-rescue,von_neumann-x04-support,opponents/von_neumann-x04-support/replays/trauma-candidate-A.log,opponents/von_neumann-x04-support/replays/trauma-candidate-A.replay,0,roundLimit,opponents/von_neumann-x04-support/stats/trauma-candidate-A.json,opponents/von_neumann-x04-support/stats/trauma-candidate-A.csv,opponents/von_neumann-x04-support/graphs/trauma-candidate-A.svg,8,48,15,601,236,230,16,16,52,49,113,0,0,0,0,40.625,4.427083333333333,0.6944444444444444,7,53,23,493,184,179,16,16,30,37,96,0,0,0,0,54.25347222222222,4.427083333333333,0.6944444444444444
von_neumann-x04-support,trauma,B,A,von_neumann-x04-support,500,22.285,,,von_neumann-x04-support,gavroche-v13-tail-paced-rescue,opponents/von_neumann-x04-support/replays/trauma-candidate-B.log,opponents/von_neumann-x04-support/replays/trauma-candidate-B.replay,0,roundLimit,opponents/von_neumann-x04-support/stats/trauma-candidate-B.json,opponents/von_neumann-x04-support/stats/trauma-candidate-B.csv,opponents/von_neumann-x04-support/graphs/trauma-candidate-B.svg,4,22,10,261,101,99,17,15,23,9,52,0,0,0,0,40.27777777777778,0.6944444444444444,0.6944444444444444,7,55,12,709,276,271,15,17,67,64,123,0,0,0,0,58.333333333333336,0.6944444444444444,0.6944444444444444
von_neumann-x04-support,trophy,A,A,gavroche-v13-tail-paced-rescue,343,17.832,,,gavroche-v13-tail-paced-rescue,von_neumann-x04-support,opponents/von_neumann-x04-support/replays/trophy-candidate-A.log,opponents/von_neumann-x04-support/replays/trophy-candidate-A.replay,0,elimination,opponents/von_neumann-x04-support/stats/trophy-candidate-A.json,opponents/von_neumann-x04-support/stats/trophy-candidate-A.csv,opponents/von_neumann-x04-support/graphs/trophy-candidate-A.svg,45,110,4,488,194,151,34,34,57,28,32,0,0,0,0,100.0,0.0,0.0,0,0,0,102,35,37,34,34,0,1,2,0,0,0,0,0.0,0.0,0.0
von_neumann-x04-support,trophy,B,B,gavroche-v13-tail-paced-rescue,129,4.875,,,von_neumann-x04-support,gavroche-v13-tail-paced-rescue,opponents/von_neumann-x04-support/replays/trophy-candidate-B.log,opponents/von_neumann-x04-support/replays/trophy-candidate-B.replay,0,elimination,opponents/von_neumann-x04-support/stats/trophy-candidate-B.json,opponents/von_neumann-x04-support/stats/trophy-candidate-B.csv,opponents/von_neumann-x04-support/graphs/trophy-candidate-B.svg,39,88,3,153,66,29,8,8,12,3,6,0,0,0,0,100.0,0.0,0.0,0,0,0,23,8,10,8,8,0,0,2,0,0,0,0,0.0,0.0,0.0
feynman-x01-frozen,Colosseum,A,A,gavroche-v13-tail-paced-rescue,132,4.879,,,gavroche-v13-tail-paced-rescue,feynman-x01-frozen,opponents/feynman-x01-frozen/replays/Colosseum-candidate-A.log,opponents/feynman-x01-frozen/replays/Colosseum-candidate-A.replay,0,elimination,opponents/feynman-x01-frozen/stats/Colosseum-candidate-A.json,opponents/feynman-x01-frozen/stats/Colosseum-candidate-A.csv,opponents/feynman-x01-frozen/graphs/Colosseum-candidate-A.svg,28,67,3,210,81,54,21,21,30,2,1,0,0,0,0,100.0,0.0,0.0,0,0,0,63,23,24,21,21,3,0,0,0,0,0,0,0.0,0.0,0.0
feynman-x01-frozen,Colosseum,B,A,feynman-x01-frozen,84,2.907,,,feynman-x01-frozen,gavroche-v13-tail-paced-rescue,opponents/feynman-x01-frozen/replays/Colosseum-candidate-B.log,opponents/feynman-x01-frozen/replays/Colosseum-candidate-B.replay,0,elimination,opponents/feynman-x01-frozen/stats/Colosseum-candidate-B.json,opponents/feynman-x01-frozen/stats/Colosseum-candidate-B.csv,opponents/feynman-x01-frozen/graphs/Colosseum-candidate-B.svg,0,0,0,15,5,6,6,6,0,0,0,0,0,0,0,0.0,0.0,0.0,29,73,4,156,65,37,6,6,23,5,3,0,0,0,0,100.0,0.0,0.0
feynman-x01-frozen,arena,A,A,gavroche-v13-tail-paced-rescue,44,1.828,,,gavroche-v13-tail-paced-rescue,feynman-x01-frozen,opponents/feynman-x01-frozen/replays/arena-candidate-A.log,opponents/feynman-x01-frozen/replays/arena-candidate-A.replay,0,elimination,opponents/feynman-x01-frozen/stats/arena-candidate-A.json,opponents/feynman-x01-frozen/stats/arena-candidate-A.csv,opponents/feynman-x01-frozen/graphs/arena-candidate-A.svg,20,50,4,126,49,30,13,12,9,7,2,0,0,0,0,100.0,0.0,0.0,0,0,0,39,12,13,12,13,0,0,0,0,0,0,0,0.0,0.0,0.0
feynman-x01-frozen,arena,B,A,feynman-x01-frozen,69,2.454,,,feynman-x01-frozen,gavroche-v13-tail-paced-rescue,opponents/feynman-x01-frozen/replays/arena-candidate-B.log,opponents/feynman-x01-frozen/replays/arena-candidate-B.replay,0,elimination,opponents/feynman-x01-frozen/stats/arena-candidate-B.json,opponents/feynman-x01-frozen/stats/arena-candidate-B.csv,opponents/feynman-x01-frozen/graphs/arena-candidate-B.svg,0,0,0,42,13,14,14,14,0,0,0,0,0,0,0,0.0,0.0,0.0,25,63,4,214,83,59,14,14,18,22,5,0,0,0,0,100.0,0.0,0.0
feynman-x01-frozen,autarky,A,A,gavroche-v13-tail-paced-rescue,500,16.96,,,gavroche-v13-tail-paced-rescue,feynman-x01-frozen,opponents/feynman-x01-frozen/replays/autarky-candidate-A.log,opponents/feynman-x01-frozen/replays/autarky-candidate-A.replay,0,roundLimit,opponents/feynman-x01-frozen/stats/autarky-candidate-A.json,opponents/feynman-x01-frozen/stats/autarky-candidate-A.csv,opponents/feynman-x01-frozen/graphs/autarky-candidate-A.svg,11,102,33,620,211,206,26,23,47,22,114,0,0,0,0,91.46090534979425,1.954732510288066,0.0,1,19,19,314,110,115,23,26,28,5,56,0,0,0,0,6.584362139917696,1.954732510288066,0.0
feynman-x01-frozen,autarky,B,A,feynman-x01-frozen,500,19.357,,,feynman-x01-frozen,gavroche-v13-tail-paced-rescue,opponents/feynman-x01-frozen/replays/autarky-candidate-B.log,opponents/feynman-x01-frozen/replays/autarky-candidate-B.replay,0,roundLimit,opponents/feynman-x01-frozen/stats/autarky-candidate-B.json,opponents/feynman-x01-frozen/stats/autarky-candidate-B.csv,opponents/feynman-x01-frozen/graphs/autarky-candidate-B.svg,1,5,5,350,135,140,38,31,29,12,68,0,0,0,0,0.9259259259259259,2.674897119341564,0.0,13,126,39,690,220,213,31,38,38,20,117,0,0,0,0,96.39917695473251,2.674897119341564,0.0
feynman-x01-frozen,big_empty,A,A,gavroche-v13-tail-paced-rescue,500,70.7,,,gavroche-v13-tail-paced-rescue,feynman-x01-frozen,opponents/feynman-x01-frozen/replays/big_empty-candidate-A.log,opponents/feynman-x01-frozen/replays/big_empty-candidate-A.replay,0,roundLimit,opponents/feynman-x01-frozen/stats/big_empty-candidate-A.json,opponents/feynman-x01-frozen/stats/big_empty-candidate-A.csv,opponents/feynman-x01-frozen/graphs/big_empty-candidate-A.svg,16,322,62,1401,169,156,131,131,0,25,0,0,0,0,0,40.13671875,4.7607421875,0.0,20,434,60,1488,177,160,131,131,3,26,0,0,0,0,0,55.1025390625,4.7607421875,0.0
feynman-x01-frozen,big_empty,B,A,feynman-x01-frozen,500,70.67,,,feynman-x01-frozen,gavroche-v13-tail-paced-rescue,opponents/feynman-x01-frozen/replays/big_empty-candidate-B.log,opponents/feynman-x01-frozen/replays/big_empty-candidate-B.replay,0,roundLimit,opponents/feynman-x01-frozen/stats/big_empty-candidate-B.json,opponents/feynman-x01-frozen/stats/big_empty-candidate-B.csv,opponents/feynman-x01-frozen/graphs/big_empty-candidate-B.svg,16,304,37,1355,183,170,132,135,5,30,0,0,0,0,0,44.04296875,5.2978515625,0.0,23,475,56,1582,178,158,135,132,3,23,0,0,0,0,0,50.6591796875,5.2978515625,0.0
feynman-x01-frozen,default,A,B,feynman-x01-frozen,434,14.962,,,gavroche-v13-tail-paced-rescue,feynman-x01-frozen,opponents/feynman-x01-frozen/replays/default-candidate-A.log,opponents/feynman-x01-frozen/replays/default-candidate-A.replay,0,elimination,opponents/feynman-x01-frozen/stats/default-candidate-A.json,opponents/feynman-x01-frozen/stats/default-candidate-A.csv,opponents/feynman-x01-frozen/graphs/default-candidate-A.svg,0,0,0,80,32,36,26,28,7,1,0,0,0,0,0,0.0,0.0,0.0,20,118,21,546,193,177,28,26,122,21,8,0,0,0,0,100.0,0.0,0.0
feynman-x01-frozen,default,B,B,gavroche-v13-tail-paced-rescue,500,17.713,,,feynman-x01-frozen,gavroche-v13-tail-paced-rescue,opponents/feynman-x01-frozen/replays/default-candidate-B.log,opponents/feynman-x01-frozen/replays/default-candidate-B.replay,0,roundLimit,opponents/feynman-x01-frozen/stats/default-candidate-B.json,opponents/feynman-x01-frozen/stats/default-candidate-B.csv,opponents/feynman-x01-frozen/graphs/default-candidate-B.svg,10,85,34,399,110,104,24,22,47,24,11,0,0,0,0,85.25390625,1.07421875,0.0,1,10,10,198,71,74,22,24,37,9,4,0,0,0,0,13.671875,1.07421875,0.0
feynman-x01-frozen,default_small,A,B,feynman-x01-frozen,173,4.019,,,gavroche-v13-tail-paced-rescue,feynman-x01-frozen,opponents/feynman-x01-frozen/replays/default_small-candidate-A.log,opponents/feynman-x01-frozen/replays/default_small-candidate-A.replay,0,elimination,opponents/feynman-x01-frozen/stats/default_small-candidate-A.json,opponents/feynman-x01-frozen/stats/default_small-candidate-A.csv,opponents/feynman-x01-frozen/graphs/default_small-candidate-A.svg,0,0,0,37,13,15,13,13,1,0,1,0,0,0,0,0.0,0.0,0.0,22,58,4,125,46,26,13,13,2,7,4,0,0,0,0,100.0,0.0,0.0
feynman-x01-frozen,default_small,B,A,feynman-x01-frozen,176,4.27,,,feynman-x01-frozen,gavroche-v13-tail-paced-rescue,opponents/feynman-x01-frozen/replays/default_small-candidate-B.log,opponents/feynman-x01-frozen/replays/default_small-candidate-B.replay,0,elimination,opponents/feynman-x01-frozen/stats/default_small-candidate-B.json,opponents/feynman-x01-frozen/stats/default_small-candidate-B.csv,opponents/feynman-x01-frozen/graphs/default_small-candidate-B.svg,0,0,0,29,9,11,12,10,0,0,1,0,0,0,0,0.0,0.0,0.0,26,61,4,150,60,36,10,12,7,9,8,0,0,0,0,100.0,0.0,0.0
feynman-x01-frozen,devil,A,A,gavroche-v13-tail-paced-rescue,500,24.394,,,gavroche-v13-tail-paced-rescue,feynman-x01-frozen,opponents/feynman-x01-frozen/replays/devil-candidate-A.log,opponents/feynman-x01-frozen/replays/devil-candidate-A.replay,0,roundLimit,opponents/feynman-x01-frozen/stats/devil-candidate-A.json,opponents/feynman-x01-frozen/stats/devil-candidate-A.csv,opponents/feynman-x01-frozen/graphs/devil-candidate-A.svg,2,48,30,1223,413,414,78,69,82,183,80,0,0,0,0,79.6875,9.375,0.0,1,19,19,540,199,201,69,78,24,64,35,0,0,0,0,10.9375,9.375,0.0
feynman-x01-frozen,devil,B,B,gavroche-v13-tail-paced-rescue,500,25.044,,,feynman-x01-frozen,gavroche-v13-tail-paced-rescue,opponents/feynman-x01-frozen/replays/devil-candidate-B.log,opponents/feynman-x01-frozen/replays/devil-candidate-B.replay,0,roundLimit,opponents/feynman-x01-frozen/stats/devil-candidate-B.json,opponents/feynman-x01-frozen/stats/devil-candidate-B.csv,opponents/feynman-x01-frozen/graphs/devil-candidate-B.svg,4,67,26,1254,442,441,62,58,100,163,120,0,0,0,0,68.75,5.078125,0.0,2,30,18,544,195,196,58,62,25,59,50,0,0,0,0,26.171875,5.078125,0.0
feynman-x01-frozen,dilemma,A,A,gavroche-v13-tail-paced-rescue,471,5.806,,,gavroche-v13-tail-paced-rescue,feynman-x01-frozen,opponents/feynman-x01-frozen/replays/dilemma-candidate-A.log,opponents/feynman-x01-frozen/replays/dilemma-candidate-A.replay,0,elimination,opponents/feynman-x01-frozen/stats/dilemma-candidate-A.json,opponents/feynman-x01-frozen/stats/dilemma-candidate-A.csv,opponents/feynman-x01-frozen/graphs/dilemma-candidate-A.svg,4,20,12,161,60,59,10,10,12,10,27,0,0,0,0,100.0,0.0,0.0,0,0,0,231,75,78,10,10,6,38,24,0,0,0,0,0.0,0.0,0.0
feynman-x01-frozen,dilemma,B,B,gavroche-v13-tail-paced-rescue,421,7.874,,,feynman-x01-frozen,gavroche-v13-tail-paced-rescue,opponents/feynman-x01-frozen/replays/dilemma-candidate-B.log,opponents/feynman-x01-frozen/replays/dilemma-candidate-B.replay,0,elimination,opponents/feynman-x01-frozen/stats/dilemma-candidate-B.json,opponents/feynman-x01-frozen/stats/dilemma-candidate-B.csv,opponents/feynman-x01-frozen/graphs/dilemma-candidate-B.svg,16,55,9,226,84,71,8,8,6,21,36,0,0,0,0,100.0,0.0,0.0,0,0,0,141,48,51,8,8,0,25,18,0,0,0,0,0.0,0.0,0.0
feynman-x01-frozen,queen_of_spades,A,B,feynman-x01-frozen,500,9.8,,,gavroche-v13-tail-paced-rescue,feynman-x01-frozen,opponents/feynman-x01-frozen/replays/queen_of_spades-candidate-A.log,opponents/feynman-x01-frozen/replays/queen_of_spades-candidate-A.replay,0,roundLimit,opponents/feynman-x01-frozen/stats/queen_of_spades-candidate-A.json,opponents/feynman-x01-frozen/stats/queen_of_spades-candidate-A.csv,opponents/feynman-x01-frozen/graphs/queen_of_spades-candidate-A.svg,1,7,7,144,48,49,18,20,11,12,6,0,0,0,0,14.057142857142857,6.057142857142857,20.8,5,46,26,493,164,161,20,18,68,31,44,0,0,0,0,59.08571428571429,6.057142857142857,20.8
feynman-x01-frozen,queen_of_spades,B,B,gavroche-v13-tail-paced-rescue,500,8.757,,,feynman-x01-frozen,gavroche-v13-tail-paced-rescue,opponents/feynman-x01-frozen/replays/queen_of_spades-candidate-B.log,opponents/feynman-x01-frozen/replays/queen_of_spades-candidate-B.replay,0,roundLimit,opponents/feynman-x01-frozen/stats/queen_of_spades-candidate-B.json,opponents/feynman-x01-frozen/stats/queen_of_spades-candidate-B.csv,opponents/feynman-x01-frozen/graphs/queen_of_spades-candidate-B.svg,5,47,29,373,111,108,14,20,34,32,22,0,0,0,0,42.4,7.6571428571428575,20.8,2,9,6,190,68,68,20,14,27,13,14,0,0,0,0,29.142857142857142,7.6571428571428575,20.8
feynman-x01-frozen,schooltime,A,A,gavroche-v13-tail-paced-rescue,500,43.85,,,gavroche-v13-tail-paced-rescue,feynman-x01-frozen,opponents/feynman-x01-frozen/replays/schooltime-candidate-A.log,opponents/feynman-x01-frozen/replays/schooltime-candidate-A.replay,0,roundLimit,opponents/feynman-x01-frozen/stats/schooltime-candidate-A.json,opponents/feynman-x01-frozen/stats/schooltime-candidate-A.csv,opponents/feynman-x01-frozen/graphs/schooltime-candidate-A.svg,12,180,30,1515,472,463,118,121,111,68,163,0,0,0,0,67.20833333333333,0.625,14.083333333333334,4,86,28,810,251,250,121,118,58,40,34,0,0,0,0,18.083333333333332,0.625,14.083333333333334
feynman-x01-frozen,schooltime,B,B,gavroche-v13-tail-paced-rescue,500,47.996,,,feynman-x01-frozen,gavroche-v13-tail-paced-rescue,opponents/feynman-x01-frozen/replays/schooltime-candidate-B.log,opponents/feynman-x01-frozen/replays/schooltime-candidate-B.replay,0,roundLimit,opponents/feynman-x01-frozen/stats/schooltime-candidate-B.json,opponents/feynman-x01-frozen/stats/schooltime-candidate-B.csv,opponents/feynman-x01-frozen/graphs/schooltime-candidate-B.svg,12,185,55,1366,411,402,132,120,109,63,110,0,0,0,0,57.291666666666664,0.9166666666666666,14.083333333333334,4,68,45,1350,436,435,120,132,115,89,99,0,0,0,0,27.708333333333332,0.9166666666666666,14.083333333333334
feynman-x01-frozen,stronghold,A,B,feynman-x01-frozen,500,29.371,,,gavroche-v13-tail-paced-rescue,feynman-x01-frozen,opponents/feynman-x01-frozen/replays/stronghold-candidate-A.log,opponents/feynman-x01-frozen/replays/stronghold-candidate-A.replay,0,roundLimit,opponents/feynman-x01-frozen/stats/stronghold-candidate-A.json,opponents/feynman-x01-frozen/stats/stronghold-candidate-A.csv,opponents/feynman-x01-frozen/graphs/stronghold-candidate-A.svg,5,91,38,544,187,184,5,7,56,63,58,0,0,0,0,43.75,0.0,0.0,2,55,53,386,116,116,7,5,36,43,32,0,0,0,0,56.25,0.0,0.0
feynman-x01-frozen,stronghold,B,A,feynman-x01-frozen,500,31.16,,,feynman-x01-frozen,gavroche-v13-tail-paced-rescue,opponents/feynman-x01-frozen/replays/stronghold-candidate-B.log,opponents/feynman-x01-frozen/replays/stronghold-candidate-B.replay,0,roundLimit,opponents/feynman-x01-frozen/stats/stronghold-candidate-B.json,opponents/feynman-x01-frozen/stats/stronghold-candidate-B.csv,opponents/feynman-x01-frozen/graphs/stronghold-candidate-B.svg,5,65,44,497,175,172,9,9,41,52,70,0,0,0,0,69.53125,0.0,0.0,2,62,56,651,240,240,9,9,81,91,59,0,0,0,0,30.46875,0.0,0.0
feynman-x01-frozen,trauma,A,A,gavroche-v13-tail-paced-rescue,500,24.445,,,gavroche-v13-tail-paced-rescue,feynman-x01-frozen,opponents/feynman-x01-frozen/replays/trauma-candidate-A.log,opponents/feynman-x01-frozen/replays/trauma-candidate-A.replay,0,roundLimit,opponents/feynman-x01-frozen/stats/trauma-candidate-A.json,opponents/feynman-x01-frozen/stats/trauma-candidate-A.csv,opponents/feynman-x01-frozen/graphs/trauma-candidate-A.svg,3,40,20,627,252,251,10,10,73,61,107,0,0,0,0,49.21875,0.2604166666666667,0.6944444444444444,2,30,18,383,128,128,10,10,19,34,65,0,0,0,0,49.826388888888886,0.2604166666666667,0.6944444444444444
feynman-x01-frozen,trauma,B,A,feynman-x01-frozen,500,18.885,,,feynman-x01-frozen,gavroche-v13-tail-paced-rescue,opponents/feynman-x01-frozen/replays/trauma-candidate-B.log,opponents/feynman-x01-frozen/replays/trauma-candidate-B.replay,0,roundLimit,opponents/feynman-x01-frozen/stats/trauma-candidate-B.json,opponents/feynman-x01-frozen/stats/trauma-candidate-B.csv,opponents/feynman-x01-frozen/graphs/trauma-candidate-B.svg,1,9,9,91,27,28,10,8,4,8,8,0,0,0,0,7.8125,0.0,0.6944444444444444,6,62,16,737,262,258,8,10,56,63,129,0,0,0,0,91.49305555555556,0.0,0.6944444444444444
feynman-x01-frozen,trophy,A,A,gavroche-v13-tail-paced-rescue,318,14.801,,,gavroche-v13-tail-paced-rescue,feynman-x01-frozen,opponents/feynman-x01-frozen/replays/trophy-candidate-A.log,opponents/feynman-x01-frozen/replays/trophy-candidate-A.replay,0,elimination,opponents/feynman-x01-frozen/stats/trophy-candidate-A.json,opponents/feynman-x01-frozen/stats/trophy-candidate-A.csv,opponents/feynman-x01-frozen/graphs/trophy-candidate-A.svg,53,127,7,362,144,93,23,20,36,20,17,0,0,0,0,100.0,0.0,0.0,0,0,0,72,25,27,20,23,2,0,2,0,0,0,0,0.0,0.0,0.0
feynman-x01-frozen,trophy,B,A,feynman-x01-frozen,146,4.774,,,feynman-x01-frozen,gavroche-v13-tail-paced-rescue,opponents/feynman-x01-frozen/replays/trophy-candidate-B.log,opponents/feynman-x01-frozen/replays/trophy-candidate-B.replay,0,elimination,opponents/feynman-x01-frozen/stats/trophy-candidate-B.json,opponents/feynman-x01-frozen/stats/trophy-candidate-B.csv,opponents/feynman-x01-frozen/graphs/trophy-candidate-B.svg,0,0,0,24,6,8,7,7,0,1,0,0,0,0,0,0.0,0.0,0.0,35,80,3,171,72,39,7,7,18,5,9,0,0,0,0,100.0,0.0,0.0
valjean-v01-portal-memory,Colosseum,A,B,valjean-v01-portal-memory,83,2.37,,,gavroche-v13-tail-paced-rescue,valjean-v01-portal-memory,opponents/valjean-v01-portal-memory/replays/Colosseum-candidate-A.log,opponents/valjean-v01-portal-memory/replays/Colosseum-candidate-A.replay,0,elimination,opponents/valjean-v01-portal-memory/stats/Colosseum-candidate-A.json,opponents/valjean-v01-portal-memory/stats/Colosseum-candidate-A.csv,opponents/valjean-v01-portal-memory/graphs/Colosseum-candidate-A.svg,0,0,0,33,12,13,5,10,3,0,0,0,0,0,0,0.0,0.0,0.0,29,74,4,130,50,22,10,5,15,1,1,0,0,0,0,100.0,0.0,0.0
valjean-v01-portal-memory,Colosseum,B,B,gavroche-v13-tail-paced-rescue,150,5.533,,,valjean-v01-portal-memory,gavroche-v13-tail-paced-rescue,opponents/valjean-v01-portal-memory/replays/Colosseum-candidate-B.log,opponents/valjean-v01-portal-memory/replays/Colosseum-candidate-B.replay,0,elimination,opponents/valjean-v01-portal-memory/stats/Colosseum-candidate-B.json,opponents/valjean-v01-portal-memory/stats/Colosseum-candidate-B.csv,opponents/valjean-v01-portal-memory/graphs/Colosseum-candidate-B.svg,39,92,4,247,98,60,18,19,33,5,3,0,0,0,0,100.0,0.0,0.0,0,0,0,69,22,23,19,18,4,0,1,0,0,0,0,0.0,0.0,0.0
valjean-v01-portal-memory,arena,A,A,gavroche-v13-tail-paced-rescue,77,2.441,,,gavroche-v13-tail-paced-rescue,valjean-v01-portal-memory,opponents/valjean-v01-portal-memory/replays/arena-candidate-A.log,opponents/valjean-v01-portal-memory/replays/arena-candidate-A.replay,0,elimination,opponents/valjean-v01-portal-memory/stats/arena-candidate-A.json,opponents/valjean-v01-portal-memory/stats/arena-candidate-A.csv,opponents/valjean-v01-portal-memory/graphs/arena-candidate-A.svg,25,57,4,188,68,44,33,34,2,7,1,0,0,0,0,100.0,0.0,0.0,0,0,0,128,37,38,34,33,3,2,0,0,0,0,0,0.0,0.0,0.0
valjean-v01-portal-memory,arena,B,A,valjean-v01-portal-memory,81,3.497,,,valjean-v01-portal-memory,gavroche-v13-tail-paced-rescue,opponents/valjean-v01-portal-memory/replays/arena-candidate-B.log,opponents/valjean-v01-portal-memory/replays/arena-candidate-B.replay,0,elimination,opponents/valjean-v01-portal-memory/stats/arena-candidate-B.json,opponents/valjean-v01-portal-memory/stats/arena-candidate-B.csv,opponents/valjean-v01-portal-memory/graphs/arena-candidate-B.svg,0,0,0,98,31,32,28,29,1,2,0,0,0,0,0,0.0,0.0,0.0,27,59,3,209,77,51,29,28,12,9,2,0,0,0,0,100.0,0.0,0.0
valjean-v01-portal-memory,autarky,A,A,gavroche-v13-tail-paced-rescue,88,3.363,,,gavroche-v13-tail-paced-rescue,valjean-v01-portal-memory,opponents/valjean-v01-portal-memory/replays/autarky-candidate-A.log,opponents/valjean-v01-portal-memory/replays/autarky-candidate-A.replay,0,elimination,opponents/valjean-v01-portal-memory/stats/autarky-candidate-A.json,opponents/valjean-v01-portal-memory/stats/autarky-candidate-A.csv,opponents/valjean-v01-portal-memory/graphs/autarky-candidate-A.svg,23,59,5,129,53,36,5,4,2,4,26,0,0,0,0,100.0,0.0,0.0,0,0,0,21,10,16,4,5,5,2,4,0,0,0,0,0.0,0.0,0.0
valjean-v01-portal-memory,autarky,B,A,valjean-v01-portal-memory,500,17.623,,,valjean-v01-portal-memory,gavroche-v13-tail-paced-rescue,opponents/valjean-v01-portal-memory/replays/autarky-candidate-B.log,opponents/valjean-v01-portal-memory/replays/autarky-candidate-B.replay,0,roundLimit,opponents/valjean-v01-portal-memory/stats/autarky-candidate-B.json,opponents/valjean-v01-portal-memory/stats/autarky-candidate-B.csv,opponents/valjean-v01-portal-memory/graphs/autarky-candidate-B.svg,2,14,10,390,141,145,25,20,34,15,76,0,0,0,0,18.106995884773664,1.646090534979424,0.0,10,99,39,571,175,171,20,25,43,24,79,0,0,0,0,80.24691358024691,1.646090534979424,0.0
valjean-v01-portal-memory,big_empty,A,B,valjean-v01-portal-memory,500,73.06,,,gavroche-v13-tail-paced-rescue,valjean-v01-portal-memory,opponents/valjean-v01-portal-memory/replays/big_empty-candidate-A.log,opponents/valjean-v01-portal-memory/replays/big_empty-candidate-A.replay,0,roundLimit,opponents/valjean-v01-portal-memory/stats/big_empty-candidate-A.json,opponents/valjean-v01-portal-memory/stats/big_empty-candidate-A.csv,opponents/valjean-v01-portal-memory/graphs/big_empty-candidate-A.svg,24,384,38,1441,173,152,121,123,4,25,0,0,0,0,0,48.5595703125,4.0283203125,0.0,23,410,55,1462,160,140,123,121,0,19,0,0,0,0,0,47.412109375,4.0283203125,0.0
valjean-v01-portal-memory,big_empty,B,A,valjean-v01-portal-memory,500,73.069,,,valjean-v01-portal-memory,gavroche-v13-tail-paced-rescue,opponents/valjean-v01-portal-memory/replays/big_empty-candidate-B.log,opponents/valjean-v01-portal-memory/replays/big_empty-candidate-B.replay,0,roundLimit,opponents/valjean-v01-portal-memory/stats/big_empty-candidate-B.json,opponents/valjean-v01-portal-memory/stats/big_empty-candidate-B.csv,opponents/valjean-v01-portal-memory/graphs/big_empty-candidate-B.svg,29,504,41,1431,164,138,120,119,4,15,0,0,0,0,0,59.66796875,3.6376953125,0.0,17,408,78,1459,165,151,119,120,2,29,0,0,0,0,0,36.6943359375,3.6376953125,0.0
valjean-v01-portal-memory,default,A,A,gavroche-v13-tail-paced-rescue,500,19.463,,,gavroche-v13-tail-paced-rescue,valjean-v01-portal-memory,opponents/valjean-v01-portal-memory/replays/default-candidate-A.log,opponents/valjean-v01-portal-memory/replays/default-candidate-A.replay,0,roundLimit,opponents/valjean-v01-portal-memory/stats/default-candidate-A.json,opponents/valjean-v01-portal-memory/stats/default-candidate-A.csv,opponents/valjean-v01-portal-memory/graphs/default-candidate-A.svg,10,89,17,335,93,87,46,39,18,25,5,0,0,0,0,80.95703125,4.39453125,0.0,2,19,16,240,79,81,39,46,24,9,2,0,0,0,0,14.6484375,4.39453125,0.0
valjean-v01-portal-memory,default,B,A,valjean-v01-portal-memory,500,17.324,,,valjean-v01-portal-memory,gavroche-v13-tail-paced-rescue,opponents/valjean-v01-portal-memory/replays/default-candidate-B.log,opponents/valjean-v01-portal-memory/replays/default-candidate-B.replay,0,roundLimit,opponents/valjean-v01-portal-memory/stats/default-candidate-B.json,opponents/valjean-v01-portal-memory/stats/default-candidate-B.csv,opponents/valjean-v01-portal-memory/graphs/default-candidate-B.svg,3,11,6,208,73,74,51,42,15,8,9,0,0,0,0,32.8125,3.80859375,0.0,6,66,22,442,129,127,42,51,49,19,8,0,0,0,0,63.37890625,3.80859375,0.0
valjean-v01-portal-memory,default_small,A,B,valjean-v01-portal-memory,228,5.378,,,gavroche-v13-tail-paced-rescue,valjean-v01-portal-memory,opponents/valjean-v01-portal-memory/replays/default_small-candidate-A.log,opponents/valjean-v01-portal-memory/replays/default_small-candidate-A.replay,0,elimination,opponents/valjean-v01-portal-memory/stats/default_small-candidate-A.json,opponents/valjean-v01-portal-memory/stats/default_small-candidate-A.csv,opponents/valjean-v01-portal-memory/graphs/default_small-candidate-A.svg,0,0,0,40,14,16,14,14,0,0,2,0,0,0,0,0.0,0.0,0.0,24,57,3,193,79,57,14,14,13,20,10,0,0,0,0,100.0,0.0,0.0
valjean-v01-portal-memory,default_small,B,A,valjean-v01-portal-memory,337,8.31,,,valjean-v01-portal-memory,gavroche-v13-tail-paced-rescue,opponents/valjean-v01-portal-memory/replays/default_small-candidate-B.log,opponents/valjean-v01-portal-memory/replays/default_small-candidate-B.replay,0,elimination,opponents/valjean-v01-portal-memory/stats/default_small-candidate-B.json,opponents/valjean-v01-portal-memory/stats/default_small-candidate-B.csv,opponents/valjean-v01-portal-memory/graphs/default_small-candidate-B.svg,0,0,0,123,40,42,31,32,2,2,6,0,0,0,0,0.0,0.0,0.0,24,63,6,256,97,75,32,31,11,13,20,0,0,0,0,100.0,0.0,0.0
valjean-v01-portal-memory,devil,A,B,valjean-v01-portal-memory,402,23.624,,,gavroche-v13-tail-paced-rescue,valjean-v01-portal-memory,opponents/valjean-v01-portal-memory/replays/devil-candidate-A.log,opponents/valjean-v01-portal-memory/replays/devil-candidate-A.replay,0,elimination,opponents/valjean-v01-portal-memory/stats/devil-candidate-A.json,opponents/valjean-v01-portal-memory/stats/devil-candidate-A.csv,opponents/valjean-v01-portal-memory/graphs/devil-candidate-A.svg,0,0,0,312,111,114,63,59,14,26,15,0,0,0,0,0.0,0.0,0.0,23,97,8,1319,501,481,59,63,95,198,125,0,0,0,0,100.0,0.0,0.0
valjean-v01-portal-memory,devil,B,B,gavroche-v13-tail-paced-rescue,301,17.454,,,valjean-v01-portal-memory,gavroche-v13-tail-paced-rescue,opponents/valjean-v01-portal-memory/replays/devil-candidate-B.log,opponents/valjean-v01-portal-memory/replays/devil-candidate-B.replay,0,elimination,opponents/valjean-v01-portal-memory/stats/devil-candidate-B.json,opponents/valjean-v01-portal-memory/stats/devil-candidate-B.csv,opponents/valjean-v01-portal-memory/graphs/devil-candidate-B.svg,43,113,6,887,351,311,53,51,73,110,77,0,0,0,0,100.0,0.0,0.0,0,0,0,260,100,103,51,53,9,22,19,0,0,0,0,0.0,0.0,0.0
valjean-v01-portal-memory,dilemma,A,A,gavroche-v13-tail-paced-rescue,500,8.512,,,gavroche-v13-tail-paced-rescue,valjean-v01-portal-memory,opponents/valjean-v01-portal-memory/replays/dilemma-candidate-A.log,opponents/valjean-v01-portal-memory/replays/dilemma-candidate-A.replay,0,roundLimit,opponents/valjean-v01-portal-memory/stats/dilemma-candidate-A.json,opponents/valjean-v01-portal-memory/stats/dilemma-candidate-A.csv,opponents/valjean-v01-portal-memory/graphs/dilemma-candidate-A.svg,6,39,25,247,85,82,3,3,14,31,34,0,0,0,0,85.7421875,0.0,0.0,1,11,11,108,32,34,3,3,0,25,6,0,0,0,0,14.2578125,0.0,0.0
valjean-v01-portal-memory,dilemma,B,B,gavroche-v13-tail-paced-rescue,280,5.368,,,valjean-v01-portal-memory,gavroche-v13-tail-paced-rescue,opponents/valjean-v01-portal-memory/replays/dilemma-candidate-B.log,opponents/valjean-v01-portal-memory/replays/dilemma-candidate-B.replay,0,elimination,opponents/valjean-v01-portal-memory/stats/dilemma-candidate-B.json,opponents/valjean-v01-portal-memory/stats/dilemma-candidate-B.csv,opponents/valjean-v01-portal-memory/graphs/dilemma-candidate-B.svg,18,44,4,151,63,48,4,3,2,12,31,0,0,0,0,100.0,0.0,0.0,0,0,0,113,39,42,3,4,0,27,11,0,0,0,0,0.0,0.0,0.0
valjean-v01-portal-memory,queen_of_spades,A,B,valjean-v01-portal-memory,353,5.894,,,gavroche-v13-tail-paced-rescue,valjean-v01-portal-memory,opponents/valjean-v01-portal-memory/replays/queen_of_spades-candidate-A.log,opponents/valjean-v01-portal-memory/replays/queen_of_spades-candidate-A.replay,0,elimination,opponents/valjean-v01-portal-memory/stats/queen_of_spades-candidate-A.json,opponents/valjean-v01-portal-memory/stats/queen_of_spades-candidate-A.csv,opponents/valjean-v01-portal-memory/graphs/queen_of_spades-candidate-A.svg,0,0,0,222,79,81,21,21,25,16,19,0,0,0,0,0.0,0.0,20.8,16,55,17,234,84,70,21,21,25,8,16,0,0,0,0,79.2,0.0,20.8
valjean-v01-portal-memory,queen_of_spades,B,B,gavroche-v13-tail-paced-rescue,500,7.946,,,valjean-v01-portal-memory,gavroche-v13-tail-paced-rescue,opponents/valjean-v01-portal-memory/replays/queen_of_spades-candidate-B.log,opponents/valjean-v01-portal-memory/replays/queen_of_spades-candidate-B.replay,0,roundLimit,opponents/valjean-v01-portal-memory/stats/queen_of_spades-candidate-B.json,opponents/valjean-v01-portal-memory/stats/queen_of_spades-candidate-B.csv,opponents/valjean-v01-portal-memory/graphs/queen_of_spades-candidate-B.svg,2,25,18,288,87,87,26,31,20,13,23,0,0,0,0,43.42857142857143,5.142857142857143,20.8,2,17,12,372,130,130,31,26,50,31,23,0,0,0,0,30.62857142857143,5.142857142857143,20.8
valjean-v01-portal-memory,schooltime,A,A,gavroche-v13-tail-paced-rescue,500,39.085,,,gavroche-v13-tail-paced-rescue,valjean-v01-portal-memory,opponents/valjean-v01-portal-memory/replays/schooltime-candidate-A.log,opponents/valjean-v01-portal-memory/replays/schooltime-candidate-A.replay,0,roundLimit,opponents/valjean-v01-portal-memory/stats/schooltime-candidate-A.json,opponents/valjean-v01-portal-memory/stats/schooltime-candidate-A.csv,opponents/valjean-v01-portal-memory/graphs/schooltime-candidate-A.svg,13,195,43,1230,362,352,113,108,105,50,89,0,0,0,0,53.833333333333336,3.3333333333333335,14.083333333333334,6,83,23,941,299,296,108,113,69,36,78,0,0,0,0,28.75,3.3333333333333335,14.083333333333334
valjean-v01-portal-memory,schooltime,B,B,gavroche-v13-tail-paced-rescue,500,41.701,,,valjean-v01-portal-memory,gavroche-v13-tail-paced-rescue,opponents/valjean-v01-portal-memory/replays/schooltime-candidate-B.log,opponents/valjean-v01-portal-memory/replays/schooltime-candidate-B.replay,0,roundLimit,opponents/valjean-v01-portal-memory/stats/schooltime-candidate-B.json,opponents/valjean-v01-portal-memory/stats/schooltime-candidate-B.csv,opponents/valjean-v01-portal-memory/graphs/schooltime-candidate-B.svg,5,85,49,889,267,265,121,122,45,40,58,0,0,0,0,13.208333333333334,1.3333333333333333,14.083333333333334,11,151,36,1492,461,453,122,121,111,91,130,0,0,0,0,71.375,1.3333333333333333,14.083333333333334
valjean-v01-portal-memory,stronghold,A,A,gavroche-v13-tail-paced-rescue,500,31.015,,,gavroche-v13-tail-paced-rescue,valjean-v01-portal-memory,opponents/valjean-v01-portal-memory/replays/stronghold-candidate-A.log,opponents/valjean-v01-portal-memory/replays/stronghold-candidate-A.replay,0,roundLimit,opponents/valjean-v01-portal-memory/stats/stronghold-candidate-A.json,opponents/valjean-v01-portal-memory/stats/stronghold-candidate-A.csv,opponents/valjean-v01-portal-memory/graphs/stronghold-candidate-A.svg,3,57,47,542,187,186,8,7,59,71,49,0,0,0,0,60.677083333333336,0.08680555555555555,0.0,2,51,44,463,159,159,7,8,49,60,42,0,0,0,0,39.236111111111114,0.08680555555555555,0.0
valjean-v01-portal-memory,stronghold,B,A,valjean-v01-portal-memory,500,31.053,,,valjean-v01-portal-memory,gavroche-v13-tail-paced-rescue,opponents/valjean-v01-portal-memory/replays/stronghold-candidate-B.log,opponents/valjean-v01-portal-memory/replays/stronghold-candidate-B.replay,0,roundLimit,opponents/valjean-v01-portal-memory/stats/stronghold-candidate-B.json,opponents/valjean-v01-portal-memory/stats/stronghold-candidate-B.csv,opponents/valjean-v01-portal-memory/graphs/stronghold-candidate-B.svg,4,58,48,509,182,180,6,7,42,56,75,0,0,0,0,44.61805555555556,2.34375,0.0,6,74,56,658,241,237,7,6,77,90,64,0,0,0,0,53.03819444444444,2.34375,0.0
valjean-v01-portal-memory,trauma,A,A,gavroche-v13-tail-paced-rescue,500,20.084,,,gavroche-v13-tail-paced-rescue,valjean-v01-portal-memory,opponents/valjean-v01-portal-memory/replays/trauma-candidate-A.log,opponents/valjean-v01-portal-memory/replays/trauma-candidate-A.replay,0,roundLimit,opponents/valjean-v01-portal-memory/stats/trauma-candidate-A.json,opponents/valjean-v01-portal-memory/stats/trauma-candidate-A.csv,opponents/valjean-v01-portal-memory/graphs/trauma-candidate-A.svg,3,35,20,625,246,245,10,11,67,59,108,0,0,0,0,50.08680555555556,0.0,0.6944444444444444,3,35,19,386,126,125,11,10,22,34,59,0,0,0,0,49.21875,0.0,0.6944444444444444
valjean-v01-portal-memory,trauma,B,A,valjean-v01-portal-memory,500,25.453,,,valjean-v01-portal-memory,gavroche-v13-tail-paced-rescue,opponents/valjean-v01-portal-memory/replays/trauma-candidate-B.log,opponents/valjean-v01-portal-memory/replays/trauma-candidate-B.replay,0,roundLimit,opponents/valjean-v01-portal-memory/stats/trauma-candidate-B.json,opponents/valjean-v01-portal-memory/stats/trauma-candidate-B.csv,opponents/valjean-v01-portal-memory/graphs/trauma-candidate-B.svg,5,40,15,451,168,165,19,23,31,37,74,0,0,0,0,46.614583333333336,0.6076388888888888,0.6944444444444444,6,43,18,701,266,262,23,19,62,63,118,0,0,0,0,52.083333333333336,0.6076388888888888,0.6944444444444444
valjean-v01-portal-memory,trophy,A,A,gavroche-v13-tail-paced-rescue,337,14.81,,,gavroche-v13-tail-paced-rescue,valjean-v01-portal-memory,opponents/valjean-v01-portal-memory/replays/trophy-candidate-A.log,opponents/valjean-v01-portal-memory/replays/trophy-candidate-A.replay,0,elimination,opponents/valjean-v01-portal-memory/stats/trophy-candidate-A.json,opponents/valjean-v01-portal-memory/stats/trophy-candidate-A.csv,opponents/valjean-v01-portal-memory/graphs/trophy-candidate-A.svg,40,94,3,358,131,93,32,32,20,11,30,0,0,0,0,100.0,0.0,0.0,0,0,0,105,31,33,32,32,0,0,1,0,0,0,0,0.0,0.0,0.0
valjean-v01-portal-memory,trophy,B,B,gavroche-v13-tail-paced-rescue,500,18.924,,,valjean-v01-portal-memory,gavroche-v13-tail-paced-rescue,opponents/valjean-v01-portal-memory/replays/trophy-candidate-B.log,opponents/valjean-v01-portal-memory/replays/trophy-candidate-B.replay,0,roundLimit,opponents/valjean-v01-portal-memory/stats/trophy-candidate-B.json,opponents/valjean-v01-portal-memory/stats/trophy-candidate-B.csv,opponents/valjean-v01-portal-memory/graphs/trophy-candidate-B.svg,1,46,46,429,113,114,68,66,11,26,11,0,0,0,0,37.44,2.88,0.0,2,38,27,393,107,107,66,68,29,5,5,0,0,0,0,59.68,2.88,0.0
godel-x12-tb25-margin1,Colosseum,A,B,godel-x12-tb25-margin1,268,10.979,,,gavroche-v13-tail-paced-rescue,godel-x12-tb25-margin1,opponents/godel-x12-tb25-margin1/replays/Colosseum-candidate-A.log,opponents/godel-x12-tb25-margin1/replays/Colosseum-candidate-A.replay,0,elimination,opponents/godel-x12-tb25-margin1/stats/Colosseum-candidate-A.json,opponents/godel-x12-tb25-margin1/stats/Colosseum-candidate-A.csv,opponents/godel-x12-tb25-margin1/graphs/Colosseum-candidate-A.svg,0,0,0,349,110,111,78,79,24,3,5,0,0,0,0,0.0,0.0,0.0,35,97,10,410,138,104,79,78,22,4,0,0,0,0,0,100.0,0.0,0.0
godel-x12-tb25-margin1,Colosseum,B,A,godel-x12-tb25-margin1,147,5.298,,,godel-x12-tb25-margin1,gavroche-v13-tail-paced-rescue,opponents/godel-x12-tb25-margin1/replays/Colosseum-candidate-B.log,opponents/godel-x12-tb25-margin1/replays/Colosseum-candidate-B.replay,0,elimination,opponents/godel-x12-tb25-margin1/stats/Colosseum-candidate-B.json,opponents/godel-x12-tb25-margin1/stats/Colosseum-candidate-B.csv,opponents/godel-x12-tb25-margin1/graphs/Colosseum-candidate-B.svg,0,0,0,152,43,44,41,41,2,1,0,0,0,0,0,0.0,0.0,0.0,38,89,4,231,86,49,41,41,7,1,0,0,0,0,0,100.0,0.0,0.0
godel-x12-tb25-margin1,arena,A,B,godel-x12-tb25-margin1,60,3.153,,,gavroche-v13-tail-paced-rescue,godel-x12-tb25-margin1,opponents/godel-x12-tb25-margin1/replays/arena-candidate-A.log,opponents/godel-x12-tb25-margin1/replays/arena-candidate-A.replay,0,elimination,opponents/godel-x12-tb25-margin1/stats/arena-candidate-A.json,opponents/godel-x12-tb25-margin1/stats/arena-candidate-A.csv,opponents/godel-x12-tb25-margin1/graphs/arena-candidate-A.svg,0,0,0,87,27,28,27,22,3,3,0,0,0,0,0,0.0,0.0,0.0,19,51,4,197,75,57,22,27,29,1,0,0,0,0,0,100.0,0.0,0.0
godel-x12-tb25-margin1,arena,B,A,godel-x12-tb25-margin1,36,1.929,,,godel-x12-tb25-margin1,gavroche-v13-tail-paced-rescue,opponents/godel-x12-tb25-margin1/replays/arena-candidate-B.log,opponents/godel-x12-tb25-margin1/replays/arena-candidate-B.replay,0,elimination,opponents/godel-x12-tb25-margin1/stats/arena-candidate-B.json,opponents/godel-x12-tb25-margin1/stats/arena-candidate-B.csv,opponents/godel-x12-tb25-margin1/graphs/arena-candidate-B.svg,0,0,0,35,10,11,12,11,0,0,0,0,0,0,0,0.0,0.0,0.0,22,58,4,118,44,23,11,12,11,0,0,0,0,0,0,100.0,0.0,0.0
godel-x12-tb25-margin1,autarky,A,A,gavroche-v13-tail-paced-rescue,417,15.432,,,gavroche-v13-tail-paced-rescue,godel-x12-tb25-margin1,opponents/godel-x12-tb25-margin1/replays/autarky-candidate-A.log,opponents/godel-x12-tb25-margin1/replays/autarky-candidate-A.replay,0,elimination,opponents/godel-x12-tb25-margin1/stats/autarky-candidate-A.json,opponents/godel-x12-tb25-margin1/stats/autarky-candidate-A.csv,opponents/godel-x12-tb25-margin1/graphs/autarky-candidate-A.svg,17,84,13,739,277,266,19,14,86,19,147,0,0,0,0,100.0,0.0,0.0,0,0,0,57,18,24,14,19,4,1,0,0,0,0,0,0.0,0.0,0.0
godel-x12-tb25-margin1,autarky,B,A,godel-x12-tb25-margin1,500,15.627,,,godel-x12-tb25-margin1,gavroche-v13-tail-paced-rescue,opponents/godel-x12-tb25-margin1/replays/autarky-candidate-B.log,opponents/godel-x12-tb25-margin1/replays/autarky-candidate-B.replay,0,roundLimit,opponents/godel-x12-tb25-margin1/stats/autarky-candidate-B.json,opponents/godel-x12-tb25-margin1/stats/autarky-candidate-B.csv,opponents/godel-x12-tb25-margin1/graphs/autarky-candidate-B.svg,8,66,23,682,239,237,19,15,54,24,144,0,0,0,0,81.6872427983539,0.0,0.0,1,28,28,113,22,27,15,19,3,1,0,4,4,0,0,18.31275720164609,0.0,0.0
godel-x12-tb25-margin1,big_empty,A,A,gavroche-v13-tail-paced-rescue,500,65.372,,,gavroche-v13-tail-paced-rescue,godel-x12-tb25-margin1,opponents/godel-x12-tb25-margin1/replays/big_empty-candidate-A.log,opponents/godel-x12-tb25-margin1/replays/big_empty-candidate-A.replay,0,roundLimit,opponents/godel-x12-tb25-margin1/stats/big_empty-candidate-A.json,opponents/godel-x12-tb25-margin1/stats/big_empty-candidate-A.csv,opponents/godel-x12-tb25-margin1/graphs/big_empty-candidate-A.svg,18,530,78,1900,183,168,139,138,2,28,0,0,0,0,0,50.3662109375,4.248046875,0.0,18,353,32,1408,175,160,138,139,1,0,0,20,20,0,0,45.3857421875,4.248046875,0.0
godel-x12-tb25-margin1,big_empty,B,A,godel-x12-tb25-margin1,500,66.238,,,godel-x12-tb25-margin1,gavroche-v13-tail-paced-rescue,opponents/godel-x12-tb25-margin1/replays/big_empty-candidate-B.log,opponents/godel-x12-tb25-margin1/replays/big_empty-candidate-B.replay,0,roundLimit,opponents/godel-x12-tb25-margin1/stats/big_empty-candidate-B.json,opponents/godel-x12-tb25-margin1/stats/big_empty-candidate-B.csv,opponents/godel-x12-tb25-margin1/graphs/big_empty-candidate-B.svg,25,485,40,1807,185,163,140,134,8,21,0,0,0,0,0,52.44140625,5.712890625,0.0,20,347,43,1232,177,160,134,140,1,0,0,19,19,0,0,41.845703125,5.712890625,0.0
godel-x12-tb25-margin1,default,A,B,godel-x12-tb25-margin1,500,19.34,,,gavroche-v13-tail-paced-rescue,godel-x12-tb25-margin1,opponents/godel-x12-tb25-margin1/replays/default-candidate-A.log,opponents/godel-x12-tb25-margin1/replays/default-candidate-A.replay,0,roundLimit,opponents/godel-x12-tb25-margin1/stats/default-candidate-A.json,opponents/godel-x12-tb25-margin1/stats/default-candidate-A.csv,opponents/godel-x12-tb25-margin1/graphs/default-candidate-A.svg,11,100,19,491,147,140,29,21,61,44,14,0,0,0,0,87.98828125,2.05078125,0.0,1,20,20,172,43,46,21,29,14,2,0,1,1,0,0,9.9609375,2.05078125,0.0
godel-x12-tb25-margin1,default,B,A,godel-x12-tb25-margin1,500,16.414,,,godel-x12-tb25-margin1,gavroche-v13-tail-paced-rescue,opponents/godel-x12-tb25-margin1/replays/default-candidate-B.log,opponents/godel-x12-tb25-margin1/replays/default-candidate-B.replay,0,roundLimit,opponents/godel-x12-tb25-margin1/stats/default-candidate-B.json,opponents/godel-x12-tb25-margin1/stats/default-candidate-B.csv,opponents/godel-x12-tb25-margin1/graphs/default-candidate-B.svg,2,16,8,190,58,60,49,39,9,6,6,0,0,0,0,26.171875,1.66015625,0.0,8,95,27,466,123,119,39,49,57,2,0,11,11,0,0,72.16796875,1.66015625,0.0
godel-x12-tb25-margin1,default_small,A,A,gavroche-v13-tail-paced-rescue,321,7.665,,,gavroche-v13-tail-paced-rescue,godel-x12-tb25-margin1,opponents/godel-x12-tb25-margin1/replays/default_small-candidate-A.log,opponents/godel-x12-tb25-margin1/replays/default_small-candidate-A.replay,0,elimination,opponents/godel-x12-tb25-margin1/stats/default_small-candidate-A.json,opponents/godel-x12-tb25-margin1/stats/default_small-candidate-A.csv,opponents/godel-x12-tb25-margin1/graphs/default_small-candidate-A.svg,17,47,9,254,88,73,36,35,6,12,20,0,0,0,0,100.0,0.0,0.0,0,0,0,105,34,36,35,36,0,0,0,0,0,0,0,0.0,0.0,0.0
godel-x12-tb25-margin1,default_small,B,B,gavroche-v13-tail-paced-rescue,374,9.701,,,godel-x12-tb25-margin1,gavroche-v13-tail-paced-rescue,opponents/godel-x12-tb25-margin1/replays/default_small-candidate-B.log,opponents/godel-x12-tb25-margin1/replays/default_small-candidate-B.replay,0,elimination,opponents/godel-x12-tb25-margin1/stats/default_small-candidate-B.json,opponents/godel-x12-tb25-margin1/stats/default_small-candidate-B.csv,opponents/godel-x12-tb25-margin1/graphs/default_small-candidate-B.svg,22,59,9,320,114,94,25,24,7,38,25,0,0,0,0,100.0,0.0,0.0,0,0,0,91,24,26,24,25,1,0,0,0,0,0,0,0.0,0.0,0.0
godel-x12-tb25-margin1,devil,A,B,godel-x12-tb25-margin1,382,25.809,,,gavroche-v13-tail-paced-rescue,godel-x12-tb25-margin1,opponents/godel-x12-tb25-margin1/replays/devil-candidate-A.log,opponents/godel-x12-tb25-margin1/replays/devil-candidate-A.replay,0,elimination,opponents/godel-x12-tb25-margin1/stats/devil-candidate-A.json,opponents/godel-x12-tb25-margin1/stats/devil-candidate-A.csv,opponents/godel-x12-tb25-margin1/graphs/devil-candidate-A.svg,0,0,0,202,71,74,50,49,3,16,6,0,0,0,0,0.0,0.0,0.0,61,169,6,1256,486,428,49,50,209,169,0,0,0,0,0,100.0,0.0,0.0
godel-x12-tb25-margin1,devil,B,B,gavroche-v13-tail-paced-rescue,500,26.981,,,godel-x12-tb25-margin1,gavroche-v13-tail-paced-rescue,opponents/godel-x12-tb25-margin1/replays/devil-candidate-B.log,opponents/godel-x12-tb25-margin1/replays/devil-candidate-B.replay,0,roundLimit,opponents/godel-x12-tb25-margin1/stats/devil-candidate-B.json,opponents/godel-x12-tb25-margin1/stats/devil-candidate-B.csv,opponents/godel-x12-tb25-margin1/graphs/devil-candidate-B.svg,4,76,31,1688,609,608,30,31,142,303,132,0,0,0,0,93.1640625,0.0,0.0,1,2,2,89,30,32,31,30,2,0,0,0,0,0,0,6.8359375,0.0,0.0
godel-x12-tb25-margin1,dilemma,A,B,godel-x12-tb25-margin1,500,7.045,,,gavroche-v13-tail-paced-rescue,godel-x12-tb25-margin1,opponents/godel-x12-tb25-margin1/replays/dilemma-candidate-A.log,opponents/godel-x12-tb25-margin1/replays/dilemma-candidate-A.replay,0,roundLimit,opponents/godel-x12-tb25-margin1/stats/dilemma-candidate-A.json,opponents/godel-x12-tb25-margin1/stats/dilemma-candidate-A.csv,opponents/godel-x12-tb25-margin1/graphs/dilemma-candidate-A.svg,4,8,2,87,36,35,1,1,6,23,5,0,0,0,0,72.0703125,0.9765625,0.0,3,31,27,92,17,17,1,1,0,3,0,13,13,0,0,26.953125,0.9765625,0.0
godel-x12-tb25-margin1,dilemma,B,A,godel-x12-tb25-margin1,500,7.4,,,godel-x12-tb25-margin1,gavroche-v13-tail-paced-rescue,opponents/godel-x12-tb25-margin1/replays/dilemma-candidate-B.log,opponents/godel-x12-tb25-margin1/replays/dilemma-candidate-B.replay,0,roundLimit,opponents/godel-x12-tb25-margin1/stats/dilemma-candidate-B.json,opponents/godel-x12-tb25-margin1/stats/dilemma-candidate-B.csv,opponents/godel-x12-tb25-margin1/graphs/dilemma-candidate-B.svg,2,4,2,49,23,24,2,2,7,4,11,0,0,0,0,34.5703125,8.203125,0.0,3,51,21,129,25,25,2,2,1,5,0,17,17,0,0,57.2265625,8.203125,0.0
godel-x12-tb25-margin1,queen_of_spades,A,B,godel-x12-tb25-margin1,355,5.761,,,gavroche-v13-tail-paced-rescue,godel-x12-tb25-margin1,opponents/godel-x12-tb25-margin1/replays/queen_of_spades-candidate-A.log,opponents/godel-x12-tb25-margin1/replays/queen_of_spades-candidate-A.replay,0,elimination,opponents/godel-x12-tb25-margin1/stats/queen_of_spades-candidate-A.json,opponents/godel-x12-tb25-margin1/stats/queen_of_spades-candidate-A.csv,opponents/godel-x12-tb25-margin1/graphs/queen_of_spades-candidate-A.svg,0,0,0,172,65,67,14,13,26,15,13,0,0,0,0,0.0,0.0,20.8,12,44,12,230,72,62,13,14,24,24,0,0,0,0,0,79.2,0.0,20.8
godel-x12-tb25-margin1,queen_of_spades,B,B,gavroche-v13-tail-paced-rescue,314,7.053,,,godel-x12-tb25-margin1,gavroche-v13-tail-paced-rescue,opponents/godel-x12-tb25-margin1/replays/queen_of_spades-candidate-B.log,opponents/godel-x12-tb25-margin1/replays/queen_of_spades-candidate-B.replay,0,elimination,opponents/godel-x12-tb25-margin1/stats/queen_of_spades-candidate-B.json,opponents/godel-x12-tb25-margin1/stats/queen_of_spades-candidate-B.csv,opponents/godel-x12-tb25-margin1/graphs/queen_of_spades-candidate-B.svg,17,43,3,352,136,121,5,4,48,21,48,0,0,0,0,79.2,0.0,20.8,0,0,0,14,4,6,4,5,1,0,0,0,0,0,0,0.0,0.0,20.8
godel-x12-tb25-margin1,schooltime,A,A,gavroche-v13-tail-paced-rescue,500,33.94,,,gavroche-v13-tail-paced-rescue,godel-x12-tb25-margin1,opponents/godel-x12-tb25-margin1/replays/schooltime-candidate-A.log,opponents/godel-x12-tb25-margin1/replays/schooltime-candidate-A.replay,0,roundLimit,opponents/godel-x12-tb25-margin1/stats/schooltime-candidate-A.json,opponents/godel-x12-tb25-margin1/stats/schooltime-candidate-A.csv,opponents/godel-x12-tb25-margin1/graphs/schooltime-candidate-A.svg,20,303,41,1737,320,303,56,50,106,75,72,0,0,0,0,81.0,0.7916666666666666,14.083333333333334,1,20,20,395,95,97,50,56,27,14,0,0,0,0,0,4.125,0.7916666666666666,14.083333333333334
godel-x12-tb25-margin1,schooltime,B,A,godel-x12-tb25-margin1,500,32.48,,,godel-x12-tb25-margin1,gavroche-v13-tail-paced-rescue,opponents/godel-x12-tb25-margin1/replays/schooltime-candidate-B.log,opponents/godel-x12-tb25-margin1/replays/schooltime-candidate-B.replay,0,roundLimit,opponents/godel-x12-tb25-margin1/stats/schooltime-candidate-B.json,opponents/godel-x12-tb25-margin1/stats/schooltime-candidate-B.csv,opponents/godel-x12-tb25-margin1/graphs/schooltime-candidate-B.svg,2,37,27,561,185,186,105,106,24,24,32,0,0,0,0,7.333333333333333,1.3333333333333333,14.083333333333334,18,275,42,1642,349,334,106,105,163,39,0,27,27,0,0,77.25,1.3333333333333333,14.083333333333334
godel-x12-tb25-margin1,stronghold,A,A,gavroche-v13-tail-paced-rescue,500,30.65,,,gavroche-v13-tail-paced-rescue,godel-x12-tb25-margin1,opponents/godel-x12-tb25-margin1/replays/stronghold-candidate-A.log,opponents/godel-x12-tb25-margin1/replays/stronghold-candidate-A.replay,0,roundLimit,opponents/godel-x12-tb25-margin1/stats/stronghold-candidate-A.json,opponents/godel-x12-tb25-margin1/stats/stronghold-candidate-A.csv,opponents/godel-x12-tb25-margin1/graphs/stronghold-candidate-A.svg,4,71,47,582,210,208,4,3,66,72,67,0,0,0,0,47.916666666666664,2.34375,0.0,2,48,45,463,130,130,3,4,41,54,0,31,31,0,0,49.739583333333336,2.34375,0.0
godel-x12-tb25-margin1,stronghold,B,A,godel-x12-tb25-margin1,500,29.475,,,godel-x12-tb25-margin1,gavroche-v13-tail-paced-rescue,opponents/godel-x12-tb25-margin1/replays/stronghold-candidate-B.log,opponents/godel-x12-tb25-margin1/replays/stronghold-candidate-B.replay,0,roundLimit,opponents/godel-x12-tb25-margin1/stats/stronghold-candidate-B.json,opponents/godel-x12-tb25-margin1/stats/stronghold-candidate-B.csv,opponents/godel-x12-tb25-margin1/graphs/stronghold-candidate-B.svg,3,20,16,507,170,169,5,5,47,62,55,0,0,0,0,60.763888888888886,0.4340277777777778,0.0,7,81,39,402,110,105,5,5,41,29,0,30,30,0,0,38.802083333333336,0.4340277777777778,0.0
godel-x12-tb25-margin1,trauma,A,A,gavroche-v13-tail-paced-rescue,500,18.913,,,gavroche-v13-tail-paced-rescue,godel-x12-tb25-margin1,opponents/godel-x12-tb25-margin1/replays/trauma-candidate-A.log,opponents/godel-x12-tb25-margin1/replays/trauma-candidate-A.replay,0,roundLimit,opponents/godel-x12-tb25-margin1/stats/trauma-candidate-A.json,opponents/godel-x12-tb25-margin1/stats/trauma-candidate-A.csv,opponents/godel-x12-tb25-margin1/graphs/trauma-candidate-A.svg,7,72,15,823,312,307,10,11,53,75,168,0,0,0,0,87.58680555555556,0.08680555555555555,0.6944444444444444,1,8,8,59,14,15,11,10,3,1,0,1,1,0,0,11.631944444444445,0.08680555555555555,0.6944444444444444
godel-x12-tb25-margin1,trauma,B,B,gavroche-v13-tail-paced-rescue,500,12.139,,,godel-x12-tb25-margin1,gavroche-v13-tail-paced-rescue,opponents/godel-x12-tb25-margin1/replays/trauma-candidate-B.log,opponents/godel-x12-tb25-margin1/replays/trauma-candidate-B.replay,0,roundLimit,opponents/godel-x12-tb25-margin1/stats/trauma-candidate-B.json,opponents/godel-x12-tb25-margin1/stats/trauma-candidate-B.csv,opponents/godel-x12-tb25-margin1/graphs/trauma-candidate-B.svg,4,49,22,373,131,129,13,12,21,46,50,0,0,0,0,57.638888888888886,0.0,0.6944444444444444,5,30,11,182,52,49,12,13,13,20,0,3,3,0,0,41.666666666666664,0.0,0.6944444444444444
godel-x12-tb25-margin1,trophy,A,A,gavroche-v13-tail-paced-rescue,471,22.099,,,gavroche-v13-tail-paced-rescue,godel-x12-tb25-margin1,opponents/godel-x12-tb25-margin1/replays/trophy-candidate-A.log,opponents/godel-x12-tb25-margin1/replays/trophy-candidate-A.replay,0,elimination,opponents/godel-x12-tb25-margin1/stats/trophy-candidate-A.json,opponents/godel-x12-tb25-margin1/stats/trophy-candidate-A.csv,opponents/godel-x12-tb25-margin1/graphs/trophy-candidate-A.svg,13,125,22,633,179,168,58,60,47,38,23,0,0,0,0,100.0,0.0,0.0,0,0,0,224,62,64,60,58,3,3,0,0,0,0,0,0.0,0.0,0.0
godel-x12-tb25-margin1,trophy,B,B,gavroche-v13-tail-paced-rescue,363,20.924,,,godel-x12-tb25-margin1,gavroche-v13-tail-paced-rescue,opponents/godel-x12-tb25-margin1/replays/trophy-candidate-B.log,opponents/godel-x12-tb25-margin1/replays/trophy-candidate-B.replay,0,elimination,opponents/godel-x12-tb25-margin1/stats/trophy-candidate-B.json,opponents/godel-x12-tb25-margin1/stats/trophy-candidate-B.csv,opponents/godel-x12-tb25-margin1/graphs/trophy-candidate-B.svg,53,133,4,522,202,151,33,34,56,24,37,0,0,0,0,100.0,0.0,0.0,0,0,0,107,36,38,34,33,2,3,0,0,0,0,0,0.0,0.0,0.0
monte_christo-x12-remote-density,Colosseum,A,A,gavroche-v13-tail-paced-rescue,120,4.18,,,gavroche-v13-tail-paced-rescue,monte_christo-x12-remote-density,opponents/monte_christo-x12-remote-density/replays/Colosseum-candidate-A.log,opponents/monte_christo-x12-remote-density/replays/Colosseum-candidate-A.replay,0,elimination,opponents/monte_christo-x12-remote-density/stats/Colosseum-candidate-A.json,opponents/monte_christo-x12-remote-density/stats/Colosseum-candidate-A.csv,opponents/monte_christo-x12-remote-density/graphs/Colosseum-candidate-A.svg,27,69,3,183,67,41,18,18,18,2,3,0,0,0,0,100.0,0.0,0.0,0,0,0,71,22,23,18,18,4,1,0,0,0,0,0,0.0,0.0,0.0
monte_christo-x12-remote-density,Colosseum,B,B,gavroche-v13-tail-paced-rescue,125,3.088,,,monte_christo-x12-remote-density,gavroche-v13-tail-paced-rescue,opponents/monte_christo-x12-remote-density/replays/Colosseum-candidate-B.log,opponents/monte_christo-x12-remote-density/replays/Colosseum-candidate-B.replay,0,elimination,opponents/monte_christo-x12-remote-density/stats/Colosseum-candidate-B.json,opponents/monte_christo-x12-remote-density/stats/Colosseum-candidate-B.csv,opponents/monte_christo-x12-remote-density/graphs/Colosseum-candidate-B.svg,28,74,4,209,74,47,29,28,15,4,0,0,0,0,0,100.0,0.0,0.0,0,0,0,93,29,30,28,29,0,1,0,0,0,0,0,0.0,0.0,0.0
monte_christo-x12-remote-density,arena,A,A,gavroche-v13-tail-paced-rescue,68,2.96,,,gavroche-v13-tail-paced-rescue,monte_christo-x12-remote-density,opponents/monte_christo-x12-remote-density/replays/arena-candidate-A.log,opponents/monte_christo-x12-remote-density/replays/arena-candidate-A.replay,0,elimination,opponents/monte_christo-x12-remote-density/stats/arena-candidate-A.json,opponents/monte_christo-x12-remote-density/stats/arena-candidate-A.csv,opponents/monte_christo-x12-remote-density/graphs/arena-candidate-A.svg,22,60,4,206,73,52,22,23,14,11,4,0,0,0,0,100.0,0.0,0.0,0,0,0,79,22,23,23,22,1,0,0,0,0,0,0,0.0,0.0,0.0
monte_christo-x12-remote-density,arena,B,B,gavroche-v13-tail-paced-rescue,38,1.379,,,monte_christo-x12-remote-density,gavroche-v13-tail-paced-rescue,opponents/monte_christo-x12-remote-density/replays/arena-candidate-B.log,opponents/monte_christo-x12-remote-density/replays/arena-candidate-B.replay,0,elimination,opponents/monte_christo-x12-remote-density/stats/arena-candidate-B.json,opponents/monte_christo-x12-remote-density/stats/arena-candidate-B.csv,opponents/monte_christo-x12-remote-density/graphs/arena-candidate-B.svg,20,49,4,93,36,17,11,11,5,1,0,0,0,0,0,100.0,0.0,0.0,0,0,0,37,10,11,11,11,0,0,0,0,0,0,0,0.0,0.0,0.0
monte_christo-x12-remote-density,autarky,A,A,gavroche-v13-tail-paced-rescue,500,19.479,,,gavroche-v13-tail-paced-rescue,monte_christo-x12-remote-density,opponents/monte_christo-x12-remote-density/replays/autarky-candidate-A.log,opponents/monte_christo-x12-remote-density/replays/autarky-candidate-A.replay,0,roundLimit,opponents/monte_christo-x12-remote-density/stats/autarky-candidate-A.json,opponents/monte_christo-x12-remote-density/stats/autarky-candidate-A.csv,opponents/monte_christo-x12-remote-density/graphs/autarky-candidate-A.svg,12,119,57,788,269,263,15,30,52,30,151,0,0,0,0,85.18518518518519,7.921810699588478,0.0,2,5,3,153,59,63,30,15,16,10,22,0,0,0,0,6.893004115226337,7.921810699588478,0.0
monte_christo-x12-remote-density,autarky,B,B,gavroche-v13-tail-paced-rescue,500,18.343,,,monte_christo-x12-remote-density,gavroche-v13-tail-paced-rescue,opponents/monte_christo-x12-remote-density/replays/autarky-candidate-B.log,opponents/monte_christo-x12-remote-density/replays/autarky-candidate-B.replay,0,roundLimit,opponents/monte_christo-x12-remote-density/stats/autarky-candidate-B.json,opponents/monte_christo-x12-remote-density/stats/autarky-candidate-B.csv,opponents/monte_christo-x12-remote-density/graphs/autarky-candidate-B.svg,9,72,37,641,228,225,27,30,53,28,114,0,0,0,0,90.94650205761317,2.1604938271604937,0.0,1,23,23,272,94,99,30,27,16,3,53,0,0,0,0,6.893004115226337,2.1604938271604937,0.0
monte_christo-x12-remote-density,big_empty,A,A,gavroche-v13-tail-paced-rescue,500,78.639,,,gavroche-v13-tail-paced-rescue,monte_christo-x12-remote-density,opponents/monte_christo-x12-remote-density/replays/big_empty-candidate-A.log,opponents/monte_christo-x12-remote-density/replays/big_empty-candidate-A.replay,0,roundLimit,opponents/monte_christo-x12-remote-density/stats/big_empty-candidate-A.json,opponents/monte_christo-x12-remote-density/stats/big_empty-candidate-A.csv,opponents/monte_christo-x12-remote-density/graphs/big_empty-candidate-A.svg,19,335,47,1344,177,161,138,138,3,20,0,0,0,0,0,46.2890625,3.857421875,0.0,18,328,29,1335,175,160,138,138,1,21,0,0,0,0,0,49.853515625,3.857421875,0.0
monte_christo-x12-remote-density,big_empty,B,B,gavroche-v13-tail-paced-rescue,500,77.904,,,monte_christo-x12-remote-density,gavroche-v13-tail-paced-rescue,opponents/monte_christo-x12-remote-density/replays/big_empty-candidate-B.log,opponents/monte_christo-x12-remote-density/replays/big_empty-candidate-B.replay,0,roundLimit,opponents/monte_christo-x12-remote-density/stats/big_empty-candidate-B.json,opponents/monte_christo-x12-remote-density/stats/big_empty-candidate-B.csv,opponents/monte_christo-x12-remote-density/graphs/big_empty-candidate-B.svg,15,319,76,1286,179,167,125,122,3,42,0,0,0,0,0,38.037109375,2.9296875,0.0,23,362,55,1276,178,158,122,125,2,31,0,0,0,0,0,59.033203125,2.9296875,0.0
monte_christo-x12-remote-density,default,A,B,monte_christo-x12-remote-density,500,19.887,,,gavroche-v13-tail-paced-rescue,monte_christo-x12-remote-density,opponents/monte_christo-x12-remote-density/replays/default-candidate-A.log,opponents/monte_christo-x12-remote-density/replays/default-candidate-A.replay,0,roundLimit,opponents/monte_christo-x12-remote-density/stats/default-candidate-A.json,opponents/monte_christo-x12-remote-density/stats/default-candidate-A.csv,opponents/monte_christo-x12-remote-density/graphs/default-candidate-A.svg,11,106,13,404,114,107,28,30,49,16,12,0,0,0,0,74.51171875,1.07421875,0.0,2,19,16,183,59,61,30,28,23,7,3,0,0,0,0,24.4140625,1.07421875,0.0
monte_christo-x12-remote-density,default,B,B,gavroche-v13-tail-paced-rescue,500,17.251,,,monte_christo-x12-remote-density,gavroche-v13-tail-paced-rescue,opponents/monte_christo-x12-remote-density/replays/default-candidate-B.log,opponents/monte_christo-x12-remote-density/replays/default-candidate-B.replay,0,roundLimit,opponents/monte_christo-x12-remote-density/stats/default-candidate-B.json,opponents/monte_christo-x12-remote-density/stats/default-candidate-B.csv,opponents/monte_christo-x12-remote-density/graphs/default-candidate-B.svg,3,40,22,224,63,64,30,35,14,11,4,0,0,0,0,32.6171875,4.00390625,0.0,5,63,19,272,87,86,35,30,35,13,8,0,0,0,0,63.37890625,4.00390625,0.0
monte_christo-x12-remote-density,default_small,A,A,gavroche-v13-tail-paced-rescue,299,8.681,,,gavroche-v13-tail-paced-rescue,monte_christo-x12-remote-density,opponents/monte_christo-x12-remote-density/replays/default_small-candidate-A.log,opponents/monte_christo-x12-remote-density/replays/default_small-candidate-A.replay,0,elimination,opponents/monte_christo-x12-remote-density/stats/default_small-candidate-A.json,opponents/monte_christo-x12-remote-density/stats/default_small-candidate-A.csv,opponents/monte_christo-x12-remote-density/graphs/default_small-candidate-A.svg,25,65,6,246,94,71,16,16,12,20,23,0,0,0,0,100.0,0.0,0.0,0,0,0,53,16,18,16,16,0,1,1,0,0,0,0,0.0,0.0,0.0
monte_christo-x12-remote-density,default_small,B,A,monte_christo-x12-remote-density,188,4.728,,,monte_christo-x12-remote-density,gavroche-v13-tail-paced-rescue,opponents/monte_christo-x12-remote-density/replays/default_small-candidate-B.log,opponents/monte_christo-x12-remote-density/replays/default_small-candidate-B.replay,0,elimination,opponents/monte_christo-x12-remote-density/stats/default_small-candidate-B.json,opponents/monte_christo-x12-remote-density/stats/default_small-candidate-B.csv,opponents/monte_christo-x12-remote-density/graphs/default_small-candidate-B.svg,0,0,0,12,3,5,5,5,0,0,0,0,0,0,0,0.0,0.0,0.0,27,60,3,140,60,35,5,5,7,12,11,0,0,0,0,100.0,0.0,0.0
monte_christo-x12-remote-density,devil,A,A,gavroche-v13-tail-paced-rescue,500,26.52,,,gavroche-v13-tail-paced-rescue,monte_christo-x12-remote-density,opponents/monte_christo-x12-remote-density/replays/devil-candidate-A.log,opponents/monte_christo-x12-remote-density/replays/devil-candidate-A.replay,0,roundLimit,opponents/monte_christo-x12-remote-density/stats/devil-candidate-A.json,opponents/monte_christo-x12-remote-density/stats/devil-candidate-A.csv,opponents/monte_christo-x12-remote-density/graphs/devil-candidate-A.svg,1,43,43,1295,467,469,61,65,101,204,99,0,0,0,0,44.53125,0.78125,0.0,2,35,18,396,127,128,65,61,9,42,16,0,0,0,0,54.6875,0.78125,0.0
monte_christo-x12-remote-density,devil,B,B,gavroche-v13-tail-paced-rescue,330,20.056,,,monte_christo-x12-remote-density,gavroche-v13-tail-paced-rescue,opponents/monte_christo-x12-remote-density/replays/devil-candidate-B.log,opponents/monte_christo-x12-remote-density/replays/devil-candidate-B.replay,0,elimination,opponents/monte_christo-x12-remote-density/stats/devil-candidate-B.json,opponents/monte_christo-x12-remote-density/stats/devil-candidate-B.csv,opponents/monte_christo-x12-remote-density/graphs/devil-candidate-B.svg,35,92,6,966,384,352,50,48,73,141,90,0,0,0,0,100.0,0.0,0.0,0,0,0,239,88,91,48,50,4,20,17,0,0,0,0,0.0,0.0,0.0
monte_christo-x12-remote-density,dilemma,A,A,gavroche-v13-tail-paced-rescue,108,2.641,,,gavroche-v13-tail-paced-rescue,monte_christo-x12-remote-density,opponents/monte_christo-x12-remote-density/replays/dilemma-candidate-A.log,opponents/monte_christo-x12-remote-density/replays/dilemma-candidate-A.replay,0,elimination,opponents/monte_christo-x12-remote-density/stats/dilemma-candidate-A.json,opponents/monte_christo-x12-remote-density/stats/dilemma-candidate-A.csv,opponents/monte_christo-x12-remote-density/graphs/dilemma-candidate-A.svg,3,9,5,94,38,38,2,5,4,11,18,0,0,0,0,100.0,0.0,0.0,0,0,0,2,0,3,5,2,0,1,0,0,0,0,0,0.0,0.0,0.0
monte_christo-x12-remote-density,dilemma,B,A,monte_christo-x12-remote-density,500,6.974,,,monte_christo-x12-remote-density,gavroche-v13-tail-paced-rescue,opponents/monte_christo-x12-remote-density/replays/dilemma-candidate-B.log,opponents/monte_christo-x12-remote-density/replays/dilemma-candidate-B.replay,0,roundLimit,opponents/monte_christo-x12-remote-density/stats/dilemma-candidate-B.json,opponents/monte_christo-x12-remote-density/stats/dilemma-candidate-B.csv,opponents/monte_christo-x12-remote-density/graphs/dilemma-candidate-B.svg,6,31,20,276,92,89,1,3,16,26,44,0,0,0,0,75.1953125,3.7109375,0.0,2,24,22,29,2,3,3,1,0,0,2,0,0,0,0,21.09375,3.7109375,0.0
monte_christo-x12-remote-density,queen_of_spades,A,B,monte_christo-x12-remote-density,500,7.492,,,gavroche-v13-tail-paced-rescue,monte_christo-x12-remote-density,opponents/monte_christo-x12-remote-density/replays/queen_of_spades-candidate-A.log,opponents/monte_christo-x12-remote-density/replays/queen_of_spades-candidate-A.replay,0,roundLimit,opponents/monte_christo-x12-remote-density/stats/queen_of_spades-candidate-A.json,opponents/monte_christo-x12-remote-density/stats/queen_of_spades-candidate-A.csv,opponents/monte_christo-x12-remote-density/graphs/queen_of_spades-candidate-A.svg,4,32,14,115,28,26,13,15,4,3,4,0,0,0,0,33.142857142857146,0.8,20.8,2,41,22,337,109,109,15,13,38,26,32,0,0,0,0,45.25714285714286,0.8,20.8
monte_christo-x12-remote-density,queen_of_spades,B,A,monte_christo-x12-remote-density,211,4.944,,,monte_christo-x12-remote-density,gavroche-v13-tail-paced-rescue,opponents/monte_christo-x12-remote-density/replays/queen_of_spades-candidate-B.log,opponents/monte_christo-x12-remote-density/replays/queen_of_spades-candidate-B.replay,0,elimination,opponents/monte_christo-x12-remote-density/stats/queen_of_spades-candidate-B.json,opponents/monte_christo-x12-remote-density/stats/queen_of_spades-candidate-B.csv,opponents/monte_christo-x12-remote-density/graphs/queen_of_spades-candidate-B.svg,0,0,0,30,11,13,4,5,5,1,2,0,0,0,0,0.0,0.0,20.8,19,45,4,249,103,86,5,4,35,23,24,0,0,0,0,79.2,0.0,20.8
monte_christo-x12-remote-density,schooltime,A,B,monte_christo-x12-remote-density,500,37.631,,,gavroche-v13-tail-paced-rescue,monte_christo-x12-remote-density,opponents/monte_christo-x12-remote-density/replays/schooltime-candidate-A.log,opponents/monte_christo-x12-remote-density/replays/schooltime-candidate-A.replay,0,roundLimit,opponents/monte_christo-x12-remote-density/stats/schooltime-candidate-A.json,opponents/monte_christo-x12-remote-density/stats/schooltime-candidate-A.csv,opponents/monte_christo-x12-remote-density/graphs/schooltime-candidate-A.svg,2,29,24,542,180,181,81,83,28,24,46,0,0,0,0,8.458333333333334,3.0416666666666665,14.083333333333334,18,209,42,1415,355,340,83,81,93,72,94,0,0,0,0,74.41666666666667,3.0416666666666665,14.083333333333334
monte_christo-x12-remote-density,schooltime,B,B,gavroche-v13-tail-paced-rescue,500,30.103,,,monte_christo-x12-remote-density,gavroche-v13-tail-paced-rescue,opponents/monte_christo-x12-remote-density/replays/schooltime-candidate-B.log,opponents/monte_christo-x12-remote-density/replays/schooltime-candidate-B.replay,0,elimination,opponents/monte_christo-x12-remote-density/stats/schooltime-candidate-B.json,opponents/monte_christo-x12-remote-density/stats/schooltime-candidate-B.csv,opponents/monte_christo-x12-remote-density/graphs/schooltime-candidate-B.svg,18,312,66,1844,374,359,25,19,129,92,119,0,0,0,0,85.91666666666667,0.0,14.083333333333334,0,0,0,96,28,31,19,25,2,1,3,0,0,0,0,0.0,0.0,14.083333333333334
monte_christo-x12-remote-density,stronghold,A,A,gavroche-v13-tail-paced-rescue,500,34.868,,,gavroche-v13-tail-paced-rescue,monte_christo-x12-remote-density,opponents/monte_christo-x12-remote-density/replays/stronghold-candidate-A.log,opponents/monte_christo-x12-remote-density/replays/stronghold-candidate-A.replay,0,roundLimit,opponents/monte_christo-x12-remote-density/stats/stronghold-candidate-A.json,opponents/monte_christo-x12-remote-density/stats/stronghold-candidate-A.csv,opponents/monte_christo-x12-remote-density/graphs/stronghold-candidate-A.svg,2,57,52,636,228,228,12,12,73,73,70,0,0,0,0,39.84375,1.5625,0.0,2,60,51,600,207,207,12,12,51,48,96,0,0,0,0,58.59375,1.5625,0.0
monte_christo-x12-remote-density,stronghold,B,A,monte_christo-x12-remote-density,500,33.184,,,monte_christo-x12-remote-density,gavroche-v13-tail-paced-rescue,opponents/monte_christo-x12-remote-density/replays/stronghold-candidate-B.log,opponents/monte_christo-x12-remote-density/replays/stronghold-candidate-B.replay,0,roundLimit,opponents/monte_christo-x12-remote-density/stats/stronghold-candidate-B.json,opponents/monte_christo-x12-remote-density/stats/stronghold-candidate-B.csv,opponents/monte_christo-x12-remote-density/graphs/stronghold-candidate-B.svg,1,51,51,425,137,138,4,6,35,60,37,0,0,0,0,25.43402777777778,0.0,0.0,3,68,58,619,227,226,6,4,75,80,67,0,0,0,0,74.56597222222223,0.0,0.0
monte_christo-x12-remote-density,trauma,A,A,gavroche-v13-tail-paced-rescue,500,23.314,,,gavroche-v13-tail-paced-rescue,monte_christo-x12-remote-density,opponents/monte_christo-x12-remote-density/replays/trauma-candidate-A.log,opponents/monte_christo-x12-remote-density/replays/trauma-candidate-A.replay,0,roundLimit,opponents/monte_christo-x12-remote-density/stats/trauma-candidate-A.json,opponents/monte_christo-x12-remote-density/stats/trauma-candidate-A.csv,opponents/monte_christo-x12-remote-density/graphs/trauma-candidate-A.svg,2,31,16,524,206,206,13,13,42,49,102,0,0,0,0,43.83680555555556,0.1736111111111111,0.6944444444444444,6,37,9,569,219,215,13,13,54,43,105,0,0,0,0,55.295138888888886,0.1736111111111111,0.6944444444444444
monte_christo-x12-remote-density,trauma,B,A,monte_christo-x12-remote-density,500,23.444,,,monte_christo-x12-remote-density,gavroche-v13-tail-paced-rescue,opponents/monte_christo-x12-remote-density/replays/trauma-candidate-B.log,opponents/monte_christo-x12-remote-density/replays/trauma-candidate-B.replay,0,roundLimit,opponents/monte_christo-x12-remote-density/stats/trauma-candidate-B.json,opponents/monte_christo-x12-remote-density/stats/trauma-candidate-B.csv,opponents/monte_christo-x12-remote-density/graphs/trauma-candidate-B.svg,1,19,19,252,89,90,11,12,20,20,38,0,0,0,0,26.649305555555557,0.0,0.6944444444444444,8,64,25,641,240,234,12,11,61,68,94,0,0,0,0,72.65625,0.0,0.6944444444444444
monte_christo-x12-remote-density,trophy,A,A,gavroche-v13-tail-paced-rescue,243,10.838,,,gavroche-v13-tail-paced-rescue,monte_christo-x12-remote-density,opponents/monte_christo-x12-remote-density/replays/trophy-candidate-A.log,opponents/monte_christo-x12-remote-density/replays/trophy-candidate-A.replay,0,elimination,opponents/monte_christo-x12-remote-density/stats/trophy-candidate-A.json,opponents/monte_christo-x12-remote-density/stats/trophy-candidate-A.csv,opponents/monte_christo-x12-remote-density/graphs/trophy-candidate-A.svg,46,115,4,301,115,71,24,25,21,13,12,0,0,0,0,100.0,0.0,0.0,0,0,0,80,25,27,25,24,0,2,1,0,0,0,0,0.0,0.0,0.0
monte_christo-x12-remote-density,trophy,B,A,monte_christo-x12-remote-density,434,23.88,,,monte_christo-x12-remote-density,gavroche-v13-tail-paced-rescue,opponents/monte_christo-x12-remote-density/replays/trophy-candidate-B.log,opponents/monte_christo-x12-remote-density/replays/trophy-candidate-B.replay,0,elimination,opponents/monte_christo-x12-remote-density/stats/trophy-candidate-B.json,opponents/monte_christo-x12-remote-density/stats/trophy-candidate-B.csv,opponents/monte_christo-x12-remote-density/graphs/trophy-candidate-B.svg,0,0,0,124,36,38,38,36,0,1,1,0,0,0,0,0.0,0.0,0.0,32,125,21,530,183,153,36,38,58,22,35,0,0,0,0,100.0,0.0,0.0
athos-x06-f-crown,Colosseum,A,B,athos-x06-f-crown,154,4.676,,,gavroche-v13-tail-paced-rescue,athos-x06-f-crown,opponents/athos-x06-f-crown/replays/Colosseum-candidate-A.log,opponents/athos-x06-f-crown/replays/Colosseum-candidate-A.replay,0,elimination,opponents/athos-x06-f-crown/stats/Colosseum-candidate-A.json,opponents/athos-x06-f-crown/stats/Colosseum-candidate-A.csv,opponents/athos-x06-f-crown/graphs/Colosseum-candidate-A.svg,0,0,0,57,18,19,17,19,0,0,0,0,0,0,0,0.0,0.0,0.0,30,71,3,219,83,54,19,17,32,3,2,0,0,0,0,100.0,0.0,0.0
athos-x06-f-crown,Colosseum,B,A,athos-x06-f-crown,134,4.232,,,athos-x06-f-crown,gavroche-v13-tail-paced-rescue,opponents/athos-x06-f-crown/replays/Colosseum-candidate-B.log,opponents/athos-x06-f-crown/replays/Colosseum-candidate-B.replay,0,elimination,opponents/athos-x06-f-crown/stats/Colosseum-candidate-B.json,opponents/athos-x06-f-crown/stats/Colosseum-candidate-B.csv,opponents/athos-x06-f-crown/graphs/Colosseum-candidate-B.svg,0,0,0,70,22,23,21,21,1,0,1,0,0,0,0,0.0,0.0,0.0,34,79,4,225,92,59,21,21,33,4,1,0,0,0,0,100.0,0.0,0.0
athos-x06-f-crown,arena,A,B,athos-x06-f-crown,103,3.569,,,gavroche-v13-tail-paced-rescue,athos-x06-f-crown,opponents/athos-x06-f-crown/replays/arena-candidate-A.log,opponents/athos-x06-f-crown/replays/arena-candidate-A.replay,0,elimination,opponents/athos-x06-f-crown/stats/arena-candidate-A.json,opponents/athos-x06-f-crown/stats/arena-candidate-A.csv,opponents/athos-x06-f-crown/graphs/arena-candidate-A.svg,0,0,0,137,44,45,43,39,2,1,3,0,0,0,0,0.0,0.0,0.0,28,67,4,298,112,85,39,43,23,15,4,0,0,0,0,100.0,0.0,0.0
athos-x06-f-crown,arena,B,A,athos-x06-f-crown,67,2.956,,,athos-x06-f-crown,gavroche-v13-tail-paced-rescue,opponents/athos-x06-f-crown/replays/arena-candidate-B.log,opponents/athos-x06-f-crown/replays/arena-candidate-B.replay,0,elimination,opponents/athos-x06-f-crown/stats/arena-candidate-B.json,opponents/athos-x06-f-crown/stats/arena-candidate-B.csv,opponents/athos-x06-f-crown/graphs/arena-candidate-B.svg,0,0,0,134,42,43,35,35,2,4,2,0,0,0,0,0.0,0.0,0.0,18,45,4,195,74,57,35,35,12,10,0,0,0,0,0,100.0,0.0,0.0
athos-x06-f-crown,autarky,A,A,gavroche-v13-tail-paced-rescue,500,18.02,,,gavroche-v13-tail-paced-rescue,athos-x06-f-crown,opponents/athos-x06-f-crown/replays/autarky-candidate-A.log,opponents/athos-x06-f-crown/replays/autarky-candidate-A.replay,0,roundLimit,opponents/athos-x06-f-crown/stats/autarky-candidate-A.json,opponents/athos-x06-f-crown/stats/autarky-candidate-A.csv,opponents/athos-x06-f-crown/graphs/autarky-candidate-A.svg,9,88,25,679,235,232,18,20,40,33,139,0,0,0,0,82.4074074074074,0.9259259259259259,0.0,2,23,21,179,60,64,20,18,14,8,24,0,0,0,0,16.666666666666668,0.9259259259259259,0.0
athos-x06-f-crown,autarky,B,B,gavroche-v13-tail-paced-rescue,412,15.487,,,athos-x06-f-crown,gavroche-v13-tail-paced-rescue,opponents/athos-x06-f-crown/replays/autarky-candidate-B.log,opponents/athos-x06-f-crown/replays/autarky-candidate-B.replay,0,elimination,opponents/athos-x06-f-crown/stats/autarky-candidate-B.json,opponents/athos-x06-f-crown/stats/autarky-candidate-B.csv,opponents/athos-x06-f-crown/graphs/autarky-candidate-B.svg,31,125,24,695,265,240,11,12,61,28,139,0,0,0,0,100.0,0.0,0.0,0,0,0,84,34,40,12,11,15,3,11,0,0,0,0,0.0,0.0,0.0
athos-x06-f-crown,big_empty,A,A,gavroche-v13-tail-paced-rescue,500,69.207,,,gavroche-v13-tail-paced-rescue,athos-x06-f-crown,opponents/athos-x06-f-crown/replays/big_empty-candidate-A.log,opponents/athos-x06-f-crown/replays/big_empty-candidate-A.replay,0,roundLimit,opponents/athos-x06-f-crown/stats/big_empty-candidate-A.json,opponents/athos-x06-f-crown/stats/big_empty-candidate-A.csv,opponents/athos-x06-f-crown/graphs/big_empty-candidate-A.svg,24,413,65,1298,161,140,106,106,4,30,0,0,0,0,0,51.2939453125,7.4951171875,0.0,19,290,49,1206,158,142,106,106,4,32,0,0,0,0,0,41.2109375,7.4951171875,0.0
athos-x06-f-crown,big_empty,B,B,gavroche-v13-tail-paced-rescue,500,66.817,,,athos-x06-f-crown,gavroche-v13-tail-paced-rescue,opponents/athos-x06-f-crown/replays/big_empty-candidate-B.log,opponents/athos-x06-f-crown/replays/big_empty-candidate-B.replay,0,roundLimit,opponents/athos-x06-f-crown/stats/big_empty-candidate-B.json,opponents/athos-x06-f-crown/stats/big_empty-candidate-B.csv,opponents/athos-x06-f-crown/graphs/big_empty-candidate-B.svg,22,489,63,1362,159,140,107,108,3,29,0,0,0,0,0,57.4951171875,3.9306640625,0.0,17,360,42,1233,153,139,108,107,0,32,0,0,0,0,0,38.57421875,3.9306640625,0.0
athos-x06-f-crown,default,A,A,gavroche-v13-tail-paced-rescue,500,16.371,,,gavroche-v13-tail-paced-rescue,athos-x06-f-crown,opponents/athos-x06-f-crown/replays/default-candidate-A.log,opponents/athos-x06-f-crown/replays/default-candidate-A.replay,0,roundLimit,opponents/athos-x06-f-crown/stats/default-candidate-A.json,opponents/athos-x06-f-crown/stats/default-candidate-A.csv,opponents/athos-x06-f-crown/graphs/default-candidate-A.svg,8,86,24,412,124,120,35,39,44,27,10,0,0,0,0,95.703125,0.87890625,0.0,1,4,4,151,56,59,39,35,12,6,6,0,0,0,0,3.41796875,0.87890625,0.0
athos-x06-f-crown,default,B,A,athos-x06-f-crown,500,15.749,,,athos-x06-f-crown,gavroche-v13-tail-paced-rescue,opponents/athos-x06-f-crown/replays/default-candidate-B.log,opponents/athos-x06-f-crown/replays/default-candidate-B.replay,0,roundLimit,opponents/athos-x06-f-crown/stats/default-candidate-B.json,opponents/athos-x06-f-crown/stats/default-candidate-B.csv,opponents/athos-x06-f-crown/graphs/default-candidate-B.svg,1,9,9,138,49,52,29,25,17,6,4,0,0,0,0,16.015625,0.0,0.0,5,76,37,508,152,151,25,29,72,40,10,0,0,0,0,83.984375,0.0,0.0
athos-x06-f-crown,default_small,A,B,athos-x06-f-crown,332,6.785,,,gavroche-v13-tail-paced-rescue,athos-x06-f-crown,opponents/athos-x06-f-crown/replays/default_small-candidate-A.log,opponents/athos-x06-f-crown/replays/default_small-candidate-A.replay,0,elimination,opponents/athos-x06-f-crown/stats/default_small-candidate-A.json,opponents/athos-x06-f-crown/stats/default_small-candidate-A.csv,opponents/athos-x06-f-crown/graphs/default_small-candidate-A.svg,0,0,0,78,27,29,17,17,2,8,2,0,0,0,0,0.0,0.0,0.0,21,55,6,228,86,67,17,17,15,19,16,0,0,0,0,100.0,0.0,0.0
athos-x06-f-crown,default_small,B,A,athos-x06-f-crown,202,3.923,,,athos-x06-f-crown,gavroche-v13-tail-paced-rescue,opponents/athos-x06-f-crown/replays/default_small-candidate-B.log,opponents/athos-x06-f-crown/replays/default_small-candidate-B.replay,0,elimination,opponents/athos-x06-f-crown/stats/default_small-candidate-B.json,opponents/athos-x06-f-crown/stats/default_small-candidate-B.csv,opponents/athos-x06-f-crown/graphs/default_small-candidate-B.svg,0,0,0,42,16,18,11,11,1,4,2,0,0,0,0,0.0,0.0,0.0,20,46,3,146,57,39,11,11,7,10,11,0,0,0,0,100.0,0.0,0.0
athos-x06-f-crown,devil,A,A,gavroche-v13-tail-paced-rescue,328,21.0,,,gavroche-v13-tail-paced-rescue,athos-x06-f-crown,opponents/athos-x06-f-crown/replays/devil-candidate-A.log,opponents/athos-x06-f-crown/replays/devil-candidate-A.replay,0,elimination,opponents/athos-x06-f-crown/stats/devil-candidate-A.json,opponents/athos-x06-f-crown/stats/devil-candidate-A.csv,opponents/athos-x06-f-crown/graphs/devil-candidate-A.svg,39,106,6,1065,425,389,37,38,92,152,107,0,0,0,0,100.0,0.0,0.0,0,0,0,191,70,73,38,37,9,15,12,0,0,0,0,0.0,0.0,0.0
athos-x06-f-crown,devil,B,B,gavroche-v13-tail-paced-rescue,500,25.695,,,athos-x06-f-crown,gavroche-v13-tail-paced-rescue,opponents/athos-x06-f-crown/replays/devil-candidate-B.log,opponents/athos-x06-f-crown/replays/devil-candidate-B.replay,0,roundLimit,opponents/athos-x06-f-crown/stats/devil-candidate-B.json,opponents/athos-x06-f-crown/stats/devil-candidate-B.csv,opponents/athos-x06-f-crown/graphs/devil-candidate-B.svg,2,51,31,958,324,325,89,84,65,120,56,0,0,0,0,44.921875,3.7109375,0.0,1,25,25,704,237,239,84,89,23,68,59,0,0,0,0,51.3671875,3.7109375,0.0
athos-x06-f-crown,dilemma,A,A,gavroche-v13-tail-paced-rescue,108,1.676,,,gavroche-v13-tail-paced-rescue,athos-x06-f-crown,opponents/athos-x06-f-crown/replays/dilemma-candidate-A.log,opponents/athos-x06-f-crown/replays/dilemma-candidate-A.replay,0,elimination,opponents/athos-x06-f-crown/stats/dilemma-candidate-A.json,opponents/athos-x06-f-crown/stats/dilemma-candidate-A.csv,opponents/athos-x06-f-crown/graphs/dilemma-candidate-A.svg,3,9,5,94,38,38,2,5,4,11,18,0,0,0,0,100.0,0.0,0.0,0,0,0,2,0,3,5,2,0,1,0,0,0,0,0,0.0,0.0,0.0
athos-x06-f-crown,dilemma,B,B,gavroche-v13-tail-paced-rescue,321,5.339,,,athos-x06-f-crown,gavroche-v13-tail-paced-rescue,opponents/athos-x06-f-crown/replays/dilemma-candidate-B.log,opponents/athos-x06-f-crown/replays/dilemma-candidate-B.replay,0,elimination,opponents/athos-x06-f-crown/stats/dilemma-candidate-B.json,opponents/athos-x06-f-crown/stats/dilemma-candidate-B.csv,opponents/athos-x06-f-crown/graphs/dilemma-candidate-B.svg,15,41,5,234,91,79,2,2,10,17,50,0,0,0,0,100.0,0.0,0.0,0,0,0,14,4,7,2,2,0,0,5,0,0,0,0,0.0,0.0,0.0
athos-x06-f-crown,queen_of_spades,A,A,gavroche-v13-tail-paced-rescue,385,8.663,,,gavroche-v13-tail-paced-rescue,athos-x06-f-crown,opponents/athos-x06-f-crown/replays/queen_of_spades-candidate-A.log,opponents/athos-x06-f-crown/replays/queen_of_spades-candidate-A.replay,0,elimination,opponents/athos-x06-f-crown/stats/queen_of_spades-candidate-A.json,opponents/athos-x06-f-crown/stats/queen_of_spades-candidate-A.csv,opponents/athos-x06-f-crown/graphs/queen_of_spades-candidate-A.svg,15,45,11,311,116,103,25,17,43,15,28,0,0,0,0,79.2,0.0,20.8,0,0,0,164,63,65,17,25,20,4,16,0,0,0,0,0.0,0.0,20.8
athos-x06-f-crown,queen_of_spades,B,B,gavroche-v13-tail-paced-rescue,500,8.736,,,athos-x06-f-crown,gavroche-v13-tail-paced-rescue,opponents/athos-x06-f-crown/replays/queen_of_spades-candidate-B.log,opponents/athos-x06-f-crown/replays/queen_of_spades-candidate-B.replay,0,roundLimit,opponents/athos-x06-f-crown/stats/queen_of_spades-candidate-B.json,opponents/athos-x06-f-crown/stats/queen_of_spades-candidate-B.csv,opponents/athos-x06-f-crown/graphs/queen_of_spades-candidate-B.svg,7,33,11,312,105,100,19,27,29,10,34,0,0,0,0,52.34285714285714,1.0285714285714285,20.8,2,10,7,281,102,102,27,19,33,33,17,0,0,0,0,25.82857142857143,1.0285714285714285,20.8
athos-x06-f-crown,schooltime,A,B,athos-x06-f-crown,500,38.655,,,gavroche-v13-tail-paced-rescue,athos-x06-f-crown,opponents/athos-x06-f-crown/replays/schooltime-candidate-A.log,opponents/athos-x06-f-crown/replays/schooltime-candidate-A.replay,0,roundLimit,opponents/athos-x06-f-crown/stats/schooltime-candidate-A.json,opponents/athos-x06-f-crown/stats/schooltime-candidate-A.csv,opponents/athos-x06-f-crown/graphs/schooltime-candidate-A.svg,5,90,28,882,263,261,140,139,51,21,50,0,0,0,0,34.916666666666664,2.375,14.083333333333334,10,205,63,1463,406,399,139,140,78,81,100,0,0,0,0,48.625,2.375,14.083333333333334
athos-x06-f-crown,schooltime,B,B,gavroche-v13-tail-paced-rescue,500,39.342,,,athos-x06-f-crown,gavroche-v13-tail-paced-rescue,opponents/athos-x06-f-crown/replays/schooltime-candidate-B.log,opponents/athos-x06-f-crown/replays/schooltime-candidate-B.replay,0,roundLimit,opponents/athos-x06-f-crown/stats/schooltime-candidate-B.json,opponents/athos-x06-f-crown/stats/schooltime-candidate-B.csv,opponents/athos-x06-f-crown/graphs/schooltime-candidate-B.svg,9,195,58,1667,389,383,75,75,120,88,100,0,0,0,0,48.583333333333336,5.75,14.083333333333334,3,53,27,672,202,202,75,75,45,27,55,0,0,0,0,31.583333333333332,5.75,14.083333333333334
athos-x06-f-crown,stronghold,A,A,gavroche-v13-tail-paced-rescue,500,33.836,,,gavroche-v13-tail-paced-rescue,athos-x06-f-crown,opponents/athos-x06-f-crown/replays/stronghold-candidate-A.log,opponents/athos-x06-f-crown/replays/stronghold-candidate-A.replay,0,roundLimit,opponents/athos-x06-f-crown/stats/stronghold-candidate-A.json,opponents/athos-x06-f-crown/stats/stronghold-candidate-A.csv,opponents/athos-x06-f-crown/graphs/stronghold-candidate-A.svg,4,72,58,595,209,207,7,4,72,64,67,0,0,0,0,64.58333333333333,0.6944444444444444,0.0,2,49,45,553,198,198,4,7,52,51,88,0,0,0,0,34.72222222222222,0.6944444444444444,0.0
athos-x06-f-crown,stronghold,B,A,athos-x06-f-crown,500,31.521,,,athos-x06-f-crown,gavroche-v13-tail-paced-rescue,opponents/athos-x06-f-crown/replays/stronghold-candidate-B.log,opponents/athos-x06-f-crown/replays/stronghold-candidate-B.replay,0,roundLimit,opponents/athos-x06-f-crown/stats/stronghold-candidate-B.json,opponents/athos-x06-f-crown/stats/stronghold-candidate-B.csv,opponents/athos-x06-f-crown/graphs/stronghold-candidate-B.svg,3,64,48,537,184,183,13,12,47,58,66,0,0,0,0,67.62152777777777,0.08680555555555555,0.0,5,75,59,574,218,215,12,13,68,78,56,0,0,0,0,32.291666666666664,0.08680555555555555,0.0
athos-x06-f-crown,trauma,A,B,athos-x06-f-crown,500,23.359,,,gavroche-v13-tail-paced-rescue,athos-x06-f-crown,opponents/athos-x06-f-crown/replays/trauma-candidate-A.log,opponents/athos-x06-f-crown/replays/trauma-candidate-A.replay,0,roundLimit,opponents/athos-x06-f-crown/stats/trauma-candidate-A.json,opponents/athos-x06-f-crown/stats/trauma-candidate-A.csv,opponents/athos-x06-f-crown/graphs/trauma-candidate-A.svg,5,43,18,617,232,229,12,11,47,52,119,0,0,0,0,63.802083333333336,0.6076388888888888,0.6944444444444444,3,38,23,560,214,213,11,12,51,51,99,0,0,0,0,34.895833333333336,0.6076388888888888,0.6944444444444444
athos-x06-f-crown,trauma,B,A,athos-x06-f-crown,500,17.557,,,athos-x06-f-crown,gavroche-v13-tail-paced-rescue,opponents/athos-x06-f-crown/replays/trauma-candidate-B.log,opponents/athos-x06-f-crown/replays/trauma-candidate-B.replay,0,roundLimit,opponents/athos-x06-f-crown/stats/trauma-candidate-B.json,opponents/athos-x06-f-crown/stats/trauma-candidate-B.csv,opponents/athos-x06-f-crown/graphs/trauma-candidate-B.svg,4,38,14,182,55,53,12,13,8,12,20,0,0,0,0,38.97569444444444,6.857638888888889,0.6944444444444444,9,54,17,676,257,250,13,12,48,61,129,0,0,0,0,53.47222222222222,6.857638888888889,0.6944444444444444
athos-x06-f-crown,trophy,A,A,gavroche-v13-tail-paced-rescue,334,16.803,,,gavroche-v13-tail-paced-rescue,athos-x06-f-crown,opponents/athos-x06-f-crown/replays/trophy-candidate-A.log,opponents/athos-x06-f-crown/replays/trophy-candidate-A.replay,0,elimination,opponents/athos-x06-f-crown/stats/trophy-candidate-A.json,opponents/athos-x06-f-crown/stats/trophy-candidate-A.csv,opponents/athos-x06-f-crown/graphs/trophy-candidate-A.svg,46,117,9,384,151,107,20,19,42,19,27,0,0,0,0,100.0,0.0,0.0,0,0,0,67,22,24,19,20,0,0,4,0,0,0,0,0.0,0.0,0.0
athos-x06-f-crown,trophy,B,B,gavroche-v13-tail-paced-rescue,500,19.715,,,athos-x06-f-crown,gavroche-v13-tail-paced-rescue,opponents/athos-x06-f-crown/replays/trophy-candidate-B.log,opponents/athos-x06-f-crown/replays/trophy-candidate-B.replay,0,roundLimit,opponents/athos-x06-f-crown/stats/trophy-candidate-B.json,opponents/athos-x06-f-crown/stats/trophy-candidate-B.csv,opponents/athos-x06-f-crown/graphs/trophy-candidate-B.svg,6,94,43,543,150,146,41,40,42,36,28,0,0,0,0,85.12,0.8,0.0,1,14,14,181,47,48,40,41,0,0,7,0,0,0,0,14.08,0.8,0.0
tew-v10-supported-hunts,Colosseum,A,B,tew-v10-supported-hunts,150,6.741,,,gavroche-v13-tail-paced-rescue,tew-v10-supported-hunts,opponents/tew-v10-supported-hunts/replays/Colosseum-candidate-A.log,opponents/tew-v10-supported-hunts/replays/Colosseum-candidate-A.replay,0,elimination,opponents/tew-v10-supported-hunts/stats/Colosseum-candidate-A.json,opponents/tew-v10-supported-hunts/stats/Colosseum-candidate-A.csv,opponents/tew-v10-supported-hunts/graphs/Colosseum-candidate-A.svg,0,0,0,82,27,28,25,26,1,0,1,0,0,0,0,0.0,0.0,0.0,47,114,4,287,114,68,26,25,35,8,0,0,0,0,0,100.0,0.0,0.0
tew-v10-supported-hunts,Colosseum,B,B,gavroche-v13-tail-paced-rescue,219,9.766,,,tew-v10-supported-hunts,gavroche-v13-tail-paced-rescue,opponents/tew-v10-supported-hunts/replays/Colosseum-candidate-B.log,opponents/tew-v10-supported-hunts/replays/Colosseum-candidate-B.replay,0,elimination,opponents/tew-v10-supported-hunts/stats/Colosseum-candidate-B.json,opponents/tew-v10-supported-hunts/stats/Colosseum-candidate-B.csv,opponents/tew-v10-supported-hunts/graphs/Colosseum-candidate-B.svg,35,87,4,392,147,113,22,22,69,13,9,0,0,0,0,100.0,0.0,0.0,0,0,0,69,21,22,22,22,0,0,0,0,0,0,0,0.0,0.0,0.0
tew-v10-supported-hunts,arena,A,B,tew-v10-supported-hunts,44,2.236,,,gavroche-v13-tail-paced-rescue,tew-v10-supported-hunts,opponents/tew-v10-supported-hunts/replays/arena-candidate-A.log,opponents/tew-v10-supported-hunts/replays/arena-candidate-A.replay,0,elimination,opponents/tew-v10-supported-hunts/stats/arena-candidate-A.json,opponents/tew-v10-supported-hunts/stats/arena-candidate-A.csv,opponents/tew-v10-supported-hunts/graphs/arena-candidate-A.svg,0,0,0,60,17,18,14,13,1,4,0,0,0,0,0,0.0,0.0,0.0,24,62,4,129,49,26,13,14,11,1,0,0,0,0,0,100.0,0.0,0.0
tew-v10-supported-hunts,arena,B,A,tew-v10-supported-hunts,55,2.965,,,tew-v10-supported-hunts,gavroche-v13-tail-paced-rescue,opponents/tew-v10-supported-hunts/replays/arena-candidate-B.log,opponents/tew-v10-supported-hunts/replays/arena-candidate-B.replay,0,elimination,opponents/tew-v10-supported-hunts/stats/arena-candidate-B.json,opponents/tew-v10-supported-hunts/stats/arena-candidate-B.csv,opponents/tew-v10-supported-hunts/graphs/arena-candidate-B.svg,0,0,0,59,19,20,22,20,0,0,0,0,0,0,0,0.0,0.0,0.0,26,69,4,184,69,44,20,22,20,2,0,0,0,0,0,100.0,0.0,0.0
tew-v10-supported-hunts,autarky,A,A,gavroche-v13-tail-paced-rescue,500,15.621,,,gavroche-v13-tail-paced-rescue,tew-v10-supported-hunts,opponents/tew-v10-supported-hunts/replays/autarky-candidate-A.log,opponents/tew-v10-supported-hunts/replays/autarky-candidate-A.replay,0,roundLimit,opponents/tew-v10-supported-hunts/stats/autarky-candidate-A.json,opponents/tew-v10-supported-hunts/stats/autarky-candidate-A.csv,opponents/tew-v10-supported-hunts/graphs/autarky-candidate-A.svg,8,67,42,596,201,199,30,25,38,12,124,0,0,0,0,71.09053497942386,8.127572016460906,0.0,2,37,28,152,34,38,25,30,3,2,0,3,3,0,0,20.781893004115226,8.127572016460906,0.0
tew-v10-supported-hunts,autarky,B,B,gavroche-v13-tail-paced-rescue,500,16.648,,,tew-v10-supported-hunts,gavroche-v13-tail-paced-rescue,opponents/tew-v10-supported-hunts/replays/autarky-candidate-B.log,opponents/tew-v10-supported-hunts/replays/autarky-candidate-B.replay,0,roundLimit,opponents/tew-v10-supported-hunts/stats/autarky-candidate-B.json,opponents/tew-v10-supported-hunts/stats/autarky-candidate-B.csv,opponents/tew-v10-supported-hunts/graphs/autarky-candidate-B.svg,9,104,34,656,227,224,37,33,70,22,99,0,0,0,0,74.58847736625515,3.4979423868312756,0.0,2,17,11,133,37,41,33,37,1,2,0,1,1,0,0,21.91358024691358,3.4979423868312756,0.0
tew-v10-supported-hunts,big_empty,A,B,tew-v10-supported-hunts,500,70.028,,,gavroche-v13-tail-paced-rescue,tew-v10-supported-hunts,opponents/tew-v10-supported-hunts/replays/big_empty-candidate-A.log,opponents/tew-v10-supported-hunts/replays/big_empty-candidate-A.replay,0,roundLimit,opponents/tew-v10-supported-hunts/stats/big_empty-candidate-A.json,opponents/tew-v10-supported-hunts/stats/big_empty-candidate-A.csv,opponents/tew-v10-supported-hunts/graphs/big_empty-candidate-A.svg,25,449,39,1785,205,183,160,160,3,20,0,0,0,0,0,59.08203125,6.591796875,0.0,17,314,43,1352,194,180,160,160,0,0,0,20,20,0,0,34.326171875,6.591796875,0.0
tew-v10-supported-hunts,big_empty,B,B,gavroche-v13-tail-paced-rescue,500,68.218,,,tew-v10-supported-hunts,gavroche-v13-tail-paced-rescue,opponents/tew-v10-supported-hunts/replays/big_empty-candidate-B.log,opponents/tew-v10-supported-hunts/replays/big_empty-candidate-B.replay,0,roundLimit,opponents/tew-v10-supported-hunts/stats/big_empty-candidate-B.json,opponents/tew-v10-supported-hunts/stats/big_empty-candidate-B.csv,opponents/tew-v10-supported-hunts/graphs/big_empty-candidate-B.svg,23,533,62,1857,198,178,154,150,6,22,0,0,0,0,0,54.6875,3.2958984375,0.0,18,313,42,1231,191,176,150,154,0,0,0,22,22,0,0,42.0166015625,3.2958984375,0.0
tew-v10-supported-hunts,default,A,A,gavroche-v13-tail-paced-rescue,491,14.876,,,gavroche-v13-tail-paced-rescue,tew-v10-supported-hunts,opponents/tew-v10-supported-hunts/replays/default-candidate-A.log,opponents/tew-v10-supported-hunts/replays/default-candidate-A.replay,0,elimination,opponents/tew-v10-supported-hunts/stats/default-candidate-A.json,opponents/tew-v10-supported-hunts/stats/default-candidate-A.csv,opponents/tew-v10-supported-hunts/graphs/default-candidate-A.svg,3,39,24,243,75,76,50,43,19,6,8,0,0,0,0,100.0,0.0,0.0,0,0,0,331,85,89,43,50,32,3,0,4,4,0,0,0.0,0.0,0.0
tew-v10-supported-hunts,default,B,A,tew-v10-supported-hunts,500,14.476,,,tew-v10-supported-hunts,gavroche-v13-tail-paced-rescue,opponents/tew-v10-supported-hunts/replays/default-candidate-B.log,opponents/tew-v10-supported-hunts/replays/default-candidate-B.replay,0,roundLimit,opponents/tew-v10-supported-hunts/stats/default-candidate-B.json,opponents/tew-v10-supported-hunts/stats/default-candidate-B.csv,opponents/tew-v10-supported-hunts/graphs/default-candidate-B.svg,6,63,19,332,101,99,48,47,32,15,5,0,0,0,0,73.14453125,0.87890625,0.0,1,43,43,274,71,74,47,48,25,0,0,1,1,0,0,25.9765625,0.87890625,0.0
tew-v10-supported-hunts,default_small,A,B,tew-v10-supported-hunts,201,5.73,,,gavroche-v13-tail-paced-rescue,tew-v10-supported-hunts,opponents/tew-v10-supported-hunts/replays/default_small-candidate-A.log,opponents/tew-v10-supported-hunts/replays/default_small-candidate-A.replay,0,elimination,opponents/tew-v10-supported-hunts/stats/default_small-candidate-A.json,opponents/tew-v10-supported-hunts/stats/default_small-candidate-A.csv,opponents/tew-v10-supported-hunts/graphs/default_small-candidate-A.svg,0,0,0,40,13,15,13,12,0,3,0,0,0,0,0,0.0,0.0,0.0,41,92,3,190,78,39,12,13,14,12,0,0,0,0,0,100.0,0.0,0.0
tew-v10-supported-hunts,default_small,B,A,tew-v10-supported-hunts,252,6.459,,,tew-v10-supported-hunts,gavroche-v13-tail-paced-rescue,opponents/tew-v10-supported-hunts/replays/default_small-candidate-B.log,opponents/tew-v10-supported-hunts/replays/default_small-candidate-B.replay,0,elimination,opponents/tew-v10-supported-hunts/stats/default_small-candidate-B.json,opponents/tew-v10-supported-hunts/stats/default_small-candidate-B.csv,opponents/tew-v10-supported-hunts/graphs/default_small-candidate-B.svg,0,0,0,95,31,33,24,24,1,4,4,0,0,0,0,0.0,0.0,0.0,27,80,7,182,64,39,24,24,10,5,0,0,0,0,0,100.0,0.0,0.0
tew-v10-supported-hunts,devil,A,B,tew-v10-supported-hunts,306,20.699,,,gavroche-v13-tail-paced-rescue,tew-v10-supported-hunts,opponents/tew-v10-supported-hunts/replays/devil-candidate-A.log,opponents/tew-v10-supported-hunts/replays/devil-candidate-A.replay,0,elimination,opponents/tew-v10-supported-hunts/stats/devil-candidate-A.json,opponents/tew-v10-supported-hunts/stats/devil-candidate-A.csv,opponents/tew-v10-supported-hunts/graphs/devil-candidate-A.svg,0,0,0,178,67,70,49,44,6,12,8,0,0,0,0,0.0,0.0,0.0,58,166,10,913,356,301,44,49,151,101,0,0,0,0,0,100.0,0.0,0.0
tew-v10-supported-hunts,devil,B,B,gavroche-v13-tail-paced-rescue,500,27.368,,,tew-v10-supported-hunts,gavroche-v13-tail-paced-rescue,opponents/tew-v10-supported-hunts/replays/devil-candidate-B.log,opponents/tew-v10-supported-hunts/replays/devil-candidate-B.replay,0,roundLimit,opponents/tew-v10-supported-hunts/stats/devil-candidate-B.json,opponents/tew-v10-supported-hunts/stats/devil-candidate-B.csv,opponents/tew-v10-supported-hunts/graphs/devil-candidate-B.svg,4,60,22,1301,468,467,71,73,94,187,113,0,0,0,0,58.7890625,0.9765625,0.0,3,33,14,387,121,121,73,71,19,21,0,10,10,0,0,40.234375,0.9765625,0.0
tew-v10-supported-hunts,dilemma,A,B,tew-v10-supported-hunts,500,7.386,,,gavroche-v13-tail-paced-rescue,tew-v10-supported-hunts,opponents/tew-v10-supported-hunts/replays/dilemma-candidate-A.log,opponents/tew-v10-supported-hunts/replays/dilemma-candidate-A.replay,0,roundLimit,opponents/tew-v10-supported-hunts/stats/dilemma-candidate-A.json,opponents/tew-v10-supported-hunts/stats/dilemma-candidate-A.csv,opponents/tew-v10-supported-hunts/graphs/dilemma-candidate-A.svg,2,5,3,150,56,57,7,7,6,36,8,0,0,0,0,11.5234375,13.4765625,0.0,7,61,16,117,22,18,7,7,0,3,0,8,8,0,0,75.0,13.4765625,0.0
tew-v10-supported-hunts,dilemma,B,A,tew-v10-supported-hunts,500,6.499,,,tew-v10-supported-hunts,gavroche-v13-tail-paced-rescue,opponents/tew-v10-supported-hunts/replays/dilemma-candidate-B.log,opponents/tew-v10-supported-hunts/replays/dilemma-candidate-B.replay,0,roundLimit,opponents/tew-v10-supported-hunts/stats/dilemma-candidate-B.json,opponents/tew-v10-supported-hunts/stats/dilemma-candidate-B.csv,opponents/tew-v10-supported-hunts/graphs/dilemma-candidate-B.svg,1,4,4,29,16,18,3,3,6,2,7,0,0,0,0,18.75,5.2734375,0.0,3,22,17,133,27,27,3,3,2,2,0,20,20,0,0,75.9765625,5.2734375,0.0
tew-v10-supported-hunts,queen_of_spades,A,A,gavroche-v13-tail-paced-rescue,273,5.82,,,gavroche-v13-tail-paced-rescue,tew-v10-supported-hunts,opponents/tew-v10-supported-hunts/replays/queen_of_spades-candidate-A.log,opponents/tew-v10-supported-hunts/replays/queen_of_spades-candidate-A.replay,0,elimination,opponents/tew-v10-supported-hunts/stats/queen_of_spades-candidate-A.json,opponents/tew-v10-supported-hunts/stats/queen_of_spades-candidate-A.csv,opponents/tew-v10-supported-hunts/graphs/queen_of_spades-candidate-A.svg,16,49,7,219,83,69,15,15,25,12,17,0,0,0,0,79.2,0.0,20.8,0,0,0,119,41,43,15,15,14,14,0,0,0,0,0,0.0,0.0,20.8
tew-v10-supported-hunts,queen_of_spades,B,A,tew-v10-supported-hunts,479,9.044,,,tew-v10-supported-hunts,gavroche-v13-tail-paced-rescue,opponents/tew-v10-supported-hunts/replays/queen_of_spades-candidate-B.log,opponents/tew-v10-supported-hunts/replays/queen_of_spades-candidate-B.replay,0,elimination,opponents/tew-v10-supported-hunts/stats/queen_of_spades-candidate-B.json,opponents/tew-v10-supported-hunts/stats/queen_of_spades-candidate-B.csv,opponents/tew-v10-supported-hunts/graphs/queen_of_spades-candidate-B.svg,0,0,0,183,64,66,21,26,10,7,23,0,0,0,0,0.0,0.0,20.8,6,69,20,368,100,96,26,21,31,37,0,7,7,0,0,79.2,0.0,20.8
tew-v10-supported-hunts,schooltime,A,A,gavroche-v13-tail-paced-rescue,500,39.011,,,gavroche-v13-tail-paced-rescue,tew-v10-supported-hunts,opponents/tew-v10-supported-hunts/replays/schooltime-candidate-A.log,opponents/tew-v10-supported-hunts/replays/schooltime-candidate-A.replay,0,roundLimit,opponents/tew-v10-supported-hunts/stats/schooltime-candidate-A.json,opponents/tew-v10-supported-hunts/stats/schooltime-candidate-A.csv,opponents/tew-v10-supported-hunts/graphs/schooltime-candidate-A.svg,20,221,30,1744,416,399,89,83,149,78,89,0,0,0,0,73.625,1.1666666666666667,14.083333333333334,3,22,14,475,145,145,83,89,36,19,0,1,1,0,0,11.125,1.1666666666666667,14.083333333333334
tew-v10-supported-hunts,schooltime,B,A,tew-v10-supported-hunts,500,35.715,,,tew-v10-supported-hunts,gavroche-v13-tail-paced-rescue,opponents/tew-v10-supported-hunts/replays/schooltime-candidate-B.log,opponents/tew-v10-supported-hunts/replays/schooltime-candidate-B.replay,0,roundLimit,opponents/tew-v10-supported-hunts/stats/schooltime-candidate-B.json,opponents/tew-v10-supported-hunts/stats/schooltime-candidate-B.csv,opponents/tew-v10-supported-hunts/graphs/schooltime-candidate-B.svg,3,41,24,678,231,231,111,111,32,32,56,0,0,0,0,4.458333333333333,5.0,14.083333333333334,13,271,38,1394,306,296,111,111,113,41,0,31,31,0,0,76.45833333333333,5.0,14.083333333333334
tew-v10-supported-hunts,stronghold,A,A,gavroche-v13-tail-paced-rescue,500,36.21,,,gavroche-v13-tail-paced-rescue,tew-v10-supported-hunts,opponents/tew-v10-supported-hunts/replays/stronghold-candidate-A.log,opponents/tew-v10-supported-hunts/replays/stronghold-candidate-A.replay,0,roundLimit,opponents/tew-v10-supported-hunts/stats/stronghold-candidate-A.json,opponents/tew-v10-supported-hunts/stats/stronghold-candidate-A.csv,opponents/tew-v10-supported-hunts/graphs/stronghold-candidate-A.svg,2,54,51,665,243,243,15,12,75,90,66,0,0,0,0,69.53125,0.3472222222222222,0.0,6,56,26,512,156,152,12,15,61,51,0,25,25,0,0,30.12152777777778,0.3472222222222222,0.0
tew-v10-supported-hunts,stronghold,B,A,tew-v10-supported-hunts,500,31.728,,,tew-v10-supported-hunts,gavroche-v13-tail-paced-rescue,opponents/tew-v10-supported-hunts/replays/stronghold-candidate-B.log,opponents/tew-v10-supported-hunts/replays/stronghold-candidate-B.replay,0,roundLimit,opponents/tew-v10-supported-hunts/stats/stronghold-candidate-B.json,opponents/tew-v10-supported-hunts/stats/stronghold-candidate-B.csv,opponents/tew-v10-supported-hunts/graphs/stronghold-candidate-B.svg,5,75,35,546,194,191,8,8,65,45,73,0,0,0,0,49.56597222222222,1.1284722222222223,0.0,6,63,36,432,116,112,8,8,47,25,0,32,32,0,0,49.30555555555556,1.1284722222222223,0.0
tew-v10-supported-hunts,trauma,A,A,gavroche-v13-tail-paced-rescue,500,23.139,,,gavroche-v13-tail-paced-rescue,tew-v10-supported-hunts,opponents/tew-v10-supported-hunts/replays/trauma-candidate-A.log,opponents/tew-v10-supported-hunts/replays/trauma-candidate-A.replay,0,roundLimit,opponents/tew-v10-supported-hunts/stats/trauma-candidate-A.json,opponents/tew-v10-supported-hunts/stats/trauma-candidate-A.csv,opponents/tew-v10-supported-hunts/graphs/trauma-candidate-A.svg,4,46,22,742,290,288,19,18,70,62,138,0,0,0,0,54.34027777777778,0.5208333333333334,0.6944444444444444,5,41,16,233,73,70,18,19,15,27,0,9,9,0,0,44.44444444444444,0.5208333333333334,0.6944444444444444
tew-v10-supported-hunts,trauma,B,A,tew-v10-supported-hunts,500,11.115,,,tew-v10-supported-hunts,gavroche-v13-tail-paced-rescue,opponents/tew-v10-supported-hunts/replays/trauma-candidate-B.log,opponents/tew-v10-supported-hunts/replays/trauma-candidate-B.replay,0,roundLimit,opponents/tew-v10-supported-hunts/stats/trauma-candidate-B.json,opponents/tew-v10-supported-hunts/stats/trauma-candidate-B.csv,opponents/tew-v10-supported-hunts/graphs/trauma-candidate-B.svg,6,43,13,198,65,61,13,13,13,10,25,0,0,0,0,34.201388888888886,0.08680555555555555,0.6944444444444444,6,50,18,255,75,71,13,13,33,18,0,7,7,0,0,65.01736111111111,0.08680555555555555,0.6944444444444444
tew-v10-supported-hunts,trophy,A,B,tew-v10-supported-hunts,276,14.816,,,gavroche-v13-tail-paced-rescue,tew-v10-supported-hunts,opponents/tew-v10-supported-hunts/replays/trophy-candidate-A.log,opponents/tew-v10-supported-hunts/replays/trophy-candidate-A.replay,0,elimination,opponents/tew-v10-supported-hunts/stats/trophy-candidate-A.json,opponents/tew-v10-supported-hunts/stats/trophy-candidate-A.csv,opponents/tew-v10-supported-hunts/graphs/trophy-candidate-A.svg,0,0,0,99,34,36,29,30,0,4,2,0,0,0,0,0.0,0.0,0.0,64,177,8,343,118,56,30,29,18,9,0,0,0,0,0,100.0,0.0,0.0
tew-v10-supported-hunts,trophy,B,B,gavroche-v13-tail-paced-rescue,500,23.178,,,tew-v10-supported-hunts,gavroche-v13-tail-paced-rescue,opponents/tew-v10-supported-hunts/replays/trophy-candidate-B.log,opponents/tew-v10-supported-hunts/replays/trophy-candidate-B.replay,0,roundLimit,opponents/tew-v10-supported-hunts/stats/trophy-candidate-B.json,opponents/tew-v10-supported-hunts/stats/trophy-candidate-B.csv,opponents/tew-v10-supported-hunts/graphs/trophy-candidate-B.svg,2,51,33,437,115,115,84,83,1,14,17,0,0,0,0,26.56,8.8,0.0,3,61,26,447,102,101,83,84,7,2,0,8,8,0,0,64.64,8.8,0.0
porthos-x04-policy,Colosseum,A,B,porthos-x04-policy,85,2.721,,,gavroche-v13-tail-paced-rescue,porthos-x04-policy,opponents/porthos-x04-policy/replays/Colosseum-candidate-A.log,opponents/porthos-x04-policy/replays/Colosseum-candidate-A.replay,0,elimination,opponents/porthos-x04-policy/stats/Colosseum-candidate-A.json,opponents/porthos-x04-policy/stats/Colosseum-candidate-A.csv,opponents/porthos-x04-policy/graphs/Colosseum-candidate-A.svg,0,0,0,54,20,21,15,17,4,0,0,0,0,0,0,0.0,0.0,0.0,24,59,4,119,44,21,17,15,5,0,1,0,0,0,0,100.0,0.0,0.0
porthos-x04-policy,Colosseum,B,B,gavroche-v13-tail-paced-rescue,94,3.423,,,porthos-x04-policy,gavroche-v13-tail-paced-rescue,opponents/porthos-x04-policy/replays/Colosseum-candidate-B.log,opponents/porthos-x04-policy/replays/Colosseum-candidate-B.replay,0,elimination,opponents/porthos-x04-policy/stats/Colosseum-candidate-B.json,opponents/porthos-x04-policy/stats/Colosseum-candidate-B.csv,opponents/porthos-x04-policy/graphs/Colosseum-candidate-B.svg,29,70,3,144,59,31,8,11,14,5,1,0,0,0,0,100.0,0.0,0.0,0,0,0,30,9,10,11,8,2,0,0,0,0,0,0,0.0,0.0,0.0
porthos-x04-policy,arena,A,B,porthos-x04-policy,92,4.018,,,gavroche-v13-tail-paced-rescue,porthos-x04-policy,opponents/porthos-x04-policy/replays/arena-candidate-A.log,opponents/porthos-x04-policy/replays/arena-candidate-A.replay,0,elimination,opponents/porthos-x04-policy/stats/arena-candidate-A.json,opponents/porthos-x04-policy/stats/arena-candidate-A.csv,opponents/porthos-x04-policy/graphs/arena-candidate-A.svg,0,0,0,129,42,43,35,34,3,1,5,0,0,0,0,0.0,0.0,0.0,25,65,4,257,93,69,34,35,14,15,5,0,0,0,0,100.0,0.0,0.0
porthos-x04-policy,arena,B,B,gavroche-v13-tail-paced-rescue,99,3.731,,,porthos-x04-policy,gavroche-v13-tail-paced-rescue,opponents/porthos-x04-policy/replays/arena-candidate-B.log,opponents/porthos-x04-policy/replays/arena-candidate-B.replay,0,elimination,opponents/porthos-x04-policy/stats/arena-candidate-B.json,opponents/porthos-x04-policy/stats/arena-candidate-B.csv,opponents/porthos-x04-policy/graphs/arena-candidate-B.svg,24,61,4,294,104,81,40,40,21,17,3,0,0,0,0,100.0,0.0,0.0,0,0,0,157,49,50,40,40,3,2,5,0,0,0,0,0.0,0.0,0.0
porthos-x04-policy,autarky,A,B,porthos-x04-policy,500,18.194,,,gavroche-v13-tail-paced-rescue,porthos-x04-policy,opponents/porthos-x04-policy/replays/autarky-candidate-A.log,opponents/porthos-x04-policy/replays/autarky-candidate-A.replay,0,roundLimit,opponents/porthos-x04-policy/stats/autarky-candidate-A.json,opponents/porthos-x04-policy/stats/autarky-candidate-A.csv,opponents/porthos-x04-policy/graphs/autarky-candidate-A.svg,4,39,28,614,210,212,31,37,42,20,113,0,0,0,0,58.74485596707819,4.938271604938271,0.0,3,47,30,315,105,108,37,31,14,8,55,0,0,0,0,36.31687242798354,4.938271604938271,0.0
porthos-x04-policy,autarky,B,B,gavroche-v13-tail-paced-rescue,500,17.172,,,porthos-x04-policy,gavroche-v13-tail-paced-rescue,opponents/porthos-x04-policy/replays/autarky-candidate-B.log,opponents/porthos-x04-policy/replays/autarky-candidate-B.replay,0,roundLimit,opponents/porthos-x04-policy/stats/autarky-candidate-B.json,opponents/porthos-x04-policy/stats/autarky-candidate-B.csv,opponents/porthos-x04-policy/graphs/autarky-candidate-B.svg,12,93,35,688,236,230,22,24,58,35,113,0,0,0,0,93.62139917695474,0.30864197530864196,0.0,1,22,22,221,77,82,24,22,18,6,36,0,0,0,0,6.0699588477366255,0.30864197530864196,0.0
porthos-x04-policy,big_empty,A,A,gavroche-v13-tail-paced-rescue,500,79.287,,,gavroche-v13-tail-paced-rescue,porthos-x04-policy,opponents/porthos-x04-policy/replays/big_empty-candidate-A.log,opponents/porthos-x04-policy/replays/big_empty-candidate-A.replay,0,roundLimit,opponents/porthos-x04-policy/stats/big_empty-candidate-A.json,opponents/porthos-x04-policy/stats/big_empty-candidate-A.csv,opponents/porthos-x04-policy/graphs/big_empty-candidate-A.svg,20,427,72,1468,186,169,140,140,2,27,0,0,0,0,0,57.1044921875,5.8837890625,0.0,15,336,58,1278,185,173,140,140,1,32,0,0,0,0,0,37.01171875,5.8837890625,0.0
porthos-x04-policy,big_empty,B,B,gavroche-v13-tail-paced-rescue,500,78.57,,,porthos-x04-policy,gavroche-v13-tail-paced-rescue,opponents/porthos-x04-policy/replays/big_empty-candidate-B.log,opponents/porthos-x04-policy/replays/big_empty-candidate-B.replay,0,roundLimit,opponents/porthos-x04-policy/stats/big_empty-candidate-B.json,opponents/porthos-x04-policy/stats/big_empty-candidate-B.csv,opponents/porthos-x04-policy/graphs/big_empty-candidate-B.svg,20,440,49,1443,206,189,163,163,3,23,0,0,0,0,0,49.169921875,5.2978515625,0.0,18,305,28,1345,205,190,163,163,2,25,0,0,0,0,0,45.5322265625,5.2978515625,0.0
porthos-x04-policy,default,A,B,porthos-x04-policy,500,20.382,,,gavroche-v13-tail-paced-rescue,porthos-x04-policy,opponents/porthos-x04-policy/replays/default-candidate-A.log,opponents/porthos-x04-policy/replays/default-candidate-A.replay,0,roundLimit,opponents/porthos-x04-policy/stats/default-candidate-A.json,opponents/porthos-x04-policy/stats/default-candidate-A.csv,opponents/porthos-x04-policy/graphs/default-candidate-A.svg,5,36,13,256,89,88,38,35,31,11,11,0,0,0,0,15.91796875,7.03125,0.0,9,75,30,296,85,80,35,38,15,22,5,0,0,0,0,77.05078125,7.03125,0.0
porthos-x04-policy,default,B,A,porthos-x04-policy,500,17.45,,,porthos-x04-policy,gavroche-v13-tail-paced-rescue,opponents/porthos-x04-policy/replays/default-candidate-B.log,opponents/porthos-x04-policy/replays/default-candidate-B.replay,0,roundLimit,opponents/porthos-x04-policy/stats/default-candidate-B.json,opponents/porthos-x04-policy/stats/default-candidate-B.csv,opponents/porthos-x04-policy/graphs/default-candidate-B.svg,6,48,13,317,76,74,21,23,31,13,7,0,0,0,0,65.8203125,6.8359375,0.0,4,44,22,224,70,70,23,21,24,10,15,0,0,0,0,27.34375,6.8359375,0.0
porthos-x04-policy,default_small,A,B,porthos-x04-policy,215,5.891,,,gavroche-v13-tail-paced-rescue,porthos-x04-policy,opponents/porthos-x04-policy/replays/default_small-candidate-A.log,opponents/porthos-x04-policy/replays/default_small-candidate-A.replay,0,elimination,opponents/porthos-x04-policy/stats/default_small-candidate-A.json,opponents/porthos-x04-policy/stats/default_small-candidate-A.csv,opponents/porthos-x04-policy/graphs/default_small-candidate-A.svg,0,0,0,44,14,16,11,12,0,2,2,0,0,0,0,0.0,0.0,0.0,23,53,3,143,57,36,12,11,6,10,9,0,0,0,0,100.0,0.0,0.0
porthos-x04-policy,default_small,B,B,gavroche-v13-tail-paced-rescue,264,7.197,,,porthos-x04-policy,gavroche-v13-tail-paced-rescue,opponents/porthos-x04-policy/replays/default_small-candidate-B.log,opponents/porthos-x04-policy/replays/default_small-candidate-B.replay,0,elimination,opponents/porthos-x04-policy/stats/default_small-candidate-B.json,opponents/porthos-x04-policy/stats/default_small-candidate-B.csv,opponents/porthos-x04-policy/graphs/default_small-candidate-B.svg,22,48,3,192,74,54,26,26,5,11,12,0,0,0,0,100.0,0.0,0.0,0,0,0,83,26,28,26,26,0,1,1,0,0,0,0,0.0,0.0,0.0
porthos-x04-policy,devil,A,A,gavroche-v13-tail-paced-rescue,329,21.144,,,gavroche-v13-tail-paced-rescue,porthos-x04-policy,opponents/porthos-x04-policy/replays/devil-candidate-A.log,opponents/porthos-x04-policy/replays/devil-candidate-A.replay,0,elimination,opponents/porthos-x04-policy/stats/devil-candidate-A.json,opponents/porthos-x04-policy/stats/devil-candidate-A.csv,opponents/porthos-x04-policy/graphs/devil-candidate-A.svg,31,85,6,995,387,359,39,38,85,152,84,0,0,0,0,100.0,0.0,0.0,0,0,0,224,84,87,38,39,6,21,21,0,0,0,0,0.0,0.0,0.0
porthos-x04-policy,devil,B,A,porthos-x04-policy,218,12.141,,,porthos-x04-policy,gavroche-v13-tail-paced-rescue,opponents/porthos-x04-policy/replays/devil-candidate-B.log,opponents/porthos-x04-policy/replays/devil-candidate-B.replay,0,elimination,opponents/porthos-x04-policy/stats/devil-candidate-B.json,opponents/porthos-x04-policy/stats/devil-candidate-B.csv,opponents/porthos-x04-policy/graphs/devil-candidate-B.svg,0,0,0,134,55,58,34,33,3,10,12,0,0,0,0,0.0,0.0,0.0,37,95,4,596,238,204,33,34,40,81,49,0,0,0,0,100.0,0.0,0.0
porthos-x04-policy,dilemma,A,A,gavroche-v13-tail-paced-rescue,108,1.77,,,gavroche-v13-tail-paced-rescue,porthos-x04-policy,opponents/porthos-x04-policy/replays/dilemma-candidate-A.log,opponents/porthos-x04-policy/replays/dilemma-candidate-A.replay,0,elimination,opponents/porthos-x04-policy/stats/dilemma-candidate-A.json,opponents/porthos-x04-policy/stats/dilemma-candidate-A.csv,opponents/porthos-x04-policy/graphs/dilemma-candidate-A.svg,3,9,5,94,38,38,2,5,4,11,18,0,0,0,0,100.0,0.0,0.0,0,0,0,2,0,3,5,2,0,1,0,0,0,0,0,0.0,0.0,0.0
porthos-x04-policy,dilemma,B,B,gavroche-v13-tail-paced-rescue,230,3.79,,,porthos-x04-policy,gavroche-v13-tail-paced-rescue,opponents/porthos-x04-policy/replays/dilemma-candidate-B.log,opponents/porthos-x04-policy/replays/dilemma-candidate-B.replay,0,elimination,opponents/porthos-x04-policy/stats/dilemma-candidate-B.json,opponents/porthos-x04-policy/stats/dilemma-candidate-B.csv,opponents/porthos-x04-policy/graphs/dilemma-candidate-B.svg,17,43,4,197,76,62,2,3,5,12,42,0,0,0,0,100.0,0.0,0.0,0,0,0,3,0,3,3,2,0,0,1,0,0,0,0,0.0,0.0,0.0
porthos-x04-policy,queen_of_spades,A,A,gavroche-v13-tail-paced-rescue,308,6.701,,,gavroche-v13-tail-paced-rescue,porthos-x04-policy,opponents/porthos-x04-policy/replays/queen_of_spades-candidate-A.log,opponents/porthos-x04-policy/replays/queen_of_spades-candidate-A.replay,0,elimination,opponents/porthos-x04-policy/stats/queen_of_spades-candidate-A.json,opponents/porthos-x04-policy/stats/queen_of_spades-candidate-A.csv,opponents/porthos-x04-policy/graphs/queen_of_spades-candidate-A.svg,15,50,12,269,102,89,15,11,40,22,16,0,0,0,0,79.2,0.0,20.8,0,0,0,133,50,52,11,15,11,9,17,0,0,0,0,0.0,0.0,20.8
porthos-x04-policy,queen_of_spades,B,A,porthos-x04-policy,500,8.763,,,porthos-x04-policy,gavroche-v13-tail-paced-rescue,opponents/porthos-x04-policy/replays/queen_of_spades-candidate-B.log,opponents/porthos-x04-policy/replays/queen_of_spades-candidate-B.replay,0,roundLimit,opponents/porthos-x04-policy/stats/queen_of_spades-candidate-B.json,opponents/porthos-x04-policy/stats/queen_of_spades-candidate-B.csv,opponents/porthos-x04-policy/graphs/queen_of_spades-candidate-B.svg,1,18,18,80,19,20,14,19,0,0,1,0,0,0,0,34.97142857142857,1.2571428571428571,20.8,1,30,30,437,142,143,19,14,44,37,48,0,0,0,0,42.97142857142857,1.2571428571428571,20.8
porthos-x04-policy,schooltime,A,A,gavroche-v13-tail-paced-rescue,500,43.569,,,gavroche-v13-tail-paced-rescue,porthos-x04-policy,opponents/porthos-x04-policy/replays/schooltime-candidate-A.log,opponents/porthos-x04-policy/replays/schooltime-candidate-A.replay,0,roundLimit,opponents/porthos-x04-policy/stats/schooltime-candidate-A.json,opponents/porthos-x04-policy/stats/schooltime-candidate-A.csv,opponents/porthos-x04-policy/graphs/schooltime-candidate-A.svg,8,145,34,1038,316,311,119,133,69,42,67,0,0,0,0,44.291666666666664,2.125,14.083333333333334,5,129,34,1065,323,321,133,119,87,43,72,0,0,0,0,39.5,2.125,14.083333333333334
porthos-x04-policy,schooltime,B,B,gavroche-v13-tail-paced-rescue,500,46.781,,,porthos-x04-policy,gavroche-v13-tail-paced-rescue,opponents/porthos-x04-policy/replays/schooltime-candidate-B.log,opponents/porthos-x04-policy/replays/schooltime-candidate-B.replay,0,roundLimit,opponents/porthos-x04-policy/stats/schooltime-candidate-B.json,opponents/porthos-x04-policy/stats/schooltime-candidate-B.csv,opponents/porthos-x04-policy/graphs/schooltime-candidate-B.svg,7,160,45,935,267,263,87,92,75,33,63,0,0,0,0,38.666666666666664,3.6666666666666665,14.083333333333334,8,112,27,1330,411,406,92,87,103,85,131,0,0,0,0,43.583333333333336,3.6666666666666665,14.083333333333334
porthos-x04-policy,stronghold,A,A,gavroche-v13-tail-paced-rescue,500,36.223,,,gavroche-v13-tail-paced-rescue,porthos-x04-policy,opponents/porthos-x04-policy/replays/stronghold-candidate-A.log,opponents/porthos-x04-policy/replays/stronghold-candidate-A.replay,0,roundLimit,opponents/porthos-x04-policy/stats/stronghold-candidate-A.json,opponents/porthos-x04-policy/stats/stronghold-candidate-A.csv,opponents/porthos-x04-policy/graphs/stronghold-candidate-A.svg,3,63,55,572,199,198,11,11,74,63,50,0,0,0,0,75.0,0.0,0.0,1,55,55,490,164,165,11,11,42,52,60,0,0,0,0,25.0,0.0,0.0
porthos-x04-policy,stronghold,B,A,porthos-x04-policy,500,36.741,,,porthos-x04-policy,gavroche-v13-tail-paced-rescue,opponents/porthos-x04-policy/replays/stronghold-candidate-B.log,opponents/porthos-x04-policy/replays/stronghold-candidate-B.replay,0,roundLimit,opponents/porthos-x04-policy/stats/stronghold-candidate-B.json,opponents/porthos-x04-policy/stats/stronghold-candidate-B.csv,opponents/porthos-x04-policy/graphs/stronghold-candidate-B.svg,2,56,51,484,153,153,10,14,42,43,54,0,0,0,0,35.15625,0.1736111111111111,0.0,3,76,53,561,197,196,14,10,71,67,48,0,0,0,0,64.67013888888889,0.1736111111111111,0.0
porthos-x04-policy,trauma,A,B,porthos-x04-policy,500,25.284,,,gavroche-v13-tail-paced-rescue,porthos-x04-policy,opponents/porthos-x04-policy/replays/trauma-candidate-A.log,opponents/porthos-x04-policy/replays/trauma-candidate-A.replay,0,roundLimit,opponents/porthos-x04-policy/stats/trauma-candidate-A.json,opponents/porthos-x04-policy/stats/trauma-candidate-A.csv,opponents/porthos-x04-policy/graphs/trauma-candidate-A.svg,5,37,13,641,248,245,9,11,61,46,127,0,0,0,0,49.739583333333336,0.08680555555555555,0.6944444444444444,2,39,23,472,169,169,11,9,47,43,70,0,0,0,0,49.479166666666664,0.08680555555555555,0.6944444444444444
porthos-x04-policy,trauma,B,A,porthos-x04-policy,500,28.531,,,porthos-x04-policy,gavroche-v13-tail-paced-rescue,opponents/porthos-x04-policy/replays/trauma-candidate-B.log,opponents/porthos-x04-policy/replays/trauma-candidate-B.replay,0,roundLimit,opponents/porthos-x04-policy/stats/trauma-candidate-B.json,opponents/porthos-x04-policy/stats/trauma-candidate-B.csv,opponents/porthos-x04-policy/graphs/trauma-candidate-B.svg,4,37,20,583,231,229,17,17,51,54,107,0,0,0,0,56.510416666666664,0.0,0.6944444444444444,2,44,24,597,221,221,17,17,55,58,91,0,0,0,0,42.795138888888886,0.0,0.6944444444444444
porthos-x04-policy,trophy,A,A,gavroche-v13-tail-paced-rescue,364,18.067,,,gavroche-v13-tail-paced-rescue,porthos-x04-policy,opponents/porthos-x04-policy/replays/trophy-candidate-A.log,opponents/porthos-x04-policy/replays/trophy-candidate-A.replay,0,elimination,opponents/porthos-x04-policy/stats/trophy-candidate-A.json,opponents/porthos-x04-policy/stats/trophy-candidate-A.csv,opponents/porthos-x04-policy/graphs/trophy-candidate-A.svg,45,110,4,424,156,113,46,48,42,7,16,0,0,0,0,100.0,0.0,0.0,0,0,0,170,56,58,48,46,2,6,4,0,0,0,0,0.0,0.0,0.0
porthos-x04-policy,trophy,B,A,porthos-x04-policy,500,22.331,,,porthos-x04-policy,gavroche-v13-tail-paced-rescue,opponents/porthos-x04-policy/replays/trophy-candidate-B.log,opponents/porthos-x04-policy/replays/trophy-candidate-B.replay,0,roundLimit,opponents/porthos-x04-policy/stats/trophy-candidate-B.json,opponents/porthos-x04-policy/stats/trophy-candidate-B.csv,opponents/porthos-x04-policy/graphs/trophy-candidate-B.svg,1,20,20,152,46,47,32,35,2,5,5,0,0,0,0,42.72,2.24,0.0,2,78,44,642,178,178,35,32,56,55,35,0,0,0,0,55.04,2.24,0.0
ouroboros-v13-ladder,Colosseum,A,B,ouroboros-v13-ladder,112,4.219,,,gavroche-v13-tail-paced-rescue,ouroboros-v13-ladder,opponents/ouroboros-v13-ladder/replays/Colosseum-candidate-A.log,opponents/ouroboros-v13-ladder/replays/Colosseum-candidate-A.replay,0,elimination,opponents/ouroboros-v13-ladder/stats/Colosseum-candidate-A.json,opponents/ouroboros-v13-ladder/stats/Colosseum-candidate-A.csv,opponents/ouroboros-v13-ladder/graphs/Colosseum-candidate-A.svg,0,0,0,80,24,25,20,19,5,0,1,0,0,0,0,0.0,0.0,0.0,39,92,4,169,68,30,19,20,9,1,0,0,0,0,0,100.0,0.0,0.0
ouroboros-v13-ladder,Colosseum,B,B,gavroche-v13-tail-paced-rescue,132,4.551,,,ouroboros-v13-ladder,gavroche-v13-tail-paced-rescue,opponents/ouroboros-v13-ladder/replays/Colosseum-candidate-B.log,opponents/ouroboros-v13-ladder/replays/Colosseum-candidate-B.replay,0,elimination,opponents/ouroboros-v13-ladder/stats/Colosseum-candidate-B.json,opponents/ouroboros-v13-ladder/stats/Colosseum-candidate-B.csv,opponents/ouroboros-v13-ladder/graphs/Colosseum-candidate-B.svg,34,87,4,218,86,53,9,10,35,5,3,0,0,0,0,100.0,0.0,0.0,0,0,0,19,8,9,10,9,0,0,0,0,0,0,0,0.0,0.0,0.0
ouroboros-v13-ladder,arena,A,B,ouroboros-v13-ladder,82,4.152,,,gavroche-v13-tail-paced-rescue,ouroboros-v13-ladder,opponents/ouroboros-v13-ladder/replays/arena-candidate-A.log,opponents/ouroboros-v13-ladder/replays/arena-candidate-A.replay,0,elimination,opponents/ouroboros-v13-ladder/stats/arena-candidate-A.json,opponents/ouroboros-v13-ladder/stats/arena-candidate-A.csv,opponents/ouroboros-v13-ladder/graphs/arena-candidate-A.svg,0,0,0,134,44,45,40,36,2,4,3,0,0,0,0,0.0,0.0,0.0,20,51,3,240,91,72,36,40,28,4,0,0,0,0,0,100.0,0.0,0.0
ouroboros-v13-ladder,arena,B,A,ouroboros-v13-ladder,44,2.318,,,ouroboros-v13-ladder,gavroche-v13-tail-paced-rescue,opponents/ouroboros-v13-ladder/replays/arena-candidate-B.log,opponents/ouroboros-v13-ladder/replays/arena-candidate-B.replay,0,elimination,opponents/ouroboros-v13-ladder/stats/arena-candidate-B.json,opponents/ouroboros-v13-ladder/stats/arena-candidate-B.csv,opponents/ouroboros-v13-ladder/graphs/arena-candidate-B.svg,0,0,0,43,13,14,15,13,1,0,0,0,0,0,0,0.0,0.0,0.0,18,52,4,151,53,36,13,15,18,3,0,0,0,0,0,100.0,0.0,0.0
ouroboros-v13-ladder,autarky,A,A,gavroche-v13-tail-paced-rescue,500,13.194,,,gavroche-v13-tail-paced-rescue,ouroboros-v13-ladder,opponents/ouroboros-v13-ladder/replays/autarky-candidate-A.log,opponents/ouroboros-v13-ladder/replays/autarky-candidate-A.replay,0,roundLimit,opponents/ouroboros-v13-ladder/stats/autarky-candidate-A.json,opponents/ouroboros-v13-ladder/stats/autarky-candidate-A.csv,opponents/ouroboros-v13-ladder/graphs/autarky-candidate-A.svg,5,56,44,591,196,197,30,27,39,17,114,0,0,0,0,66.9753086419753,4.012345679012346,0.0,2,38,30,151,34,38,27,30,6,1,0,1,1,0,0,29.012345679012345,4.012345679012346,0.0
ouroboros-v13-ladder,autarky,B,B,gavroche-v13-tail-paced-rescue,500,16.04,,,ouroboros-v13-ladder,gavroche-v13-tail-paced-rescue,opponents/ouroboros-v13-ladder/replays/autarky-candidate-B.log,opponents/ouroboros-v13-ladder/replays/autarky-candidate-B.replay,0,roundLimit,opponents/ouroboros-v13-ladder/stats/autarky-candidate-B.json,opponents/ouroboros-v13-ladder/stats/autarky-candidate-B.csv,opponents/ouroboros-v13-ladder/graphs/autarky-candidate-B.svg,4,60,28,613,221,223,36,32,42,23,126,0,0,0,0,69.54732510288066,2.674897119341564,0.0,3,49,22,201,49,52,32,36,10,3,0,3,3,0,0,27.77777777777778,2.674897119341564,0.0
ouroboros-v13-ladder,big_empty,A,B,ouroboros-v13-ladder,500,66.423,,,gavroche-v13-tail-paced-rescue,ouroboros-v13-ladder,opponents/ouroboros-v13-ladder/replays/big_empty-candidate-A.log,opponents/ouroboros-v13-ladder/replays/big_empty-candidate-A.replay,0,roundLimit,opponents/ouroboros-v13-ladder/stats/big_empty-candidate-A.json,opponents/ouroboros-v13-ladder/stats/big_empty-candidate-A.csv,opponents/ouroboros-v13-ladder/graphs/big_empty-candidate-A.svg,24,527,45,1695,192,171,161,156,1,14,0,0,0,0,0,58.6181640625,6.5185546875,0.0,17,343,54,1382,190,176,156,161,1,0,0,14,14,0,0,34.86328125,6.5185546875,0.0
ouroboros-v13-ladder,big_empty,B,A,ouroboros-v13-ladder,500,66.486,,,ouroboros-v13-ladder,gavroche-v13-tail-paced-rescue,opponents/ouroboros-v13-ladder/replays/big_empty-candidate-B.log,opponents/ouroboros-v13-ladder/replays/big_empty-candidate-B.replay,0,roundLimit,opponents/ouroboros-v13-ladder/stats/big_empty-candidate-B.json,opponents/ouroboros-v13-ladder/stats/big_empty-candidate-B.csv,opponents/ouroboros-v13-ladder/graphs/big_empty-candidate-B.svg,19,424,32,1763,206,190,161,159,9,22,0,0,0,0,0,51.318359375,5.224609375,0.0,18,352,33,1477,192,177,159,161,4,0,0,12,12,0,0,43.45703125,5.224609375,0.0
ouroboros-v13-ladder,default,A,B,ouroboros-v13-ladder,500,14.466,,,gavroche-v13-tail-paced-rescue,ouroboros-v13-ladder,opponents/ouroboros-v13-ladder/replays/default-candidate-A.log,opponents/ouroboros-v13-ladder/replays/default-candidate-A.replay,0,roundLimit,opponents/ouroboros-v13-ladder/stats/default-candidate-A.json,opponents/ouroboros-v13-ladder/stats/default-candidate-A.csv,opponents/ouroboros-v13-ladder/graphs/default-candidate-A.svg,1,16,16,82,27,30,28,22,6,2,0,0,0,0,0,14.84375,1.5625,0.0,6,116,24,505,121,119,22,28,69,4,0,18,18,0,0,83.59375,1.5625,0.0
ouroboros-v13-ladder,default,B,A,ouroboros-v13-ladder,347,10.408,,,ouroboros-v13-ladder,gavroche-v13-tail-paced-rescue,opponents/ouroboros-v13-ladder/replays/default-candidate-B.log,opponents/ouroboros-v13-ladder/replays/default-candidate-B.replay,0,elimination,opponents/ouroboros-v13-ladder/stats/default-candidate-B.json,opponents/ouroboros-v13-ladder/stats/default-candidate-B.csv,opponents/ouroboros-v13-ladder/graphs/default-candidate-B.svg,0,0,0,68,30,34,25,21,8,3,2,0,0,0,0,0.0,0.0,0.0,37,130,16,296,101,68,21,25,41,2,0,0,0,0,0,100.0,0.0,0.0
ouroboros-v13-ladder,default_small,A,A,gavroche-v13-tail-paced-rescue,329,10.184,,,gavroche-v13-tail-paced-rescue,ouroboros-v13-ladder,opponents/ouroboros-v13-ladder/replays/default_small-candidate-A.log,opponents/ouroboros-v13-ladder/replays/default_small-candidate-A.replay,0,elimination,opponents/ouroboros-v13-ladder/stats/default_small-candidate-A.json,opponents/ouroboros-v13-ladder/stats/default_small-candidate-A.csv,opponents/ouroboros-v13-ladder/graphs/default_small-candidate-A.svg,23,58,3,314,123,102,32,30,10,27,35,0,0,0,0,100.0,0.0,0.0,0,0,0,99,34,36,30,32,1,3,0,0,0,0,0,0.0,0.0,0.0
ouroboros-v13-ladder,default_small,B,B,gavroche-v13-tail-paced-rescue,424,10.729,,,ouroboros-v13-ladder,gavroche-v13-tail-paced-rescue,opponents/ouroboros-v13-ladder/replays/default_small-candidate-B.log,opponents/ouroboros-v13-ladder/replays/default_small-candidate-B.replay,0,elimination,opponents/ouroboros-v13-ladder/stats/default_small-candidate-B.json,opponents/ouroboros-v13-ladder/stats/default_small-candidate-B.csv,opponents/ouroboros-v13-ladder/graphs/default_small-candidate-B.svg,16,65,7,321,101,87,47,41,16,16,14,0,0,0,0,100.0,0.0,0.0,0,0,0,159,52,54,41,47,3,4,0,0,0,0,0,0.0,0.0,0.0
ouroboros-v13-ladder,devil,A,B,ouroboros-v13-ladder,400,27.189,,,gavroche-v13-tail-paced-rescue,ouroboros-v13-ladder,opponents/ouroboros-v13-ladder/replays/devil-candidate-A.log,opponents/ouroboros-v13-ladder/replays/devil-candidate-A.replay,0,elimination,opponents/ouroboros-v13-ladder/stats/devil-candidate-A.json,opponents/ouroboros-v13-ladder/stats/devil-candidate-A.csv,opponents/ouroboros-v13-ladder/graphs/devil-candidate-A.svg,0,0,0,243,92,95,62,57,4,24,10,0,0,0,0,0.0,0.0,0.0,54,188,9,1302,488,437,57,62,221,154,0,0,0,0,0,100.0,0.0,0.0
ouroboros-v13-ladder,devil,B,A,ouroboros-v13-ladder,235,15.196,,,ouroboros-v13-ladder,gavroche-v13-tail-paced-rescue,opponents/ouroboros-v13-ladder/replays/devil-candidate-B.log,opponents/ouroboros-v13-ladder/replays/devil-candidate-B.replay,0,elimination,opponents/ouroboros-v13-ladder/stats/devil-candidate-B.json,opponents/ouroboros-v13-ladder/stats/devil-candidate-B.csv,opponents/ouroboros-v13-ladder/graphs/devil-candidate-B.svg,0,0,0,118,49,52,32,30,1,15,6,0,0,0,0,0.0,0.0,0.0,60,159,9,642,267,210,30,32,98,80,0,0,0,0,0,100.0,0.0,0.0
ouroboros-v13-ladder,dilemma,A,B,ouroboros-v13-ladder,500,7.215,,,gavroche-v13-tail-paced-rescue,ouroboros-v13-ladder,opponents/ouroboros-v13-ladder/replays/dilemma-candidate-A.log,opponents/ouroboros-v13-ladder/replays/dilemma-candidate-A.replay,0,roundLimit,opponents/ouroboros-v13-ladder/stats/dilemma-candidate-A.json,opponents/ouroboros-v13-ladder/stats/dilemma-candidate-A.csv,opponents/ouroboros-v13-ladder/graphs/dilemma-candidate-A.svg,2,4,2,118,46,47,6,6,6,25,10,0,0,0,0,31.640625,0.0,0.0,4,50,35,112,23,22,6,6,2,3,0,11,11,0,0,68.359375,0.0,0.0
ouroboros-v13-ladder,dilemma,B,A,ouroboros-v13-ladder,500,6.901,,,ouroboros-v13-ladder,gavroche-v13-tail-paced-rescue,opponents/ouroboros-v13-ladder/replays/dilemma-candidate-B.log,opponents/ouroboros-v13-ladder/replays/dilemma-candidate-B.replay,0,roundLimit,opponents/ouroboros-v13-ladder/stats/dilemma-candidate-B.json,opponents/ouroboros-v13-ladder/stats/dilemma-candidate-B.csv,opponents/ouroboros-v13-ladder/graphs/dilemma-candidate-B.svg,2,5,3,31,17,18,2,2,6,3,7,0,0,0,0,28.125,10.3515625,0.0,5,47,36,123,21,19,2,2,0,3,0,14,14,0,0,61.5234375,10.3515625,0.0
ouroboros-v13-ladder,queen_of_spades,A,B,ouroboros-v13-ladder,263,5.192,,,gavroche-v13-tail-paced-rescue,ouroboros-v13-ladder,opponents/ouroboros-v13-ladder/replays/queen_of_spades-candidate-A.log,opponents/ouroboros-v13-ladder/replays/queen_of_spades-candidate-A.replay,0,elimination,opponents/ouroboros-v13-ladder/stats/queen_of_spades-candidate-A.json,opponents/ouroboros-v13-ladder/stats/queen_of_spades-candidate-A.csv,opponents/ouroboros-v13-ladder/graphs/queen_of_spades-candidate-A.svg,0,0,0,146,55,57,24,19,16,8,14,0,0,0,0,0.0,0.0,20.8,9,27,6,187,62,55,19,24,15,16,0,0,0,0,0,79.2,0.0,20.8
ouroboros-v13-ladder,queen_of_spades,B,A,ouroboros-v13-ladder,152,2.919,,,ouroboros-v13-ladder,gavroche-v13-tail-paced-rescue,opponents/ouroboros-v13-ladder/replays/queen_of_spades-candidate-B.log,opponents/ouroboros-v13-ladder/replays/queen_of_spades-candidate-B.replay,0,elimination,opponents/ouroboros-v13-ladder/stats/queen_of_spades-candidate-B.json,opponents/ouroboros-v13-ladder/stats/queen_of_spades-candidate-B.csv,opponents/ouroboros-v13-ladder/graphs/queen_of_spades-candidate-B.svg,0,0,0,72,31,33,7,8,8,6,11,0,0,0,0,0.0,0.0,20.8,12,28,3,94,36,26,8,7,10,9,0,0,0,0,0,79.2,0.0,20.8
ouroboros-v13-ladder,schooltime,A,B,ouroboros-v13-ladder,500,42.089,,,gavroche-v13-tail-paced-rescue,ouroboros-v13-ladder,opponents/ouroboros-v13-ladder/replays/schooltime-candidate-A.log,opponents/ouroboros-v13-ladder/replays/schooltime-candidate-A.replay,0,roundLimit,opponents/ouroboros-v13-ladder/stats/schooltime-candidate-A.json,opponents/ouroboros-v13-ladder/stats/schooltime-candidate-A.csv,opponents/ouroboros-v13-ladder/graphs/schooltime-candidate-A.svg,14,132,18,1661,442,431,73,69,145,86,131,0,0,0,0,52.375,1.375,14.083333333333334,9,206,33,842,197,191,69,73,81,18,1,18,18,0,0,32.166666666666664,1.375,14.083333333333334
ouroboros-v13-ladder,schooltime,B,A,ouroboros-v13-ladder,500,30.088,,,ouroboros-v13-ladder,gavroche-v13-tail-paced-rescue,opponents/ouroboros-v13-ladder/replays/schooltime-candidate-B.log,opponents/ouroboros-v13-ladder/replays/schooltime-candidate-B.replay,0,roundLimit,opponents/ouroboros-v13-ladder/stats/schooltime-candidate-B.json,opponents/ouroboros-v13-ladder/stats/schooltime-candidate-B.csv,opponents/ouroboros-v13-ladder/graphs/schooltime-candidate-B.svg,1,21,21,362,128,130,79,77,17,9,27,0,0,0,0,1.125,0.2916666666666667,14.083333333333334,22,414,46,1749,346,327,77,79,153,56,0,39,39,0,0,84.5,0.2916666666666667,14.083333333333334
ouroboros-v13-ladder,stronghold,A,A,gavroche-v13-tail-paced-rescue,500,31.202,,,gavroche-v13-tail-paced-rescue,ouroboros-v13-ladder,opponents/ouroboros-v13-ladder/replays/stronghold-candidate-A.log,opponents/ouroboros-v13-ladder/replays/stronghold-candidate-A.replay,0,roundLimit,opponents/ouroboros-v13-ladder/stats/stronghold-candidate-A.json,opponents/ouroboros-v13-ladder/stats/stronghold-candidate-A.csv,opponents/ouroboros-v13-ladder/graphs/stronghold-candidate-A.svg,3,54,37,609,222,221,12,8,73,71,69,0,0,0,0,71.09375,0.0,0.0,3,52,36,384,100,99,8,12,35,26,0,26,26,0,0,28.90625,0.0,0.0
ouroboros-v13-ladder,stronghold,B,B,gavroche-v13-tail-paced-rescue,500,27.229,,,ouroboros-v13-ladder,gavroche-v13-tail-paced-rescue,opponents/ouroboros-v13-ladder/replays/stronghold-candidate-B.log,opponents/ouroboros-v13-ladder/replays/stronghold-candidate-B.replay,0,roundLimit,opponents/ouroboros-v13-ladder/stats/stronghold-candidate-B.json,opponents/ouroboros-v13-ladder/stats/stronghold-candidate-B.csv,opponents/ouroboros-v13-ladder/graphs/stronghold-candidate-B.svg,3,55,49,420,142,141,6,6,39,56,40,0,0,0,0,28.90625,0.9548611111111112,0.0,7,103,42,428,115,110,6,6,47,27,0,30,30,0,0,70.13888888888889,0.9548611111111112,0.0
ouroboros-v13-ladder,trauma,A,A,gavroche-v13-tail-paced-rescue,500,19.989,,,gavroche-v13-tail-paced-rescue,ouroboros-v13-ladder,opponents/ouroboros-v13-ladder/replays/trauma-candidate-A.log,opponents/ouroboros-v13-ladder/replays/trauma-candidate-A.replay,0,roundLimit,opponents/ouroboros-v13-ladder/stats/trauma-candidate-A.json,opponents/ouroboros-v13-ladder/stats/trauma-candidate-A.csv,opponents/ouroboros-v13-ladder/graphs/trauma-candidate-A.svg,7,75,22,716,255,250,13,13,45,68,124,0,0,0,0,76.30208333333333,0.1736111111111111,0.6944444444444444,3,25,16,200,68,67,13,13,19,27,0,8,8,0,0,22.82986111111111,0.1736111111111111,0.6944444444444444
ouroboros-v13-ladder,trauma,B,A,ouroboros-v13-ladder,500,11.938,,,ouroboros-v13-ladder,gavroche-v13-tail-paced-rescue,opponents/ouroboros-v13-ladder/replays/trauma-candidate-B.log,opponents/ouroboros-v13-ladder/replays/trauma-candidate-B.replay,0,roundLimit,opponents/ouroboros-v13-ladder/stats/trauma-candidate-B.json,opponents/ouroboros-v13-ladder/stats/trauma-candidate-B.csv,opponents/ouroboros-v13-ladder/graphs/trauma-candidate-B.svg,2,14,8,168,59,59,14,12,10,11,26,0,0,0,0,15.45138888888889,0.4340277777777778,0.6944444444444444,10,77,17,400,119,111,12,14,45,35,0,17,17,0,0,83.42013888888889,0.4340277777777778,0.6944444444444444
ouroboros-v13-ladder,trophy,A,A,gavroche-v13-tail-paced-rescue,333,16.688,,,gavroche-v13-tail-paced-rescue,ouroboros-v13-ladder,opponents/ouroboros-v13-ladder/replays/trophy-candidate-A.log,opponents/ouroboros-v13-ladder/replays/trophy-candidate-A.replay,0,elimination,opponents/ouroboros-v13-ladder/stats/trophy-candidate-A.json,opponents/ouroboros-v13-ladder/stats/trophy-candidate-A.csv,opponents/ouroboros-v13-ladder/graphs/trophy-candidate-A.svg,53,125,5,437,174,123,23,22,57,14,30,0,0,0,0,100.0,0.0,0.0,0,0,0,77,24,26,22,23,3,0,0,0,0,0,0,0.0,0.0,0.0
ouroboros-v13-ladder,trophy,B,B,gavroche-v13-tail-paced-rescue,432,21.514,,,ouroboros-v13-ladder,gavroche-v13-tail-paced-rescue,opponents/ouroboros-v13-ladder/replays/trophy-candidate-B.log,opponents/ouroboros-v13-ladder/replays/trophy-candidate-B.replay,0,elimination,opponents/ouroboros-v13-ladder/stats/trophy-candidate-B.json,opponents/ouroboros-v13-ladder/stats/trophy-candidate-B.csv,opponents/ouroboros-v13-ladder/graphs/trophy-candidate-B.svg,35,126,11,575,202,169,34,35,59,37,38,0,0,0,0,100.0,0.0,0.0,0,0,0,91,32,34,35,34,0,0,0,0,0,0,0,0.0,0.0,0.0
aramis-x01-extracted,Colosseum,A,B,aramis-x01-extracted,129,3.909,,,gavroche-v13-tail-paced-rescue,aramis-x01-extracted,opponents/aramis-x01-extracted/replays/Colosseum-candidate-A.log,opponents/aramis-x01-extracted/replays/Colosseum-candidate-A.replay,0,elimination,opponents/aramis-x01-extracted/stats/Colosseum-candidate-A.json,opponents/aramis-x01-extracted/stats/Colosseum-candidate-A.csv,opponents/aramis-x01-extracted/graphs/Colosseum-candidate-A.svg,0,0,0,89,29,30,29,28,2,0,0,0,0,0,0,0.0,0.0,0.0,30,74,3,208,83,54,28,29,22,1,2,0,0,0,0,100.0,0.0,0.0
aramis-x01-extracted,Colosseum,B,B,gavroche-v13-tail-paced-rescue,157,6.469,,,aramis-x01-extracted,gavroche-v13-tail-paced-rescue,opponents/aramis-x01-extracted/replays/Colosseum-candidate-B.log,opponents/aramis-x01-extracted/replays/Colosseum-candidate-B.replay,0,elimination,opponents/aramis-x01-extracted/stats/Colosseum-candidate-B.json,opponents/aramis-x01-extracted/stats/Colosseum-candidate-B.csv,opponents/aramis-x01-extracted/graphs/Colosseum-candidate-B.svg,30,77,4,306,116,87,26,26,51,6,4,0,0,0,0,100.0,0.0,0.0,0,0,0,77,27,28,26,26,2,0,0,0,0,0,0,0.0,0.0,0.0
aramis-x01-extracted,arena,A,B,aramis-x01-extracted,49,1.927,,,gavroche-v13-tail-paced-rescue,aramis-x01-extracted,opponents/aramis-x01-extracted/replays/arena-candidate-A.log,opponents/aramis-x01-extracted/replays/arena-candidate-A.replay,0,elimination,opponents/aramis-x01-extracted/stats/arena-candidate-A.json,opponents/aramis-x01-extracted/stats/arena-candidate-A.csv,opponents/aramis-x01-extracted/graphs/arena-candidate-A.svg,0,0,0,69,24,25,23,23,2,0,0,0,0,0,0,0.0,0.0,0.0,21,56,4,147,52,32,23,23,3,5,1,0,0,0,0,100.0,0.0,0.0
aramis-x01-extracted,arena,B,A,aramis-x01-extracted,71,2.555,,,aramis-x01-extracted,gavroche-v13-tail-paced-rescue,opponents/aramis-x01-extracted/replays/arena-candidate-B.log,opponents/aramis-x01-extracted/replays/arena-candidate-B.replay,0,elimination,opponents/aramis-x01-extracted/stats/arena-candidate-B.json,opponents/aramis-x01-extracted/stats/arena-candidate-B.csv,opponents/aramis-x01-extracted/graphs/arena-candidate-B.svg,0,0,0,82,27,28,22,23,1,3,1,0,0,0,0,0.0,0.0,0.0,20,51,4,189,68,49,23,22,15,5,7,0,0,0,0,100.0,0.0,0.0
aramis-x01-extracted,autarky,A,B,aramis-x01-extracted,500,13.132,,,gavroche-v13-tail-paced-rescue,aramis-x01-extracted,opponents/aramis-x01-extracted/replays/autarky-candidate-A.log,opponents/aramis-x01-extracted/replays/autarky-candidate-A.replay,0,roundLimit,opponents/aramis-x01-extracted/stats/autarky-candidate-A.json,opponents/aramis-x01-extracted/stats/autarky-candidate-A.csv,opponents/aramis-x01-extracted/graphs/autarky-candidate-A.svg,6,58,31,592,206,206,17,18,35,22,131,0,0,0,0,69.75308641975309,2.05761316872428,0.0,4,41,32,221,74,76,18,17,17,19,23,0,0,0,0,28.189300411522634,2.05761316872428,0.0
aramis-x01-extracted,autarky,B,A,aramis-x01-extracted,500,14.189,,,aramis-x01-extracted,gavroche-v13-tail-paced-rescue,opponents/aramis-x01-extracted/replays/autarky-candidate-B.log,opponents/aramis-x01-extracted/replays/autarky-candidate-B.replay,0,roundLimit,opponents/aramis-x01-extracted/stats/autarky-candidate-B.json,opponents/aramis-x01-extracted/stats/autarky-candidate-B.csv,opponents/aramis-x01-extracted/graphs/autarky-candidate-B.svg,4,57,28,329,112,114,21,21,35,10,48,0,0,0,0,32.61316872427984,3.292181069958848,0.0,7,69,34,510,177,176,21,21,46,19,90,0,0,0,0,64.09465020576131,3.292181069958848,0.0
aramis-x01-extracted,big_empty,A,A,gavroche-v13-tail-paced-rescue,500,68.339,,,gavroche-v13-tail-paced-rescue,aramis-x01-extracted,opponents/aramis-x01-extracted/replays/big_empty-candidate-A.log,opponents/aramis-x01-extracted/replays/big_empty-candidate-A.replay,0,roundLimit,opponents/aramis-x01-extracted/stats/big_empty-candidate-A.json,opponents/aramis-x01-extracted/stats/big_empty-candidate-A.csv,opponents/aramis-x01-extracted/graphs/big_empty-candidate-A.svg,14,292,63,1306,180,169,135,136,1,32,0,0,0,0,0,29.541015625,3.22265625,0.0,31,493,45,1415,180,152,136,135,2,15,0,0,0,0,0,67.236328125,3.22265625,0.0
aramis-x01-extracted,big_empty,B,B,gavroche-v13-tail-paced-rescue,500,69.834,,,aramis-x01-extracted,gavroche-v13-tail-paced-rescue,opponents/aramis-x01-extracted/replays/big_empty-candidate-B.log,opponents/aramis-x01-extracted/replays/big_empty-candidate-B.replay,0,roundLimit,opponents/aramis-x01-extracted/stats/big_empty-candidate-B.json,opponents/aramis-x01-extracted/stats/big_empty-candidate-B.csv,opponents/aramis-x01-extracted/graphs/big_empty-candidate-B.svg,31,444,57,1294,164,136,99,101,10,25,0,0,0,0,0,59.5703125,4.9072265625,0.0,25,337,39,1148,153,131,101,99,2,30,0,0,0,0,0,35.5224609375,4.9072265625,0.0
aramis-x01-extracted,default,A,B,aramis-x01-extracted,500,16.912,,,gavroche-v13-tail-paced-rescue,aramis-x01-extracted,opponents/aramis-x01-extracted/replays/default-candidate-A.log,opponents/aramis-x01-extracted/replays/default-candidate-A.replay,0,roundLimit,opponents/aramis-x01-extracted/stats/default-candidate-A.json,opponents/aramis-x01-extracted/stats/default-candidate-A.csv,opponents/aramis-x01-extracted/graphs/default-candidate-A.svg,1,6,6,149,55,58,33,35,20,3,0,0,0,0,0,11.71875,1.7578125,0.0,10,79,26,449,142,136,35,33,61,29,13,0,0,0,0,86.5234375,1.7578125,0.0
aramis-x01-extracted,default,B,A,aramis-x01-extracted,500,14.893,,,aramis-x01-extracted,gavroche-v13-tail-paced-rescue,opponents/aramis-x01-extracted/replays/default-candidate-B.log,opponents/aramis-x01-extracted/replays/default-candidate-B.replay,0,roundLimit,opponents/aramis-x01-extracted/stats/default-candidate-B.json,opponents/aramis-x01-extracted/stats/default-candidate-B.csv,opponents/aramis-x01-extracted/graphs/default-candidate-B.svg,2,25,15,173,54,56,31,28,14,9,5,0,0,0,0,40.4296875,1.7578125,0.0,7,72,22,401,122,119,28,31,53,29,6,0,0,0,0,57.8125,1.7578125,0.0
aramis-x01-extracted,default_small,A,B,aramis-x01-extracted,389,11.001,,,gavroche-v13-tail-paced-rescue,aramis-x01-extracted,opponents/aramis-x01-extracted/replays/default_small-candidate-A.log,opponents/aramis-x01-extracted/replays/default_small-candidate-A.replay,0,elimination,opponents/aramis-x01-extracted/stats/default_small-candidate-A.json,opponents/aramis-x01-extracted/stats/default_small-candidate-A.csv,opponents/aramis-x01-extracted/graphs/default_small-candidate-A.svg,0,0,0,91,28,30,24,22,1,5,2,0,0,0,0,0.0,0.0,0.0,22,63,7,324,123,103,22,24,17,23,39,0,0,0,0,100.0,0.0,0.0
aramis-x01-extracted,default_small,B,B,gavroche-v13-tail-paced-rescue,251,5.225,,,aramis-x01-extracted,gavroche-v13-tail-paced-rescue,opponents/aramis-x01-extracted/replays/default_small-candidate-B.log,opponents/aramis-x01-extracted/replays/default_small-candidate-B.replay,0,elimination,opponents/aramis-x01-extracted/stats/default_small-candidate-B.json,opponents/aramis-x01-extracted/stats/default_small-candidate-B.csv,opponents/aramis-x01-extracted/graphs/default_small-candidate-B.svg,21,51,3,156,56,37,10,10,4,7,16,0,0,0,0,100.0,0.0,0.0,0,0,0,35,10,12,10,10,1,0,1,0,0,0,0,0.0,0.0,0.0
aramis-x01-extracted,devil,A,A,gavroche-v13-tail-paced-rescue,500,25.04,,,gavroche-v13-tail-paced-rescue,aramis-x01-extracted,opponents/aramis-x01-extracted/replays/devil-candidate-A.log,opponents/aramis-x01-extracted/replays/devil-candidate-A.replay,0,roundLimit,opponents/aramis-x01-extracted/stats/devil-candidate-A.json,opponents/aramis-x01-extracted/stats/devil-candidate-A.csv,opponents/aramis-x01-extracted/graphs/devil-candidate-A.svg,2,69,39,1294,455,456,60,60,106,199,91,0,0,0,0,63.4765625,0.0,0.0,1,15,15,389,138,140,60,60,12,45,23,0,0,0,0,36.5234375,0.0,0.0
aramis-x01-extracted,devil,B,B,gavroche-v13-tail-paced-rescue,500,23.408,,,aramis-x01-extracted,gavroche-v13-tail-paced-rescue,opponents/aramis-x01-extracted/replays/devil-candidate-B.log,opponents/aramis-x01-extracted/replays/devil-candidate-B.replay,0,roundLimit,opponents/aramis-x01-extracted/stats/devil-candidate-B.json,opponents/aramis-x01-extracted/stats/devil-candidate-B.csv,opponents/aramis-x01-extracted/graphs/devil-candidate-B.svg,6,72,30,1180,414,411,83,85,82,136,108,0,0,0,0,50.78125,0.390625,0.0,2,34,18,536,173,174,85,83,16,42,33,0,0,0,0,48.828125,0.390625,0.0
aramis-x01-extracted,dilemma,A,A,gavroche-v13-tail-paced-rescue,108,1.415,,,gavroche-v13-tail-paced-rescue,aramis-x01-extracted,opponents/aramis-x01-extracted/replays/dilemma-candidate-A.log,opponents/aramis-x01-extracted/replays/dilemma-candidate-A.replay,0,elimination,opponents/aramis-x01-extracted/stats/dilemma-candidate-A.json,opponents/aramis-x01-extracted/stats/dilemma-candidate-A.csv,opponents/aramis-x01-extracted/graphs/dilemma-candidate-A.svg,3,9,5,94,38,38,2,5,4,11,18,0,0,0,0,100.0,0.0,0.0,0,0,0,2,0,3,5,2,0,1,0,0,0,0,0,0.0,0.0,0.0
aramis-x01-extracted,dilemma,B,B,gavroche-v13-tail-paced-rescue,375,5.555,,,aramis-x01-extracted,gavroche-v13-tail-paced-rescue,opponents/aramis-x01-extracted/replays/dilemma-candidate-B.log,opponents/aramis-x01-extracted/replays/dilemma-candidate-B.replay,0,elimination,opponents/aramis-x01-extracted/stats/dilemma-candidate-B.json,opponents/aramis-x01-extracted/stats/dilemma-candidate-B.csv,opponents/aramis-x01-extracted/graphs/dilemma-candidate-B.svg,12,30,3,297,111,102,3,5,15,30,52,0,0,0,0,100.0,0.0,0.0,0,0,0,13,4,7,5,3,0,0,4,0,0,0,0,0.0,0.0,0.0
aramis-x01-extracted,queen_of_spades,A,B,aramis-x01-extracted,90,1.64,,,gavroche-v13-tail-paced-rescue,aramis-x01-extracted,opponents/aramis-x01-extracted/replays/queen_of_spades-candidate-A.log,opponents/aramis-x01-extracted/replays/queen_of_spades-candidate-A.replay,0,elimination,opponents/aramis-x01-extracted/stats/queen_of_spades-candidate-A.json,opponents/aramis-x01-extracted/stats/queen_of_spades-candidate-A.csv,opponents/aramis-x01-extracted/graphs/queen_of_spades-candidate-A.svg,0,0,0,29,11,13,3,4,5,3,1,0,0,0,0,0.0,0.0,20.8,15,34,3,71,29,16,4,3,7,4,2,0,0,0,0,79.2,0.0,20.8
aramis-x01-extracted,queen_of_spades,B,A,aramis-x01-extracted,324,6.624,,,aramis-x01-extracted,gavroche-v13-tail-paced-rescue,opponents/aramis-x01-extracted/replays/queen_of_spades-candidate-B.log,opponents/aramis-x01-extracted/replays/queen_of_spades-candidate-B.replay,0,elimination,opponents/aramis-x01-extracted/stats/queen_of_spades-candidate-B.json,opponents/aramis-x01-extracted/stats/queen_of_spades-candidate-B.csv,opponents/aramis-x01-extracted/graphs/queen_of_spades-candidate-B.svg,0,0,0,129,47,49,15,15,12,7,15,0,0,0,0,0.0,0.0,20.8,19,45,3,263,97,80,15,15,28,21,16,0,0,0,0,79.2,0.0,20.8
aramis-x01-extracted,schooltime,A,A,gavroche-v13-tail-paced-rescue,500,33.597,,,gavroche-v13-tail-paced-rescue,aramis-x01-extracted,opponents/aramis-x01-extracted/replays/schooltime-candidate-A.log,opponents/aramis-x01-extracted/replays/schooltime-candidate-A.replay,0,roundLimit,opponents/aramis-x01-extracted/stats/schooltime-candidate-A.json,opponents/aramis-x01-extracted/stats/schooltime-candidate-A.csv,opponents/aramis-x01-extracted/graphs/schooltime-candidate-A.svg,8,221,56,1578,349,344,68,66,116,84,78,0,0,0,0,78.25,0.125,14.083333333333334,1,6,6,565,192,194,66,68,46,16,64,0,0,0,0,7.541666666666667,0.125,14.083333333333334
aramis-x01-extracted,schooltime,B,B,gavroche-v13-tail-paced-rescue,500,35.248,,,aramis-x01-extracted,gavroche-v13-tail-paced-rescue,opponents/aramis-x01-extracted/replays/schooltime-candidate-B.log,opponents/aramis-x01-extracted/replays/schooltime-candidate-B.replay,0,roundLimit,opponents/aramis-x01-extracted/stats/schooltime-candidate-B.json,opponents/aramis-x01-extracted/stats/schooltime-candidate-B.csv,opponents/aramis-x01-extracted/graphs/schooltime-candidate-B.svg,15,237,56,1719,392,380,72,77,133,78,92,0,0,0,0,65.45833333333333,0.5416666666666666,14.083333333333334,3,50,21,555,160,160,77,72,34,15,39,0,0,0,0,19.916666666666668,0.5416666666666666,14.083333333333334
aramis-x01-extracted,stronghold,A,A,gavroche-v13-tail-paced-rescue,500,29.065,,,gavroche-v13-tail-paced-rescue,aramis-x01-extracted,opponents/aramis-x01-extracted/replays/stronghold-candidate-A.log,opponents/aramis-x01-extracted/replays/stronghold-candidate-A.replay,0,roundLimit,opponents/aramis-x01-extracted/stats/stronghold-candidate-A.json,opponents/aramis-x01-extracted/stats/stronghold-candidate-A.csv,opponents/aramis-x01-extracted/graphs/stronghold-candidate-A.svg,5,92,65,662,234,231,6,6,84,75,66,0,0,0,0,74.65277777777777,0.08680555555555555,0.0,1,45,45,297,90,91,6,6,30,36,19,0,0,0,0,25.260416666666668,0.08680555555555555,0.0
aramis-x01-extracted,stronghold,B,B,gavroche-v13-tail-paced-rescue,500,31.925,,,aramis-x01-extracted,gavroche-v13-tail-paced-rescue,opponents/aramis-x01-extracted/replays/stronghold-candidate-B.log,opponents/aramis-x01-extracted/replays/stronghold-candidate-B.replay,0,roundLimit,opponents/aramis-x01-extracted/stats/stronghold-candidate-B.json,opponents/aramis-x01-extracted/stats/stronghold-candidate-B.csv,opponents/aramis-x01-extracted/graphs/stronghold-candidate-B.svg,3,44,36,568,204,203,15,17,48,61,77,0,0,0,0,47.395833333333336,1.9965277777777777,0.0,3,17,12,614,233,232,17,15,86,71,60,0,0,0,0,50.607638888888886,1.9965277777777777,0.0
aramis-x01-extracted,trauma,A,B,aramis-x01-extracted,500,23.145,,,gavroche-v13-tail-paced-rescue,aramis-x01-extracted,opponents/aramis-x01-extracted/replays/trauma-candidate-A.log,opponents/aramis-x01-extracted/replays/trauma-candidate-A.replay,0,roundLimit,opponents/aramis-x01-extracted/stats/trauma-candidate-A.json,opponents/aramis-x01-extracted/stats/trauma-candidate-A.csv,opponents/aramis-x01-extracted/graphs/trauma-candidate-A.svg,5,46,17,633,235,232,20,19,47,60,106,0,0,0,0,60.416666666666664,1.1284722222222223,0.6944444444444444,2,26,20,523,198,198,19,20,32,40,106,0,0,0,0,37.760416666666664,1.1284722222222223,0.6944444444444444
aramis-x01-extracted,trauma,B,B,gavroche-v13-tail-paced-rescue,500,15.723,,,aramis-x01-extracted,gavroche-v13-tail-paced-rescue,opponents/aramis-x01-extracted/replays/trauma-candidate-B.log,opponents/aramis-x01-extracted/replays/trauma-candidate-B.replay,0,roundLimit,opponents/aramis-x01-extracted/stats/trauma-candidate-B.json,opponents/aramis-x01-extracted/stats/trauma-candidate-B.csv,opponents/aramis-x01-extracted/graphs/trauma-candidate-B.svg,2,31,18,333,108,108,11,10,15,34,49,0,0,0,0,34.895833333333336,0.78125,0.6944444444444444,5,51,17,436,152,149,10,11,36,32,70,0,0,0,0,63.62847222222222,0.78125,0.6944444444444444
aramis-x01-extracted,trophy,A,A,gavroche-v13-tail-paced-rescue,500,20.665,,,gavroche-v13-tail-paced-rescue,aramis-x01-extracted,opponents/aramis-x01-extracted/replays/trophy-candidate-A.log,opponents/aramis-x01-extracted/replays/trophy-candidate-A.replay,0,roundLimit,opponents/aramis-x01-extracted/stats/trophy-candidate-A.json,opponents/aramis-x01-extracted/stats/trophy-candidate-A.csv,opponents/aramis-x01-extracted/graphs/trophy-candidate-A.svg,6,104,39,611,160,156,44,44,45,42,25,0,0,0,0,76.64,2.72,0.0,1,4,4,190,60,61,44,44,0,4,13,0,0,0,0,20.64,2.72,0.0
aramis-x01-extracted,trophy,B,B,gavroche-v13-tail-paced-rescue,500,17.939,,,aramis-x01-extracted,gavroche-v13-tail-paced-rescue,opponents/aramis-x01-extracted/replays/trophy-candidate-B.log,opponents/aramis-x01-extracted/replays/trophy-candidate-B.replay,0,roundLimit,opponents/aramis-x01-extracted/stats/trophy-candidate-B.json,opponents/aramis-x01-extracted/stats/trophy-candidate-B.csv,opponents/aramis-x01-extracted/graphs/trophy-candidate-B.svg,3,47,35,342,87,86,54,54,4,12,16,0,0,0,0,41.92,5.12,0.0,3,54,33,444,122,121,54,54,31,19,17,0,0,0,0,52.96,5.12,0.0
avery-v09-frontier-bfs,Colosseum,A,B,avery-v09-frontier-bfs,231,7.744,,,gavroche-v13-tail-paced-rescue,avery-v09-frontier-bfs,opponents/avery-v09-frontier-bfs/replays/Colosseum-candidate-A.log,opponents/avery-v09-frontier-bfs/replays/Colosseum-candidate-A.replay,0,elimination,opponents/avery-v09-frontier-bfs/stats/Colosseum-candidate-A.json,opponents/avery-v09-frontier-bfs/stats/Colosseum-candidate-A.csv,opponents/avery-v09-frontier-bfs/graphs/Colosseum-candidate-A.svg,0,0,0,152,50,51,43,40,10,0,1,0,0,0,0,0.0,0.0,0.0,30,75,4,421,149,120,40,43,74,3,0,0,0,0,0,100.0,0.0,0.0
avery-v09-frontier-bfs,Colosseum,B,B,gavroche-v13-tail-paced-rescue,174,6.336,,,avery-v09-frontier-bfs,gavroche-v13-tail-paced-rescue,opponents/avery-v09-frontier-bfs/replays/Colosseum-candidate-B.log,opponents/avery-v09-frontier-bfs/replays/Colosseum-candidate-B.replay,0,elimination,opponents/avery-v09-frontier-bfs/stats/Colosseum-candidate-B.json,opponents/avery-v09-frontier-bfs/stats/Colosseum-candidate-B.csv,opponents/avery-v09-frontier-bfs/graphs/Colosseum-candidate-B.svg,29,70,4,269,103,75,23,19,45,6,5,0,0,0,0,100.0,0.0,0.0,0,0,0,80,26,27,19,23,4,0,0,0,0,0,0,0.0,0.0,0.0
avery-v09-frontier-bfs,arena,A,A,gavroche-v13-tail-paced-rescue,86,3.734,,,gavroche-v13-tail-paced-rescue,avery-v09-frontier-bfs,opponents/avery-v09-frontier-bfs/replays/arena-candidate-A.log,opponents/avery-v09-frontier-bfs/replays/arena-candidate-A.replay,0,elimination,opponents/avery-v09-frontier-bfs/stats/arena-candidate-A.json,opponents/avery-v09-frontier-bfs/stats/arena-candidate-A.csv,opponents/avery-v09-frontier-bfs/graphs/arena-candidate-A.svg,23,55,4,214,84,62,27,26,20,12,4,0,0,0,0,100.0,0.0,0.0,0,0,0,99,31,32,26,27,4,1,0,0,0,0,0,0.0,0.0,0.0
avery-v09-frontier-bfs,arena,B,A,avery-v09-frontier-bfs,97,3.174,,,avery-v09-frontier-bfs,gavroche-v13-tail-paced-rescue,opponents/avery-v09-frontier-bfs/replays/arena-candidate-B.log,opponents/avery-v09-frontier-bfs/replays/arena-candidate-B.replay,0,elimination,opponents/avery-v09-frontier-bfs/stats/arena-candidate-B.json,opponents/avery-v09-frontier-bfs/stats/arena-candidate-B.csv,opponents/avery-v09-frontier-bfs/graphs/arena-candidate-B.svg,0,0,0,66,18,19,22,19,0,0,0,0,0,0,0,0.0,0.0,0.0,14,59,9,285,80,67,19,22,44,1,0,0,0,0,0,100.0,0.0,0.0
avery-v09-frontier-bfs,autarky,A,B,avery-v09-frontier-bfs,500,17.035,,,gavroche-v13-tail-paced-rescue,avery-v09-frontier-bfs,opponents/avery-v09-frontier-bfs/replays/autarky-candidate-A.log,opponents/avery-v09-frontier-bfs/replays/autarky-candidate-A.replay,0,roundLimit,opponents/avery-v09-frontier-bfs/stats/autarky-candidate-A.json,opponents/avery-v09-frontier-bfs/stats/autarky-candidate-A.csv,opponents/avery-v09-frontier-bfs/graphs/autarky-candidate-A.svg,1,2,2,265,107,112,20,20,19,9,64,0,0,0,0,15.946502057613168,4.8353909465020575,0.0,11,130,34,340,56,51,20,20,9,3,0,19,19,0,0,79.21810699588477,4.8353909465020575,0.0
avery-v09-frontier-bfs,autarky,B,A,avery-v09-frontier-bfs,500,15.581,,,avery-v09-frontier-bfs,gavroche-v13-tail-paced-rescue,opponents/avery-v09-frontier-bfs/replays/autarky-candidate-B.log,opponents/avery-v09-frontier-bfs/replays/autarky-candidate-B.replay,0,roundLimit,opponents/avery-v09-frontier-bfs/stats/autarky-candidate-B.json,opponents/avery-v09-frontier-bfs/stats/autarky-candidate-B.csv,opponents/avery-v09-frontier-bfs/graphs/autarky-candidate-B.svg,5,28,18,435,161,162,26,22,41,16,83,0,0,0,0,33.53909465020576,11.62551440329218,0.0,9,104,37,257,47,44,22,26,0,1,0,17,17,0,0,54.83539094650206,11.62551440329218,0.0
avery-v09-frontier-bfs,big_empty,A,A,gavroche-v13-tail-paced-rescue,500,62.778,,,gavroche-v13-tail-paced-rescue,avery-v09-frontier-bfs,opponents/avery-v09-frontier-bfs/replays/big_empty-candidate-A.log,opponents/avery-v09-frontier-bfs/replays/big_empty-candidate-A.replay,0,roundLimit,opponents/avery-v09-frontier-bfs/stats/big_empty-candidate-A.json,opponents/avery-v09-frontier-bfs/stats/big_empty-candidate-A.csv,opponents/avery-v09-frontier-bfs/graphs/big_empty-candidate-A.svg,22,516,54,1779,188,169,144,141,5,23,0,0,0,0,0,54.541015625,5.56640625,0.0,16,324,41,1372,177,164,141,144,4,0,0,16,16,0,0,39.892578125,5.56640625,0.0
avery-v09-frontier-bfs,big_empty,B,B,gavroche-v13-tail-paced-rescue,500,64.296,,,avery-v09-frontier-bfs,gavroche-v13-tail-paced-rescue,opponents/avery-v09-frontier-bfs/replays/big_empty-candidate-B.log,opponents/avery-v09-frontier-bfs/replays/big_empty-candidate-B.replay,0,roundLimit,opponents/avery-v09-frontier-bfs/stats/big_empty-candidate-B.json,opponents/avery-v09-frontier-bfs/stats/big_empty-candidate-B.csv,opponents/avery-v09-frontier-bfs/graphs/big_empty-candidate-B.svg,21,470,42,1814,187,169,143,144,4,21,0,0,0,0,0,51.5380859375,4.00390625,0.0,14,240,37,1372,175,164,144,143,4,0,0,17,17,0,0,44.4580078125,4.00390625,0.0
avery-v09-frontier-bfs,default,A,B,avery-v09-frontier-bfs,500,16.253,,,gavroche-v13-tail-paced-rescue,avery-v09-frontier-bfs,opponents/avery-v09-frontier-bfs/replays/default-candidate-A.log,opponents/avery-v09-frontier-bfs/replays/default-candidate-A.replay,0,roundLimit,opponents/avery-v09-frontier-bfs/stats/default-candidate-A.json,opponents/avery-v09-frontier-bfs/stats/default-candidate-A.csv,opponents/avery-v09-frontier-bfs/graphs/default-candidate-A.svg,5,48,16,322,102,101,43,33,47,13,8,0,0,0,0,35.05859375,3.3203125,0.0,5,63,22,246,58,57,33,43,5,0,0,9,9,0,0,61.62109375,3.3203125,0.0
avery-v09-frontier-bfs,default,B,B,gavroche-v13-tail-paced-rescue,500,18.093,,,avery-v09-frontier-bfs,gavroche-v13-tail-paced-rescue,opponents/avery-v09-frontier-bfs/replays/default-candidate-B.log,opponents/avery-v09-frontier-bfs/replays/default-candidate-B.replay,0,roundLimit,opponents/avery-v09-frontier-bfs/stats/default-candidate-B.json,opponents/avery-v09-frontier-bfs/stats/default-candidate-B.csv,opponents/avery-v09-frontier-bfs/graphs/default-candidate-B.svg,4,44,23,351,110,110,53,43,39,21,7,0,0,0,0,25.1953125,4.8828125,0.0,6,64,15,285,81,79,43,53,9,6,0,11,11,0,0,69.921875,4.8828125,0.0
avery-v09-frontier-bfs,default_small,A,B,avery-v09-frontier-bfs,277,6.961,,,gavroche-v13-tail-paced-rescue,avery-v09-frontier-bfs,opponents/avery-v09-frontier-bfs/replays/default_small-candidate-A.log,opponents/avery-v09-frontier-bfs/replays/default_small-candidate-A.replay,0,elimination,opponents/avery-v09-frontier-bfs/stats/default_small-candidate-A.json,opponents/avery-v09-frontier-bfs/stats/default_small-candidate-A.csv,opponents/avery-v09-frontier-bfs/graphs/default_small-candidate-A.svg,0,0,0,68,24,26,21,18,0,6,2,0,0,0,0,0.0,0.0,0.0,29,74,4,213,76,49,18,21,12,16,0,0,0,0,0,100.0,0.0,0.0
avery-v09-frontier-bfs,default_small,B,A,avery-v09-frontier-bfs,196,4.778,,,avery-v09-frontier-bfs,gavroche-v13-tail-paced-rescue,opponents/avery-v09-frontier-bfs/replays/default_small-candidate-B.log,opponents/avery-v09-frontier-bfs/replays/default_small-candidate-B.replay,0,elimination,opponents/avery-v09-frontier-bfs/stats/default_small-candidate-B.json,opponents/avery-v09-frontier-bfs/stats/default_small-candidate-B.csv,opponents/avery-v09-frontier-bfs/graphs/default_small-candidate-B.svg,0,0,0,37,10,12,12,10,0,2,0,0,0,0,0,0.0,0.0,0.0,31,72,5,162,61,32,10,12,13,7,0,0,0,0,0,100.0,0.0,0.0
avery-v09-frontier-bfs,devil,A,A,gavroche-v13-tail-paced-rescue,431,24.1,,,gavroche-v13-tail-paced-rescue,avery-v09-frontier-bfs,opponents/avery-v09-frontier-bfs/replays/devil-candidate-A.log,opponents/avery-v09-frontier-bfs/replays/devil-candidate-A.replay,0,elimination,opponents/avery-v09-frontier-bfs/stats/devil-candidate-A.json,opponents/avery-v09-frontier-bfs/stats/devil-candidate-A.csv,opponents/avery-v09-frontier-bfs/graphs/devil-candidate-A.svg,16,80,15,1329,496,483,66,66,96,191,130,0,0,0,0,100.0,0.0,0.0,0,0,0,274,91,94,66,66,11,13,0,4,4,0,0,0.0,0.0,0.0
avery-v09-frontier-bfs,devil,B,B,gavroche-v13-tail-paced-rescue,500,23.073,,,avery-v09-frontier-bfs,gavroche-v13-tail-paced-rescue,opponents/avery-v09-frontier-bfs/replays/devil-candidate-B.log,opponents/avery-v09-frontier-bfs/replays/devil-candidate-B.replay,0,roundLimit,opponents/avery-v09-frontier-bfs/stats/devil-candidate-B.json,opponents/avery-v09-frontier-bfs/stats/devil-candidate-B.csv,opponents/avery-v09-frontier-bfs/graphs/devil-candidate-B.svg,2,58,34,1213,423,424,89,83,75,173,93,0,0,0,0,68.75,3.515625,0.0,2,52,33,434,137,138,83,89,24,15,0,10,10,0,0,27.734375,3.515625,0.0
avery-v09-frontier-bfs,dilemma,A,A,gavroche-v13-tail-paced-rescue,354,4.748,,,gavroche-v13-tail-paced-rescue,avery-v09-frontier-bfs,opponents/avery-v09-frontier-bfs/replays/dilemma-candidate-A.log,opponents/avery-v09-frontier-bfs/replays/dilemma-candidate-A.replay,0,elimination,opponents/avery-v09-frontier-bfs/stats/dilemma-candidate-A.json,opponents/avery-v09-frontier-bfs/stats/dilemma-candidate-A.csv,opponents/avery-v09-frontier-bfs/graphs/dilemma-candidate-A.svg,11,34,5,199,78,70,5,5,14,26,25,0,0,0,0,100.0,0.0,0.0,0,0,0,11,3,6,5,5,0,1,0,0,0,0,0,0.0,0.0,0.0
avery-v09-frontier-bfs,dilemma,B,B,gavroche-v13-tail-paced-rescue,14,0.779,,,avery-v09-frontier-bfs,gavroche-v13-tail-paced-rescue,opponents/avery-v09-frontier-bfs/replays/dilemma-candidate-B.log,opponents/avery-v09-frontier-bfs/replays/dilemma-candidate-B.replay,0,elimination,opponents/avery-v09-frontier-bfs/stats/dilemma-candidate-B.json,opponents/avery-v09-frontier-bfs/stats/dilemma-candidate-B.csv,opponents/avery-v09-frontier-bfs/graphs/dilemma-candidate-B.svg,8,18,3,16,12,7,2,2,0,2,3,0,0,0,0,100.0,0.0,0.0,0,0,0,2,0,3,2,2,0,1,0,0,0,0,0,0.0,0.0,0.0
avery-v09-frontier-bfs,queen_of_spades,A,A,gavroche-v13-tail-paced-rescue,500,10.848,,,gavroche-v13-tail-paced-rescue,avery-v09-frontier-bfs,opponents/avery-v09-frontier-bfs/replays/queen_of_spades-candidate-A.log,opponents/avery-v09-frontier-bfs/replays/queen_of_spades-candidate-A.replay,0,roundLimit,opponents/avery-v09-frontier-bfs/stats/queen_of_spades-candidate-A.json,opponents/avery-v09-frontier-bfs/stats/queen_of_spades-candidate-A.csv,opponents/avery-v09-frontier-bfs/graphs/queen_of_spades-candidate-A.svg,4,43,24,562,185,183,12,9,76,37,61,0,0,0,0,43.65714285714286,2.9714285714285715,20.8,2,9,5,38,14,14,9,12,0,2,0,0,0,0,0,32.57142857142857,2.9714285714285715,20.8
avery-v09-frontier-bfs,queen_of_spades,B,B,gavroche-v13-tail-paced-rescue,500,10.606,,,avery-v09-frontier-bfs,gavroche-v13-tail-paced-rescue,opponents/avery-v09-frontier-bfs/replays/queen_of_spades-candidate-B.log,opponents/avery-v09-frontier-bfs/replays/queen_of_spades-candidate-B.replay,0,roundLimit,opponents/avery-v09-frontier-bfs/stats/queen_of_spades-candidate-B.json,opponents/avery-v09-frontier-bfs/stats/queen_of_spades-candidate-B.csv,opponents/avery-v09-frontier-bfs/graphs/queen_of_spades-candidate-B.svg,2,42,26,424,138,138,25,26,42,39,31,0,0,0,0,47.08571428571429,2.2857142857142856,20.8,1,11,11,194,62,63,26,25,15,22,0,1,1,0,0,29.82857142857143,2.2857142857142856,20.8
avery-v09-frontier-bfs,schooltime,A,A,gavroche-v13-tail-paced-rescue,500,43.429,,,gavroche-v13-tail-paced-rescue,avery-v09-frontier-bfs,opponents/avery-v09-frontier-bfs/replays/schooltime-candidate-A.log,opponents/avery-v09-frontier-bfs/replays/schooltime-candidate-A.replay,0,roundLimit,opponents/avery-v09-frontier-bfs/stats/schooltime-candidate-A.json,opponents/avery-v09-frontier-bfs/stats/schooltime-candidate-A.csv,opponents/avery-v09-frontier-bfs/graphs/schooltime-candidate-A.svg,7,124,47,1230,358,354,120,121,100,62,71,0,0,0,0,22.958333333333332,2.375,14.083333333333334,15,180,17,1099,288,276,121,120,93,48,0,15,15,0,0,60.583333333333336,2.375,14.083333333333334
avery-v09-frontier-bfs,schooltime,B,A,avery-v09-frontier-bfs,500,33.135,,,avery-v09-frontier-bfs,gavroche-v13-tail-paced-rescue,opponents/avery-v09-frontier-bfs/replays/schooltime-candidate-B.log,opponents/avery-v09-frontier-bfs/replays/schooltime-candidate-B.replay,0,roundLimit,opponents/avery-v09-frontier-bfs/stats/schooltime-candidate-B.json,opponents/avery-v09-frontier-bfs/stats/schooltime-candidate-B.csv,opponents/avery-v09-frontier-bfs/graphs/schooltime-candidate-B.svg,1,17,17,843,270,272,91,96,55,40,81,0,0,0,0,0.75,0.0,14.083333333333334,22,331,41,1302,231,212,96,91,74,22,0,25,25,0,0,85.16666666666667,0.0,14.083333333333334
avery-v09-frontier-bfs,stronghold,A,B,avery-v09-frontier-bfs,500,28.668,,,gavroche-v13-tail-paced-rescue,avery-v09-frontier-bfs,opponents/avery-v09-frontier-bfs/replays/stronghold-candidate-A.log,opponents/avery-v09-frontier-bfs/replays/stronghold-candidate-A.replay,0,roundLimit,opponents/avery-v09-frontier-bfs/stats/stronghold-candidate-A.json,opponents/avery-v09-frontier-bfs/stats/stronghold-candidate-A.csv,opponents/avery-v09-frontier-bfs/graphs/stronghold-candidate-A.svg,9,90,37,572,201,194,0,0,57,69,68,0,0,0,0,75.26041666666667,0.08680555555555555,0.0,1,47,47,323,74,75,0,0,42,6,0,27,27,0,0,24.65277777777778,0.08680555555555555,0.0
avery-v09-frontier-bfs,stronghold,B,B,gavroche-v13-tail-paced-rescue,500,26.178,,,avery-v09-frontier-bfs,gavroche-v13-tail-paced-rescue,opponents/avery-v09-frontier-bfs/replays/stronghold-candidate-B.log,opponents/avery-v09-frontier-bfs/replays/stronghold-candidate-B.replay,0,roundLimit,opponents/avery-v09-frontier-bfs/stats/stronghold-candidate-B.json,opponents/avery-v09-frontier-bfs/stats/stronghold-candidate-B.csv,opponents/avery-v09-frontier-bfs/graphs/stronghold-candidate-B.svg,3,62,58,453,143,142,4,3,38,55,46,0,0,0,0,74.65277777777777,0.0,0.0,5,80,25,353,93,90,3,4,51,10,0,25,25,0,0,25.34722222222222,0.0,0.0
avery-v09-frontier-bfs,trauma,A,A,gavroche-v13-tail-paced-rescue,500,24.329,,,gavroche-v13-tail-paced-rescue,avery-v09-frontier-bfs,opponents/avery-v09-frontier-bfs/replays/trauma-candidate-A.log,opponents/avery-v09-frontier-bfs/replays/trauma-candidate-A.replay,0,roundLimit,opponents/avery-v09-frontier-bfs/stats/trauma-candidate-A.json,opponents/avery-v09-frontier-bfs/stats/trauma-candidate-A.csv,opponents/avery-v09-frontier-bfs/graphs/trauma-candidate-A.svg,4,54,18,852,327,325,2,2,72,104,147,0,0,0,0,72.22222222222223,0.08680555555555555,0.6944444444444444,13,32,4,44,16,5,2,2,3,0,0,0,0,0,0,26.99652777777778,0.08680555555555555,0.6944444444444444
avery-v09-frontier-bfs,trauma,B,B,gavroche-v13-tail-paced-rescue,500,20.101,,,avery-v09-frontier-bfs,gavroche-v13-tail-paced-rescue,opponents/avery-v09-frontier-bfs/replays/trauma-candidate-B.log,opponents/avery-v09-frontier-bfs/replays/trauma-candidate-B.replay,0,roundLimit,opponents/avery-v09-frontier-bfs/stats/trauma-candidate-B.json,opponents/avery-v09-frontier-bfs/stats/trauma-candidate-B.csv,opponents/avery-v09-frontier-bfs/graphs/trauma-candidate-B.svg,7,74,23,736,279,274,0,0,56,70,148,0,0,0,0,73.26388888888889,0.08680555555555555,0.6944444444444444,3,25,19,46,11,10,0,0,2,0,0,8,8,0,0,25.95486111111111,0.08680555555555555,0.6944444444444444
avery-v09-frontier-bfs,trophy,A,A,gavroche-v13-tail-paced-rescue,500,23.8,,,gavroche-v13-tail-paced-rescue,avery-v09-frontier-bfs,opponents/avery-v09-frontier-bfs/replays/trophy-candidate-A.log,opponents/avery-v09-frontier-bfs/replays/trophy-candidate-A.replay,0,roundLimit,opponents/avery-v09-frontier-bfs/stats/trophy-candidate-A.json,opponents/avery-v09-frontier-bfs/stats/trophy-candidate-A.csv,opponents/avery-v09-frontier-bfs/graphs/trophy-candidate-A.svg,6,93,44,746,231,227,28,24,93,59,51,0,0,0,0,89.12,3.68,0.0,1,5,5,98,31,32,24,28,4,0,0,0,0,0,0,7.2,3.68,0.0
avery-v09-frontier-bfs,trophy,B,B,gavroche-v13-tail-paced-rescue,282,13.042,,,avery-v09-frontier-bfs,gavroche-v13-tail-paced-rescue,opponents/avery-v09-frontier-bfs/replays/trophy-candidate-B.log,opponents/avery-v09-frontier-bfs/replays/trophy-candidate-B.replay,0,elimination,opponents/avery-v09-frontier-bfs/stats/trophy-candidate-B.json,opponents/avery-v09-frontier-bfs/stats/trophy-candidate-B.csv,opponents/avery-v09-frontier-bfs/graphs/trophy-candidate-B.svg,51,123,5,361,145,96,24,23,36,14,23,0,0,0,0,100.0,0.0,0.0,0,0,0,74,23,25,23,24,0,1,0,0,0,0,0,0.0,0.0,0.0
javert-x02-lendensity,Colosseum,A,A,gavroche-v13-tail-paced-rescue,158,5.753,,,gavroche-v13-tail-paced-rescue,javert-x02-lendensity,opponents/javert-x02-lendensity/replays/Colosseum-candidate-A.log,opponents/javert-x02-lendensity/replays/Colosseum-candidate-A.replay,0,elimination,opponents/javert-x02-lendensity/stats/Colosseum-candidate-A.json,opponents/javert-x02-lendensity/stats/Colosseum-candidate-A.csv,opponents/javert-x02-lendensity/graphs/Colosseum-candidate-A.svg,31,72,3,226,90,60,20,23,30,3,4,0,0,0,0,100.0,0.0,0.0,0,0,0,82,20,21,23,20,1,0,0,0,0,0,0,0.0,0.0,0.0
javert-x02-lendensity,Colosseum,B,B,gavroche-v13-tail-paced-rescue,187,6.999,,,javert-x02-lendensity,gavroche-v13-tail-paced-rescue,opponents/javert-x02-lendensity/replays/Colosseum-candidate-B.log,opponents/javert-x02-lendensity/replays/Colosseum-candidate-B.replay,0,elimination,opponents/javert-x02-lendensity/stats/Colosseum-candidate-B.json,opponents/javert-x02-lendensity/stats/Colosseum-candidate-B.csv,opponents/javert-x02-lendensity/graphs/Colosseum-candidate-B.svg,36,88,4,310,122,87,16,17,65,5,0,0,0,0,0,100.0,0.0,0.0,0,0,0,67,20,21,17,16,5,0,0,0,0,0,0,0.0,0.0,0.0
javert-x02-lendensity,arena,A,A,gavroche-v13-tail-paced-rescue,107,4.798,,,gavroche-v13-tail-paced-rescue,javert-x02-lendensity,opponents/javert-x02-lendensity/replays/arena-candidate-A.log,opponents/javert-x02-lendensity/replays/arena-candidate-A.replay,0,elimination,opponents/javert-x02-lendensity/stats/arena-candidate-A.json,opponents/javert-x02-lendensity/stats/arena-candidate-A.csv,opponents/javert-x02-lendensity/graphs/arena-candidate-A.svg,23,59,4,330,131,109,20,23,43,36,7,0,0,0,0,100.0,0.0,0.0,0,0,0,79,21,22,23,20,2,0,0,0,0,0,0,0.0,0.0,0.0
javert-x02-lendensity,arena,B,B,gavroche-v13-tail-paced-rescue,69,2.93,,,javert-x02-lendensity,gavroche-v13-tail-paced-rescue,opponents/javert-x02-lendensity/replays/arena-candidate-B.log,opponents/javert-x02-lendensity/replays/arena-candidate-B.replay,0,elimination,opponents/javert-x02-lendensity/stats/arena-candidate-B.json,opponents/javert-x02-lendensity/stats/arena-candidate-B.csv,opponents/javert-x02-lendensity/graphs/arena-candidate-B.svg,22,57,4,191,72,51,18,17,23,11,0,0,0,0,0,100.0,0.0,0.0,0,0,0,65,19,20,17,18,2,0,0,0,0,0,0,0.0,0.0,0.0
javert-x02-lendensity,autarky,A,B,javert-x02-lendensity,500,20.316,,,gavroche-v13-tail-paced-rescue,javert-x02-lendensity,opponents/javert-x02-lendensity/replays/autarky-candidate-A.log,opponents/javert-x02-lendensity/replays/autarky-candidate-A.replay,0,roundLimit,opponents/javert-x02-lendensity/stats/autarky-candidate-A.json,opponents/javert-x02-lendensity/stats/autarky-candidate-A.csv,opponents/javert-x02-lendensity/graphs/autarky-candidate-A.svg,6,39,17,442,165,165,16,23,33,27,82,0,0,0,0,31.584362139917694,2.1604938271604937,0.0,7,51,23,411,117,116,23,16,11,6,83,0,0,0,0,66.2551440329218,2.1604938271604937,0.0
javert-x02-lendensity,autarky,B,A,javert-x02-lendensity,500,20.855,,,javert-x02-lendensity,gavroche-v13-tail-paced-rescue,opponents/javert-x02-lendensity/replays/autarky-candidate-B.log,opponents/javert-x02-lendensity/replays/autarky-candidate-B.replay,0,roundLimit,opponents/javert-x02-lendensity/stats/autarky-candidate-B.json,opponents/javert-x02-lendensity/stats/autarky-candidate-B.csv,opponents/javert-x02-lendensity/graphs/autarky-candidate-B.svg,1,4,4,174,72,77,13,12,10,10,45,0,0,0,0,4.11522633744856,1.646090534979424,0.0,13,106,39,693,212,205,12,13,26,19,147,0,0,0,0,94.23868312757202,1.646090534979424,0.0
javert-x02-lendensity,big_empty,A,A,gavroche-v13-tail-paced-rescue,500,75.868,,,gavroche-v13-tail-paced-rescue,javert-x02-lendensity,opponents/javert-x02-lendensity/replays/big_empty-candidate-A.log,opponents/javert-x02-lendensity/replays/big_empty-candidate-A.replay,0,roundLimit,opponents/javert-x02-lendensity/stats/big_empty-candidate-A.json,opponents/javert-x02-lendensity/stats/big_empty-candidate-A.csv,opponents/javert-x02-lendensity/graphs/big_empty-candidate-A.svg,24,414,63,1210,123,102,64,64,8,30,0,0,0,0,0,48.486328125,3.7841796875,0.0,23,323,40,1135,121,101,64,64,7,30,0,0,0,0,0,47.7294921875,3.7841796875,0.0
javert-x02-lendensity,big_empty,B,B,gavroche-v13-tail-paced-rescue,500,78.427,,,javert-x02-lendensity,gavroche-v13-tail-paced-rescue,opponents/javert-x02-lendensity/replays/big_empty-candidate-B.log,opponents/javert-x02-lendensity/replays/big_empty-candidate-B.replay,0,roundLimit,opponents/javert-x02-lendensity/stats/big_empty-candidate-B.json,opponents/javert-x02-lendensity/stats/big_empty-candidate-B.csv,opponents/javert-x02-lendensity/graphs/big_empty-candidate-B.svg,32,459,60,1139,117,88,60,59,3,26,0,0,0,0,0,45.3125,5.615234375,0.0,30,409,51,1112,114,87,59,60,1,26,0,0,0,0,0,49.072265625,5.615234375,0.0
javert-x02-lendensity,default,A,B,javert-x02-lendensity,500,20.28,,,gavroche-v13-tail-paced-rescue,javert-x02-lendensity,opponents/javert-x02-lendensity/replays/default-candidate-A.log,opponents/javert-x02-lendensity/replays/default-candidate-A.replay,0,roundLimit,opponents/javert-x02-lendensity/stats/default-candidate-A.json,opponents/javert-x02-lendensity/stats/default-candidate-A.csv,opponents/javert-x02-lendensity/graphs/default-candidate-A.svg,2,22,18,287,105,107,22,25,62,13,7,0,0,0,0,15.33203125,1.07421875,0.0,6,70,25,261,66,64,25,22,18,15,9,0,0,0,0,83.59375,1.07421875,0.0
javert-x02-lendensity,default,B,A,javert-x02-lendensity,500,20.219,,,javert-x02-lendensity,gavroche-v13-tail-paced-rescue,opponents/javert-x02-lendensity/replays/default-candidate-B.log,opponents/javert-x02-lendensity/replays/default-candidate-B.replay,0,roundLimit,opponents/javert-x02-lendensity/stats/default-candidate-B.json,opponents/javert-x02-lendensity/stats/default-candidate-B.csv,opponents/javert-x02-lendensity/graphs/default-candidate-B.svg,9,41,8,333,116,111,15,21,62,19,9,0,0,0,0,56.93359375,9.86328125,0.0,7,34,16,162,47,44,21,15,11,14,4,0,0,0,0,33.203125,9.86328125,0.0
javert-x02-lendensity,default_small,A,A,gavroche-v13-tail-paced-rescue,268,5.903,,,gavroche-v13-tail-paced-rescue,javert-x02-lendensity,opponents/javert-x02-lendensity/replays/default_small-candidate-A.log,opponents/javert-x02-lendensity/replays/default_small-candidate-A.replay,0,elimination,opponents/javert-x02-lendensity/stats/default_small-candidate-A.json,opponents/javert-x02-lendensity/stats/default_small-candidate-A.csv,opponents/javert-x02-lendensity/graphs/default_small-candidate-A.svg,20,46,3,179,71,53,21,20,3,14,16,0,0,0,0,100.0,0.0,0.0,0,0,0,79,25,27,20,21,0,0,6,0,0,0,0,0.0,0.0,0.0
javert-x02-lendensity,default_small,B,B,gavroche-v13-tail-paced-rescue,296,7.764,,,javert-x02-lendensity,gavroche-v13-tail-paced-rescue,opponents/javert-x02-lendensity/replays/default_small-candidate-B.log,opponents/javert-x02-lendensity/replays/default_small-candidate-B.replay,0,elimination,opponents/javert-x02-lendensity/stats/default_small-candidate-B.json,opponents/javert-x02-lendensity/stats/default_small-candidate-B.csv,opponents/javert-x02-lendensity/graphs/default_small-candidate-B.svg,20,55,6,222,82,64,11,12,12,15,25,0,0,0,0,100.0,0.0,0.0,0,0,0,59,18,20,12,11,0,0,9,0,0,0,0,0.0,0.0,0.0
javert-x02-lendensity,devil,A,A,gavroche-v13-tail-paced-rescue,257,14.146,,,gavroche-v13-tail-paced-rescue,javert-x02-lendensity,opponents/javert-x02-lendensity/replays/devil-candidate-A.log,opponents/javert-x02-lendensity/replays/devil-candidate-A.replay,0,elimination,opponents/javert-x02-lendensity/stats/devil-candidate-A.json,opponents/javert-x02-lendensity/stats/devil-candidate-A.csv,opponents/javert-x02-lendensity/graphs/devil-candidate-A.svg,48,116,4,809,328,283,21,20,72,120,71,0,0,0,0,100.0,0.0,0.0,0,0,0,116,50,53,20,21,31,0,1,0,0,0,0,0.0,0.0,0.0
javert-x02-lendensity,devil,B,B,gavroche-v13-tail-paced-rescue,230,12.498,,,javert-x02-lendensity,gavroche-v13-tail-paced-rescue,opponents/javert-x02-lendensity/replays/devil-candidate-B.log,opponents/javert-x02-lendensity/replays/devil-candidate-B.replay,0,elimination,opponents/javert-x02-lendensity/stats/devil-candidate-B.json,opponents/javert-x02-lendensity/stats/devil-candidate-B.csv,opponents/javert-x02-lendensity/graphs/devil-candidate-B.svg,36,94,3,707,287,254,19,17,61,113,63,0,0,0,0,100.0,0.0,0.0,0,0,0,79,33,36,17,19,16,0,1,0,0,0,0,0.0,0.0,0.0
javert-x02-lendensity,dilemma,A,B,javert-x02-lendensity,500,7.115,,,gavroche-v13-tail-paced-rescue,javert-x02-lendensity,opponents/javert-x02-lendensity/replays/dilemma-candidate-A.log,opponents/javert-x02-lendensity/replays/dilemma-candidate-A.replay,0,roundLimit,opponents/javert-x02-lendensity/stats/dilemma-candidate-A.json,opponents/javert-x02-lendensity/stats/dilemma-candidate-A.csv,opponents/javert-x02-lendensity/graphs/dilemma-candidate-A.svg,4,24,15,165,60,59,4,6,7,24,22,0,0,0,0,72.0703125,12.5,0.0,1,28,28,137,38,40,6,4,5,7,24,0,0,0,0,15.4296875,12.5,0.0
javert-x02-lendensity,dilemma,B,A,javert-x02-lendensity,500,8.885,,,javert-x02-lendensity,gavroche-v13-tail-paced-rescue,opponents/javert-x02-lendensity/replays/dilemma-candidate-B.log,opponents/javert-x02-lendensity/replays/dilemma-candidate-B.replay,0,roundLimit,opponents/javert-x02-lendensity/stats/dilemma-candidate-B.json,opponents/javert-x02-lendensity/stats/dilemma-candidate-B.csv,opponents/javert-x02-lendensity/graphs/dilemma-candidate-B.svg,3,8,3,104,42,42,5,4,4,21,13,0,0,0,0,75.0,2.5390625,0.0,1,28,28,242,71,73,4,5,8,17,43,0,0,0,0,22.4609375,2.5390625,0.0
javert-x02-lendensity,queen_of_spades,A,B,javert-x02-lendensity,349,6.865,,,gavroche-v13-tail-paced-rescue,javert-x02-lendensity,opponents/javert-x02-lendensity/replays/queen_of_spades-candidate-A.log,opponents/javert-x02-lendensity/replays/queen_of_spades-candidate-A.replay,0,elimination,opponents/javert-x02-lendensity/stats/queen_of_spades-candidate-A.json,opponents/javert-x02-lendensity/stats/queen_of_spades-candidate-A.csv,opponents/javert-x02-lendensity/graphs/queen_of_spades-candidate-A.svg,0,0,0,179,58,60,7,8,22,15,15,0,0,0,0,0.0,0.0,20.8,17,45,7,162,60,45,8,7,18,2,18,0,0,0,0,79.2,0.0,20.8
javert-x02-lendensity,queen_of_spades,B,A,javert-x02-lendensity,500,8.611,,,javert-x02-lendensity,gavroche-v13-tail-paced-rescue,opponents/javert-x02-lendensity/replays/queen_of_spades-candidate-B.log,opponents/javert-x02-lendensity/replays/queen_of_spades-candidate-B.replay,0,roundLimit,opponents/javert-x02-lendensity/stats/queen_of_spades-candidate-B.json,opponents/javert-x02-lendensity/stats/queen_of_spades-candidate-B.csv,opponents/javert-x02-lendensity/graphs/queen_of_spades-candidate-B.svg,2,14,8,243,80,80,11,15,30,10,25,0,0,0,0,34.17142857142857,0.8,20.8,2,31,21,272,83,83,15,11,20,13,39,0,0,0,0,44.22857142857143,0.8,20.8
javert-x02-lendensity,schooltime,A,A,gavroche-v13-tail-paced-rescue,500,42.129,,,gavroche-v13-tail-paced-rescue,javert-x02-lendensity,opponents/javert-x02-lendensity/replays/schooltime-candidate-A.log,opponents/javert-x02-lendensity/replays/schooltime-candidate-A.replay,0,roundLimit,opponents/javert-x02-lendensity/stats/schooltime-candidate-A.json,opponents/javert-x02-lendensity/stats/schooltime-candidate-A.csv,opponents/javert-x02-lendensity/graphs/schooltime-candidate-A.svg,10,165,33,1405,391,384,50,57,121,71,135,0,0,0,0,50.166666666666664,4.333333333333333,14.083333333333334,8,86,26,607,156,151,57,50,33,8,60,0,0,0,0,31.416666666666668,4.333333333333333,14.083333333333334
javert-x02-lendensity,schooltime,B,B,gavroche-v13-tail-paced-rescue,500,46.772,,,javert-x02-lendensity,gavroche-v13-tail-paced-rescue,opponents/javert-x02-lendensity/replays/schooltime-candidate-B.log,opponents/javert-x02-lendensity/replays/schooltime-candidate-B.replay,0,roundLimit,opponents/javert-x02-lendensity/stats/schooltime-candidate-B.json,opponents/javert-x02-lendensity/stats/schooltime-candidate-B.csv,opponents/javert-x02-lendensity/graphs/schooltime-candidate-B.svg,11,144,25,989,304,296,59,67,113,49,67,0,0,0,0,43.083333333333336,4.166666666666667,14.083333333333334,9,96,24,989,298,292,67,59,67,25,141,0,0,0,0,38.666666666666664,4.166666666666667,14.083333333333334
javert-x02-lendensity,stronghold,A,B,javert-x02-lendensity,500,29.012,,,gavroche-v13-tail-paced-rescue,javert-x02-lendensity,opponents/javert-x02-lendensity/replays/stronghold-candidate-A.log,opponents/javert-x02-lendensity/replays/stronghold-candidate-A.replay,0,roundLimit,opponents/javert-x02-lendensity/stats/stronghold-candidate-A.json,opponents/javert-x02-lendensity/stats/stronghold-candidate-A.csv,opponents/javert-x02-lendensity/graphs/stronghold-candidate-A.svg,5,89,51,634,222,219,7,7,82,64,66,0,0,0,0,76.5625,0.08680555555555555,0.0,1,57,57,272,75,76,7,7,51,12,6,0,0,0,0,23.350694444444443,0.08680555555555555,0.0
javert-x02-lendensity,stronghold,B,B,gavroche-v13-tail-paced-rescue,500,28.599,,,javert-x02-lendensity,gavroche-v13-tail-paced-rescue,opponents/javert-x02-lendensity/replays/stronghold-candidate-B.log,opponents/javert-x02-lendensity/replays/stronghold-candidate-B.replay,0,roundLimit,opponents/javert-x02-lendensity/stats/stronghold-candidate-B.json,opponents/javert-x02-lendensity/stats/stronghold-candidate-B.csv,opponents/javert-x02-lendensity/graphs/stronghold-candidate-B.svg,5,84,63,583,207,204,7,8,54,51,91,0,0,0,0,74.82638888888889,0.08680555555555555,0.0,1,52,52,305,95,96,8,7,61,12,16,0,0,0,0,25.086805555555557,0.08680555555555555,0.0
javert-x02-lendensity,trauma,A,A,gavroche-v13-tail-paced-rescue,500,21.827,,,gavroche-v13-tail-paced-rescue,javert-x02-lendensity,opponents/javert-x02-lendensity/replays/trauma-candidate-A.log,opponents/javert-x02-lendensity/replays/trauma-candidate-A.replay,0,roundLimit,opponents/javert-x02-lendensity/stats/trauma-candidate-A.json,opponents/javert-x02-lendensity/stats/trauma-candidate-A.csv,opponents/javert-x02-lendensity/graphs/trauma-candidate-A.svg,5,59,26,804,310,307,1,1,74,88,144,0,0,0,0,72.56944444444444,0.08680555555555555,0.6944444444444444,2,14,12,35,8,8,1,1,3,3,1,0,0,0,0,26.649305555555557,0.08680555555555555,0.6944444444444444
javert-x02-lendensity,trauma,B,B,gavroche-v13-tail-paced-rescue,500,20.944,,,javert-x02-lendensity,gavroche-v13-tail-paced-rescue,opponents/javert-x02-lendensity/replays/trauma-candidate-B.log,opponents/javert-x02-lendensity/replays/trauma-candidate-B.replay,0,roundLimit,opponents/javert-x02-lendensity/stats/trauma-candidate-B.json,opponents/javert-x02-lendensity/stats/trauma-candidate-B.csv,opponents/javert-x02-lendensity/graphs/trauma-candidate-B.svg,10,105,30,749,276,268,1,1,66,81,120,0,0,0,0,81.51041666666667,1.6493055555555556,0.6944444444444444,2,6,3,19,5,5,1,1,2,1,1,0,0,0,0,16.145833333333332,1.6493055555555556,0.6944444444444444
javert-x02-lendensity,trophy,A,A,gavroche-v13-tail-paced-rescue,382,20.829,,,gavroche-v13-tail-paced-rescue,javert-x02-lendensity,opponents/javert-x02-lendensity/replays/trophy-candidate-A.log,opponents/javert-x02-lendensity/replays/trophy-candidate-A.replay,0,elimination,opponents/javert-x02-lendensity/stats/trophy-candidate-A.json,opponents/javert-x02-lendensity/stats/trophy-candidate-A.csv,opponents/javert-x02-lendensity/graphs/trophy-candidate-A.svg,46,122,11,473,184,140,19,18,59,28,35,0,0,0,0,100.0,0.0,0.0,0,0,0,78,26,28,18,19,0,0,9,0,0,0,0,0.0,0.0,0.0
javert-x02-lendensity,trophy,B,A,javert-x02-lendensity,500,19.521,,,javert-x02-lendensity,gavroche-v13-tail-paced-rescue,opponents/javert-x02-lendensity/replays/trophy-candidate-B.log,opponents/javert-x02-lendensity/replays/trophy-candidate-B.replay,0,roundLimit,opponents/javert-x02-lendensity/stats/trophy-candidate-B.json,opponents/javert-x02-lendensity/stats/trophy-candidate-B.csv,opponents/javert-x02-lendensity/graphs/trophy-candidate-B.svg,3,43,21,332,78,77,40,41,8,20,8,0,0,0,0,38.56,5.28,0.0,4,59,23,372,93,91,41,40,22,4,25,0,0,0,0,56.16,5.28,0.0
dartegnan-x01-e0p0,Colosseum,A,B,dartegnan-x01-e0p0,224,11.895,,,gavroche-v13-tail-paced-rescue,dartegnan-x01-e0p0,opponents/dartegnan-x01-e0p0/replays/Colosseum-candidate-A.log,opponents/dartegnan-x01-e0p0/replays/Colosseum-candidate-A.replay,0,elimination,opponents/dartegnan-x01-e0p0/stats/Colosseum-candidate-A.json,opponents/dartegnan-x01-e0p0/stats/Colosseum-candidate-A.csv,opponents/dartegnan-x01-e0p0/graphs/Colosseum-candidate-A.svg,0,0,0,79,23,24,14,17,6,1,0,0,0,0,0,0.0,0.0,0.0,41,103,4,414,158,118,17,14,99,0,5,0,0,0,0,100.0,0.0,0.0
dartegnan-x01-e0p0,Colosseum,B,B,gavroche-v13-tail-paced-rescue,178,7.843,,,dartegnan-x01-e0p0,gavroche-v13-tail-paced-rescue,opponents/dartegnan-x01-e0p0/replays/Colosseum-candidate-B.log,opponents/dartegnan-x01-e0p0/replays/Colosseum-candidate-B.replay,0,elimination,opponents/dartegnan-x01-e0p0/stats/Colosseum-candidate-B.json,opponents/dartegnan-x01-e0p0/stats/Colosseum-candidate-B.csv,opponents/dartegnan-x01-e0p0/graphs/Colosseum-candidate-B.svg,35,89,4,339,133,99,19,19,67,10,3,0,0,0,0,100.0,0.0,0.0,0,0,0,67,18,19,19,19,0,0,0,0,0,0,0,0.0,0.0,0.0
dartegnan-x01-e0p0,arena,A,A,gavroche-v13-tail-paced-rescue,63,2.419,,,gavroche-v13-tail-paced-rescue,dartegnan-x01-e0p0,opponents/dartegnan-x01-e0p0/replays/arena-candidate-A.log,opponents/dartegnan-x01-e0p0/replays/arena-candidate-A.replay,0,elimination,opponents/dartegnan-x01-e0p0/stats/arena-candidate-A.json,opponents/dartegnan-x01-e0p0/stats/arena-candidate-A.csv,opponents/dartegnan-x01-e0p0/graphs/arena-candidate-A.svg,18,51,4,152,54,37,23,20,9,7,1,0,0,0,0,100.0,0.0,0.0,0,0,0,106,33,34,20,23,11,0,0,0,0,0,0,0.0,0.0,0.0
dartegnan-x01-e0p0,arena,B,B,gavroche-v13-tail-paced-rescue,74,2.907,,,dartegnan-x01-e0p0,gavroche-v13-tail-paced-rescue,opponents/dartegnan-x01-e0p0/replays/arena-candidate-B.log,opponents/dartegnan-x01-e0p0/replays/arena-candidate-B.replay,0,elimination,opponents/dartegnan-x01-e0p0/stats/arena-candidate-B.json,opponents/dartegnan-x01-e0p0/stats/arena-candidate-B.csv,opponents/dartegnan-x01-e0p0/graphs/arena-candidate-B.svg,22,56,4,202,75,54,24,25,14,12,3,0,0,0,0,100.0,0.0,0.0,0,0,0,104,28,29,25,24,5,0,0,0,0,0,0,0.0,0.0,0.0
dartegnan-x01-e0p0,autarky,A,B,dartegnan-x01-e0p0,500,16.95,,,gavroche-v13-tail-paced-rescue,dartegnan-x01-e0p0,opponents/dartegnan-x01-e0p0/replays/autarky-candidate-A.log,opponents/dartegnan-x01-e0p0/replays/autarky-candidate-A.replay,0,roundLimit,opponents/dartegnan-x01-e0p0/stats/autarky-candidate-A.json,opponents/dartegnan-x01-e0p0/stats/autarky-candidate-A.csv,opponents/dartegnan-x01-e0p0/graphs/autarky-candidate-A.svg,3,8,3,419,150,153,20,20,25,12,96,0,0,0,0,24.074074074074073,1.646090534979424,0.0,9,119,36,521,148,145,20,20,12,6,107,0,0,0,0,74.2798353909465,1.646090534979424,0.0
dartegnan-x01-e0p0,autarky,B,A,dartegnan-x01-e0p0,500,17.304,,,dartegnan-x01-e0p0,gavroche-v13-tail-paced-rescue,opponents/dartegnan-x01-e0p0/replays/autarky-candidate-B.log,opponents/dartegnan-x01-e0p0/replays/autarky-candidate-B.replay,0,roundLimit,opponents/dartegnan-x01-e0p0/stats/autarky-candidate-B.json,opponents/dartegnan-x01-e0p0/stats/autarky-candidate-B.csv,opponents/dartegnan-x01-e0p0/graphs/autarky-candidate-B.svg,6,45,16,547,193,193,15,18,63,24,88,0,0,0,0,60.08230452674897,0.0,0.0,5,48,33,374,120,121,18,15,15,5,86,0,0,0,0,39.91769547325103,0.0,0.0
dartegnan-x01-e0p0,big_empty,A,A,gavroche-v13-tail-paced-rescue,500,86.08,,,gavroche-v13-tail-paced-rescue,dartegnan-x01-e0p0,opponents/dartegnan-x01-e0p0/replays/big_empty-candidate-A.log,opponents/dartegnan-x01-e0p0/replays/big_empty-candidate-A.replay,0,roundLimit,opponents/dartegnan-x01-e0p0/stats/big_empty-candidate-A.json,opponents/dartegnan-x01-e0p0/stats/big_empty-candidate-A.csv,opponents/dartegnan-x01-e0p0/graphs/big_empty-candidate-A.svg,20,332,57,1110,125,108,68,68,8,32,0,0,0,0,0,33.984375,9.4482421875,0.0,31,467,28,1205,121,93,68,68,5,20,0,0,0,0,0,56.5673828125,9.4482421875,0.0
dartegnan-x01-e0p0,big_empty,B,A,dartegnan-x01-e0p0,500,84.132,,,dartegnan-x01-e0p0,gavroche-v13-tail-paced-rescue,opponents/dartegnan-x01-e0p0/replays/big_empty-candidate-B.log,opponents/dartegnan-x01-e0p0/replays/big_empty-candidate-B.replay,0,roundLimit,opponents/dartegnan-x01-e0p0/stats/big_empty-candidate-B.json,opponents/dartegnan-x01-e0p0/stats/big_empty-candidate-B.csv,opponents/dartegnan-x01-e0p0/graphs/big_empty-candidate-B.svg,30,426,43,1093,115,88,64,64,3,21,0,0,0,0,0,59.8388671875,8.8134765625,0.0,20,345,53,1131,110,93,64,64,2,27,0,0,0,0,0,31.34765625,8.8134765625,0.0
dartegnan-x01-e0p0,default,A,B,dartegnan-x01-e0p0,500,21.492,,,gavroche-v13-tail-paced-rescue,dartegnan-x01-e0p0,opponents/dartegnan-x01-e0p0/replays/default-candidate-A.log,opponents/dartegnan-x01-e0p0/replays/default-candidate-A.replay,0,roundLimit,opponents/dartegnan-x01-e0p0/stats/default-candidate-A.json,opponents/dartegnan-x01-e0p0/stats/default-candidate-A.csv,opponents/dartegnan-x01-e0p0/graphs/default-candidate-A.svg,6,45,12,194,54,52,23,24,19,5,4,0,0,0,0,42.7734375,3.125,0.0,5,46,25,310,90,89,24,23,42,16,8,0,0,0,0,54.1015625,3.125,0.0
dartegnan-x01-e0p0,default,B,A,dartegnan-x01-e0p0,500,26.209,,,dartegnan-x01-e0p0,gavroche-v13-tail-paced-rescue,opponents/dartegnan-x01-e0p0/replays/default-candidate-B.log,opponents/dartegnan-x01-e0p0/replays/default-candidate-B.replay,0,roundLimit,opponents/dartegnan-x01-e0p0/stats/default-candidate-B.json,opponents/dartegnan-x01-e0p0/stats/default-candidate-B.csv,opponents/dartegnan-x01-e0p0/graphs/default-candidate-B.svg,4,22,8,154,48,48,14,18,19,7,4,0,0,0,0,21.09375,3.22265625,0.0,14,89,16,382,121,111,18,14,69,15,13,0,0,0,0,75.68359375,3.22265625,0.0
dartegnan-x01-e0p0,default_small,A,A,gavroche-v13-tail-paced-rescue,129,2.224,,,gavroche-v13-tail-paced-rescue,dartegnan-x01-e0p0,opponents/dartegnan-x01-e0p0/replays/default_small-candidate-A.log,opponents/dartegnan-x01-e0p0/replays/default_small-candidate-A.replay,0,elimination,opponents/dartegnan-x01-e0p0/stats/default_small-candidate-A.json,opponents/dartegnan-x01-e0p0/stats/default_small-candidate-A.csv,opponents/dartegnan-x01-e0p0/graphs/default_small-candidate-A.svg,15,34,4,59,23,10,6,6,1,2,1,0,0,0,0,100.0,0.0,0.0,0,0,0,24,7,9,6,6,2,0,1,0,0,0,0,0.0,0.0,0.0
dartegnan-x01-e0p0,default_small,B,B,gavroche-v13-tail-paced-rescue,287,7.462,,,dartegnan-x01-e0p0,gavroche-v13-tail-paced-rescue,opponents/dartegnan-x01-e0p0/replays/default_small-candidate-B.log,opponents/dartegnan-x01-e0p0/replays/default_small-candidate-B.replay,0,elimination,opponents/dartegnan-x01-e0p0/stats/default_small-candidate-B.json,opponents/dartegnan-x01-e0p0/stats/default_small-candidate-B.csv,opponents/dartegnan-x01-e0p0/graphs/default_small-candidate-B.svg,17,54,8,223,76,61,18,18,7,17,19,0,0,0,0,100.0,0.0,0.0,0,0,0,83,27,29,18,18,2,0,9,0,0,0,0,0.0,0.0,0.0
dartegnan-x01-e0p0,devil,A,A,gavroche-v13-tail-paced-rescue,328,20.534,,,gavroche-v13-tail-paced-rescue,dartegnan-x01-e0p0,opponents/dartegnan-x01-e0p0/replays/devil-candidate-A.log,opponents/dartegnan-x01-e0p0/replays/devil-candidate-A.replay,0,elimination,opponents/dartegnan-x01-e0p0/stats/devil-candidate-A.json,opponents/dartegnan-x01-e0p0/stats/devil-candidate-A.csv,opponents/dartegnan-x01-e0p0/graphs/devil-candidate-A.svg,49,128,6,1189,473,427,18,17,93,192,125,0,0,0,0,100.0,0.0,0.0,0,0,0,98,39,42,17,18,21,0,3,0,0,0,0,0.0,0.0,0.0
dartegnan-x01-e0p0,devil,B,B,gavroche-v13-tail-paced-rescue,315,17.169,,,dartegnan-x01-e0p0,gavroche-v13-tail-paced-rescue,opponents/dartegnan-x01-e0p0/replays/devil-candidate-B.log,opponents/dartegnan-x01-e0p0/replays/devil-candidate-B.replay,0,elimination,opponents/dartegnan-x01-e0p0/stats/devil-candidate-B.json,opponents/dartegnan-x01-e0p0/stats/devil-candidate-B.csv,opponents/dartegnan-x01-e0p0/graphs/devil-candidate-B.svg,42,100,3,859,337,298,44,40,64,112,82,0,0,0,0,100.0,0.0,0.0,0,0,0,230,88,91,40,44,40,0,7,0,0,0,0,0.0,0.0,0.0
dartegnan-x01-e0p0,dilemma,A,B,dartegnan-x01-e0p0,500,7.696,,,gavroche-v13-tail-paced-rescue,dartegnan-x01-e0p0,opponents/dartegnan-x01-e0p0/replays/dilemma-candidate-A.log,opponents/dartegnan-x01-e0p0/replays/dilemma-candidate-A.replay,0,roundLimit,opponents/dartegnan-x01-e0p0/stats/dilemma-candidate-A.json,opponents/dartegnan-x01-e0p0/stats/dilemma-candidate-A.csv,opponents/dartegnan-x01-e0p0/graphs/dilemma-candidate-A.svg,3,9,4,123,49,49,8,5,15,18,11,0,0,0,0,39.84375,2.9296875,0.0,3,44,39,223,71,71,5,8,13,5,45,0,0,0,0,57.2265625,2.9296875,0.0
dartegnan-x01-e0p0,dilemma,B,B,gavroche-v13-tail-paced-rescue,500,9.033,,,dartegnan-x01-e0p0,gavroche-v13-tail-paced-rescue,opponents/dartegnan-x01-e0p0/replays/dilemma-candidate-B.log,opponents/dartegnan-x01-e0p0/replays/dilemma-candidate-B.replay,0,roundLimit,opponents/dartegnan-x01-e0p0/stats/dilemma-candidate-B.json,opponents/dartegnan-x01-e0p0/stats/dilemma-candidate-B.csv,opponents/dartegnan-x01-e0p0/graphs/dilemma-candidate-B.svg,6,28,16,236,87,84,4,3,16,34,31,0,0,0,0,62.5,11.328125,0.0,3,22,13,118,36,36,3,4,5,3,24,0,0,0,0,26.171875,11.328125,0.0
dartegnan-x01-e0p0,queen_of_spades,A,A,gavroche-v13-tail-paced-rescue,429,7.669,,,gavroche-v13-tail-paced-rescue,dartegnan-x01-e0p0,opponents/dartegnan-x01-e0p0/replays/queen_of_spades-candidate-A.log,opponents/dartegnan-x01-e0p0/replays/queen_of_spades-candidate-A.replay,0,elimination,opponents/dartegnan-x01-e0p0/stats/queen_of_spades-candidate-A.json,opponents/dartegnan-x01-e0p0/stats/queen_of_spades-candidate-A.csv,opponents/dartegnan-x01-e0p0/graphs/queen_of_spades-candidate-A.svg,13,67,15,409,137,126,5,5,47,26,48,0,0,0,0,79.2,0.0,20.8,0,0,0,51,21,23,5,5,8,1,9,0,0,0,0,0.0,0.0,20.8
dartegnan-x01-e0p0,queen_of_spades,B,B,gavroche-v13-tail-paced-rescue,500,11.872,,,dartegnan-x01-e0p0,gavroche-v13-tail-paced-rescue,opponents/dartegnan-x01-e0p0/replays/queen_of_spades-candidate-B.log,opponents/dartegnan-x01-e0p0/replays/queen_of_spades-candidate-B.replay,0,roundLimit,opponents/dartegnan-x01-e0p0/stats/queen_of_spades-candidate-B.json,opponents/dartegnan-x01-e0p0/stats/queen_of_spades-candidate-B.csv,opponents/dartegnan-x01-e0p0/graphs/queen_of_spades-candidate-B.svg,2,43,41,475,151,151,4,4,55,48,44,0,0,0,0,41.82857142857143,1.3714285714285714,20.8,2,18,14,85,28,28,4,4,13,1,10,0,0,0,0,36.0,1.3714285714285714,20.8
dartegnan-x01-e0p0,schooltime,A,A,gavroche-v13-tail-paced-rescue,500,43.954,,,gavroche-v13-tail-paced-rescue,dartegnan-x01-e0p0,opponents/dartegnan-x01-e0p0/replays/schooltime-candidate-A.log,opponents/dartegnan-x01-e0p0/replays/schooltime-candidate-A.replay,0,roundLimit,opponents/dartegnan-x01-e0p0/stats/schooltime-candidate-A.json,opponents/dartegnan-x01-e0p0/stats/schooltime-candidate-A.csv,opponents/dartegnan-x01-e0p0/graphs/schooltime-candidate-A.svg,17,207,26,1408,358,344,51,57,117,76,94,0,0,0,0,74.5,2.2916666666666665,14.083333333333334,3,48,22,673,195,195,57,51,49,10,85,0,0,0,0,9.125,2.2916666666666665,14.083333333333334
dartegnan-x01-e0p0,schooltime,B,B,gavroche-v13-tail-paced-rescue,500,47.974,,,dartegnan-x01-e0p0,gavroche-v13-tail-paced-rescue,opponents/dartegnan-x01-e0p0/replays/schooltime-candidate-B.log,opponents/dartegnan-x01-e0p0/replays/schooltime-candidate-B.replay,0,roundLimit,opponents/dartegnan-x01-e0p0/stats/schooltime-candidate-B.json,opponents/dartegnan-x01-e0p0/stats/schooltime-candidate-B.csv,opponents/dartegnan-x01-e0p0/graphs/schooltime-candidate-B.svg,5,103,39,1109,350,348,77,78,91,72,107,0,0,0,0,41.666666666666664,3.2083333333333335,14.083333333333334,8,86,20,1017,324,319,78,77,105,22,115,0,0,0,0,41.041666666666664,3.2083333333333335,14.083333333333334
dartegnan-x01-e0p0,stronghold,A,B,dartegnan-x01-e0p0,500,31.464,,,gavroche-v13-tail-paced-rescue,dartegnan-x01-e0p0,opponents/dartegnan-x01-e0p0/replays/stronghold-candidate-A.log,opponents/dartegnan-x01-e0p0/replays/stronghold-candidate-A.replay,0,roundLimit,opponents/dartegnan-x01-e0p0/stats/stronghold-candidate-A.json,opponents/dartegnan-x01-e0p0/stats/stronghold-candidate-A.csv,opponents/dartegnan-x01-e0p0/graphs/stronghold-candidate-A.svg,2,62,55,421,137,137,3,3,45,55,34,0,0,0,0,55.81597222222222,0.0,0.0,2,70,60,470,158,158,3,3,96,19,40,0,0,0,0,44.18402777777778,0.0,0.0
dartegnan-x01-e0p0,stronghold,B,A,dartegnan-x01-e0p0,500,37.95,,,dartegnan-x01-e0p0,gavroche-v13-tail-paced-rescue,opponents/dartegnan-x01-e0p0/replays/stronghold-candidate-B.log,opponents/dartegnan-x01-e0p0/replays/stronghold-candidate-B.replay,0,roundLimit,opponents/dartegnan-x01-e0p0/stats/stronghold-candidate-B.json,opponents/dartegnan-x01-e0p0/stats/stronghold-candidate-B.csv,opponents/dartegnan-x01-e0p0/graphs/stronghold-candidate-B.svg,5,64,49,611,222,219,12,13,70,59,77,0,0,0,0,69.53125,0.0,0.0,2,55,53,609,227,227,13,12,113,15,87,0,0,0,0,30.46875,0.0,0.0
dartegnan-x01-e0p0,trauma,A,A,gavroche-v13-tail-paced-rescue,500,18.978,,,gavroche-v13-tail-paced-rescue,dartegnan-x01-e0p0,opponents/dartegnan-x01-e0p0/replays/trauma-candidate-A.log,opponents/dartegnan-x01-e0p0/replays/trauma-candidate-A.replay,0,roundLimit,opponents/dartegnan-x01-e0p0/stats/trauma-candidate-A.json,opponents/dartegnan-x01-e0p0/stats/trauma-candidate-A.csv,opponents/dartegnan-x01-e0p0/graphs/trauma-candidate-A.svg,8,83,22,821,304,298,4,3,43,100,152,0,0,0,0,79.94791666666667,1.9097222222222223,0.6944444444444444,2,4,2,41,13,13,3,4,3,0,6,0,0,0,0,17.447916666666668,1.9097222222222223,0.6944444444444444
dartegnan-x01-e0p0,trauma,B,A,dartegnan-x01-e0p0,500,24.196,,,dartegnan-x01-e0p0,gavroche-v13-tail-paced-rescue,opponents/dartegnan-x01-e0p0/replays/trauma-candidate-B.log,opponents/dartegnan-x01-e0p0/replays/trauma-candidate-B.replay,0,roundLimit,opponents/dartegnan-x01-e0p0/stats/trauma-candidate-B.json,opponents/dartegnan-x01-e0p0/stats/trauma-candidate-B.csv,opponents/dartegnan-x01-e0p0/graphs/trauma-candidate-B.svg,4,31,13,737,284,282,14,14,38,72,158,0,0,0,0,57.8125,0.6944444444444444,0.6944444444444444,5,32,14,307,116,113,14,14,29,10,60,0,0,0,0,40.798611111111114,0.6944444444444444,0.6944444444444444
dartegnan-x01-e0p0,trophy,A,A,gavroche-v13-tail-paced-rescue,269,11.922,,,gavroche-v13-tail-paced-rescue,dartegnan-x01-e0p0,opponents/dartegnan-x01-e0p0/replays/trophy-candidate-A.log,opponents/dartegnan-x01-e0p0/replays/trophy-candidate-A.replay,0,elimination,opponents/dartegnan-x01-e0p0/stats/trophy-candidate-A.json,opponents/dartegnan-x01-e0p0/stats/trophy-candidate-A.csv,opponents/dartegnan-x01-e0p0/graphs/trophy-candidate-A.svg,46,110,6,270,110,66,13,13,23,18,12,0,0,0,0,100.0,0.0,0.0,0,0,0,56,18,20,13,13,2,0,5,0,0,0,0,0.0,0.0,0.0
dartegnan-x01-e0p0,trophy,B,B,gavroche-v13-tail-paced-rescue,500,25.087,,,dartegnan-x01-e0p0,gavroche-v13-tail-paced-rescue,opponents/dartegnan-x01-e0p0/replays/trophy-candidate-B.log,opponents/dartegnan-x01-e0p0/replays/trophy-candidate-B.replay,0,roundLimit,opponents/dartegnan-x01-e0p0/stats/trophy-candidate-B.json,opponents/dartegnan-x01-e0p0/stats/trophy-candidate-B.csv,opponents/dartegnan-x01-e0p0/graphs/trophy-candidate-B.svg,6,89,33,616,167,163,23,21,58,42,42,0,0,0,0,79.84,1.28,0.0,1,22,22,126,31,32,21,23,0,0,9,0,0,0,0,18.88,1.28,0.0
leviathan-v09-arrival,Colosseum,A,A,gavroche-v13-tail-paced-rescue,74,2.225,,,gavroche-v13-tail-paced-rescue,leviathan-v09-arrival,opponents/leviathan-v09-arrival/replays/Colosseum-candidate-A.log,opponents/leviathan-v09-arrival/replays/Colosseum-candidate-A.replay,0,elimination,opponents/leviathan-v09-arrival/stats/Colosseum-candidate-A.json,opponents/leviathan-v09-arrival/stats/Colosseum-candidate-A.csv,opponents/leviathan-v09-arrival/graphs/Colosseum-candidate-A.svg,24,56,3,122,52,29,4,4,22,2,1,0,0,0,0,100.0,0.0,0.0,0,0,0,7,3,4,4,4,0,0,0,0,0,0,0,0.0,0.0,0.0
leviathan-v09-arrival,Colosseum,B,B,gavroche-v13-tail-paced-rescue,161,5.427,,,leviathan-v09-arrival,gavroche-v13-tail-paced-rescue,opponents/leviathan-v09-arrival/replays/Colosseum-candidate-B.log,opponents/leviathan-v09-arrival/replays/Colosseum-candidate-B.replay,0,elimination,opponents/leviathan-v09-arrival/stats/Colosseum-candidate-B.json,opponents/leviathan-v09-arrival/stats/Colosseum-candidate-B.csv,opponents/leviathan-v09-arrival/graphs/Colosseum-candidate-B.svg,30,73,3,263,104,75,25,26,44,5,0,0,0,0,0,100.0,0.0,0.0,0,0,0,78,25,26,26,25,1,0,0,0,0,0,0,0.0,0.0,0.0
leviathan-v09-arrival,arena,A,A,gavroche-v13-tail-paced-rescue,85,3.323,,,gavroche-v13-tail-paced-rescue,leviathan-v09-arrival,opponents/leviathan-v09-arrival/replays/arena-candidate-A.log,opponents/leviathan-v09-arrival/replays/arena-candidate-A.replay,0,elimination,opponents/leviathan-v09-arrival/stats/arena-candidate-A.json,opponents/leviathan-v09-arrival/stats/arena-candidate-A.csv,opponents/leviathan-v09-arrival/graphs/arena-candidate-A.svg,19,55,4,289,105,87,22,23,28,28,8,0,0,0,0,100.0,0.0,0.0,0,0,0,81,22,23,23,22,1,0,0,0,0,0,0,0.0,0.0,0.0
leviathan-v09-arrival,arena,B,B,gavroche-v13-tail-paced-rescue,144,4.989,,,leviathan-v09-arrival,gavroche-v13-tail-paced-rescue,opponents/leviathan-v09-arrival/replays/arena-candidate-B.log,opponents/leviathan-v09-arrival/replays/arena-candidate-B.replay,0,elimination,opponents/leviathan-v09-arrival/stats/arena-candidate-B.json,opponents/leviathan-v09-arrival/stats/arena-candidate-B.csv,opponents/leviathan-v09-arrival/graphs/arena-candidate-B.svg,18,52,5,352,123,106,73,72,15,15,4,0,0,0,0,100.0,0.0,0.0,0,0,0,328,80,81,72,73,7,1,0,0,0,0,0,0.0,0.0,0.0
leviathan-v09-arrival,autarky,A,B,leviathan-v09-arrival,500,16.746,,,gavroche-v13-tail-paced-rescue,leviathan-v09-arrival,opponents/leviathan-v09-arrival/replays/autarky-candidate-A.log,opponents/leviathan-v09-arrival/replays/autarky-candidate-A.replay,0,roundLimit,opponents/leviathan-v09-arrival/stats/autarky-candidate-A.json,opponents/leviathan-v09-arrival/stats/autarky-candidate-A.csv,opponents/leviathan-v09-arrival/graphs/autarky-candidate-A.svg,7,46,15,662,232,231,37,34,35,31,131,0,0,0,0,81.99588477366255,1.8518518518518519,0.0,2,34,22,168,46,50,34,37,7,1,0,5,5,0,0,16.152263374485596,1.8518518518518519,0.0
leviathan-v09-arrival,autarky,B,B,gavroche-v13-tail-paced-rescue,384,11.508,,,leviathan-v09-arrival,gavroche-v13-tail-paced-rescue,opponents/leviathan-v09-arrival/replays/autarky-candidate-B.log,opponents/leviathan-v09-arrival/replays/autarky-candidate-B.replay,0,elimination,opponents/leviathan-v09-arrival/stats/autarky-candidate-B.json,opponents/leviathan-v09-arrival/stats/autarky-candidate-B.csv,opponents/leviathan-v09-arrival/graphs/autarky-candidate-B.svg,11,35,7,550,213,208,28,28,39,17,124,0,0,0,0,100.0,0.0,0.0,0,0,0,94,27,33,28,28,4,1,0,0,0,0,0,0.0,0.0,0.0
leviathan-v09-arrival,big_empty,A,A,gavroche-v13-tail-paced-rescue,500,65.336,,,gavroche-v13-tail-paced-rescue,leviathan-v09-arrival,opponents/leviathan-v09-arrival/replays/big_empty-candidate-A.log,opponents/leviathan-v09-arrival/replays/big_empty-candidate-A.replay,0,roundLimit,opponents/leviathan-v09-arrival/stats/big_empty-candidate-A.json,opponents/leviathan-v09-arrival/stats/big_empty-candidate-A.csv,opponents/leviathan-v09-arrival/graphs/big_empty-candidate-A.svg,29,577,63,1740,192,166,149,145,3,18,0,0,0,0,0,58.88671875,5.2490234375,0.0,16,296,31,1164,185,172,145,149,2,0,0,21,21,0,0,35.8642578125,5.2490234375,0.0
leviathan-v09-arrival,big_empty,B,B,gavroche-v13-tail-paced-rescue,500,65.376,,,leviathan-v09-arrival,gavroche-v13-tail-paced-rescue,opponents/leviathan-v09-arrival/replays/big_empty-candidate-B.log,opponents/leviathan-v09-arrival/replays/big_empty-candidate-B.replay,0,roundLimit,opponents/leviathan-v09-arrival/stats/big_empty-candidate-B.json,opponents/leviathan-v09-arrival/stats/big_empty-candidate-B.csv,opponents/leviathan-v09-arrival/graphs/big_empty-candidate-B.svg,27,462,34,1629,218,194,166,168,4,22,0,0,0,0,0,49.7314453125,6.3720703125,0.0,26,416,31,1413,207,184,168,166,2,0,0,16,16,0,0,43.896484375,6.3720703125,0.0
leviathan-v09-arrival,default,A,B,leviathan-v09-arrival,500,14.943,,,gavroche-v13-tail-paced-rescue,leviathan-v09-arrival,opponents/leviathan-v09-arrival/replays/default-candidate-A.log,opponents/leviathan-v09-arrival/replays/default-candidate-A.replay,0,roundLimit,opponents/leviathan-v09-arrival/stats/default-candidate-A.json,opponents/leviathan-v09-arrival/stats/default-candidate-A.csv,opponents/leviathan-v09-arrival/graphs/default-candidate-A.svg,4,40,16,270,86,86,41,35,37,10,4,0,0,0,0,49.21875,2.734375,0.0,5,70,20,385,104,103,35,41,43,6,0,13,13,0,0,48.046875,2.734375,0.0
leviathan-v09-arrival,default,B,B,gavroche-v13-tail-paced-rescue,413,13.192,,,leviathan-v09-arrival,gavroche-v13-tail-paced-rescue,opponents/leviathan-v09-arrival/replays/default-candidate-B.log,opponents/leviathan-v09-arrival/replays/default-candidate-B.replay,0,elimination,opponents/leviathan-v09-arrival/stats/default-candidate-B.json,opponents/leviathan-v09-arrival/stats/default-candidate-B.csv,opponents/leviathan-v09-arrival/graphs/default-candidate-B.svg,25,86,12,232,82,61,48,40,12,7,2,0,0,0,0,100.0,0.0,0.0,0,0,0,222,67,71,40,48,20,3,0,0,0,0,0,0.0,0.0,0.0
leviathan-v09-arrival,default_small,A,B,leviathan-v09-arrival,155,3.266,,,gavroche-v13-tail-paced-rescue,leviathan-v09-arrival,opponents/leviathan-v09-arrival/replays/default_small-candidate-A.log,opponents/leviathan-v09-arrival/replays/default_small-candidate-A.replay,0,elimination,opponents/leviathan-v09-arrival/stats/default_small-candidate-A.json,opponents/leviathan-v09-arrival/stats/default_small-candidate-A.csv,opponents/leviathan-v09-arrival/graphs/default_small-candidate-A.svg,0,0,0,53,19,21,16,16,1,4,0,0,0,0,0,0.0,0.0,0.0,25,71,10,133,47,24,16,16,3,5,0,0,0,0,0,100.0,0.0,0.0
leviathan-v09-arrival,default_small,B,B,gavroche-v13-tail-paced-rescue,254,7.721,,,leviathan-v09-arrival,gavroche-v13-tail-paced-rescue,opponents/leviathan-v09-arrival/replays/default_small-candidate-B.log,opponents/leviathan-v09-arrival/replays/default_small-candidate-B.replay,0,elimination,opponents/leviathan-v09-arrival/stats/default_small-candidate-B.json,opponents/leviathan-v09-arrival/stats/default_small-candidate-B.csv,opponents/leviathan-v09-arrival/graphs/default_small-candidate-B.svg,22,54,3,273,113,93,5,5,17,36,35,0,0,0,0,100.0,0.0,0.0,0,0,0,11,3,5,5,5,0,0,0,0,0,0,0,0.0,0.0,0.0
leviathan-v09-arrival,devil,A,A,gavroche-v13-tail-paced-rescue,500,24.633,,,gavroche-v13-tail-paced-rescue,leviathan-v09-arrival,opponents/leviathan-v09-arrival/replays/devil-candidate-A.log,opponents/leviathan-v09-arrival/replays/devil-candidate-A.replay,0,elimination,opponents/leviathan-v09-arrival/stats/devil-candidate-A.json,opponents/leviathan-v09-arrival/stats/devil-candidate-A.csv,opponents/leviathan-v09-arrival/graphs/devil-candidate-A.svg,3,59,27,1360,478,478,63,63,120,200,95,0,0,0,0,100.0,0.0,0.0,0,0,0,355,104,107,63,63,20,12,0,12,12,0,0,0.0,0.0,0.0
leviathan-v09-arrival,devil,B,B,gavroche-v13-tail-paced-rescue,500,19.922,,,leviathan-v09-arrival,gavroche-v13-tail-paced-rescue,opponents/leviathan-v09-arrival/replays/devil-candidate-B.log,opponents/leviathan-v09-arrival/replays/devil-candidate-B.replay,0,roundLimit,opponents/leviathan-v09-arrival/stats/devil-candidate-B.json,opponents/leviathan-v09-arrival/stats/devil-candidate-B.csv,opponents/leviathan-v09-arrival/graphs/devil-candidate-B.svg,1,47,47,709,229,231,78,78,37,75,41,0,0,0,0,36.5234375,2.9296875,0.0,2,49,26,796,218,219,78,78,93,36,0,12,12,0,0,60.546875,2.9296875,0.0
leviathan-v09-arrival,dilemma,A,A,gavroche-v13-tail-paced-rescue,296,4.041,,,gavroche-v13-tail-paced-rescue,leviathan-v09-arrival,opponents/leviathan-v09-arrival/replays/dilemma-candidate-A.log,opponents/leviathan-v09-arrival/replays/dilemma-candidate-A.replay,0,elimination,opponents/leviathan-v09-arrival/stats/dilemma-candidate-A.json,opponents/leviathan-v09-arrival/stats/dilemma-candidate-A.csv,opponents/leviathan-v09-arrival/graphs/dilemma-candidate-A.svg,15,32,3,174,70,58,5,6,6,13,33,0,0,0,0,100.0,0.0,0.0,0,0,0,14,3,6,6,5,0,1,0,0,0,0,0,0.0,0.0,0.0
leviathan-v09-arrival,dilemma,B,B,gavroche-v13-tail-paced-rescue,241,2.535,,,leviathan-v09-arrival,gavroche-v13-tail-paced-rescue,opponents/leviathan-v09-arrival/replays/dilemma-candidate-B.log,opponents/leviathan-v09-arrival/replays/dilemma-candidate-B.replay,0,elimination,opponents/leviathan-v09-arrival/stats/dilemma-candidate-B.json,opponents/leviathan-v09-arrival/stats/dilemma-candidate-B.csv,opponents/leviathan-v09-arrival/graphs/dilemma-candidate-B.svg,11,30,4,92,41,33,7,7,6,9,11,0,0,0,0,100.0,0.0,0.0,0,0,0,17,5,8,7,7,0,1,0,0,0,0,0,0.0,0.0,0.0
leviathan-v09-arrival,queen_of_spades,A,A,gavroche-v13-tail-paced-rescue,500,6.116,,,gavroche-v13-tail-paced-rescue,leviathan-v09-arrival,opponents/leviathan-v09-arrival/replays/queen_of_spades-candidate-A.log,opponents/leviathan-v09-arrival/replays/queen_of_spades-candidate-A.replay,0,roundLimit,opponents/leviathan-v09-arrival/stats/queen_of_spades-candidate-A.json,opponents/leviathan-v09-arrival/stats/queen_of_spades-candidate-A.csv,opponents/leviathan-v09-arrival/graphs/queen_of_spades-candidate-A.svg,1,22,22,254,87,88,28,27,23,17,21,0,0,0,0,8.228571428571428,9.028571428571428,20.8,3,21,10,203,60,59,27,28,13,15,0,3,3,0,0,61.94285714285714,9.028571428571428,20.8
leviathan-v09-arrival,queen_of_spades,B,A,leviathan-v09-arrival,289,4.6,,,leviathan-v09-arrival,gavroche-v13-tail-paced-rescue,opponents/leviathan-v09-arrival/replays/queen_of_spades-candidate-B.log,opponents/leviathan-v09-arrival/replays/queen_of_spades-candidate-B.replay,0,elimination,opponents/leviathan-v09-arrival/stats/queen_of_spades-candidate-B.json,opponents/leviathan-v09-arrival/stats/queen_of_spades-candidate-B.csv,opponents/leviathan-v09-arrival/graphs/queen_of_spades-candidate-B.svg,0,0,0,158,55,57,14,13,20,17,7,0,0,0,0,0.0,0.0,20.8,16,55,10,149,51,37,13,14,11,12,0,0,0,0,0,79.2,0.0,20.8
leviathan-v09-arrival,schooltime,A,A,gavroche-v13-tail-paced-rescue,500,33.653,,,gavroche-v13-tail-paced-rescue,leviathan-v09-arrival,opponents/leviathan-v09-arrival/replays/schooltime-candidate-A.log,opponents/leviathan-v09-arrival/replays/schooltime-candidate-A.replay,0,roundLimit,opponents/leviathan-v09-arrival/stats/schooltime-candidate-A.json,opponents/leviathan-v09-arrival/stats/schooltime-candidate-A.csv,opponents/leviathan-v09-arrival/graphs/schooltime-candidate-A.svg,14,190,48,1546,400,389,61,56,144,93,96,0,0,0,0,58.458333333333336,3.0,14.083333333333334,6,91,25,449,88,85,56,61,11,4,0,9,9,0,0,24.458333333333332,3.0,14.083333333333334
leviathan-v09-arrival,schooltime,B,A,leviathan-v09-arrival,500,33.151,,,leviathan-v09-arrival,gavroche-v13-tail-paced-rescue,opponents/leviathan-v09-arrival/replays/schooltime-candidate-B.log,opponents/leviathan-v09-arrival/replays/schooltime-candidate-B.replay,0,roundLimit,opponents/leviathan-v09-arrival/stats/schooltime-candidate-B.json,opponents/leviathan-v09-arrival/stats/schooltime-candidate-B.csv,opponents/leviathan-v09-arrival/graphs/schooltime-candidate-B.svg,11,258,45,1659,340,332,67,66,94,86,86,0,0,0,0,77.58333333333333,0.20833333333333334,14.083333333333334,1,69,69,334,87,89,66,67,13,8,0,1,1,0,0,8.125,0.20833333333333334,14.083333333333334
leviathan-v09-arrival,stronghold,A,A,gavroche-v13-tail-paced-rescue,500,31.638,,,gavroche-v13-tail-paced-rescue,leviathan-v09-arrival,opponents/leviathan-v09-arrival/replays/stronghold-candidate-A.log,opponents/leviathan-v09-arrival/replays/stronghold-candidate-A.replay,0,roundLimit,opponents/leviathan-v09-arrival/stats/stronghold-candidate-A.json,opponents/leviathan-v09-arrival/stats/stronghold-candidate-A.csv,opponents/leviathan-v09-arrival/graphs/stronghold-candidate-A.svg,3,72,50,630,217,216,9,7,70,85,54,0,0,0,0,43.75,1.2152777777777777,0.0,7,66,30,503,144,139,7,9,39,57,0,34,34,0,0,55.03472222222222,1.2152777777777777,0.0
leviathan-v09-arrival,stronghold,B,B,gavroche-v13-tail-paced-rescue,500,30.281,,,leviathan-v09-arrival,gavroche-v13-tail-paced-rescue,opponents/leviathan-v09-arrival/replays/stronghold-candidate-B.log,opponents/leviathan-v09-arrival/replays/stronghold-candidate-B.replay,0,roundLimit,opponents/leviathan-v09-arrival/stats/stronghold-candidate-B.json,opponents/leviathan-v09-arrival/stats/stronghold-candidate-B.csv,opponents/leviathan-v09-arrival/graphs/stronghold-candidate-B.svg,6,63,47,559,190,186,13,8,62,47,69,0,0,0,0,72.91666666666667,0.0,0.0,4,44,36,484,137,135,8,13,52,43,0,27,27,0,0,27.083333333333332,0.0,0.0
leviathan-v09-arrival,trauma,A,B,leviathan-v09-arrival,500,18.515,,,gavroche-v13-tail-paced-rescue,leviathan-v09-arrival,opponents/leviathan-v09-arrival/replays/trauma-candidate-A.log,opponents/leviathan-v09-arrival/replays/trauma-candidate-A.replay,0,roundLimit,opponents/leviathan-v09-arrival/stats/trauma-candidate-A.json,opponents/leviathan-v09-arrival/stats/trauma-candidate-A.csv,opponents/leviathan-v09-arrival/graphs/trauma-candidate-A.svg,6,67,20,756,290,286,16,18,56,80,132,0,0,0,0,73.09027777777777,0.08680555555555555,0.6944444444444444,1,22,22,151,45,46,18,16,11,13,0,6,6,0,0,26.12847222222222,0.08680555555555555,0.6944444444444444
leviathan-v09-arrival,trauma,B,B,gavroche-v13-tail-paced-rescue,500,16.413,,,leviathan-v09-arrival,gavroche-v13-tail-paced-rescue,opponents/leviathan-v09-arrival/replays/trauma-candidate-B.log,opponents/leviathan-v09-arrival/replays/trauma-candidate-B.replay,0,roundLimit,opponents/leviathan-v09-arrival/stats/trauma-candidate-B.json,opponents/leviathan-v09-arrival/stats/trauma-candidate-B.csv,opponents/leviathan-v09-arrival/graphs/trauma-candidate-B.svg,5,49,17,697,265,262,18,17,67,49,129,0,0,0,0,56.423611111111114,4.6875,0.6944444444444444,5,36,14,128,36,33,17,18,9,5,0,1,1,0,0,38.19444444444444,4.6875,0.6944444444444444
leviathan-v09-arrival,trophy,A,A,gavroche-v13-tail-paced-rescue,186,7.928,,,gavroche-v13-tail-paced-rescue,leviathan-v09-arrival,opponents/leviathan-v09-arrival/replays/trophy-candidate-A.log,opponents/leviathan-v09-arrival/replays/trophy-candidate-A.replay,0,elimination,opponents/leviathan-v09-arrival/stats/trophy-candidate-A.json,opponents/leviathan-v09-arrival/stats/trophy-candidate-A.csv,opponents/leviathan-v09-arrival/graphs/trophy-candidate-A.svg,42,103,4,219,89,49,11,11,20,6,12,0,0,0,0,100.0,0.0,0.0,0,0,0,25,9,11,11,11,0,0,0,0,0,0,0,0.0,0.0,0.0
leviathan-v09-arrival,trophy,B,B,gavroche-v13-tail-paced-rescue,500,24.219,,,leviathan-v09-arrival,gavroche-v13-tail-paced-rescue,opponents/leviathan-v09-arrival/replays/trophy-candidate-B.log,opponents/leviathan-v09-arrival/replays/trophy-candidate-B.replay,0,roundLimit,opponents/leviathan-v09-arrival/stats/trophy-candidate-B.json,opponents/leviathan-v09-arrival/stats/trophy-candidate-B.csv,opponents/leviathan-v09-arrival/graphs/trophy-candidate-B.svg,7,103,32,736,221,216,35,36,77,47,56,0,0,0,0,73.12,4.8,0.0,1,8,8,113,37,38,36,35,0,2,0,1,1,0,0,22.08,4.8,0.0
hunter-v23-supported-arrival-feed,Colosseum,A,A,gavroche-v13-tail-paced-rescue,107,8.604,,,gavroche-v13-tail-paced-rescue,hunter-v23-supported-arrival-feed,opponents/hunter-v23-supported-arrival-feed/replays/Colosseum-candidate-A.log,opponents/hunter-v23-supported-arrival-feed/replays/Colosseum-candidate-A.replay,0,elimination,opponents/hunter-v23-supported-arrival-feed/stats/Colosseum-candidate-A.json,opponents/hunter-v23-supported-arrival-feed/stats/Colosseum-candidate-A.csv,opponents/hunter-v23-supported-arrival-feed/graphs/Colosseum-candidate-A.svg,33,85,4,183,72,40,7,7,25,8,0,0,0,0,0,100.0,0.0,0.0,0,0,0,18,6,7,7,7,0,0,0,0,0,0,0,0.0,0.0,0.0
hunter-v23-supported-arrival-feed,Colosseum,B,B,gavroche-v13-tail-paced-rescue,75,1.534,,,hunter-v23-supported-arrival-feed,gavroche-v13-tail-paced-rescue,opponents/hunter-v23-supported-arrival-feed/replays/Colosseum-candidate-B.log,opponents/hunter-v23-supported-arrival-feed/replays/Colosseum-candidate-B.replay,0,elimination,opponents/hunter-v23-supported-arrival-feed/stats/Colosseum-candidate-B.json,opponents/hunter-v23-supported-arrival-feed/stats/Colosseum-candidate-B.csv,opponents/hunter-v23-supported-arrival-feed/graphs/Colosseum-candidate-B.svg,27,68,4,91,35,9,6,5,4,0,0,0,0,0,0,100.0,0.0,0.0,0,0,0,22,5,6,5,6,0,0,0,0,0,0,0,0.0,0.0,0.0
hunter-v23-supported-arrival-feed,arena,A,A,gavroche-v13-tail-paced-rescue,55,6.691,,,gavroche-v13-tail-paced-rescue,hunter-v23-supported-arrival-feed,opponents/hunter-v23-supported-arrival-feed/replays/arena-candidate-A.log,opponents/hunter-v23-supported-arrival-feed/replays/arena-candidate-A.replay,0,elimination,opponents/hunter-v23-supported-arrival-feed/stats/arena-candidate-A.json,opponents/hunter-v23-supported-arrival-feed/stats/arena-candidate-A.csv,opponents/hunter-v23-supported-arrival-feed/graphs/arena-candidate-A.svg,21,60,5,160,60,40,14,15,10,10,5,0,0,0,0,100.0,0.0,0.0,0,0,0,61,21,22,15,14,4,3,1,0,0,0,0,0.0,0.0,0.0
hunter-v23-supported-arrival-feed,arena,B,A,hunter-v23-supported-arrival-feed,62,6.125,,,hunter-v23-supported-arrival-feed,gavroche-v13-tail-paced-rescue,opponents/hunter-v23-supported-arrival-feed/replays/arena-candidate-B.log,opponents/hunter-v23-supported-arrival-feed/replays/arena-candidate-B.replay,0,elimination,opponents/hunter-v23-supported-arrival-feed/stats/arena-candidate-B.json,opponents/hunter-v23-supported-arrival-feed/stats/arena-candidate-B.csv,opponents/hunter-v23-supported-arrival-feed/graphs/arena-candidate-B.svg,0,0,0,46,15,16,18,16,0,0,0,0,0,0,0,0.0,0.0,0.0,22,56,3,229,93,72,16,18,39,9,6,0,0,0,0,100.0,0.0,0.0
hunter-v23-supported-arrival-feed,autarky,A,B,hunter-v23-supported-arrival-feed,500,14.104,,,gavroche-v13-tail-paced-rescue,hunter-v23-supported-arrival-feed,opponents/hunter-v23-supported-arrival-feed/replays/autarky-candidate-A.log,opponents/hunter-v23-supported-arrival-feed/replays/autarky-candidate-A.replay,0,roundLimit,opponents/hunter-v23-supported-arrival-feed/stats/autarky-candidate-A.json,opponents/hunter-v23-supported-arrival-feed/stats/autarky-candidate-A.csv,opponents/hunter-v23-supported-arrival-feed/graphs/autarky-candidate-A.svg,4,25,15,241,90,92,22,24,19,9,40,0,0,0,0,7.20164609053498,2.7777777777777777,0.0,63,214,15,859,286,229,24,22,37,12,158,0,0,0,0,90.02057613168725,2.7777777777777777,0.0
hunter-v23-supported-arrival-feed,autarky,B,A,hunter-v23-supported-arrival-feed,500,18.582,,,hunter-v23-supported-arrival-feed,gavroche-v13-tail-paced-rescue,opponents/hunter-v23-supported-arrival-feed/replays/autarky-candidate-B.log,opponents/hunter-v23-supported-arrival-feed/replays/autarky-candidate-B.replay,0,roundLimit,opponents/hunter-v23-supported-arrival-feed/stats/autarky-candidate-B.json,opponents/hunter-v23-supported-arrival-feed/stats/autarky-candidate-B.csv,opponents/hunter-v23-supported-arrival-feed/graphs/autarky-candidate-B.svg,2,5,3,276,104,108,20,21,30,8,49,0,0,0,0,1.8518518518518519,1.337448559670782,0.0,64,220,17,765,239,181,21,20,22,7,132,0,0,0,0,96.81069958847736,1.337448559670782,0.0
hunter-v23-supported-arrival-feed,big_empty,A,A,gavroche-v13-tail-paced-rescue,500,59.04,,,gavroche-v13-tail-paced-rescue,hunter-v23-supported-arrival-feed,opponents/hunter-v23-supported-arrival-feed/replays/big_empty-candidate-A.log,opponents/hunter-v23-supported-arrival-feed/replays/big_empty-candidate-A.replay,0,roundLimit,opponents/hunter-v23-supported-arrival-feed/stats/big_empty-candidate-A.json,opponents/hunter-v23-supported-arrival-feed/stats/big_empty-candidate-A.csv,opponents/hunter-v23-supported-arrival-feed/graphs/big_empty-candidate-A.svg,16,267,54,1428,170,157,131,130,4,23,0,0,0,0,0,18.5546875,2.685546875,0.0,64,770,33,2018,212,151,130,131,8,12,0,0,0,0,0,78.759765625,2.685546875,0.0
hunter-v23-supported-arrival-feed,big_empty,B,A,hunter-v23-supported-arrival-feed,500,59.756,,,hunter-v23-supported-arrival-feed,gavroche-v13-tail-paced-rescue,opponents/hunter-v23-supported-arrival-feed/replays/big_empty-candidate-B.log,opponents/hunter-v23-supported-arrival-feed/replays/big_empty-candidate-B.replay,0,roundLimit,opponents/hunter-v23-supported-arrival-feed/stats/big_empty-candidate-B.json,opponents/hunter-v23-supported-arrival-feed/stats/big_empty-candidate-B.csv,opponents/hunter-v23-supported-arrival-feed/graphs/big_empty-candidate-B.svg,22,355,34,1567,196,177,141,141,6,30,0,0,0,0,0,24.9755859375,5.615234375,0.0,64,738,45,2197,237,176,141,141,15,20,0,0,0,0,0,69.4091796875,5.615234375,0.0
hunter-v23-supported-arrival-feed,default,A,A,gavroche-v13-tail-paced-rescue,500,20.032,,,gavroche-v13-tail-paced-rescue,hunter-v23-supported-arrival-feed,opponents/hunter-v23-supported-arrival-feed/replays/default-candidate-A.log,opponents/hunter-v23-supported-arrival-feed/replays/default-candidate-A.replay,0,roundLimit,opponents/hunter-v23-supported-arrival-feed/stats/default-candidate-A.json,opponents/hunter-v23-supported-arrival-feed/stats/default-candidate-A.csv,opponents/hunter-v23-supported-arrival-feed/graphs/default-candidate-A.svg,12,127,37,580,180,172,16,16,97,40,19,0,0,0,0,66.30859375,2.83203125,0.0,5,15,6,66,21,20,16,16,0,1,3,0,0,0,0,30.859375,2.83203125,0.0
hunter-v23-supported-arrival-feed,default,B,B,gavroche-v13-tail-paced-rescue,500,20.082,,,hunter-v23-supported-arrival-feed,gavroche-v13-tail-paced-rescue,opponents/hunter-v23-supported-arrival-feed/replays/default-candidate-B.log,opponents/hunter-v23-supported-arrival-feed/replays/default-candidate-B.replay,0,roundLimit,opponents/hunter-v23-supported-arrival-feed/stats/default-candidate-B.json,opponents/hunter-v23-supported-arrival-feed/stats/default-candidate-B.csv,opponents/hunter-v23-supported-arrival-feed/graphs/default-candidate-B.svg,11,82,21,612,189,182,8,8,93,52,29,0,0,0,0,86.81640625,2.83203125,0.0,1,6,6,20,8,11,8,8,2,0,1,0,0,0,0,10.3515625,2.83203125,0.0
hunter-v23-supported-arrival-feed,default_small,A,B,hunter-v23-supported-arrival-feed,348,4.324,,,gavroche-v13-tail-paced-rescue,hunter-v23-supported-arrival-feed,opponents/hunter-v23-supported-arrival-feed/replays/default_small-candidate-A.log,opponents/hunter-v23-supported-arrival-feed/replays/default_small-candidate-A.replay,0,elimination,opponents/hunter-v23-supported-arrival-feed/stats/default_small-candidate-A.json,opponents/hunter-v23-supported-arrival-feed/stats/default_small-candidate-A.csv,opponents/hunter-v23-supported-arrival-feed/graphs/default_small-candidate-A.svg,0,0,0,107,37,39,30,30,1,3,5,0,0,0,0,0.0,0.0,0.0,27,85,10,428,164,139,30,30,70,14,25,0,0,0,0,100.0,0.0,0.0
hunter-v23-supported-arrival-feed,default_small,B,A,hunter-v23-supported-arrival-feed,423,5.334,,,hunter-v23-supported-arrival-feed,gavroche-v13-tail-paced-rescue,opponents/hunter-v23-supported-arrival-feed/replays/default_small-candidate-B.log,opponents/hunter-v23-supported-arrival-feed/replays/default_small-candidate-B.replay,0,elimination,opponents/hunter-v23-supported-arrival-feed/stats/default_small-candidate-B.json,opponents/hunter-v23-supported-arrival-feed/stats/default_small-candidate-B.csv,opponents/hunter-v23-supported-arrival-feed/graphs/default_small-candidate-B.svg,0,0,0,131,48,50,42,40,2,6,2,0,0,0,0,0.0,0.0,0.0,31,82,9,496,181,152,40,42,59,14,37,0,0,0,0,100.0,0.0,0.0
hunter-v23-supported-arrival-feed,devil,A,A,gavroche-v13-tail-paced-rescue,390,20.067,,,gavroche-v13-tail-paced-rescue,hunter-v23-supported-arrival-feed,opponents/hunter-v23-supported-arrival-feed/replays/devil-candidate-A.log,opponents/hunter-v23-supported-arrival-feed/replays/devil-candidate-A.replay,0,elimination,opponents/hunter-v23-supported-arrival-feed/stats/devil-candidate-A.json,opponents/hunter-v23-supported-arrival-feed/stats/devil-candidate-A.csv,opponents/hunter-v23-supported-arrival-feed/graphs/devil-candidate-A.svg,42,132,5,1169,469,430,40,38,101,185,106,0,0,0,0,100.0,0.0,0.0,0,0,0,198,76,79,38,40,23,15,1,0,0,0,0,0.0,0.0,0.0
hunter-v23-supported-arrival-feed,devil,B,B,gavroche-v13-tail-paced-rescue,500,22.304,,,hunter-v23-supported-arrival-feed,gavroche-v13-tail-paced-rescue,opponents/hunter-v23-supported-arrival-feed/replays/devil-candidate-B.log,opponents/hunter-v23-supported-arrival-feed/replays/devil-candidate-B.replay,0,roundLimit,opponents/hunter-v23-supported-arrival-feed/stats/devil-candidate-B.json,opponents/hunter-v23-supported-arrival-feed/stats/devil-candidate-B.csv,opponents/hunter-v23-supported-arrival-feed/graphs/devil-candidate-B.svg,6,43,11,1526,539,536,47,46,136,234,120,0,0,0,0,36.328125,7.421875,0.0,22,69,10,329,119,100,46,47,28,24,1,0,0,0,0,56.25,7.421875,0.0
hunter-v23-supported-arrival-feed,dilemma,A,B,hunter-v23-supported-arrival-feed,500,5.955,,,gavroche-v13-tail-paced-rescue,hunter-v23-supported-arrival-feed,opponents/hunter-v23-supported-arrival-feed/replays/dilemma-candidate-A.log,opponents/hunter-v23-supported-arrival-feed/replays/dilemma-candidate-A.replay,0,roundLimit,opponents/hunter-v23-supported-arrival-feed/stats/dilemma-candidate-A.json,opponents/hunter-v23-supported-arrival-feed/stats/dilemma-candidate-A.csv,opponents/hunter-v23-supported-arrival-feed/graphs/dilemma-candidate-A.svg,1,2,2,69,28,30,2,2,5,13,10,0,0,0,0,1.3671875,1.171875,0.0,39,102,6,719,261,225,2,2,18,108,97,0,0,0,0,97.4609375,1.171875,0.0
hunter-v23-supported-arrival-feed,dilemma,B,A,hunter-v23-supported-arrival-feed,500,5.912,,,hunter-v23-supported-arrival-feed,gavroche-v13-tail-paced-rescue,opponents/hunter-v23-supported-arrival-feed/replays/dilemma-candidate-B.log,opponents/hunter-v23-supported-arrival-feed/replays/dilemma-candidate-B.replay,0,roundLimit,opponents/hunter-v23-supported-arrival-feed/stats/dilemma-candidate-B.json,opponents/hunter-v23-supported-arrival-feed/stats/dilemma-candidate-B.csv,opponents/hunter-v23-supported-arrival-feed/graphs/dilemma-candidate-B.svg,1,2,2,21,13,15,1,1,5,3,6,0,0,0,0,1.953125,0.0,0.0,42,111,7,720,261,222,1,1,19,106,96,0,0,0,0,98.046875,0.0,0.0
hunter-v23-supported-arrival-feed,queen_of_spades,A,A,gavroche-v13-tail-paced-rescue,375,9.877,,,gavroche-v13-tail-paced-rescue,hunter-v23-supported-arrival-feed,opponents/hunter-v23-supported-arrival-feed/replays/queen_of_spades-candidate-A.log,opponents/hunter-v23-supported-arrival-feed/replays/queen_of_spades-candidate-A.replay,0,elimination,opponents/hunter-v23-supported-arrival-feed/stats/queen_of_spades-candidate-A.json,opponents/hunter-v23-supported-arrival-feed/stats/queen_of_spades-candidate-A.csv,opponents/hunter-v23-supported-arrival-feed/graphs/queen_of_spades-candidate-A.svg,24,59,5,483,190,168,7,6,84,33,45,0,0,0,0,79.2,0.0,20.8,0,0,0,16,5,7,6,7,0,0,0,0,0,0,0,0.0,0.0,20.8
hunter-v23-supported-arrival-feed,queen_of_spades,B,B,gavroche-v13-tail-paced-rescue,500,12.37,,,hunter-v23-supported-arrival-feed,gavroche-v13-tail-paced-rescue,opponents/hunter-v23-supported-arrival-feed/replays/queen_of_spades-candidate-B.log,opponents/hunter-v23-supported-arrival-feed/replays/queen_of_spades-candidate-B.replay,0,roundLimit,opponents/hunter-v23-supported-arrival-feed/stats/queen_of_spades-candidate-B.json,opponents/hunter-v23-supported-arrival-feed/stats/queen_of_spades-candidate-B.csv,opponents/hunter-v23-supported-arrival-feed/graphs/queen_of_spades-candidate-B.svg,5,56,26,606,204,201,6,6,94,46,55,0,0,0,0,72.45714285714286,0.0,20.8,1,2,2,20,7,8,6,6,0,1,1,0,0,0,0,6.742857142857143,0.0,20.8
hunter-v23-supported-arrival-feed,schooltime,A,A,gavroche-v13-tail-paced-rescue,500,37.778,,,gavroche-v13-tail-paced-rescue,hunter-v23-supported-arrival-feed,opponents/hunter-v23-supported-arrival-feed/replays/schooltime-candidate-A.log,opponents/hunter-v23-supported-arrival-feed/replays/schooltime-candidate-A.replay,0,roundLimit,opponents/hunter-v23-supported-arrival-feed/stats/schooltime-candidate-A.json,opponents/hunter-v23-supported-arrival-feed/stats/schooltime-candidate-A.csv,opponents/hunter-v23-supported-arrival-feed/graphs/schooltime-candidate-A.svg,17,196,32,1601,398,384,84,76,127,69,112,0,0,0,0,30.666666666666668,7.041666666666667,14.083333333333334,41,170,23,715,216,178,76,84,23,21,50,0,0,0,0,48.208333333333336,7.041666666666667,14.083333333333334
hunter-v23-supported-arrival-feed,schooltime,B,B,gavroche-v13-tail-paced-rescue,500,41.106,,,hunter-v23-supported-arrival-feed,gavroche-v13-tail-paced-rescue,opponents/hunter-v23-supported-arrival-feed/replays/schooltime-candidate-B.log,opponents/hunter-v23-supported-arrival-feed/replays/schooltime-candidate-B.replay,0,roundLimit,opponents/hunter-v23-supported-arrival-feed/stats/schooltime-candidate-B.json,opponents/hunter-v23-supported-arrival-feed/stats/schooltime-candidate-B.csv,opponents/hunter-v23-supported-arrival-feed/graphs/schooltime-candidate-B.svg,16,173,45,1392,385,372,70,66,135,79,92,0,0,0,0,25.875,3.0416666666666665,14.083333333333334,64,280,17,1270,416,355,66,70,143,58,84,0,0,0,0,57.0,3.0416666666666665,14.083333333333334
hunter-v23-supported-arrival-feed,stronghold,A,A,gavroche-v13-tail-paced-rescue,500,27.086,,,gavroche-v13-tail-paced-rescue,hunter-v23-supported-arrival-feed,opponents/hunter-v23-supported-arrival-feed/replays/stronghold-candidate-A.log,opponents/hunter-v23-supported-arrival-feed/replays/stronghold-candidate-A.replay,0,roundLimit,opponents/hunter-v23-supported-arrival-feed/stats/stronghold-candidate-A.json,opponents/hunter-v23-supported-arrival-feed/stats/stronghold-candidate-A.csv,opponents/hunter-v23-supported-arrival-feed/graphs/stronghold-candidate-A.svg,4,66,49,638,232,230,0,1,74,81,74,0,0,0,0,71.35416666666667,0.08680555555555555,0.0,37,98,8,490,207,172,1,0,123,27,22,0,0,0,0,28.55902777777778,0.08680555555555555,0.0
hunter-v23-supported-arrival-feed,stronghold,B,B,gavroche-v13-tail-paced-rescue,500,22.109,,,hunter-v23-supported-arrival-feed,gavroche-v13-tail-paced-rescue,opponents/hunter-v23-supported-arrival-feed/replays/stronghold-candidate-B.log,opponents/hunter-v23-supported-arrival-feed/replays/stronghold-candidate-B.replay,0,roundLimit,opponents/hunter-v23-supported-arrival-feed/stats/stronghold-candidate-B.json,opponents/hunter-v23-supported-arrival-feed/stats/stronghold-candidate-B.csv,opponents/hunter-v23-supported-arrival-feed/graphs/stronghold-candidate-B.svg,3,72,57,479,168,167,0,0,39,63,65,0,0,0,0,70.05208333333333,0.2604166666666667,0.0,36,100,9,528,205,171,0,0,136,32,3,0,0,0,0,29.6875,0.2604166666666667,0.0
hunter-v23-supported-arrival-feed,trauma,A,A,gavroche-v13-tail-paced-rescue,500,20.416,,,gavroche-v13-tail-paced-rescue,hunter-v23-supported-arrival-feed,opponents/hunter-v23-supported-arrival-feed/replays/trauma-candidate-A.log,opponents/hunter-v23-supported-arrival-feed/replays/trauma-candidate-A.replay,0,roundLimit,opponents/hunter-v23-supported-arrival-feed/stats/trauma-candidate-A.json,opponents/hunter-v23-supported-arrival-feed/stats/trauma-candidate-A.csv,opponents/hunter-v23-supported-arrival-feed/graphs/trauma-candidate-A.svg,8,81,18,1001,389,383,3,3,76,108,196,0,0,0,0,74.82638888888889,0.2604166666666667,0.6944444444444444,7,23,9,24,8,3,3,3,0,0,0,0,0,0,0,24.21875,0.2604166666666667,0.6944444444444444
hunter-v23-supported-arrival-feed,trauma,B,B,gavroche-v13-tail-paced-rescue,500,19.704,,,hunter-v23-supported-arrival-feed,gavroche-v13-tail-paced-rescue,opponents/hunter-v23-supported-arrival-feed/replays/trauma-candidate-B.log,opponents/hunter-v23-supported-arrival-feed/replays/trauma-candidate-B.replay,0,roundLimit,opponents/hunter-v23-supported-arrival-feed/stats/trauma-candidate-B.json,opponents/hunter-v23-supported-arrival-feed/stats/trauma-candidate-B.csv,opponents/hunter-v23-supported-arrival-feed/graphs/trauma-candidate-B.svg,10,77,11,806,320,312,5,6,55,80,171,0,0,0,0,71.44097222222223,0.9548611111111112,0.6944444444444444,10,36,10,62,20,12,6,5,0,0,7,0,0,0,0,26.90972222222222,0.9548611111111112,0.6944444444444444
hunter-v23-supported-arrival-feed,trophy,A,B,hunter-v23-supported-arrival-feed,500,15.604,,,gavroche-v13-tail-paced-rescue,hunter-v23-supported-arrival-feed,opponents/hunter-v23-supported-arrival-feed/replays/trophy-candidate-A.log,opponents/hunter-v23-supported-arrival-feed/replays/trophy-candidate-A.replay,0,roundLimit,opponents/hunter-v23-supported-arrival-feed/stats/trophy-candidate-A.json,opponents/hunter-v23-supported-arrival-feed/stats/trophy-candidate-A.csv,opponents/hunter-v23-supported-arrival-feed/graphs/trophy-candidate-A.svg,2,10,6,263,81,81,56,55,18,4,4,0,0,0,0,5.76,0.0,0.0,64,199,17,791,271,209,55,56,71,60,22,0,0,0,0,94.24,0.0,0.0
hunter-v23-supported-arrival-feed,trophy,B,B,gavroche-v13-tail-paced-rescue,313,13.56,,,hunter-v23-supported-arrival-feed,gavroche-v13-tail-paced-rescue,opponents/hunter-v23-supported-arrival-feed/replays/trophy-candidate-B.log,opponents/hunter-v23-supported-arrival-feed/replays/trophy-candidate-B.replay,0,elimination,opponents/hunter-v23-supported-arrival-feed/stats/trophy-candidate-B.json,opponents/hunter-v23-supported-arrival-feed/stats/trophy-candidate-B.csv,opponents/hunter-v23-supported-arrival-feed/graphs/trophy-candidate-B.svg,42,108,4,407,163,123,35,35,52,24,12,0,0,0,0,100.0,0.0,0.0,0,0,0,130,39,41,35,35,4,2,0,0,0,0,0,0.0,0.0,0.0
