opponent,map,side,outcome,winner,rounds,seconds,error,analysis_error,team_a,team_b,log,replay,runtime_faults,reason,statistics,series,graph,candidate_units,candidate_total,candidate_longest,candidate_pearls,candidate_splits,candidate_deaths,candidate_enemy_kills,candidate_killed_by_enemy,candidate_team_kills,candidate_self_collisions,candidate_wall_deaths,candidate_invalid_action_deaths,candidate_suicides,candidate_tle,candidate_unattributed_collision_deaths,candidate_space_share,candidate_space_tied,candidate_space_unreachable,opponent_units,opponent_total,opponent_longest,opponent_pearls,opponent_splits,opponent_deaths,opponent_enemy_kills,opponent_killed_by_enemy,opponent_team_kills,opponent_self_collisions,opponent_wall_deaths,opponent_invalid_action_deaths,opponent_suicides,opponent_tle,opponent_unattributed_collision_deaths,opponent_space_share,opponent_space_tied,opponent_space_unreachable
gavroche-v13-tail-paced-rescue,Colosseum,A,B,gavroche-v13-tail-paced-rescue,104,3.744,,,gavroche-v16-informed-divecap,gavroche-v13-tail-paced-rescue,opponents/gavroche-v13-tail-paced-rescue/replays/Colosseum-candidate-A.log,opponents/gavroche-v13-tail-paced-rescue/replays/Colosseum-candidate-A.replay,0,elimination,opponents/gavroche-v13-tail-paced-rescue/stats/Colosseum-candidate-A.json,opponents/gavroche-v13-tail-paced-rescue/stats/Colosseum-candidate-A.csv,opponents/gavroche-v13-tail-paced-rescue/graphs/Colosseum-candidate-A.svg,0,0,0,57,20,21,20,20,0,1,0,0,0,0,0,0.0,0.0,0.0,29,73,4,162,59,31,20,20,9,2,0,0,0,0,0,100.0,0.0,0.0
gavroche-v13-tail-paced-rescue,Colosseum,B,B,gavroche-v16-informed-divecap,165,7.048,,,gavroche-v13-tail-paced-rescue,gavroche-v16-informed-divecap,opponents/gavroche-v13-tail-paced-rescue/replays/Colosseum-candidate-B.log,opponents/gavroche-v13-tail-paced-rescue/replays/Colosseum-candidate-B.replay,0,elimination,opponents/gavroche-v13-tail-paced-rescue/stats/Colosseum-candidate-B.json,opponents/gavroche-v13-tail-paced-rescue/stats/Colosseum-candidate-B.csv,opponents/gavroche-v13-tail-paced-rescue/graphs/Colosseum-candidate-B.svg,35,88,3,243,97,63,14,14,34,10,5,0,0,0,0,100.0,0.0,0.0,0,0,0,48,16,17,14,14,3,0,0,0,0,0,0,0.0,0.0,0.0
gavroche-v13-tail-paced-rescue,arena,A,B,gavroche-v13-tail-paced-rescue,100,4.305,,,gavroche-v16-informed-divecap,gavroche-v13-tail-paced-rescue,opponents/gavroche-v13-tail-paced-rescue/replays/arena-candidate-A.log,opponents/gavroche-v13-tail-paced-rescue/replays/arena-candidate-A.replay,0,elimination,opponents/gavroche-v13-tail-paced-rescue/stats/arena-candidate-A.json,opponents/gavroche-v13-tail-paced-rescue/stats/arena-candidate-A.csv,opponents/gavroche-v13-tail-paced-rescue/graphs/arena-candidate-A.svg,0,0,0,79,26,27,24,24,2,1,0,0,0,0,0,0.0,0.0,0.0,22,60,4,276,104,83,24,24,23,29,7,0,0,0,0,100.0,0.0,0.0
gavroche-v13-tail-paced-rescue,arena,B,B,gavroche-v16-informed-divecap,73,3.092,,,gavroche-v13-tail-paced-rescue,gavroche-v16-informed-divecap,opponents/gavroche-v13-tail-paced-rescue/replays/arena-candidate-B.log,opponents/gavroche-v13-tail-paced-rescue/replays/arena-candidate-B.replay,0,elimination,opponents/gavroche-v13-tail-paced-rescue/stats/arena-candidate-B.json,opponents/gavroche-v13-tail-paced-rescue/stats/arena-candidate-B.csv,opponents/gavroche-v13-tail-paced-rescue/graphs/arena-candidate-B.svg,28,64,4,190,72,45,22,23,12,7,3,0,0,0,0,100.0,0.0,0.0,0,0,0,89,28,29,23,22,4,3,0,0,0,0,0,0.0,0.0,0.0
gavroche-v13-tail-paced-rescue,autarky,A,A,gavroche-v16-informed-divecap,436,22.494,,,gavroche-v16-informed-divecap,gavroche-v13-tail-paced-rescue,opponents/gavroche-v13-tail-paced-rescue/replays/autarky-candidate-A.log,opponents/gavroche-v13-tail-paced-rescue/replays/autarky-candidate-A.replay,0,elimination,opponents/gavroche-v13-tail-paced-rescue/stats/autarky-candidate-A.json,opponents/gavroche-v13-tail-paced-rescue/stats/autarky-candidate-A.csv,opponents/gavroche-v13-tail-paced-rescue/graphs/autarky-candidate-A.svg,32,128,14,583,202,176,21,20,25,18,113,0,0,0,0,100.0,0.0,0.0,0,0,0,218,84,90,20,21,5,5,59,0,0,0,0,0.0,0.0,0.0
gavroche-v13-tail-paced-rescue,autarky,B,B,gavroche-v16-informed-divecap,260,12.055,,,gavroche-v13-tail-paced-rescue,gavroche-v16-informed-divecap,opponents/gavroche-v13-tail-paced-rescue/replays/autarky-candidate-B.log,opponents/gavroche-v13-tail-paced-rescue/replays/autarky-candidate-B.replay,0,elimination,opponents/gavroche-v13-tail-paced-rescue/stats/autarky-candidate-B.json,opponents/gavroche-v13-tail-paced-rescue/stats/autarky-candidate-B.csv,opponents/gavroche-v13-tail-paced-rescue/graphs/autarky-candidate-B.svg,43,102,3,323,132,95,18,13,15,7,60,0,0,0,0,100.0,0.0,0.0,0,0,0,176,68,74,13,18,9,3,44,0,0,0,0,0.0,0.0,0.0
gavroche-v13-tail-paced-rescue,big_empty,A,A,gavroche-v16-informed-divecap,500,75.492,,,gavroche-v16-informed-divecap,gavroche-v13-tail-paced-rescue,opponents/gavroche-v13-tail-paced-rescue/replays/big_empty-candidate-A.log,opponents/gavroche-v13-tail-paced-rescue/replays/big_empty-candidate-A.replay,0,roundLimit,opponents/gavroche-v13-tail-paced-rescue/stats/big_empty-candidate-A.json,opponents/gavroche-v13-tail-paced-rescue/stats/big_empty-candidate-A.csv,opponents/gavroche-v13-tail-paced-rescue/graphs/big_empty-candidate-A.svg,27,392,41,1263,166,142,121,121,0,21,0,0,0,0,0,41.9189453125,4.9560546875,0.0,27,431,35,1399,166,142,121,121,0,21,0,0,0,0,0,53.125,4.9560546875,0.0
gavroche-v13-tail-paced-rescue,big_empty,B,B,gavroche-v16-informed-divecap,500,73.632,,,gavroche-v13-tail-paced-rescue,gavroche-v16-informed-divecap,opponents/gavroche-v13-tail-paced-rescue/replays/big_empty-candidate-B.log,opponents/gavroche-v13-tail-paced-rescue/replays/big_empty-candidate-B.replay,0,roundLimit,opponents/gavroche-v13-tail-paced-rescue/stats/big_empty-candidate-B.json,opponents/gavroche-v13-tail-paced-rescue/stats/big_empty-candidate-B.csv,opponents/gavroche-v13-tail-paced-rescue/graphs/big_empty-candidate-B.svg,25,402,40,1379,174,152,128,127,6,19,0,0,0,0,0,46.8994140625,3.4423828125,0.0,25,444,32,1368,172,150,127,128,4,18,0,0,0,0,0,49.658203125,3.4423828125,0.0
gavroche-v13-tail-paced-rescue,default,A,B,gavroche-v13-tail-paced-rescue,500,19.301,,,gavroche-v16-informed-divecap,gavroche-v13-tail-paced-rescue,opponents/gavroche-v13-tail-paced-rescue/replays/default-candidate-A.log,opponents/gavroche-v13-tail-paced-rescue/replays/default-candidate-A.replay,0,roundLimit,opponents/gavroche-v13-tail-paced-rescue/stats/default-candidate-A.json,opponents/gavroche-v13-tail-paced-rescue/stats/default-candidate-A.csv,opponents/gavroche-v13-tail-paced-rescue/graphs/default-candidate-A.svg,1,9,9,104,32,35,33,32,0,0,3,0,0,0,0,7.03125,2.05078125,0.0,11,103,24,482,139,132,32,33,64,23,12,0,0,0,0,90.91796875,2.05078125,0.0
gavroche-v13-tail-paced-rescue,default,B,B,gavroche-v16-informed-divecap,500,17.281,,,gavroche-v13-tail-paced-rescue,gavroche-v16-informed-divecap,opponents/gavroche-v13-tail-paced-rescue/replays/default-candidate-B.log,opponents/gavroche-v13-tail-paced-rescue/replays/default-candidate-B.replay,0,roundLimit,opponents/gavroche-v13-tail-paced-rescue/stats/default-candidate-B.json,opponents/gavroche-v13-tail-paced-rescue/stats/default-candidate-B.csv,opponents/gavroche-v13-tail-paced-rescue/graphs/default-candidate-B.svg,5,45,17,261,65,64,24,23,16,21,4,0,0,0,0,65.0390625,1.953125,0.0,7,52,14,265,88,85,23,24,31,20,10,0,0,0,0,33.0078125,1.953125,0.0
gavroche-v13-tail-paced-rescue,default_small,A,A,gavroche-v16-informed-divecap,198,4.127,,,gavroche-v16-informed-divecap,gavroche-v13-tail-paced-rescue,opponents/gavroche-v13-tail-paced-rescue/replays/default_small-candidate-A.log,opponents/gavroche-v13-tail-paced-rescue/replays/default_small-candidate-A.replay,0,elimination,opponents/gavroche-v13-tail-paced-rescue/stats/default_small-candidate-A.json,opponents/gavroche-v13-tail-paced-rescue/stats/default_small-candidate-A.csv,opponents/gavroche-v13-tail-paced-rescue/graphs/default_small-candidate-A.svg,21,47,3,124,47,28,20,20,1,2,5,0,0,0,0,100.0,0.0,0.0,0,0,0,66,22,24,20,20,1,3,0,0,0,0,0,0.0,0.0,0.0
gavroche-v13-tail-paced-rescue,default_small,B,B,gavroche-v16-informed-divecap,207,5.321,,,gavroche-v13-tail-paced-rescue,gavroche-v16-informed-divecap,opponents/gavroche-v13-tail-paced-rescue/replays/default_small-candidate-B.log,opponents/gavroche-v13-tail-paced-rescue/replays/default_small-candidate-B.replay,0,elimination,opponents/gavroche-v13-tail-paced-rescue/stats/default_small-candidate-B.json,opponents/gavroche-v13-tail-paced-rescue/stats/default_small-candidate-B.csv,opponents/gavroche-v13-tail-paced-rescue/graphs/default_small-candidate-B.svg,24,56,3,185,72,50,8,8,6,14,22,0,0,0,0,100.0,0.0,0.0,0,0,0,24,8,10,8,8,2,0,0,0,0,0,0,0.0,0.0,0.0
gavroche-v13-tail-paced-rescue,devil,A,A,gavroche-v16-informed-divecap,222,12.321,,,gavroche-v16-informed-divecap,gavroche-v13-tail-paced-rescue,opponents/gavroche-v13-tail-paced-rescue/replays/devil-candidate-A.log,opponents/gavroche-v13-tail-paced-rescue/replays/devil-candidate-A.replay,0,elimination,opponents/gavroche-v13-tail-paced-rescue/stats/devil-candidate-A.json,opponents/gavroche-v13-tail-paced-rescue/stats/devil-candidate-A.csv,opponents/gavroche-v13-tail-paced-rescue/graphs/devil-candidate-A.svg,40,98,4,659,273,236,31,33,57,97,49,0,0,0,0,100.0,0.0,0.0,0,0,0,120,47,50,33,31,3,10,6,0,0,0,0,0.0,0.0,0.0
gavroche-v13-tail-paced-rescue,devil,B,B,gavroche-v16-informed-divecap,231,13.185,,,gavroche-v13-tail-paced-rescue,gavroche-v16-informed-divecap,opponents/gavroche-v13-tail-paced-rescue/replays/devil-candidate-B.log,opponents/gavroche-v13-tail-paced-rescue/replays/devil-candidate-B.replay,0,elimination,opponents/gavroche-v13-tail-paced-rescue/stats/devil-candidate-B.json,opponents/gavroche-v13-tail-paced-rescue/stats/devil-candidate-B.csv,opponents/gavroche-v13-tail-paced-rescue/graphs/devil-candidate-B.svg,40,96,4,707,288,251,27,25,57,99,70,0,0,0,0,100.0,0.0,0.0,0,0,0,100,38,41,25,27,2,10,2,0,0,0,0,0.0,0.0,0.0
gavroche-v13-tail-paced-rescue,dilemma,A,A,gavroche-v16-informed-divecap,500,7.976,,,gavroche-v16-informed-divecap,gavroche-v13-tail-paced-rescue,opponents/gavroche-v13-tail-paced-rescue/replays/dilemma-candidate-A.log,opponents/gavroche-v13-tail-paced-rescue/replays/dilemma-candidate-A.replay,0,roundLimit,opponents/gavroche-v13-tail-paced-rescue/stats/dilemma-candidate-A.json,opponents/gavroche-v13-tail-paced-rescue/stats/dilemma-candidate-A.csv,opponents/gavroche-v13-tail-paced-rescue/graphs/dilemma-candidate-A.svg,4,57,35,257,79,78,4,5,6,31,36,0,0,0,0,87.3046875,0.5859375,0.0,1,3,3,104,40,42,5,4,5,21,12,0,0,0,0,12.109375,0.5859375,0.0
gavroche-v13-tail-paced-rescue,dilemma,B,B,gavroche-v16-informed-divecap,500,7.482,,,gavroche-v13-tail-paced-rescue,gavroche-v16-informed-divecap,opponents/gavroche-v13-tail-paced-rescue/replays/dilemma-candidate-B.log,opponents/gavroche-v13-tail-paced-rescue/replays/dilemma-candidate-B.replay,0,roundLimit,opponents/gavroche-v13-tail-paced-rescue/stats/dilemma-candidate-B.json,opponents/gavroche-v13-tail-paced-rescue/stats/dilemma-candidate-B.csv,opponents/gavroche-v13-tail-paced-rescue/graphs/dilemma-candidate-B.svg,3,46,39,225,66,66,5,5,3,42,16,0,0,0,0,85.9375,1.171875,0.0,1,2,2,106,41,43,5,5,5,24,9,0,0,0,0,12.890625,1.171875,0.0
gavroche-v13-tail-paced-rescue,queen_of_spades,A,A,gavroche-v16-informed-divecap,485,9.485,,,gavroche-v16-informed-divecap,gavroche-v13-tail-paced-rescue,opponents/gavroche-v13-tail-paced-rescue/replays/queen_of_spades-candidate-A.log,opponents/gavroche-v13-tail-paced-rescue/replays/queen_of_spades-candidate-A.replay,0,elimination,opponents/gavroche-v13-tail-paced-rescue/stats/queen_of_spades-candidate-A.json,opponents/gavroche-v13-tail-paced-rescue/stats/queen_of_spades-candidate-A.csv,opponents/gavroche-v13-tail-paced-rescue/graphs/queen_of_spades-candidate-A.svg,5,46,15,399,124,121,17,18,48,25,30,0,0,0,0,79.2,0.0,20.8,0,0,0,153,54,56,18,17,16,10,13,0,0,0,0,0.0,0.0,20.8
gavroche-v13-tail-paced-rescue,queen_of_spades,B,B,gavroche-v16-informed-divecap,500,8.138,,,gavroche-v13-tail-paced-rescue,gavroche-v16-informed-divecap,opponents/gavroche-v13-tail-paced-rescue/replays/queen_of_spades-candidate-B.log,opponents/gavroche-v13-tail-paced-rescue/replays/queen_of_spades-candidate-B.replay,0,roundLimit,opponents/gavroche-v13-tail-paced-rescue/stats/queen_of_spades-candidate-B.json,opponents/gavroche-v13-tail-paced-rescue/stats/queen_of_spades-candidate-B.csv,opponents/gavroche-v13-tail-paced-rescue/graphs/queen_of_spades-candidate-B.svg,2,21,16,89,24,24,21,18,1,1,4,0,0,0,0,28.228571428571428,4.114285714285714,20.8,3,30,13,462,160,159,18,21,58,24,56,0,0,0,0,46.857142857142854,4.114285714285714,20.8
gavroche-v13-tail-paced-rescue,schooltime,A,A,gavroche-v16-informed-divecap,500,39.518,,,gavroche-v16-informed-divecap,gavroche-v13-tail-paced-rescue,opponents/gavroche-v13-tail-paced-rescue/replays/schooltime-candidate-A.log,opponents/gavroche-v13-tail-paced-rescue/replays/schooltime-candidate-A.replay,0,roundLimit,opponents/gavroche-v13-tail-paced-rescue/stats/schooltime-candidate-A.json,opponents/gavroche-v13-tail-paced-rescue/stats/schooltime-candidate-A.csv,opponents/gavroche-v13-tail-paced-rescue/graphs/schooltime-candidate-A.svg,21,208,31,1168,259,241,92,87,37,60,57,0,0,0,0,68.04166666666667,1.0833333333333333,14.083333333333334,3,48,24,726,226,226,87,92,51,27,56,0,0,0,0,16.791666666666668,1.0833333333333333,14.083333333333334
gavroche-v13-tail-paced-rescue,schooltime,B,B,gavroche-v16-informed-divecap,500,44.17,,,gavroche-v13-tail-paced-rescue,gavroche-v16-informed-divecap,opponents/gavroche-v13-tail-paced-rescue/replays/schooltime-candidate-B.log,opponents/gavroche-v13-tail-paced-rescue/replays/schooltime-candidate-B.replay,0,roundLimit,opponents/gavroche-v13-tail-paced-rescue/stats/schooltime-candidate-B.json,opponents/gavroche-v13-tail-paced-rescue/stats/schooltime-candidate-B.csv,opponents/gavroche-v13-tail-paced-rescue/graphs/schooltime-candidate-B.svg,12,227,64,1487,314,305,98,77,62,80,86,0,0,0,0,72.75,1.2083333333333333,14.083333333333334,3,45,18,781,242,242,77,98,42,37,65,0,0,0,0,11.958333333333334,1.2083333333333333,14.083333333333334
gavroche-v13-tail-paced-rescue,stronghold,A,A,gavroche-v16-informed-divecap,500,28.878,,,gavroche-v16-informed-divecap,gavroche-v13-tail-paced-rescue,opponents/gavroche-v13-tail-paced-rescue/replays/stronghold-candidate-A.log,opponents/gavroche-v13-tail-paced-rescue/replays/stronghold-candidate-A.replay,0,roundLimit,opponents/gavroche-v13-tail-paced-rescue/stats/stronghold-candidate-A.json,opponents/gavroche-v13-tail-paced-rescue/stats/stronghold-candidate-A.csv,opponents/gavroche-v13-tail-paced-rescue/graphs/stronghold-candidate-A.svg,3,56,48,391,134,133,5,5,47,63,18,0,0,0,0,54.6875,2.517361111111111,0.0,3,46,41,440,156,155,5,5,41,60,49,0,0,0,0,42.795138888888886,2.517361111111111,0.0
gavroche-v13-tail-paced-rescue,stronghold,B,B,gavroche-v16-informed-divecap,500,33.235,,,gavroche-v13-tail-paced-rescue,gavroche-v16-informed-divecap,opponents/gavroche-v13-tail-paced-rescue/replays/stronghold-candidate-B.log,opponents/gavroche-v13-tail-paced-rescue/replays/stronghold-candidate-B.replay,0,roundLimit,opponents/gavroche-v13-tail-paced-rescue/stats/stronghold-candidate-B.json,opponents/gavroche-v13-tail-paced-rescue/stats/stronghold-candidate-B.csv,opponents/gavroche-v13-tail-paced-rescue/graphs/stronghold-candidate-B.svg,1,43,43,537,179,180,6,7,42,58,73,0,0,0,0,25.086805555555557,0.08680555555555555,0.0,5,66,23,646,223,220,7,6,66,81,67,0,0,0,0,74.82638888888889,0.08680555555555555,0.0
gavroche-v13-tail-paced-rescue,trauma,A,A,gavroche-v16-informed-divecap,500,29.763,,,gavroche-v16-informed-divecap,gavroche-v13-tail-paced-rescue,opponents/gavroche-v13-tail-paced-rescue/replays/trauma-candidate-A.log,opponents/gavroche-v13-tail-paced-rescue/replays/trauma-candidate-A.replay,0,roundLimit,opponents/gavroche-v13-tail-paced-rescue/stats/trauma-candidate-A.json,opponents/gavroche-v13-tail-paced-rescue/stats/trauma-candidate-A.csv,opponents/gavroche-v13-tail-paced-rescue/graphs/trauma-candidate-A.svg,6,59,30,538,199,195,12,12,39,50,94,0,0,0,0,46.875,0.08680555555555555,0.6944444444444444,4,38,14,606,235,233,12,12,44,55,122,0,0,0,0,52.34375,0.08680555555555555,0.6944444444444444
gavroche-v13-tail-paced-rescue,trauma,B,A,gavroche-v13-tail-paced-rescue,500,25.942,,,gavroche-v13-tail-paced-rescue,gavroche-v16-informed-divecap,opponents/gavroche-v13-tail-paced-rescue/replays/trauma-candidate-B.log,opponents/gavroche-v13-tail-paced-rescue/replays/trauma-candidate-B.replay,0,roundLimit,opponents/gavroche-v13-tail-paced-rescue/stats/trauma-candidate-B.json,opponents/gavroche-v13-tail-paced-rescue/stats/trauma-candidate-B.csv,opponents/gavroche-v13-tail-paced-rescue/graphs/trauma-candidate-B.svg,2,15,11,302,111,111,18,17,18,22,54,0,0,0,0,26.475694444444443,0.0,0.6944444444444444,8,68,13,755,280,274,17,18,56,54,146,0,0,0,0,72.82986111111111,0.0,0.6944444444444444
gavroche-v13-tail-paced-rescue,trophy,A,B,gavroche-v13-tail-paced-rescue,155,6.299,,,gavroche-v16-informed-divecap,gavroche-v13-tail-paced-rescue,opponents/gavroche-v13-tail-paced-rescue/replays/trophy-candidate-A.log,opponents/gavroche-v13-tail-paced-rescue/replays/trophy-candidate-A.replay,0,elimination,opponents/gavroche-v13-tail-paced-rescue/stats/trophy-candidate-A.json,opponents/gavroche-v13-tail-paced-rescue/stats/trophy-candidate-A.csv,opponents/gavroche-v13-tail-paced-rescue/graphs/trophy-candidate-A.svg,0,0,0,19,4,6,7,6,0,0,0,0,0,0,0,0.0,0.0,0.0,43,113,4,188,74,33,6,7,14,3,9,0,0,0,0,100.0,0.0,0.0
gavroche-v13-tail-paced-rescue,trophy,B,B,gavroche-v16-informed-divecap,250,13.011,,,gavroche-v13-tail-paced-rescue,gavroche-v16-informed-divecap,opponents/gavroche-v13-tail-paced-rescue/replays/trophy-candidate-B.log,opponents/gavroche-v13-tail-paced-rescue/replays/trophy-candidate-B.replay,0,elimination,opponents/gavroche-v13-tail-paced-rescue/stats/trophy-candidate-B.json,opponents/gavroche-v13-tail-paced-rescue/stats/trophy-candidate-B.csv,opponents/gavroche-v13-tail-paced-rescue/graphs/trophy-candidate-B.svg,46,108,3,283,113,69,22,22,21,7,19,0,0,0,0,100.0,0.0,0.0,0,0,0,74,25,27,22,22,0,1,4,0,0,0,0,0.0,0.0,0.0
gavroche-v15-divecap,Colosseum,A,A,gavroche-v16-informed-divecap,151,5.527,,,gavroche-v16-informed-divecap,gavroche-v15-divecap,opponents/gavroche-v15-divecap/replays/Colosseum-candidate-A.log,opponents/gavroche-v15-divecap/replays/Colosseum-candidate-A.replay,0,elimination,opponents/gavroche-v15-divecap/stats/Colosseum-candidate-A.json,opponents/gavroche-v15-divecap/stats/Colosseum-candidate-A.csv,opponents/gavroche-v15-divecap/graphs/Colosseum-candidate-A.svg,29,69,4,204,77,49,33,34,12,2,1,0,0,0,0,100.0,0.0,0.0,0,0,0,112,36,37,34,33,3,0,1,0,0,0,0,0.0,0.0,0.0
gavroche-v15-divecap,Colosseum,B,A,gavroche-v15-divecap,211,8.391,,,gavroche-v15-divecap,gavroche-v16-informed-divecap,opponents/gavroche-v15-divecap/replays/Colosseum-candidate-B.log,opponents/gavroche-v15-divecap/replays/Colosseum-candidate-B.replay,0,elimination,opponents/gavroche-v15-divecap/stats/Colosseum-candidate-B.json,opponents/gavroche-v15-divecap/stats/Colosseum-candidate-B.csv,opponents/gavroche-v15-divecap/graphs/Colosseum-candidate-B.svg,0,0,0,135,39,40,41,38,2,0,0,0,0,0,0,0.0,0.0,0.0,40,98,4,350,130,91,38,41,42,7,1,0,0,0,0,100.0,0.0,0.0
gavroche-v15-divecap,arena,A,A,gavroche-v16-informed-divecap,73,3.357,,,gavroche-v16-informed-divecap,gavroche-v15-divecap,opponents/gavroche-v15-divecap/replays/arena-candidate-A.log,opponents/gavroche-v15-divecap/replays/arena-candidate-A.replay,0,elimination,opponents/gavroche-v15-divecap/stats/arena-candidate-A.json,opponents/gavroche-v15-divecap/stats/arena-candidate-A.csv,opponents/gavroche-v15-divecap/graphs/arena-candidate-A.svg,22,57,4,210,76,55,13,14,26,11,4,0,0,0,0,100.0,0.0,0.0,0,0,0,45,15,16,14,13,0,3,0,0,0,0,0,0.0,0.0,0.0
gavroche-v15-divecap,arena,B,A,gavroche-v15-divecap,59,2.801,,,gavroche-v15-divecap,gavroche-v16-informed-divecap,opponents/gavroche-v15-divecap/replays/arena-candidate-B.log,opponents/gavroche-v15-divecap/replays/arena-candidate-B.replay,0,elimination,opponents/gavroche-v15-divecap/stats/arena-candidate-B.json,opponents/gavroche-v15-divecap/stats/arena-candidate-B.csv,opponents/gavroche-v15-divecap/graphs/arena-candidate-B.svg,0,0,0,48,16,17,16,15,2,0,0,0,0,0,0,0.0,0.0,0.0,24,60,4,193,73,50,15,16,15,16,3,0,0,0,0,100.0,0.0,0.0
gavroche-v15-divecap,autarky,A,B,gavroche-v15-divecap,500,23.214,,,gavroche-v16-informed-divecap,gavroche-v15-divecap,opponents/gavroche-v15-divecap/replays/autarky-candidate-A.log,opponents/gavroche-v15-divecap/replays/autarky-candidate-A.replay,0,roundLimit,opponents/gavroche-v15-divecap/stats/autarky-candidate-A.json,opponents/gavroche-v15-divecap/stats/autarky-candidate-A.csv,opponents/gavroche-v15-divecap/graphs/autarky-candidate-A.svg,7,44,11,397,124,123,41,39,12,10,62,0,0,0,0,50.30864197530864,4.938271604938271,0.0,7,43,15,482,157,156,39,41,5,10,100,0,0,0,0,44.75308641975309,4.938271604938271,0.0
gavroche-v15-divecap,autarky,B,A,gavroche-v15-divecap,500,22.571,,,gavroche-v15-divecap,gavroche-v16-informed-divecap,opponents/gavroche-v15-divecap/replays/autarky-candidate-B.log,opponents/gavroche-v15-divecap/replays/autarky-candidate-B.replay,0,roundLimit,opponents/gavroche-v15-divecap/stats/autarky-candidate-B.json,opponents/gavroche-v15-divecap/stats/autarky-candidate-B.csv,opponents/gavroche-v15-divecap/graphs/autarky-candidate-B.svg,7,57,17,355,113,112,30,29,14,7,62,0,0,0,0,46.81069958847737,1.02880658436214,0.0,5,53,29,483,151,152,29,30,16,12,94,0,0,0,0,52.160493827160494,1.02880658436214,0.0
gavroche-v15-divecap,big_empty,A,A,gavroche-v16-informed-divecap,500,78.436,,,gavroche-v16-informed-divecap,gavroche-v15-divecap,opponents/gavroche-v15-divecap/replays/big_empty-candidate-A.log,opponents/gavroche-v15-divecap/replays/big_empty-candidate-A.replay,0,roundLimit,opponents/gavroche-v15-divecap/stats/big_empty-candidate-A.json,opponents/gavroche-v15-divecap/stats/big_empty-candidate-A.csv,opponents/gavroche-v15-divecap/graphs/big_empty-candidate-A.svg,24,343,53,1282,189,168,145,143,1,24,0,0,0,0,0,48.6328125,5.9814453125,0.0,23,393,52,1439,196,176,143,145,4,27,0,0,0,0,0,45.3857421875,5.9814453125,0.0
gavroche-v15-divecap,big_empty,B,A,gavroche-v15-divecap,500,74.995,,,gavroche-v15-divecap,gavroche-v16-informed-divecap,opponents/gavroche-v15-divecap/replays/big_empty-candidate-B.log,opponents/gavroche-v15-divecap/replays/big_empty-candidate-B.replay,0,roundLimit,opponents/gavroche-v15-divecap/stats/big_empty-candidate-B.json,opponents/gavroche-v15-divecap/stats/big_empty-candidate-B.csv,opponents/gavroche-v15-divecap/graphs/big_empty-candidate-B.svg,22,414,36,1378,172,153,121,122,2,29,0,0,0,0,0,56.6650390625,4.3212890625,0.0,18,376,54,1265,173,158,122,121,4,33,0,0,0,0,0,39.013671875,4.3212890625,0.0
gavroche-v15-divecap,default,A,B,gavroche-v15-divecap,500,21.124,,,gavroche-v16-informed-divecap,gavroche-v15-divecap,opponents/gavroche-v15-divecap/replays/default-candidate-A.log,opponents/gavroche-v15-divecap/replays/default-candidate-A.replay,0,roundLimit,opponents/gavroche-v15-divecap/stats/default-candidate-A.json,opponents/gavroche-v15-divecap/stats/default-candidate-A.csv,opponents/gavroche-v15-divecap/graphs/default-candidate-A.svg,2,13,8,34,9,11,14,10,0,1,0,0,0,0,0,30.17578125,3.515625,0.0,9,93,32,490,149,144,10,14,63,45,22,0,0,0,0,66.30859375,3.515625,0.0
gavroche-v15-divecap,default,B,B,gavroche-v16-informed-divecap,500,19.707,,,gavroche-v15-divecap,gavroche-v16-informed-divecap,opponents/gavroche-v15-divecap/replays/default-candidate-B.log,opponents/gavroche-v15-divecap/replays/default-candidate-B.replay,0,roundLimit,opponents/gavroche-v15-divecap/stats/default-candidate-B.json,opponents/gavroche-v15-divecap/stats/default-candidate-B.csv,opponents/gavroche-v15-divecap/graphs/default-candidate-B.svg,4,43,20,313,103,103,30,36,35,16,16,0,0,0,0,21.77734375,2.9296875,0.0,7,60,19,239,61,58,36,30,5,18,5,0,0,0,0,75.29296875,2.9296875,0.0
gavroche-v15-divecap,default_small,A,B,gavroche-v15-divecap,211,5.098,,,gavroche-v16-informed-divecap,gavroche-v15-divecap,opponents/gavroche-v15-divecap/replays/default_small-candidate-A.log,opponents/gavroche-v15-divecap/replays/default_small-candidate-A.replay,0,elimination,opponents/gavroche-v15-divecap/stats/default_small-candidate-A.json,opponents/gavroche-v15-divecap/stats/default_small-candidate-A.csv,opponents/gavroche-v15-divecap/graphs/default_small-candidate-A.svg,0,0,0,51,17,19,15,13,0,4,2,0,0,0,0,0.0,0.0,0.0,21,54,4,137,49,30,13,15,1,6,8,0,0,0,0,100.0,0.0,0.0
gavroche-v15-divecap,default_small,B,B,gavroche-v16-informed-divecap,235,6.574,,,gavroche-v15-divecap,gavroche-v16-informed-divecap,opponents/gavroche-v15-divecap/replays/default_small-candidate-B.log,opponents/gavroche-v15-divecap/replays/default_small-candidate-B.replay,0,elimination,opponents/gavroche-v15-divecap/stats/default_small-candidate-B.json,opponents/gavroche-v15-divecap/stats/default_small-candidate-B.csv,opponents/gavroche-v15-divecap/graphs/default_small-candidate-B.svg,25,60,3,193,80,57,8,9,9,13,26,0,0,0,0,100.0,0.0,0.0,0,0,0,29,8,10,9,8,0,1,1,0,0,0,0,0.0,0.0,0.0
gavroche-v15-divecap,devil,A,A,gavroche-v16-informed-divecap,291,17.962,,,gavroche-v16-informed-divecap,gavroche-v15-divecap,opponents/gavroche-v15-divecap/replays/devil-candidate-A.log,opponents/gavroche-v15-divecap/replays/devil-candidate-A.replay,0,elimination,opponents/gavroche-v15-divecap/stats/devil-candidate-A.json,opponents/gavroche-v15-divecap/stats/devil-candidate-A.csv,opponents/gavroche-v15-divecap/graphs/devil-candidate-A.svg,48,115,7,917,370,325,35,33,86,129,77,0,0,0,0,100.0,0.0,0.0,0,0,0,158,61,64,33,35,4,9,16,0,0,0,0,0.0,0.0,0.0
gavroche-v15-divecap,devil,B,B,gavroche-v16-informed-divecap,462,25.247,,,gavroche-v15-divecap,gavroche-v16-informed-divecap,opponents/gavroche-v15-divecap/replays/devil-candidate-B.log,opponents/gavroche-v15-divecap/replays/devil-candidate-B.replay,0,elimination,opponents/gavroche-v15-divecap/stats/devil-candidate-B.json,opponents/gavroche-v15-divecap/stats/devil-candidate-B.csv,opponents/gavroche-v15-divecap/graphs/devil-candidate-B.svg,9,65,13,1452,540,534,63,65,124,214,131,0,0,0,0,100.0,0.0,0.0,0,0,0,295,104,107,65,63,7,22,15,0,0,0,0,0.0,0.0,0.0
gavroche-v15-divecap,dilemma,A,A,gavroche-v16-informed-divecap,500,7.733,,,gavroche-v16-informed-divecap,gavroche-v15-divecap,opponents/gavroche-v15-divecap/replays/dilemma-candidate-A.log,opponents/gavroche-v15-divecap/replays/dilemma-candidate-A.replay,0,roundLimit,opponents/gavroche-v15-divecap/stats/dilemma-candidate-A.json,opponents/gavroche-v15-divecap/stats/dilemma-candidate-A.csv,opponents/gavroche-v15-divecap/graphs/dilemma-candidate-A.svg,2,25,22,179,58,59,14,12,0,17,30,0,0,0,0,39.453125,0.0,0.0,4,22,16,232,78,77,12,14,1,37,25,0,0,0,0,60.546875,0.0,0.0
gavroche-v15-divecap,dilemma,B,A,gavroche-v15-divecap,500,9.368,,,gavroche-v15-divecap,gavroche-v16-informed-divecap,opponents/gavroche-v15-divecap/replays/dilemma-candidate-B.log,opponents/gavroche-v15-divecap/replays/dilemma-candidate-B.replay,0,roundLimit,opponents/gavroche-v15-divecap/stats/dilemma-candidate-B.json,opponents/gavroche-v15-divecap/stats/dilemma-candidate-B.csv,opponents/gavroche-v15-divecap/graphs/dilemma-candidate-B.svg,2,18,16,139,47,48,8,9,1,19,19,0,0,0,0,55.2734375,3.125,0.0,2,26,23,246,86,87,9,8,4,38,37,0,0,0,0,41.6015625,3.125,0.0
gavroche-v15-divecap,queen_of_spades,A,A,gavroche-v16-informed-divecap,500,10.322,,,gavroche-v16-informed-divecap,gavroche-v15-divecap,opponents/gavroche-v15-divecap/replays/queen_of_spades-candidate-A.log,opponents/gavroche-v15-divecap/replays/queen_of_spades-candidate-A.replay,0,roundLimit,opponents/gavroche-v15-divecap/stats/queen_of_spades-candidate-A.json,opponents/gavroche-v15-divecap/stats/queen_of_spades-candidate-A.csv,opponents/gavroche-v15-divecap/graphs/queen_of_spades-candidate-A.svg,1,22,22,232,67,68,25,27,21,11,9,0,0,0,0,20.228571428571428,2.857142857142857,20.8,4,40,18,255,77,75,27,25,25,10,15,0,0,0,0,56.114285714285714,2.857142857142857,20.8
gavroche-v15-divecap,queen_of_spades,B,B,gavroche-v16-informed-divecap,402,11.104,,,gavroche-v15-divecap,gavroche-v16-informed-divecap,opponents/gavroche-v15-divecap/replays/queen_of_spades-candidate-B.log,opponents/gavroche-v15-divecap/replays/queen_of_spades-candidate-B.replay,0,elimination,opponents/gavroche-v15-divecap/stats/queen_of_spades-candidate-B.json,opponents/gavroche-v15-divecap/stats/queen_of_spades-candidate-B.csv,opponents/gavroche-v15-divecap/graphs/queen_of_spades-candidate-B.svg,19,54,5,281,104,87,17,16,28,9,34,0,0,0,0,79.2,0.0,20.8,0,0,0,157,55,57,16,17,17,12,11,0,0,0,0,0.0,0.0,20.8
gavroche-v15-divecap,schooltime,A,B,gavroche-v15-divecap,500,44.383,,,gavroche-v16-informed-divecap,gavroche-v15-divecap,opponents/gavroche-v15-divecap/replays/schooltime-candidate-A.log,opponents/gavroche-v15-divecap/replays/schooltime-candidate-A.replay,0,roundLimit,opponents/gavroche-v15-divecap/stats/schooltime-candidate-A.json,opponents/gavroche-v15-divecap/stats/schooltime-candidate-A.csv,opponents/gavroche-v15-divecap/graphs/schooltime-candidate-A.svg,2,26,15,700,209,210,73,79,19,38,74,0,0,0,0,4.5,0.875,14.083333333333334,20,200,23,1197,263,246,79,73,44,50,79,0,0,0,0,80.54166666666667,0.875,14.083333333333334
gavroche-v15-divecap,schooltime,B,B,gavroche-v16-informed-divecap,500,46.8,,,gavroche-v15-divecap,gavroche-v16-informed-divecap,opponents/gavroche-v15-divecap/replays/schooltime-candidate-B.log,opponents/gavroche-v15-divecap/replays/schooltime-candidate-B.replay,0,roundLimit,opponents/gavroche-v15-divecap/stats/schooltime-candidate-B.json,opponents/gavroche-v15-divecap/stats/schooltime-candidate-B.csv,opponents/gavroche-v15-divecap/graphs/schooltime-candidate-B.svg,11,185,51,1453,305,297,85,77,65,85,70,0,0,0,0,40.0,5.833333333333333,14.083333333333334,13,159,20,920,281,271,77,85,39,45,102,0,0,0,0,40.083333333333336,5.833333333333333,14.083333333333334
gavroche-v15-divecap,stronghold,A,B,gavroche-v15-divecap,500,24.125,,,gavroche-v16-informed-divecap,gavroche-v15-divecap,opponents/gavroche-v15-divecap/replays/stronghold-candidate-A.log,opponents/gavroche-v15-divecap/replays/stronghold-candidate-A.replay,0,roundLimit,opponents/gavroche-v15-divecap/stats/stronghold-candidate-A.json,opponents/gavroche-v15-divecap/stats/stronghold-candidate-A.csv,opponents/gavroche-v15-divecap/graphs/stronghold-candidate-A.svg,3,43,24,357,108,107,0,0,37,48,22,0,0,0,0,40.798611111111114,1.4756944444444444,0.0,6,52,33,307,94,90,0,0,31,33,26,0,0,0,0,57.72569444444444,1.4756944444444444,0.0
gavroche-v15-divecap,stronghold,B,B,gavroche-v16-informed-divecap,500,36.211,,,gavroche-v15-divecap,gavroche-v16-informed-divecap,opponents/gavroche-v15-divecap/replays/stronghold-candidate-B.log,opponents/gavroche-v15-divecap/replays/stronghold-candidate-B.replay,0,roundLimit,opponents/gavroche-v15-divecap/stats/stronghold-candidate-B.json,opponents/gavroche-v15-divecap/stats/stronghold-candidate-B.csv,opponents/gavroche-v15-divecap/graphs/stronghold-candidate-B.svg,3,49,44,571,203,202,10,12,51,68,71,0,0,0,0,37.673611111111114,1.0416666666666667,0.0,3,57,43,574,212,211,12,10,79,70,52,0,0,0,0,61.28472222222222,1.0416666666666667,0.0
gavroche-v15-divecap,trauma,A,A,gavroche-v16-informed-divecap,500,14.066,,,gavroche-v16-informed-divecap,gavroche-v15-divecap,opponents/gavroche-v15-divecap/replays/trauma-candidate-A.log,opponents/gavroche-v15-divecap/replays/trauma-candidate-A.replay,0,roundLimit,opponents/gavroche-v15-divecap/stats/trauma-candidate-A.json,opponents/gavroche-v15-divecap/stats/trauma-candidate-A.csv,opponents/gavroche-v15-divecap/graphs/trauma-candidate-A.svg,3,28,16,297,95,94,17,18,11,21,44,0,0,0,0,42.27430555555556,0.6076388888888888,0.6944444444444444,8,48,13,315,104,98,18,17,11,22,48,0,0,0,0,56.423611111111114,0.6076388888888888,0.6944444444444444
gavroche-v15-divecap,trauma,B,A,gavroche-v15-divecap,500,22.336,,,gavroche-v15-divecap,gavroche-v16-informed-divecap,opponents/gavroche-v15-divecap/replays/trauma-candidate-B.log,opponents/gavroche-v15-divecap/replays/trauma-candidate-B.replay,0,roundLimit,opponents/gavroche-v15-divecap/stats/trauma-candidate-B.json,opponents/gavroche-v15-divecap/stats/trauma-candidate-B.csv,opponents/gavroche-v15-divecap/graphs/trauma-candidate-B.svg,5,34,12,397,153,150,11,10,18,50,72,0,0,0,0,47.135416666666664,6.336805555555555,0.6944444444444444,3,41,18,528,193,192,10,11,49,43,89,0,0,0,0,45.833333333333336,6.336805555555555,0.6944444444444444
gavroche-v15-divecap,trophy,A,B,gavroche-v15-divecap,406,17.765,,,gavroche-v16-informed-divecap,gavroche-v15-divecap,opponents/gavroche-v15-divecap/replays/trophy-candidate-A.log,opponents/gavroche-v15-divecap/replays/trophy-candidate-A.replay,0,elimination,opponents/gavroche-v15-divecap/stats/trophy-candidate-A.json,opponents/gavroche-v15-divecap/stats/trophy-candidate-A.csv,opponents/gavroche-v15-divecap/graphs/trophy-candidate-A.svg,0,0,0,219,69,71,53,54,11,2,4,0,0,0,0,0.0,0.0,0.0,37,124,14,387,129,94,54,53,10,12,19,0,0,0,0,100.0,0.0,0.0
gavroche-v15-divecap,trophy,B,A,gavroche-v15-divecap,381,19.844,,,gavroche-v15-divecap,gavroche-v16-informed-divecap,opponents/gavroche-v15-divecap/replays/trophy-candidate-B.log,opponents/gavroche-v15-divecap/replays/trophy-candidate-B.replay,0,elimination,opponents/gavroche-v15-divecap/stats/trophy-candidate-B.json,opponents/gavroche-v15-divecap/stats/trophy-candidate-B.csv,opponents/gavroche-v15-divecap/graphs/trophy-candidate-B.svg,0,0,0,123,41,43,33,32,0,3,8,0,0,0,0,0.0,0.0,0.0,56,133,9,422,165,111,32,33,34,23,21,0,0,0,0,100.0,0.0,0.0
sinbad-v07-divecap,Colosseum,A,A,gavroche-v16-informed-divecap,130,4.674,,,gavroche-v16-informed-divecap,sinbad-v07-divecap,opponents/sinbad-v07-divecap/replays/Colosseum-candidate-A.log,opponents/sinbad-v07-divecap/replays/Colosseum-candidate-A.replay,0,elimination,opponents/sinbad-v07-divecap/stats/Colosseum-candidate-A.json,opponents/sinbad-v07-divecap/stats/Colosseum-candidate-A.csv,opponents/sinbad-v07-divecap/graphs/Colosseum-candidate-A.svg,33,77,4,222,89,57,23,23,32,1,1,0,0,0,0,100.0,0.0,0.0,0,0,0,79,23,24,23,23,0,1,0,0,0,0,0,0.0,0.0,0.0
sinbad-v07-divecap,Colosseum,B,B,gavroche-v16-informed-divecap,116,3.873,,,sinbad-v07-divecap,gavroche-v16-informed-divecap,opponents/sinbad-v07-divecap/replays/Colosseum-candidate-B.log,opponents/sinbad-v07-divecap/replays/Colosseum-candidate-B.replay,0,elimination,opponents/sinbad-v07-divecap/stats/Colosseum-candidate-B.json,opponents/sinbad-v07-divecap/stats/Colosseum-candidate-B.csv,opponents/sinbad-v07-divecap/graphs/Colosseum-candidate-B.svg,33,77,4,194,79,47,13,13,25,8,1,0,0,0,0,100.0,0.0,0.0,0,0,0,33,12,13,13,13,0,0,0,0,0,0,0,0.0,0.0,0.0
sinbad-v07-divecap,arena,A,A,gavroche-v16-informed-divecap,88,3.206,,,gavroche-v16-informed-divecap,sinbad-v07-divecap,opponents/sinbad-v07-divecap/replays/arena-candidate-A.log,opponents/sinbad-v07-divecap/replays/arena-candidate-A.replay,0,elimination,opponents/sinbad-v07-divecap/stats/arena-candidate-A.json,opponents/sinbad-v07-divecap/stats/arena-candidate-A.csv,opponents/sinbad-v07-divecap/graphs/arena-candidate-A.svg,23,54,3,238,83,61,50,50,5,5,1,0,0,0,0,100.0,0.0,0.0,0,0,0,180,55,56,50,50,2,4,0,0,0,0,0,0.0,0.0,0.0
sinbad-v07-divecap,arena,B,A,sinbad-v07-divecap,28,1.113,,,sinbad-v07-divecap,gavroche-v16-informed-divecap,opponents/sinbad-v07-divecap/replays/arena-candidate-B.log,opponents/sinbad-v07-divecap/replays/arena-candidate-B.replay,0,elimination,opponents/sinbad-v07-divecap/stats/arena-candidate-B.json,opponents/sinbad-v07-divecap/stats/arena-candidate-B.csv,opponents/sinbad-v07-divecap/graphs/arena-candidate-B.svg,0,0,0,10,3,4,3,3,0,1,0,0,0,0,0,0.0,0.0,0.0,24,60,4,79,29,6,3,3,2,1,0,0,0,0,0,100.0,0.0,0.0
sinbad-v07-divecap,autarky,A,A,gavroche-v16-informed-divecap,500,21.883,,,gavroche-v16-informed-divecap,sinbad-v07-divecap,opponents/sinbad-v07-divecap/replays/autarky-candidate-A.log,opponents/sinbad-v07-divecap/replays/autarky-candidate-A.replay,0,roundLimit,opponents/sinbad-v07-divecap/stats/autarky-candidate-A.json,opponents/sinbad-v07-divecap/stats/autarky-candidate-A.csv,opponents/sinbad-v07-divecap/graphs/autarky-candidate-A.svg,13,114,41,691,215,208,18,18,16,45,129,0,0,0,0,93.20987654320987,4.320987654320987,0.0,1,4,4,161,54,59,18,18,6,1,34,0,0,0,0,2.4691358024691357,4.320987654320987,0.0
sinbad-v07-divecap,autarky,B,B,gavroche-v16-informed-divecap,500,23.122,,,sinbad-v07-divecap,gavroche-v16-informed-divecap,opponents/sinbad-v07-divecap/replays/autarky-candidate-B.log,opponents/sinbad-v07-divecap/replays/autarky-candidate-B.replay,0,roundLimit,opponents/sinbad-v07-divecap/stats/autarky-candidate-B.json,opponents/sinbad-v07-divecap/stats/autarky-candidate-B.csv,opponents/sinbad-v07-divecap/graphs/autarky-candidate-B.svg,11,100,44,579,175,170,34,35,15,23,97,0,0,0,0,68.82716049382717,1.646090534979424,0.0,3,16,7,282,93,96,35,34,0,3,59,0,0,0,0,29.526748971193417,1.646090534979424,0.0
sinbad-v07-divecap,big_empty,A,B,sinbad-v07-divecap,500,66.01,,,gavroche-v16-informed-divecap,sinbad-v07-divecap,opponents/sinbad-v07-divecap/replays/big_empty-candidate-A.log,opponents/sinbad-v07-divecap/replays/big_empty-candidate-A.replay,0,roundLimit,opponents/sinbad-v07-divecap/stats/big_empty-candidate-A.json,opponents/sinbad-v07-divecap/stats/big_empty-candidate-A.csv,opponents/sinbad-v07-divecap/graphs/big_empty-candidate-A.svg,21,391,47,1624,233,215,183,183,10,22,0,0,0,0,0,49.21875,2.587890625,0.0,14,355,73,1629,222,211,183,183,2,26,0,0,0,0,0,48.193359375,2.587890625,0.0
sinbad-v07-divecap,big_empty,B,A,sinbad-v07-divecap,500,66.127,,,sinbad-v07-divecap,gavroche-v16-informed-divecap,opponents/sinbad-v07-divecap/replays/big_empty-candidate-B.log,opponents/sinbad-v07-divecap/replays/big_empty-candidate-B.replay,0,roundLimit,opponents/sinbad-v07-divecap/stats/big_empty-candidate-B.json,opponents/sinbad-v07-divecap/stats/big_empty-candidate-B.csv,opponents/sinbad-v07-divecap/graphs/big_empty-candidate-B.svg,23,426,35,1528,213,193,165,164,8,21,0,0,0,0,0,51.8310546875,4.296875,0.0,20,422,68,1586,213,196,164,165,9,22,0,0,0,0,0,43.8720703125,4.296875,0.0
sinbad-v07-divecap,default,A,B,sinbad-v07-divecap,500,16.651,,,gavroche-v16-informed-divecap,sinbad-v07-divecap,opponents/sinbad-v07-divecap/replays/default-candidate-A.log,opponents/sinbad-v07-divecap/replays/default-candidate-A.replay,0,roundLimit,opponents/sinbad-v07-divecap/stats/default-candidate-A.json,opponents/sinbad-v07-divecap/stats/default-candidate-A.csv,opponents/sinbad-v07-divecap/graphs/default-candidate-A.svg,4,51,19,315,98,98,28,29,34,21,14,0,0,0,0,21.38671875,3.80859375,0.0,8,66,20,231,59,55,29,28,9,13,5,0,0,0,0,74.8046875,3.80859375,0.0
sinbad-v07-divecap,default,B,A,sinbad-v07-divecap,500,15.897,,,sinbad-v07-divecap,gavroche-v16-informed-divecap,opponents/sinbad-v07-divecap/replays/default-candidate-B.log,opponents/sinbad-v07-divecap/replays/default-candidate-B.replay,0,roundLimit,opponents/sinbad-v07-divecap/stats/default-candidate-B.json,opponents/sinbad-v07-divecap/stats/default-candidate-B.csv,opponents/sinbad-v07-divecap/graphs/default-candidate-B.svg,4,41,20,233,69,69,29,30,14,16,9,0,0,0,0,24.70703125,4.6875,0.0,11,79,29,270,68,61,30,29,7,21,4,0,0,0,0,70.60546875,4.6875,0.0
sinbad-v07-divecap,default_small,A,B,sinbad-v07-divecap,186,4.28,,,gavroche-v16-informed-divecap,sinbad-v07-divecap,opponents/sinbad-v07-divecap/replays/default_small-candidate-A.log,opponents/sinbad-v07-divecap/replays/default_small-candidate-A.replay,0,elimination,opponents/sinbad-v07-divecap/stats/default_small-candidate-A.json,opponents/sinbad-v07-divecap/stats/default_small-candidate-A.csv,opponents/sinbad-v07-divecap/graphs/default_small-candidate-A.svg,0,0,0,61,17,19,15,16,0,0,3,0,0,0,0,0.0,0.0,0.0,20,46,3,147,56,38,16,15,6,12,5,0,0,0,0,100.0,0.0,0.0
sinbad-v07-divecap,default_small,B,A,sinbad-v07-divecap,232,4.609,,,sinbad-v07-divecap,gavroche-v16-informed-divecap,opponents/sinbad-v07-divecap/replays/default_small-candidate-B.log,opponents/sinbad-v07-divecap/replays/default_small-candidate-B.replay,0,elimination,opponents/sinbad-v07-divecap/stats/default_small-candidate-B.json,opponents/sinbad-v07-divecap/stats/default_small-candidate-B.csv,opponents/sinbad-v07-divecap/graphs/default_small-candidate-B.svg,0,0,0,54,18,20,17,16,0,3,1,0,0,0,0,0.0,0.0,0.0,20,45,3,192,72,54,16,17,11,16,10,0,0,0,0,100.0,0.0,0.0
sinbad-v07-divecap,devil,A,A,gavroche-v16-informed-divecap,500,22.396,,,gavroche-v16-informed-divecap,sinbad-v07-divecap,opponents/sinbad-v07-divecap/replays/devil-candidate-A.log,opponents/sinbad-v07-divecap/replays/devil-candidate-A.replay,0,roundLimit,opponents/sinbad-v07-divecap/stats/devil-candidate-A.json,opponents/sinbad-v07-divecap/stats/devil-candidate-A.csv,opponents/sinbad-v07-divecap/graphs/devil-candidate-A.svg,3,66,31,1179,397,397,98,99,80,140,78,0,0,0,0,97.4609375,0.0,0.0,1,25,25,641,237,239,99,98,30,67,44,0,0,0,0,2.5390625,0.0,0.0
sinbad-v07-divecap,devil,B,B,gavroche-v16-informed-divecap,250,14.329,,,sinbad-v07-divecap,gavroche-v16-informed-divecap,opponents/sinbad-v07-divecap/replays/devil-candidate-B.log,opponents/sinbad-v07-divecap/replays/devil-candidate-B.replay,0,elimination,opponents/sinbad-v07-divecap/stats/devil-candidate-B.json,opponents/sinbad-v07-divecap/stats/devil-candidate-B.csv,opponents/sinbad-v07-divecap/graphs/devil-candidate-B.svg,31,85,4,794,311,283,38,35,54,127,67,0,0,0,0,100.0,0.0,0.0,0,0,0,159,60,63,35,38,2,14,9,0,0,0,0,0.0,0.0,0.0
sinbad-v07-divecap,dilemma,A,A,gavroche-v16-informed-divecap,372,6.192,,,gavroche-v16-informed-divecap,sinbad-v07-divecap,opponents/sinbad-v07-divecap/replays/dilemma-candidate-A.log,opponents/sinbad-v07-divecap/replays/dilemma-candidate-A.replay,0,elimination,opponents/sinbad-v07-divecap/stats/dilemma-candidate-A.json,opponents/sinbad-v07-divecap/stats/dilemma-candidate-A.csv,opponents/sinbad-v07-divecap/graphs/dilemma-candidate-A.svg,15,44,7,151,61,49,7,8,5,21,15,0,0,0,0,100.0,0.0,0.0,0,0,0,176,62,65,8,7,0,21,37,0,0,0,0,0.0,0.0,0.0
sinbad-v07-divecap,dilemma,B,B,gavroche-v16-informed-divecap,440,10.071,,,sinbad-v07-divecap,gavroche-v16-informed-divecap,opponents/sinbad-v07-divecap/replays/dilemma-candidate-B.log,opponents/sinbad-v07-divecap/replays/dilemma-candidate-B.replay,0,elimination,opponents/sinbad-v07-divecap/stats/dilemma-candidate-B.json,opponents/sinbad-v07-divecap/stats/dilemma-candidate-B.csv,opponents/sinbad-v07-divecap/graphs/dilemma-candidate-B.svg,14,42,6,177,68,57,6,6,4,25,22,0,0,0,0,100.0,0.0,0.0,0,0,0,132,46,49,6,6,0,27,16,0,0,0,0,0.0,0.0,0.0
sinbad-v07-divecap,queen_of_spades,A,A,gavroche-v16-informed-divecap,365,9.184,,,gavroche-v16-informed-divecap,sinbad-v07-divecap,opponents/sinbad-v07-divecap/replays/queen_of_spades-candidate-A.log,opponents/sinbad-v07-divecap/replays/queen_of_spades-candidate-A.replay,0,elimination,opponents/sinbad-v07-divecap/stats/queen_of_spades-candidate-A.json,opponents/sinbad-v07-divecap/stats/queen_of_spades-candidate-A.csv,opponents/sinbad-v07-divecap/graphs/queen_of_spades-candidate-A.svg,29,77,10,335,128,101,9,8,38,24,31,0,0,0,0,79.2,0.0,20.8,0,0,0,30,8,10,8,9,0,0,1,0,0,0,0,0.0,0.0,20.8
sinbad-v07-divecap,queen_of_spades,B,A,sinbad-v07-divecap,500,8.852,,,sinbad-v07-divecap,gavroche-v16-informed-divecap,opponents/sinbad-v07-divecap/replays/queen_of_spades-candidate-B.log,opponents/sinbad-v07-divecap/replays/queen_of_spades-candidate-B.replay,0,roundLimit,opponents/sinbad-v07-divecap/stats/queen_of_spades-candidate-B.json,opponents/sinbad-v07-divecap/stats/queen_of_spades-candidate-B.csv,opponents/sinbad-v07-divecap/graphs/queen_of_spades-candidate-B.svg,1,13,13,238,75,76,18,19,22,7,28,0,0,0,0,14.17142857142857,2.057142857142857,20.8,4,53,17,358,109,107,19,18,46,21,22,0,0,0,0,62.97142857142857,2.057142857142857,20.8
sinbad-v07-divecap,schooltime,A,A,gavroche-v16-informed-divecap,500,43.615,,,gavroche-v16-informed-divecap,sinbad-v07-divecap,opponents/sinbad-v07-divecap/replays/schooltime-candidate-A.log,opponents/sinbad-v07-divecap/replays/schooltime-candidate-A.replay,0,roundLimit,opponents/sinbad-v07-divecap/stats/schooltime-candidate-A.json,opponents/sinbad-v07-divecap/stats/schooltime-candidate-A.csv,opponents/sinbad-v07-divecap/graphs/schooltime-candidate-A.svg,11,147,48,1245,317,309,105,99,51,67,92,0,0,0,0,51.375,2.4166666666666665,14.083333333333334,5,85,28,891,260,258,99,105,30,43,80,0,0,0,0,32.125,2.4166666666666665,14.083333333333334
sinbad-v07-divecap,schooltime,B,A,sinbad-v07-divecap,500,40.874,,,sinbad-v07-divecap,gavroche-v16-informed-divecap,opponents/sinbad-v07-divecap/replays/schooltime-candidate-B.log,opponents/sinbad-v07-divecap/replays/schooltime-candidate-B.replay,0,roundLimit,opponents/sinbad-v07-divecap/stats/schooltime-candidate-B.json,opponents/sinbad-v07-divecap/stats/schooltime-candidate-B.csv,opponents/sinbad-v07-divecap/graphs/schooltime-candidate-B.svg,13,195,43,1659,307,297,76,68,60,79,90,0,0,0,0,50.708333333333336,2.2083333333333335,14.083333333333334,6,133,44,822,223,220,68,76,29,49,66,0,0,0,0,33.0,2.2083333333333335,14.083333333333334
sinbad-v07-divecap,stronghold,A,B,sinbad-v07-divecap,500,28.343,,,gavroche-v16-informed-divecap,sinbad-v07-divecap,opponents/sinbad-v07-divecap/replays/stronghold-candidate-A.log,opponents/sinbad-v07-divecap/replays/stronghold-candidate-A.replay,0,roundLimit,opponents/sinbad-v07-divecap/stats/stronghold-candidate-A.json,opponents/sinbad-v07-divecap/stats/stronghold-candidate-A.csv,opponents/sinbad-v07-divecap/graphs/stronghold-candidate-A.svg,3,66,53,627,221,220,2,2,92,75,51,0,0,0,0,59.02777777777778,0.78125,0.0,2,65,57,325,96,96,2,2,27,48,19,0,0,0,0,40.19097222222222,0.78125,0.0
sinbad-v07-divecap,stronghold,B,B,gavroche-v16-informed-divecap,500,24.666,,,sinbad-v07-divecap,gavroche-v16-informed-divecap,opponents/sinbad-v07-divecap/replays/stronghold-candidate-B.log,opponents/sinbad-v07-divecap/replays/stronghold-candidate-B.replay,0,roundLimit,opponents/sinbad-v07-divecap/stats/stronghold-candidate-B.json,opponents/sinbad-v07-divecap/stats/stronghold-candidate-B.csv,opponents/sinbad-v07-divecap/graphs/stronghold-candidate-B.svg,4,65,52,360,114,112,2,2,38,46,26,0,0,0,0,64.58333333333333,0.6076388888888888,0.0,2,57,45,466,158,158,2,2,61,61,34,0,0,0,0,34.80902777777778,0.6076388888888888,0.0
sinbad-v07-divecap,trauma,A,B,sinbad-v07-divecap,500,17.766,,,gavroche-v16-informed-divecap,sinbad-v07-divecap,opponents/sinbad-v07-divecap/replays/trauma-candidate-A.log,opponents/sinbad-v07-divecap/replays/trauma-candidate-A.replay,0,roundLimit,opponents/sinbad-v07-divecap/stats/trauma-candidate-A.json,opponents/sinbad-v07-divecap/stats/trauma-candidate-A.csv,opponents/sinbad-v07-divecap/graphs/trauma-candidate-A.svg,4,27,8,295,101,99,10,11,24,28,36,0,0,0,0,41.31944444444444,0.5208333333333334,0.6944444444444444,4,46,19,523,200,198,11,10,43,47,98,0,0,0,0,57.46527777777778,0.5208333333333334,0.6944444444444444
sinbad-v07-divecap,trauma,B,A,sinbad-v07-divecap,500,20.715,,,sinbad-v07-divecap,gavroche-v16-informed-divecap,opponents/sinbad-v07-divecap/replays/trauma-candidate-B.log,opponents/sinbad-v07-divecap/replays/trauma-candidate-B.replay,0,roundLimit,opponents/sinbad-v07-divecap/stats/trauma-candidate-B.json,opponents/sinbad-v07-divecap/stats/trauma-candidate-B.csv,opponents/sinbad-v07-divecap/graphs/trauma-candidate-B.svg,4,28,15,473,176,174,19,19,35,33,87,0,0,0,0,38.020833333333336,4.861111111111111,0.6944444444444444,3,39,16,460,163,162,19,19,34,29,80,0,0,0,0,56.423611111111114,4.861111111111111,0.6944444444444444
sinbad-v07-divecap,trophy,A,A,gavroche-v16-informed-divecap,319,18.076,,,gavroche-v16-informed-divecap,sinbad-v07-divecap,opponents/sinbad-v07-divecap/replays/trophy-candidate-A.log,opponents/sinbad-v07-divecap/replays/trophy-candidate-A.replay,0,elimination,opponents/sinbad-v07-divecap/stats/trophy-candidate-A.json,opponents/sinbad-v07-divecap/stats/trophy-candidate-A.csv,opponents/sinbad-v07-divecap/graphs/trophy-candidate-A.svg,47,125,12,448,176,131,17,18,47,30,36,0,0,0,0,100.0,0.0,0.0,0,0,0,48,15,17,18,17,0,0,0,0,0,0,0,0.0,0.0,0.0
sinbad-v07-divecap,trophy,B,A,sinbad-v07-divecap,227,8.815,,,sinbad-v07-divecap,gavroche-v16-informed-divecap,opponents/sinbad-v07-divecap/replays/trophy-candidate-B.log,opponents/sinbad-v07-divecap/replays/trophy-candidate-B.replay,0,elimination,opponents/sinbad-v07-divecap/stats/trophy-candidate-B.json,opponents/sinbad-v07-divecap/stats/trophy-candidate-B.csv,opponents/sinbad-v07-divecap/graphs/trophy-candidate-B.svg,0,0,0,42,13,15,12,13,1,1,0,0,0,0,0,0.0,0.0,0.0,43,115,4,290,115,74,13,12,38,10,14,0,0,0,0,100.0,0.0,0.0
vn-x06-info-tf-05,Colosseum,A,B,vn-x06-info-tf-05,135,4.917,,,gavroche-v16-informed-divecap,vn-x06-info-tf-05,opponents/vn-x06-info-tf-05/replays/Colosseum-candidate-A.log,opponents/vn-x06-info-tf-05/replays/Colosseum-candidate-A.replay,0,elimination,opponents/vn-x06-info-tf-05/stats/Colosseum-candidate-A.json,opponents/vn-x06-info-tf-05/stats/Colosseum-candidate-A.csv,opponents/vn-x06-info-tf-05/graphs/Colosseum-candidate-A.svg,0,0,0,67,19,20,19,20,0,0,0,0,0,0,0,0.0,0.0,0.0,34,85,4,213,76,43,20,19,18,3,3,0,0,0,0,100.0,0.0,0.0
vn-x06-info-tf-05,Colosseum,B,A,vn-x06-info-tf-05,182,5.636,,,vn-x06-info-tf-05,gavroche-v16-informed-divecap,opponents/vn-x06-info-tf-05/replays/Colosseum-candidate-B.log,opponents/vn-x06-info-tf-05/replays/Colosseum-candidate-B.replay,0,elimination,opponents/vn-x06-info-tf-05/stats/Colosseum-candidate-B.json,opponents/vn-x06-info-tf-05/stats/Colosseum-candidate-B.csv,opponents/vn-x06-info-tf-05/graphs/Colosseum-candidate-B.svg,0,0,0,65,21,22,20,21,0,0,1,0,0,0,0,0.0,0.0,0.0,35,90,4,307,115,81,21,20,52,8,1,0,0,0,0,100.0,0.0,0.0
vn-x06-info-tf-05,arena,A,B,vn-x06-info-tf-05,82,3.235,,,gavroche-v16-informed-divecap,vn-x06-info-tf-05,opponents/vn-x06-info-tf-05/replays/arena-candidate-A.log,opponents/vn-x06-info-tf-05/replays/arena-candidate-A.replay,0,elimination,opponents/vn-x06-info-tf-05/stats/arena-candidate-A.json,opponents/vn-x06-info-tf-05/stats/arena-candidate-A.csv,opponents/vn-x06-info-tf-05/graphs/arena-candidate-A.svg,0,0,0,126,40,41,35,35,4,2,0,0,0,0,0,0.0,0.0,0.0,21,55,4,214,77,57,35,35,9,7,6,0,0,0,0,100.0,0.0,0.0
vn-x06-info-tf-05,arena,B,A,vn-x06-info-tf-05,158,6.479,,,vn-x06-info-tf-05,gavroche-v16-informed-divecap,opponents/vn-x06-info-tf-05/replays/arena-candidate-B.log,opponents/vn-x06-info-tf-05/replays/arena-candidate-B.replay,0,elimination,opponents/vn-x06-info-tf-05/stats/arena-candidate-B.json,opponents/vn-x06-info-tf-05/stats/arena-candidate-B.csv,opponents/vn-x06-info-tf-05/graphs/arena-candidate-B.svg,0,0,0,211,63,64,63,58,2,4,0,0,0,0,0,0.0,0.0,0.0,23,58,4,408,142,120,58,63,28,24,5,0,0,0,0,100.0,0.0,0.0
vn-x06-info-tf-05,autarky,A,A,gavroche-v16-informed-divecap,500,22.509,,,gavroche-v16-informed-divecap,vn-x06-info-tf-05,opponents/vn-x06-info-tf-05/replays/autarky-candidate-A.log,opponents/vn-x06-info-tf-05/replays/autarky-candidate-A.replay,0,roundLimit,opponents/vn-x06-info-tf-05/stats/autarky-candidate-A.json,opponents/vn-x06-info-tf-05/stats/autarky-candidate-A.csv,opponents/vn-x06-info-tf-05/graphs/autarky-candidate-A.svg,15,104,34,685,223,214,20,21,27,31,135,0,0,0,0,95.67901234567901,1.337448559670782,0.0,1,3,3,147,56,61,21,20,7,8,26,0,0,0,0,2.983539094650206,1.337448559670782,0.0
vn-x06-info-tf-05,autarky,B,B,gavroche-v16-informed-divecap,454,22.282,,,vn-x06-info-tf-05,gavroche-v16-informed-divecap,opponents/vn-x06-info-tf-05/replays/autarky-candidate-B.log,opponents/vn-x06-info-tf-05/replays/autarky-candidate-B.replay,0,elimination,opponents/vn-x06-info-tf-05/stats/autarky-candidate-B.json,opponents/vn-x06-info-tf-05/stats/autarky-candidate-B.csv,opponents/vn-x06-info-tf-05/graphs/autarky-candidate-B.svg,24,93,17,651,223,205,24,27,29,29,120,0,0,0,0,100.0,0.0,0.0,0,0,0,163,60,66,27,24,2,3,37,0,0,0,0,0.0,0.0,0.0
vn-x06-info-tf-05,big_empty,A,A,gavroche-v16-informed-divecap,500,73.685,,,gavroche-v16-informed-divecap,vn-x06-info-tf-05,opponents/vn-x06-info-tf-05/replays/big_empty-candidate-A.log,opponents/vn-x06-info-tf-05/replays/big_empty-candidate-A.replay,0,roundLimit,opponents/vn-x06-info-tf-05/stats/big_empty-candidate-A.json,opponents/vn-x06-info-tf-05/stats/big_empty-candidate-A.csv,opponents/vn-x06-info-tf-05/graphs/big_empty-candidate-A.svg,20,369,55,1290,192,175,142,143,3,29,0,0,0,0,0,34.033203125,5.5419921875,0.0,36,526,40,1384,187,154,143,142,2,10,0,0,0,0,0,60.4248046875,5.5419921875,0.0
vn-x06-info-tf-05,big_empty,B,A,vn-x06-info-tf-05,500,76.227,,,vn-x06-info-tf-05,gavroche-v16-informed-divecap,opponents/vn-x06-info-tf-05/replays/big_empty-candidate-B.log,opponents/vn-x06-info-tf-05/replays/big_empty-candidate-B.replay,0,roundLimit,opponents/vn-x06-info-tf-05/stats/big_empty-candidate-B.json,opponents/vn-x06-info-tf-05/stats/big_empty-candidate-B.csv,opponents/vn-x06-info-tf-05/graphs/big_empty-candidate-B.svg,32,482,51,1396,197,168,147,148,1,19,0,0,0,0,0,60.25390625,5.078125,0.0,18,329,52,1340,199,184,148,147,5,32,0,0,0,0,0,34.66796875,5.078125,0.0
vn-x06-info-tf-05,default,A,B,vn-x06-info-tf-05,500,18.066,,,gavroche-v16-informed-divecap,vn-x06-info-tf-05,opponents/vn-x06-info-tf-05/replays/default-candidate-A.log,opponents/vn-x06-info-tf-05/replays/default-candidate-A.replay,0,roundLimit,opponents/vn-x06-info-tf-05/stats/default-candidate-A.json,opponents/vn-x06-info-tf-05/stats/default-candidate-A.csv,opponents/vn-x06-info-tf-05/graphs/default-candidate-A.svg,1,6,6,52,15,18,19,17,0,1,0,0,0,0,0,8.3984375,0.29296875,0.0,12,91,18,481,159,151,17,19,82,38,12,0,0,0,0,91.30859375,0.29296875,0.0
vn-x06-info-tf-05,default,B,A,vn-x06-info-tf-05,500,17.704,,,vn-x06-info-tf-05,gavroche-v16-informed-divecap,opponents/vn-x06-info-tf-05/replays/default-candidate-B.log,opponents/vn-x06-info-tf-05/replays/default-candidate-B.replay,0,roundLimit,opponents/vn-x06-info-tf-05/stats/default-candidate-B.json,opponents/vn-x06-info-tf-05/stats/default-candidate-B.csv,opponents/vn-x06-info-tf-05/graphs/default-candidate-B.svg,2,13,10,132,40,42,40,32,7,2,1,0,0,0,0,27.05078125,2.44140625,0.0,7,58,15,417,117,114,32,40,33,30,11,0,0,0,0,70.5078125,2.44140625,0.0
vn-x06-info-tf-05,default_small,A,B,vn-x06-info-tf-05,269,6.631,,,gavroche-v16-informed-divecap,vn-x06-info-tf-05,opponents/vn-x06-info-tf-05/replays/default_small-candidate-A.log,opponents/vn-x06-info-tf-05/replays/default_small-candidate-A.replay,0,elimination,opponents/vn-x06-info-tf-05/stats/default_small-candidate-A.json,opponents/vn-x06-info-tf-05/stats/default_small-candidate-A.csv,opponents/vn-x06-info-tf-05/graphs/default_small-candidate-A.svg,0,0,0,75,25,27,24,25,0,0,2,0,0,0,0,0.0,0.0,0.0,19,46,4,195,73,56,25,24,5,15,12,0,0,0,0,100.0,0.0,0.0
vn-x06-info-tf-05,default_small,B,A,vn-x06-info-tf-05,500,8.971,,,vn-x06-info-tf-05,gavroche-v16-informed-divecap,opponents/vn-x06-info-tf-05/replays/default_small-candidate-B.log,opponents/vn-x06-info-tf-05/replays/default_small-candidate-B.replay,0,roundLimit,opponents/vn-x06-info-tf-05/stats/default_small-candidate-B.json,opponents/vn-x06-info-tf-05/stats/default_small-candidate-B.csv,opponents/vn-x06-info-tf-05/graphs/default_small-candidate-B.svg,1,15,15,227,60,61,41,41,1,7,12,0,0,0,0,21.875,0.0,0.0,2,56,29,280,65,65,41,41,2,10,12,0,0,0,0,78.125,0.0,0.0
vn-x06-info-tf-05,devil,A,A,gavroche-v16-informed-divecap,351,20.968,,,gavroche-v16-informed-divecap,vn-x06-info-tf-05,opponents/vn-x06-info-tf-05/replays/devil-candidate-A.log,opponents/vn-x06-info-tf-05/replays/devil-candidate-A.replay,0,elimination,opponents/vn-x06-info-tf-05/stats/devil-candidate-A.json,opponents/vn-x06-info-tf-05/stats/devil-candidate-A.csv,opponents/vn-x06-info-tf-05/graphs/devil-candidate-A.svg,41,105,7,1050,412,374,45,46,83,151,94,0,0,0,0,100.0,0.0,0.0,0,0,0,201,80,83,46,45,7,18,13,0,0,0,0,0.0,0.0,0.0
vn-x06-info-tf-05,devil,B,B,gavroche-v16-informed-divecap,348,21.281,,,vn-x06-info-tf-05,gavroche-v16-informed-divecap,opponents/vn-x06-info-tf-05/replays/devil-candidate-B.log,opponents/vn-x06-info-tf-05/replays/devil-candidate-B.replay,0,elimination,opponents/vn-x06-info-tf-05/stats/devil-candidate-B.json,opponents/vn-x06-info-tf-05/stats/devil-candidate-B.csv,opponents/vn-x06-info-tf-05/graphs/devil-candidate-B.svg,41,104,4,1127,450,412,39,39,100,189,84,0,0,0,0,100.0,0.0,0.0,0,0,0,214,77,80,39,39,8,22,11,0,0,0,0,0.0,0.0,0.0
vn-x06-info-tf-05,dilemma,A,A,gavroche-v16-informed-divecap,308,5.475,,,gavroche-v16-informed-divecap,vn-x06-info-tf-05,opponents/vn-x06-info-tf-05/replays/dilemma-candidate-A.log,opponents/vn-x06-info-tf-05/replays/dilemma-candidate-A.replay,0,elimination,opponents/vn-x06-info-tf-05/stats/dilemma-candidate-A.json,opponents/vn-x06-info-tf-05/stats/dilemma-candidate-A.csv,opponents/vn-x06-info-tf-05/graphs/dilemma-candidate-A.svg,23,53,3,210,84,64,3,4,5,26,29,0,0,0,0,100.0,0.0,0.0,0,0,0,5,1,4,4,3,0,1,0,0,0,0,0,0.0,0.0,0.0
vn-x06-info-tf-05,dilemma,B,B,gavroche-v16-informed-divecap,238,4.272,,,vn-x06-info-tf-05,gavroche-v16-informed-divecap,opponents/vn-x06-info-tf-05/replays/dilemma-candidate-B.log,opponents/vn-x06-info-tf-05/replays/dilemma-candidate-B.replay,0,elimination,opponents/vn-x06-info-tf-05/stats/dilemma-candidate-B.json,opponents/vn-x06-info-tf-05/stats/dilemma-candidate-B.csv,opponents/vn-x06-info-tf-05/graphs/dilemma-candidate-B.svg,21,54,5,175,70,52,2,2,2,16,32,0,0,0,0,100.0,0.0,0.0,0,0,0,3,0,3,2,2,0,0,1,0,0,0,0,0.0,0.0,0.0
vn-x06-info-tf-05,queen_of_spades,A,B,vn-x06-info-tf-05,500,9.848,,,gavroche-v16-informed-divecap,vn-x06-info-tf-05,opponents/vn-x06-info-tf-05/replays/queen_of_spades-candidate-A.log,opponents/vn-x06-info-tf-05/replays/queen_of_spades-candidate-A.replay,0,roundLimit,opponents/vn-x06-info-tf-05/stats/queen_of_spades-candidate-A.json,opponents/vn-x06-info-tf-05/stats/queen_of_spades-candidate-A.csv,opponents/vn-x06-info-tf-05/graphs/queen_of_spades-candidate-A.svg,2,21,15,343,106,106,30,24,41,13,28,0,0,0,0,41.82857142857143,4.685714285714286,20.8,2,29,18,273,85,85,24,30,25,8,22,0,0,0,0,32.68571428571428,4.685714285714286,20.8
vn-x06-info-tf-05,queen_of_spades,B,B,gavroche-v16-informed-divecap,259,5.832,,,vn-x06-info-tf-05,gavroche-v16-informed-divecap,opponents/vn-x06-info-tf-05/replays/queen_of_spades-candidate-B.log,opponents/vn-x06-info-tf-05/replays/queen_of_spades-candidate-B.replay,0,elimination,opponents/vn-x06-info-tf-05/stats/queen_of_spades-candidate-B.json,opponents/vn-x06-info-tf-05/stats/queen_of_spades-candidate-B.csv,opponents/vn-x06-info-tf-05/graphs/queen_of_spades-candidate-B.svg,21,52,4,119,48,29,11,11,3,7,8,0,0,0,0,79.2,0.0,20.8,0,0,0,186,77,79,11,11,35,11,22,0,0,0,0,0.0,0.0,20.8
vn-x06-info-tf-05,schooltime,A,A,gavroche-v16-informed-divecap,500,42.506,,,gavroche-v16-informed-divecap,vn-x06-info-tf-05,opponents/vn-x06-info-tf-05/replays/schooltime-candidate-A.log,opponents/vn-x06-info-tf-05/replays/schooltime-candidate-A.replay,0,roundLimit,opponents/vn-x06-info-tf-05/stats/schooltime-candidate-A.json,opponents/vn-x06-info-tf-05/stats/schooltime-candidate-A.csv,opponents/vn-x06-info-tf-05/graphs/schooltime-candidate-A.svg,10,200,56,1154,321,314,134,134,40,58,82,0,0,0,0,56.25,2.2916666666666665,14.083333333333334,4,65,29,961,310,309,134,134,57,38,80,0,0,0,0,27.375,2.2916666666666665,14.083333333333334
vn-x06-info-tf-05,schooltime,B,B,gavroche-v16-informed-divecap,500,40.36,,,vn-x06-info-tf-05,gavroche-v16-informed-divecap,opponents/vn-x06-info-tf-05/replays/schooltime-candidate-B.log,opponents/vn-x06-info-tf-05/replays/schooltime-candidate-B.replay,0,roundLimit,opponents/vn-x06-info-tf-05/stats/schooltime-candidate-B.json,opponents/vn-x06-info-tf-05/stats/schooltime-candidate-B.csv,opponents/vn-x06-info-tf-05/graphs/schooltime-candidate-B.svg,15,222,37,1342,262,250,68,59,49,71,71,0,0,0,0,65.83333333333333,2.2083333333333335,14.083333333333334,4,57,23,767,241,240,59,68,45,39,88,0,0,0,0,17.875,2.2083333333333335,14.083333333333334
vn-x06-info-tf-05,stronghold,A,B,vn-x06-info-tf-05,500,32.862,,,gavroche-v16-informed-divecap,vn-x06-info-tf-05,opponents/vn-x06-info-tf-05/replays/stronghold-candidate-A.log,opponents/vn-x06-info-tf-05/replays/stronghold-candidate-A.replay,0,roundLimit,opponents/vn-x06-info-tf-05/stats/stronghold-candidate-A.json,opponents/vn-x06-info-tf-05/stats/stronghold-candidate-A.csv,opponents/vn-x06-info-tf-05/graphs/stronghold-candidate-A.svg,3,60,38,526,177,176,7,6,60,59,51,0,0,0,0,55.12152777777778,0.0,0.0,2,51,47,535,189,189,6,7,60,56,66,0,0,0,0,44.87847222222222,0.0,0.0
vn-x06-info-tf-05,stronghold,B,A,vn-x06-info-tf-05,500,34.38,,,vn-x06-info-tf-05,gavroche-v16-informed-divecap,opponents/vn-x06-info-tf-05/replays/stronghold-candidate-B.log,opponents/vn-x06-info-tf-05/replays/stronghold-candidate-B.replay,0,roundLimit,opponents/vn-x06-info-tf-05/stats/stronghold-candidate-B.json,opponents/vn-x06-info-tf-05/stats/stronghold-candidate-B.csv,opponents/vn-x06-info-tf-05/graphs/stronghold-candidate-B.svg,2,40,36,555,199,199,9,8,57,56,78,0,0,0,0,33.854166666666664,2.34375,0.0,3,63,46,624,214,213,8,9,83,70,51,0,0,0,0,63.802083333333336,2.34375,0.0
vn-x06-info-tf-05,trauma,A,A,gavroche-v16-informed-divecap,500,21.181,,,gavroche-v16-informed-divecap,vn-x06-info-tf-05,opponents/vn-x06-info-tf-05/replays/trauma-candidate-A.log,opponents/vn-x06-info-tf-05/replays/trauma-candidate-A.replay,0,roundLimit,opponents/vn-x06-info-tf-05/stats/trauma-candidate-A.json,opponents/vn-x06-info-tf-05/stats/trauma-candidate-A.csv,opponents/vn-x06-info-tf-05/graphs/trauma-candidate-A.svg,4,29,14,505,182,180,11,11,51,30,88,0,0,0,0,40.451388888888886,1.8229166666666667,0.6944444444444444,9,48,10,375,137,130,11,11,23,31,65,0,0,0,0,57.03125,1.8229166666666667,0.6944444444444444
vn-x06-info-tf-05,trauma,B,A,vn-x06-info-tf-05,500,19.864,,,vn-x06-info-tf-05,gavroche-v16-informed-divecap,opponents/vn-x06-info-tf-05/replays/trauma-candidate-B.log,opponents/vn-x06-info-tf-05/replays/trauma-candidate-B.replay,0,roundLimit,opponents/vn-x06-info-tf-05/stats/trauma-candidate-B.json,opponents/vn-x06-info-tf-05/stats/trauma-candidate-B.csv,opponents/vn-x06-info-tf-05/graphs/trauma-candidate-B.svg,4,40,13,286,94,92,7,9,14,29,40,0,0,0,0,53.385416666666664,1.1284722222222223,0.6944444444444444,5,57,30,515,176,173,9,7,39,43,84,0,0,0,0,44.791666666666664,1.1284722222222223,0.6944444444444444
vn-x06-info-tf-05,trophy,A,A,gavroche-v16-informed-divecap,500,23.386,,,gavroche-v16-informed-divecap,vn-x06-info-tf-05,opponents/vn-x06-info-tf-05/replays/trophy-candidate-A.log,opponents/vn-x06-info-tf-05/replays/trophy-candidate-A.replay,0,roundLimit,opponents/vn-x06-info-tf-05/stats/trophy-candidate-A.json,opponents/vn-x06-info-tf-05/stats/trophy-candidate-A.csv,opponents/vn-x06-info-tf-05/graphs/trophy-candidate-A.svg,8,98,33,664,196,190,28,28,64,57,41,0,0,0,0,84.48,4.0,0.0,1,8,8,108,37,38,28,28,0,2,8,0,0,0,0,11.52,4.0,0.0
vn-x06-info-tf-05,trophy,B,A,vn-x06-info-tf-05,357,16.953,,,vn-x06-info-tf-05,gavroche-v16-informed-divecap,opponents/vn-x06-info-tf-05/replays/trophy-candidate-B.log,opponents/vn-x06-info-tf-05/replays/trophy-candidate-B.replay,0,elimination,opponents/vn-x06-info-tf-05/stats/trophy-candidate-B.json,opponents/vn-x06-info-tf-05/stats/trophy-candidate-B.csv,opponents/vn-x06-info-tf-05/graphs/trophy-candidate-B.svg,0,0,0,92,33,35,28,28,0,1,6,0,0,0,0,0.0,0.0,0.0,48,129,11,375,149,103,28,28,37,18,20,0,0,0,0,100.0,0.0,0.0
vn-x06-info-grad1,Colosseum,A,A,gavroche-v16-informed-divecap,89,2.837,,,gavroche-v16-informed-divecap,vn-x06-info-grad1,opponents/vn-x06-info-grad1/replays/Colosseum-candidate-A.log,opponents/vn-x06-info-grad1/replays/Colosseum-candidate-A.replay,0,elimination,opponents/vn-x06-info-grad1/stats/Colosseum-candidate-A.json,opponents/vn-x06-info-grad1/stats/Colosseum-candidate-A.csv,opponents/vn-x06-info-grad1/graphs/Colosseum-candidate-A.svg,26,59,3,121,47,22,16,16,3,1,2,0,0,0,0,100.0,0.0,0.0,0,0,0,52,17,18,16,16,2,0,0,0,0,0,0,0.0,0.0,0.0
vn-x06-info-grad1,Colosseum,B,B,gavroche-v16-informed-divecap,91,3.453,,,vn-x06-info-grad1,gavroche-v16-informed-divecap,opponents/vn-x06-info-grad1/replays/Colosseum-candidate-B.log,opponents/vn-x06-info-grad1/replays/Colosseum-candidate-B.replay,0,elimination,opponents/vn-x06-info-grad1/stats/Colosseum-candidate-B.json,opponents/vn-x06-info-grad1/stats/Colosseum-candidate-B.csv,opponents/vn-x06-info-grad1/graphs/Colosseum-candidate-B.svg,35,83,3,126,53,19,7,7,6,4,2,0,0,0,0,100.0,0.0,0.0,0,0,0,21,7,8,7,7,0,1,0,0,0,0,0,0.0,0.0,0.0
vn-x06-info-grad1,arena,A,A,gavroche-v16-informed-divecap,83,3.767,,,gavroche-v16-informed-divecap,vn-x06-info-grad1,opponents/vn-x06-info-grad1/replays/arena-candidate-A.log,opponents/vn-x06-info-grad1/replays/arena-candidate-A.replay,0,elimination,opponents/vn-x06-info-grad1/stats/arena-candidate-A.json,opponents/vn-x06-info-grad1/stats/arena-candidate-A.csv,opponents/vn-x06-info-grad1/graphs/arena-candidate-A.svg,21,51,4,199,76,56,37,36,10,8,2,0,0,0,0,100.0,0.0,0.0,0,0,0,144,46,47,36,37,3,3,4,0,0,0,0,0.0,0.0,0.0
vn-x06-info-grad1,arena,B,B,gavroche-v16-informed-divecap,124,5.222,,,vn-x06-info-grad1,gavroche-v16-informed-divecap,opponents/vn-x06-info-grad1/replays/arena-candidate-B.log,opponents/vn-x06-info-grad1/replays/arena-candidate-B.replay,0,elimination,opponents/vn-x06-info-grad1/stats/arena-candidate-B.json,opponents/vn-x06-info-grad1/stats/arena-candidate-B.csv,opponents/vn-x06-info-grad1/graphs/arena-candidate-B.svg,26,62,5,327,117,92,47,48,21,14,9,0,0,0,0,100.0,0.0,0.0,0,0,0,189,57,58,48,47,5,6,0,0,0,0,0,0.0,0.0,0.0
vn-x06-info-grad1,autarky,A,A,gavroche-v16-informed-divecap,193,8.633,,,gavroche-v16-informed-divecap,vn-x06-info-grad1,opponents/vn-x06-info-grad1/replays/autarky-candidate-A.log,opponents/vn-x06-info-grad1/replays/autarky-candidate-A.replay,0,elimination,opponents/vn-x06-info-grad1/stats/autarky-candidate-A.json,opponents/vn-x06-info-grad1/stats/autarky-candidate-A.csv,opponents/vn-x06-info-grad1/graphs/autarky-candidate-A.svg,35,82,5,243,98,69,10,8,4,7,50,0,0,0,0,100.0,0.0,0.0,0,0,0,71,27,33,8,10,7,2,14,0,0,0,0,0.0,0.0,0.0
vn-x06-info-grad1,autarky,B,B,gavroche-v16-informed-divecap,480,23.562,,,vn-x06-info-grad1,gavroche-v16-informed-divecap,opponents/vn-x06-info-grad1/replays/autarky-candidate-B.log,opponents/vn-x06-info-grad1/replays/autarky-candidate-B.replay,0,elimination,opponents/vn-x06-info-grad1/stats/autarky-candidate-B.json,opponents/vn-x06-info-grad1/stats/autarky-candidate-B.csv,opponents/vn-x06-info-grad1/graphs/autarky-candidate-B.svg,21,122,30,600,197,182,28,31,17,23,111,0,0,0,0,100.0,0.0,0.0,0,0,0,264,98,104,31,28,13,6,57,0,0,0,0,0.0,0.0,0.0
vn-x06-info-grad1,big_empty,A,B,vn-x06-info-grad1,500,79.542,,,gavroche-v16-informed-divecap,vn-x06-info-grad1,opponents/vn-x06-info-grad1/replays/big_empty-candidate-A.log,opponents/vn-x06-info-grad1/replays/big_empty-candidate-A.replay,0,roundLimit,opponents/vn-x06-info-grad1/stats/big_empty-candidate-A.json,opponents/vn-x06-info-grad1/stats/big_empty-candidate-A.csv,opponents/vn-x06-info-grad1/graphs/big_empty-candidate-A.svg,16,365,47,1453,205,192,165,165,5,22,0,0,0,0,0,44.9951171875,7.03125,0.0,18,329,56,1297,204,189,165,165,3,21,0,0,0,0,0,47.9736328125,7.03125,0.0
vn-x06-info-grad1,big_empty,B,A,vn-x06-info-grad1,500,80.08,,,vn-x06-info-grad1,gavroche-v16-informed-divecap,opponents/vn-x06-info-grad1/replays/big_empty-candidate-B.log,opponents/vn-x06-info-grad1/replays/big_empty-candidate-B.replay,0,roundLimit,opponents/vn-x06-info-grad1/stats/big_empty-candidate-B.json,opponents/vn-x06-info-grad1/stats/big_empty-candidate-B.csv,opponents/vn-x06-info-grad1/graphs/big_empty-candidate-B.svg,39,484,40,1326,189,153,130,131,4,18,0,0,0,0,0,63.671875,6.1279296875,0.0,20,299,54,1152,178,161,131,130,2,29,0,0,0,0,0,30.2001953125,6.1279296875,0.0
vn-x06-info-grad1,default,A,A,gavroche-v16-informed-divecap,500,20.195,,,gavroche-v16-informed-divecap,vn-x06-info-grad1,opponents/vn-x06-info-grad1/replays/default-candidate-A.log,opponents/vn-x06-info-grad1/replays/default-candidate-A.replay,0,roundLimit,opponents/vn-x06-info-grad1/stats/default-candidate-A.json,opponents/vn-x06-info-grad1/stats/default-candidate-A.csv,opponents/vn-x06-info-grad1/graphs/default-candidate-A.svg,14,103,32,379,117,107,19,18,55,25,9,0,0,0,0,82.91015625,3.90625,0.0,5,34,9,149,46,45,18,19,16,3,7,0,0,0,0,13.18359375,3.90625,0.0
vn-x06-info-grad1,default,B,A,vn-x06-info-grad1,500,19.57,,,vn-x06-info-grad1,gavroche-v16-informed-divecap,opponents/vn-x06-info-grad1/replays/default-candidate-B.log,opponents/vn-x06-info-grad1/replays/default-candidate-B.replay,0,roundLimit,opponents/vn-x06-info-grad1/stats/default-candidate-B.json,opponents/vn-x06-info-grad1/stats/default-candidate-B.csv,opponents/vn-x06-info-grad1/graphs/default-candidate-B.svg,8,59,16,290,76,72,29,30,15,19,8,0,0,0,0,53.02734375,4.1015625,0.0,4,54,24,296,86,86,30,29,28,20,9,0,0,0,0,42.87109375,4.1015625,0.0
vn-x06-info-grad1,default_small,A,A,gavroche-v16-informed-divecap,171,3.723,,,gavroche-v16-informed-divecap,vn-x06-info-grad1,opponents/vn-x06-info-grad1/replays/default_small-candidate-A.log,opponents/vn-x06-info-grad1/replays/default_small-candidate-A.replay,0,elimination,opponents/vn-x06-info-grad1/stats/default_small-candidate-A.json,opponents/vn-x06-info-grad1/stats/default_small-candidate-A.csv,opponents/vn-x06-info-grad1/graphs/default_small-candidate-A.svg,20,51,3,125,47,29,9,9,7,9,4,0,0,0,0,100.0,0.0,0.0,0,0,0,22,8,10,9,9,0,1,0,0,0,0,0,0.0,0.0,0.0
vn-x06-info-grad1,default_small,B,B,gavroche-v16-informed-divecap,399,11.045,,,vn-x06-info-grad1,gavroche-v16-informed-divecap,opponents/vn-x06-info-grad1/replays/default_small-candidate-B.log,opponents/vn-x06-info-grad1/replays/default_small-candidate-B.replay,0,elimination,opponents/vn-x06-info-grad1/stats/default_small-candidate-B.json,opponents/vn-x06-info-grad1/stats/default_small-candidate-B.csv,opponents/vn-x06-info-grad1/graphs/default_small-candidate-B.svg,24,66,5,326,121,99,27,27,16,23,33,0,0,0,0,100.0,0.0,0.0,0,0,0,112,35,37,27,27,4,5,1,0,0,0,0,0.0,0.0,0.0
vn-x06-info-grad1,devil,A,A,gavroche-v16-informed-divecap,258,16.442,,,gavroche-v16-informed-divecap,vn-x06-info-grad1,opponents/vn-x06-info-grad1/replays/devil-candidate-A.log,opponents/vn-x06-info-grad1/replays/devil-candidate-A.replay,0,elimination,opponents/vn-x06-info-grad1/stats/devil-candidate-A.json,opponents/vn-x06-info-grad1/stats/devil-candidate-A.csv,opponents/vn-x06-info-grad1/graphs/devil-candidate-A.svg,44,106,4,851,331,290,22,24,64,128,74,0,0,0,0,100.0,0.0,0.0,0,0,0,74,31,34,24,22,1,5,6,0,0,0,0,0.0,0.0,0.0
vn-x06-info-grad1,devil,B,B,gavroche-v16-informed-divecap,198,11.49,,,vn-x06-info-grad1,gavroche-v16-informed-divecap,opponents/vn-x06-info-grad1/replays/devil-candidate-B.log,opponents/vn-x06-info-grad1/replays/devil-candidate-B.replay,0,elimination,opponents/vn-x06-info-grad1/stats/devil-candidate-B.json,opponents/vn-x06-info-grad1/stats/devil-candidate-B.csv,opponents/vn-x06-info-grad1/graphs/devil-candidate-B.svg,41,95,4,568,242,204,20,19,46,84,55,0,0,0,0,100.0,0.0,0.0,0,0,0,105,41,44,19,20,2,14,8,0,0,0,0,0.0,0.0,0.0
vn-x06-info-grad1,dilemma,A,A,gavroche-v16-informed-divecap,229,4.458,,,gavroche-v16-informed-divecap,vn-x06-info-grad1,opponents/vn-x06-info-grad1/replays/dilemma-candidate-A.log,opponents/vn-x06-info-grad1/replays/dilemma-candidate-A.replay,0,elimination,opponents/vn-x06-info-grad1/stats/dilemma-candidate-A.json,opponents/vn-x06-info-grad1/stats/dilemma-candidate-A.csv,opponents/vn-x06-info-grad1/graphs/dilemma-candidate-A.svg,21,48,4,157,65,47,2,3,1,19,24,0,0,0,0,100.0,0.0,0.0,0,0,0,2,0,3,3,2,0,1,0,0,0,0,0,0.0,0.0,0.0
vn-x06-info-grad1,dilemma,B,B,gavroche-v16-informed-divecap,500,12.309,,,vn-x06-info-grad1,gavroche-v16-informed-divecap,opponents/vn-x06-info-grad1/replays/dilemma-candidate-B.log,opponents/vn-x06-info-grad1/replays/dilemma-candidate-B.replay,0,roundLimit,opponents/vn-x06-info-grad1/stats/dilemma-candidate-B.json,opponents/vn-x06-info-grad1/stats/dilemma-candidate-B.csv,opponents/vn-x06-info-grad1/graphs/dilemma-candidate-B.svg,4,40,25,320,110,109,1,1,11,53,44,0,0,0,0,78.3203125,1.7578125,0.0,1,15,15,33,6,8,1,1,0,2,5,0,0,0,0,19.921875,1.7578125,0.0
vn-x06-info-grad1,queen_of_spades,A,B,vn-x06-info-grad1,487,11.049,,,gavroche-v16-informed-divecap,vn-x06-info-grad1,opponents/vn-x06-info-grad1/replays/queen_of_spades-candidate-A.log,opponents/vn-x06-info-grad1/replays/queen_of_spades-candidate-A.replay,0,elimination,opponents/vn-x06-info-grad1/stats/queen_of_spades-candidate-A.json,opponents/vn-x06-info-grad1/stats/queen_of_spades-candidate-A.csv,opponents/vn-x06-info-grad1/graphs/queen_of_spades-candidate-A.svg,0,0,0,78,22,24,12,11,5,3,5,0,0,0,0,0.0,0.0,20.8,6,55,27,496,161,157,11,12,60,47,38,0,0,0,0,79.2,0.0,20.8
vn-x06-info-grad1,queen_of_spades,B,B,gavroche-v16-informed-divecap,500,9.286,,,vn-x06-info-grad1,gavroche-v16-informed-divecap,opponents/vn-x06-info-grad1/replays/queen_of_spades-candidate-B.log,opponents/vn-x06-info-grad1/replays/queen_of_spades-candidate-B.replay,0,roundLimit,opponents/vn-x06-info-grad1/stats/queen_of_spades-candidate-B.json,opponents/vn-x06-info-grad1/stats/queen_of_spades-candidate-B.csv,opponents/vn-x06-info-grad1/graphs/queen_of_spades-candidate-B.svg,4,33,13,386,117,115,21,21,46,19,29,0,0,0,0,62.4,9.028571428571428,20.8,1,7,7,196,68,69,21,21,25,10,13,0,0,0,0,7.771428571428571,9.028571428571428,20.8
vn-x06-info-grad1,schooltime,A,A,gavroche-v16-informed-divecap,461,31.505,,,gavroche-v16-informed-divecap,vn-x06-info-grad1,opponents/vn-x06-info-grad1/replays/schooltime-candidate-A.log,opponents/vn-x06-info-grad1/replays/schooltime-candidate-A.replay,0,elimination,opponents/vn-x06-info-grad1/stats/schooltime-candidate-A.json,opponents/vn-x06-info-grad1/stats/schooltime-candidate-A.csv,opponents/vn-x06-info-grad1/graphs/schooltime-candidate-A.svg,34,397,56,1722,270,239,18,16,63,74,86,0,0,0,0,85.91666666666667,0.0,14.083333333333334,0,0,0,73,22,25,16,18,4,1,2,0,0,0,0,0.0,0.0,14.083333333333334
vn-x06-info-grad1,schooltime,B,B,gavroche-v16-informed-divecap,500,44.428,,,vn-x06-info-grad1,gavroche-v16-informed-divecap,opponents/vn-x06-info-grad1/replays/schooltime-candidate-B.log,opponents/vn-x06-info-grad1/replays/schooltime-candidate-B.replay,0,roundLimit,opponents/vn-x06-info-grad1/stats/schooltime-candidate-B.json,opponents/vn-x06-info-grad1/stats/schooltime-candidate-B.csv,opponents/vn-x06-info-grad1/graphs/schooltime-candidate-B.svg,13,221,55,1492,302,292,80,70,53,72,97,0,0,0,0,66.54166666666667,3.4583333333333335,14.083333333333334,3,68,34,724,219,219,70,80,42,35,62,0,0,0,0,15.916666666666666,3.4583333333333335,14.083333333333334
vn-x06-info-grad1,stronghold,A,A,gavroche-v16-informed-divecap,500,28.778,,,gavroche-v16-informed-divecap,vn-x06-info-grad1,opponents/vn-x06-info-grad1/replays/stronghold-candidate-A.log,opponents/vn-x06-info-grad1/replays/stronghold-candidate-A.replay,0,roundLimit,opponents/vn-x06-info-grad1/stats/stronghold-candidate-A.json,opponents/vn-x06-info-grad1/stats/stronghold-candidate-A.csv,opponents/vn-x06-info-grad1/graphs/stronghold-candidate-A.svg,3,65,48,501,167,166,1,1,60,66,39,0,0,0,0,41.232638888888886,1.2152777777777777,0.0,4,59,37,369,118,116,1,1,41,41,33,0,0,0,0,57.552083333333336,1.2152777777777777,0.0
vn-x06-info-grad1,stronghold,B,B,gavroche-v16-informed-divecap,500,33.759,,,vn-x06-info-grad1,gavroche-v16-informed-divecap,opponents/vn-x06-info-grad1/replays/stronghold-candidate-B.log,opponents/vn-x06-info-grad1/replays/stronghold-candidate-B.replay,0,roundLimit,opponents/vn-x06-info-grad1/stats/stronghold-candidate-B.json,opponents/vn-x06-info-grad1/stats/stronghold-candidate-B.csv,opponents/vn-x06-info-grad1/graphs/stronghold-candidate-B.svg,1,63,63,515,174,175,12,14,50,49,62,0,0,0,0,26.38888888888889,0.08680555555555555,0.0,3,66,56,588,211,210,14,12,67,76,55,0,0,0,0,73.52430555555556,0.08680555555555555,0.0
vn-x06-info-grad1,trauma,A,A,gavroche-v16-informed-divecap,500,16.296,,,gavroche-v16-informed-divecap,vn-x06-info-grad1,opponents/vn-x06-info-grad1/replays/trauma-candidate-A.log,opponents/vn-x06-info-grad1/replays/trauma-candidate-A.replay,0,roundLimit,opponents/vn-x06-info-grad1/stats/trauma-candidate-A.json,opponents/vn-x06-info-grad1/stats/trauma-candidate-A.csv,opponents/vn-x06-info-grad1/graphs/trauma-candidate-A.svg,6,47,16,410,128,124,12,11,22,41,50,0,0,0,0,61.71875,3.4722222222222223,0.6944444444444444,3,17,11,176,62,61,11,12,8,21,20,0,0,0,0,34.114583333333336,3.4722222222222223,0.6944444444444444
vn-x06-info-grad1,trauma,B,A,vn-x06-info-grad1,500,23.352,,,vn-x06-info-grad1,gavroche-v16-informed-divecap,opponents/vn-x06-info-grad1/replays/trauma-candidate-B.log,opponents/vn-x06-info-grad1/replays/trauma-candidate-B.replay,0,roundLimit,opponents/vn-x06-info-grad1/stats/trauma-candidate-B.json,opponents/vn-x06-info-grad1/stats/trauma-candidate-B.csv,opponents/vn-x06-info-grad1/graphs/trauma-candidate-B.svg,1,7,7,65,24,25,11,7,3,2,13,0,0,0,0,17.1875,1.9965277777777777,0.6944444444444444,6,65,20,808,318,314,7,11,72,84,147,0,0,0,0,80.12152777777777,1.9965277777777777,0.6944444444444444
vn-x06-info-grad1,trophy,A,A,gavroche-v16-informed-divecap,311,18.003,,,gavroche-v16-informed-divecap,vn-x06-info-grad1,opponents/vn-x06-info-grad1/replays/trophy-candidate-A.log,opponents/vn-x06-info-grad1/replays/trophy-candidate-A.replay,0,elimination,opponents/vn-x06-info-grad1/stats/trophy-candidate-A.json,opponents/vn-x06-info-grad1/stats/trophy-candidate-A.csv,opponents/vn-x06-info-grad1/graphs/trophy-candidate-A.svg,46,112,4,408,164,120,23,23,43,21,33,0,0,0,0,100.0,0.0,0.0,0,0,0,77,27,29,23,23,2,0,4,0,0,0,0,0.0,0.0,0.0
vn-x06-info-grad1,trophy,B,B,gavroche-v16-informed-divecap,364,18.582,,,vn-x06-info-grad1,gavroche-v16-informed-divecap,opponents/vn-x06-info-grad1/replays/trophy-candidate-B.log,opponents/vn-x06-info-grad1/replays/trophy-candidate-B.replay,0,elimination,opponents/vn-x06-info-grad1/stats/trophy-candidate-B.json,opponents/vn-x06-info-grad1/stats/trophy-candidate-B.csv,opponents/vn-x06-info-grad1/graphs/trophy-candidate-B.svg,41,117,16,371,132,93,57,56,11,4,22,0,0,0,0,100.0,0.0,0.0,0,0,0,208,75,77,56,57,12,3,5,0,0,0,0,0.0,0.0,0.0
von_neumann-x04-support,Colosseum,A,B,von_neumann-x04-support,81,2.542,,,gavroche-v16-informed-divecap,von_neumann-x04-support,opponents/von_neumann-x04-support/replays/Colosseum-candidate-A.log,opponents/von_neumann-x04-support/replays/Colosseum-candidate-A.replay,0,elimination,opponents/von_neumann-x04-support/stats/Colosseum-candidate-A.json,opponents/von_neumann-x04-support/stats/Colosseum-candidate-A.csv,opponents/von_neumann-x04-support/graphs/Colosseum-candidate-A.svg,0,0,0,48,18,19,19,19,0,0,0,0,0,0,0,0.0,0.0,0.0,27,66,3,128,51,25,19,19,4,2,0,0,0,0,0,100.0,0.0,0.0
von_neumann-x04-support,Colosseum,B,B,gavroche-v16-informed-divecap,76,2.615,,,von_neumann-x04-support,gavroche-v16-informed-divecap,opponents/von_neumann-x04-support/replays/Colosseum-candidate-B.log,opponents/von_neumann-x04-support/replays/Colosseum-candidate-B.replay,0,elimination,opponents/von_neumann-x04-support/stats/Colosseum-candidate-B.json,opponents/von_neumann-x04-support/stats/Colosseum-candidate-B.csv,opponents/von_neumann-x04-support/graphs/Colosseum-candidate-B.svg,27,64,3,119,47,21,14,13,6,1,1,0,0,0,0,100.0,0.0,0.0,0,0,0,38,13,14,13,14,0,0,0,0,0,0,0,0.0,0.0,0.0
von_neumann-x04-support,arena,A,A,gavroche-v16-informed-divecap,82,3.422,,,gavroche-v16-informed-divecap,von_neumann-x04-support,opponents/von_neumann-x04-support/replays/arena-candidate-A.log,opponents/von_neumann-x04-support/replays/arena-candidate-A.replay,0,elimination,opponents/von_neumann-x04-support/stats/arena-candidate-A.json,opponents/von_neumann-x04-support/stats/arena-candidate-A.csv,opponents/von_neumann-x04-support/graphs/arena-candidate-A.svg,20,48,4,242,87,68,44,44,12,12,0,0,0,0,0,100.0,0.0,0.0,0,0,0,131,46,47,44,44,1,1,1,0,0,0,0,0.0,0.0,0.0
von_neumann-x04-support,arena,B,B,gavroche-v16-informed-divecap,91,3.736,,,von_neumann-x04-support,gavroche-v16-informed-divecap,opponents/von_neumann-x04-support/replays/arena-candidate-B.log,opponents/von_neumann-x04-support/replays/arena-candidate-B.replay,0,elimination,opponents/von_neumann-x04-support/stats/arena-candidate-B.json,opponents/von_neumann-x04-support/stats/arena-candidate-B.csv,opponents/von_neumann-x04-support/graphs/arena-candidate-B.svg,27,63,3,260,94,68,46,47,12,8,1,0,0,0,0,100.0,0.0,0.0,0,0,0,157,49,50,47,46,1,3,0,0,0,0,0,0.0,0.0,0.0
von_neumann-x04-support,autarky,A,A,gavroche-v16-informed-divecap,270,11.914,,,gavroche-v16-informed-divecap,von_neumann-x04-support,opponents/von_neumann-x04-support/replays/autarky-candidate-A.log,opponents/von_neumann-x04-support/replays/autarky-candidate-A.replay,0,elimination,opponents/von_neumann-x04-support/stats/autarky-candidate-A.json,opponents/von_neumann-x04-support/stats/autarky-candidate-A.csv,opponents/von_neumann-x04-support/graphs/autarky-candidate-A.svg,44,106,4,345,137,99,12,13,4,2,80,0,0,0,0,100.0,0.0,0.0,0,0,0,88,33,39,13,12,5,2,20,0,0,0,0,0.0,0.0,0.0
von_neumann-x04-support,autarky,B,B,gavroche-v16-informed-divecap,500,24.555,,,von_neumann-x04-support,gavroche-v16-informed-divecap,opponents/von_neumann-x04-support/replays/autarky-candidate-B.log,opponents/von_neumann-x04-support/replays/autarky-candidate-B.replay,0,roundLimit,opponents/von_neumann-x04-support/stats/autarky-candidate-B.json,opponents/von_neumann-x04-support/stats/autarky-candidate-B.csv,opponents/von_neumann-x04-support/graphs/autarky-candidate-B.svg,11,105,26,728,246,241,12,14,48,49,130,0,0,0,0,98.97119341563786,0.0,0.0,1,3,3,79,28,33,14,12,5,1,15,0,0,0,0,1.02880658436214,0.0,0.0
von_neumann-x04-support,big_empty,A,B,von_neumann-x04-support,500,75.205,,,gavroche-v16-informed-divecap,von_neumann-x04-support,opponents/von_neumann-x04-support/replays/big_empty-candidate-A.log,opponents/von_neumann-x04-support/replays/big_empty-candidate-A.replay,0,roundLimit,opponents/von_neumann-x04-support/stats/big_empty-candidate-A.json,opponents/von_neumann-x04-support/stats/big_empty-candidate-A.csv,opponents/von_neumann-x04-support/graphs/big_empty-candidate-A.svg,18,400,47,1443,199,184,152,152,5,27,0,0,0,0,0,44.9462890625,3.857421875,0.0,20,364,60,1279,196,179,152,152,2,25,0,0,0,0,0,51.1962890625,3.857421875,0.0
von_neumann-x04-support,big_empty,B,B,gavroche-v16-informed-divecap,500,75.499,,,von_neumann-x04-support,gavroche-v16-informed-divecap,opponents/von_neumann-x04-support/replays/big_empty-candidate-B.log,opponents/von_neumann-x04-support/replays/big_empty-candidate-B.replay,0,roundLimit,opponents/von_neumann-x04-support/stats/big_empty-candidate-B.json,opponents/von_neumann-x04-support/stats/big_empty-candidate-B.csv,opponents/von_neumann-x04-support/graphs/big_empty-candidate-B.svg,17,385,58,1347,181,167,132,132,2,33,0,0,0,0,0,44.3359375,7.7880859375,0.0,24,443,56,1416,181,160,132,132,2,26,0,0,0,0,0,47.8759765625,7.7880859375,0.0
von_neumann-x04-support,default,A,B,von_neumann-x04-support,435,15.564,,,gavroche-v16-informed-divecap,von_neumann-x04-support,opponents/von_neumann-x04-support/replays/default-candidate-A.log,opponents/von_neumann-x04-support/replays/default-candidate-A.replay,0,elimination,opponents/von_neumann-x04-support/stats/default-candidate-A.json,opponents/von_neumann-x04-support/stats/default-candidate-A.csv,opponents/von_neumann-x04-support/graphs/default-candidate-A.svg,0,0,0,82,32,36,35,33,2,0,1,0,0,0,0,0.0,0.0,0.0,28,124,15,406,134,110,33,35,56,11,8,0,0,0,0,100.0,0.0,0.0
von_neumann-x04-support,default,B,B,gavroche-v16-informed-divecap,500,20.823,,,von_neumann-x04-support,gavroche-v16-informed-divecap,opponents/von_neumann-x04-support/replays/default-candidate-B.log,opponents/von_neumann-x04-support/replays/default-candidate-B.replay,0,roundLimit,opponents/von_neumann-x04-support/stats/default-candidate-B.json,opponents/von_neumann-x04-support/stats/default-candidate-B.csv,opponents/von_neumann-x04-support/graphs/default-candidate-B.svg,9,96,36,295,81,76,26,22,27,21,6,0,0,0,0,78.3203125,2.34375,0.0,4,42,16,239,77,77,22,26,35,11,5,0,0,0,0,19.3359375,2.34375,0.0
von_neumann-x04-support,default_small,A,A,gavroche-v16-informed-divecap,156,3.326,,,gavroche-v16-informed-divecap,von_neumann-x04-support,opponents/von_neumann-x04-support/replays/default_small-candidate-A.log,opponents/von_neumann-x04-support/replays/default_small-candidate-A.replay,0,elimination,opponents/von_neumann-x04-support/stats/default_small-candidate-A.json,opponents/von_neumann-x04-support/stats/default_small-candidate-A.csv,opponents/von_neumann-x04-support/graphs/default_small-candidate-A.svg,14,34,4,101,37,25,15,15,2,1,7,0,0,0,0,100.0,0.0,0.0,0,0,0,51,17,19,15,15,0,4,0,0,0,0,0,0.0,0.0,0.0
von_neumann-x04-support,default_small,B,A,von_neumann-x04-support,99,2.172,,,von_neumann-x04-support,gavroche-v16-informed-divecap,opponents/von_neumann-x04-support/replays/default_small-candidate-B.log,opponents/von_neumann-x04-support/replays/default_small-candidate-B.replay,0,elimination,opponents/von_neumann-x04-support/stats/default_small-candidate-B.json,opponents/von_neumann-x04-support/stats/default_small-candidate-B.csv,opponents/von_neumann-x04-support/graphs/default_small-candidate-B.svg,0,0,0,17,5,7,6,6,0,1,0,0,0,0,0,0.0,0.0,0.0,22,51,3,84,36,16,6,6,0,7,3,0,0,0,0,100.0,0.0,0.0
von_neumann-x04-support,devil,A,A,gavroche-v16-informed-divecap,461,23.656,,,gavroche-v16-informed-divecap,von_neumann-x04-support,opponents/von_neumann-x04-support/replays/devil-candidate-A.log,opponents/von_neumann-x04-support/replays/devil-candidate-A.replay,0,elimination,opponents/von_neumann-x04-support/stats/devil-candidate-A.json,opponents/von_neumann-x04-support/stats/devil-candidate-A.csv,opponents/von_neumann-x04-support/graphs/devil-candidate-A.svg,6,80,26,1350,478,475,45,43,121,196,115,0,0,0,0,100.0,0.0,0.0,0,0,0,183,67,70,43,45,3,13,9,0,0,0,0,0.0,0.0,0.0
von_neumann-x04-support,devil,B,B,gavroche-v16-informed-divecap,352,20.696,,,von_neumann-x04-support,gavroche-v16-informed-divecap,opponents/von_neumann-x04-support/replays/devil-candidate-B.log,opponents/von_neumann-x04-support/replays/devil-candidate-B.replay,0,elimination,opponents/von_neumann-x04-support/stats/devil-candidate-B.json,opponents/von_neumann-x04-support/stats/devil-candidate-B.csv,opponents/von_neumann-x04-support/graphs/devil-candidate-B.svg,40,105,5,1052,425,388,51,51,94,146,97,0,0,0,0,100.0,0.0,0.0,0,0,0,195,69,72,51,51,3,9,9,0,0,0,0,0.0,0.0,0.0
von_neumann-x04-support,dilemma,A,A,gavroche-v16-informed-divecap,316,6.278,,,gavroche-v16-informed-divecap,von_neumann-x04-support,opponents/von_neumann-x04-support/replays/dilemma-candidate-A.log,opponents/von_neumann-x04-support/replays/dilemma-candidate-A.replay,0,elimination,opponents/von_neumann-x04-support/stats/dilemma-candidate-A.json,opponents/von_neumann-x04-support/stats/dilemma-candidate-A.csv,opponents/von_neumann-x04-support/graphs/dilemma-candidate-A.svg,20,49,4,194,78,61,3,2,6,23,30,0,0,0,0,100.0,0.0,0.0,0,0,0,4,1,4,2,3,0,1,0,0,0,0,0,0.0,0.0,0.0
von_neumann-x04-support,dilemma,B,B,gavroche-v16-informed-divecap,248,5.252,,,von_neumann-x04-support,gavroche-v16-informed-divecap,opponents/von_neumann-x04-support/replays/dilemma-candidate-B.log,opponents/von_neumann-x04-support/replays/dilemma-candidate-B.replay,0,elimination,opponents/von_neumann-x04-support/stats/dilemma-candidate-B.json,opponents/von_neumann-x04-support/stats/dilemma-candidate-B.csv,opponents/von_neumann-x04-support/graphs/dilemma-candidate-B.svg,25,54,3,195,81,59,2,2,4,18,35,0,0,0,0,100.0,0.0,0.0,0,0,0,3,0,3,2,2,0,0,1,0,0,0,0,0.0,0.0,0.0
von_neumann-x04-support,queen_of_spades,A,B,von_neumann-x04-support,126,1.92,,,gavroche-v16-informed-divecap,von_neumann-x04-support,opponents/von_neumann-x04-support/replays/queen_of_spades-candidate-A.log,opponents/von_neumann-x04-support/replays/queen_of_spades-candidate-A.replay,0,elimination,opponents/von_neumann-x04-support/stats/queen_of_spades-candidate-A.json,opponents/von_neumann-x04-support/stats/queen_of_spades-candidate-A.csv,opponents/von_neumann-x04-support/graphs/queen_of_spades-candidate-A.svg,0,0,0,1,1,3,3,3,0,0,0,0,0,0,0,0.0,0.0,20.8,11,25,3,90,35,26,3,3,12,10,1,0,0,0,0,79.2,0.0,20.8
von_neumann-x04-support,queen_of_spades,B,A,von_neumann-x04-support,500,7.315,,,von_neumann-x04-support,gavroche-v16-informed-divecap,opponents/von_neumann-x04-support/replays/queen_of_spades-candidate-B.log,opponents/von_neumann-x04-support/replays/queen_of_spades-candidate-B.replay,0,roundLimit,opponents/von_neumann-x04-support/stats/queen_of_spades-candidate-B.json,opponents/von_neumann-x04-support/stats/queen_of_spades-candidate-B.csv,opponents/von_neumann-x04-support/graphs/queen_of_spades-candidate-B.svg,1,6,6,28,9,10,8,8,0,0,2,0,0,0,0,20.571428571428573,3.4285714285714284,20.8,2,50,32,482,160,160,8,8,54,46,52,0,0,0,0,55.2,3.4285714285714284,20.8
von_neumann-x04-support,schooltime,A,A,gavroche-v16-informed-divecap,500,50.804,,,gavroche-v16-informed-divecap,von_neumann-x04-support,opponents/von_neumann-x04-support/replays/schooltime-candidate-A.log,opponents/von_neumann-x04-support/replays/schooltime-candidate-A.replay,0,roundLimit,opponents/von_neumann-x04-support/stats/schooltime-candidate-A.json,opponents/von_neumann-x04-support/stats/schooltime-candidate-A.csv,opponents/von_neumann-x04-support/graphs/schooltime-candidate-A.svg,16,201,53,1385,325,312,104,98,73,87,54,0,0,0,0,64.95833333333333,2.2083333333333335,14.083333333333334,5,90,31,1144,355,353,98,104,86,59,104,0,0,0,0,18.75,2.2083333333333335,14.083333333333334
von_neumann-x04-support,schooltime,B,A,von_neumann-x04-support,500,41.276,,,von_neumann-x04-support,gavroche-v16-informed-divecap,opponents/von_neumann-x04-support/replays/schooltime-candidate-B.log,opponents/von_neumann-x04-support/replays/schooltime-candidate-B.replay,0,roundLimit,opponents/von_neumann-x04-support/stats/schooltime-candidate-B.json,opponents/von_neumann-x04-support/stats/schooltime-candidate-B.csv,opponents/von_neumann-x04-support/graphs/schooltime-candidate-B.svg,4,62,30,718,229,228,103,107,14,39,68,0,0,0,0,14.208333333333334,3.25,14.083333333333334,15,216,48,1416,368,356,107,103,103,56,94,0,0,0,0,68.45833333333333,3.25,14.083333333333334
von_neumann-x04-support,stronghold,A,B,von_neumann-x04-support,500,27.978,,,gavroche-v16-informed-divecap,von_neumann-x04-support,opponents/von_neumann-x04-support/replays/stronghold-candidate-A.log,opponents/von_neumann-x04-support/replays/stronghold-candidate-A.replay,0,roundLimit,opponents/von_neumann-x04-support/stats/stronghold-candidate-A.json,opponents/von_neumann-x04-support/stats/stronghold-candidate-A.csv,opponents/von_neumann-x04-support/graphs/stronghold-candidate-A.svg,4,66,51,407,129,127,2,2,42,56,27,0,0,0,0,75.0,0.08680555555555555,0.0,1,55,55,318,99,100,2,2,37,41,20,0,0,0,0,24.913194444444443,0.08680555555555555,0.0
von_neumann-x04-support,stronghold,B,B,gavroche-v16-informed-divecap,500,31.95,,,von_neumann-x04-support,gavroche-v16-informed-divecap,opponents/von_neumann-x04-support/replays/stronghold-candidate-B.log,opponents/von_neumann-x04-support/replays/stronghold-candidate-B.replay,0,roundLimit,opponents/von_neumann-x04-support/stats/stronghold-candidate-B.json,opponents/von_neumann-x04-support/stats/stronghold-candidate-B.csv,opponents/von_neumann-x04-support/graphs/stronghold-candidate-B.svg,1,55,55,315,91,92,4,6,35,32,19,0,0,0,0,25.0,0.08680555555555555,0.0,4,62,45,614,225,223,6,4,80,79,60,0,0,0,0,74.91319444444444,0.08680555555555555,0.0
von_neumann-x04-support,trauma,A,B,von_neumann-x04-support,500,22.354,,,gavroche-v16-informed-divecap,von_neumann-x04-support,opponents/von_neumann-x04-support/replays/trauma-candidate-A.log,opponents/von_neumann-x04-support/replays/trauma-candidate-A.replay,0,roundLimit,opponents/von_neumann-x04-support/stats/trauma-candidate-A.json,opponents/von_neumann-x04-support/stats/trauma-candidate-A.csv,opponents/von_neumann-x04-support/graphs/trauma-candidate-A.svg,9,62,12,727,270,263,7,8,53,68,134,0,0,0,0,65.36458333333333,0.3472222222222222,0.6944444444444444,3,23,13,199,67,66,8,7,12,18,29,0,0,0,0,33.59375,0.3472222222222222,0.6944444444444444
von_neumann-x04-support,trauma,B,B,gavroche-v16-informed-divecap,500,25.986,,,von_neumann-x04-support,gavroche-v16-informed-divecap,opponents/von_neumann-x04-support/replays/trauma-candidate-B.log,opponents/von_neumann-x04-support/replays/trauma-candidate-B.replay,0,roundLimit,opponents/von_neumann-x04-support/stats/trauma-candidate-B.json,opponents/von_neumann-x04-support/stats/trauma-candidate-B.csv,opponents/von_neumann-x04-support/graphs/trauma-candidate-B.svg,6,41,19,513,201,197,12,12,51,49,85,0,0,0,0,39.93055555555556,1.0416666666666667,0.6944444444444444,5,37,10,624,243,240,12,12,44,58,126,0,0,0,0,58.333333333333336,1.0416666666666667,0.6944444444444444
von_neumann-x04-support,trophy,A,B,von_neumann-x04-support,328,14.003,,,gavroche-v16-informed-divecap,von_neumann-x04-support,opponents/von_neumann-x04-support/replays/trophy-candidate-A.log,opponents/von_neumann-x04-support/replays/trophy-candidate-A.replay,0,elimination,opponents/von_neumann-x04-support/stats/trophy-candidate-A.json,opponents/von_neumann-x04-support/stats/trophy-candidate-A.csv,opponents/von_neumann-x04-support/graphs/trophy-candidate-A.svg,0,0,0,89,28,30,30,28,0,1,1,0,0,0,0,0.0,0.0,0.0,47,118,4,333,140,95,28,30,26,12,27,0,0,0,0,100.0,0.0,0.0
von_neumann-x04-support,trophy,B,A,von_neumann-x04-support,321,15.677,,,von_neumann-x04-support,gavroche-v16-informed-divecap,opponents/von_neumann-x04-support/replays/trophy-candidate-B.log,opponents/von_neumann-x04-support/replays/trophy-candidate-B.replay,0,elimination,opponents/von_neumann-x04-support/stats/trophy-candidate-B.json,opponents/von_neumann-x04-support/stats/trophy-candidate-B.csv,opponents/von_neumann-x04-support/graphs/trophy-candidate-B.svg,0,0,0,102,37,39,37,35,0,3,1,0,0,0,0,0.0,0.0,0.0,48,113,5,439,178,132,35,37,46,26,23,0,0,0,0,100.0,0.0,0.0
monte_christo-x12-remote-density,Colosseum,A,A,gavroche-v16-informed-divecap,151,5.133,,,gavroche-v16-informed-divecap,monte_christo-x12-remote-density,opponents/monte_christo-x12-remote-density/replays/Colosseum-candidate-A.log,opponents/monte_christo-x12-remote-density/replays/Colosseum-candidate-A.replay,0,elimination,opponents/monte_christo-x12-remote-density/stats/Colosseum-candidate-A.json,opponents/monte_christo-x12-remote-density/stats/Colosseum-candidate-A.csv,opponents/monte_christo-x12-remote-density/graphs/Colosseum-candidate-A.svg,27,65,3,226,83,57,38,38,18,0,1,0,0,0,0,100.0,0.0,0.0,0,0,0,137,45,46,38,38,7,1,0,0,0,0,0,0.0,0.0,0.0
monte_christo-x12-remote-density,Colosseum,B,A,monte_christo-x12-remote-density,189,7.252,,,monte_christo-x12-remote-density,gavroche-v16-informed-divecap,opponents/monte_christo-x12-remote-density/replays/Colosseum-candidate-B.log,opponents/monte_christo-x12-remote-density/replays/Colosseum-candidate-B.replay,0,elimination,opponents/monte_christo-x12-remote-density/stats/Colosseum-candidate-B.json,opponents/monte_christo-x12-remote-density/stats/Colosseum-candidate-B.csv,opponents/monte_christo-x12-remote-density/graphs/Colosseum-candidate-B.svg,0,0,0,75,26,27,25,26,0,1,0,0,0,0,0,0.0,0.0,0.0,33,86,4,297,113,81,26,25,37,16,3,0,0,0,0,100.0,0.0,0.0
monte_christo-x12-remote-density,arena,A,A,gavroche-v16-informed-divecap,94,4.107,,,gavroche-v16-informed-divecap,monte_christo-x12-remote-density,opponents/monte_christo-x12-remote-density/replays/arena-candidate-A.log,opponents/monte_christo-x12-remote-density/replays/arena-candidate-A.replay,0,elimination,opponents/monte_christo-x12-remote-density/stats/arena-candidate-A.json,opponents/monte_christo-x12-remote-density/stats/arena-candidate-A.csv,opponents/monte_christo-x12-remote-density/graphs/arena-candidate-A.svg,25,62,4,279,110,86,22,22,33,25,6,0,0,0,0,100.0,0.0,0.0,0,0,0,77,22,23,22,22,1,0,0,0,0,0,0,0.0,0.0,0.0
monte_christo-x12-remote-density,arena,B,A,monte_christo-x12-remote-density,69,2.691,,,monte_christo-x12-remote-density,gavroche-v16-informed-divecap,opponents/monte_christo-x12-remote-density/replays/arena-candidate-B.log,opponents/monte_christo-x12-remote-density/replays/arena-candidate-B.replay,0,elimination,opponents/monte_christo-x12-remote-density/stats/arena-candidate-B.json,opponents/monte_christo-x12-remote-density/stats/arena-candidate-B.csv,opponents/monte_christo-x12-remote-density/graphs/arena-candidate-B.svg,0,0,0,100,32,33,24,26,4,3,0,0,0,0,0,0.0,0.0,0.0,20,52,4,176,58,39,26,24,6,6,3,0,0,0,0,100.0,0.0,0.0
monte_christo-x12-remote-density,autarky,A,A,gavroche-v16-informed-divecap,171,6.862,,,gavroche-v16-informed-divecap,monte_christo-x12-remote-density,opponents/monte_christo-x12-remote-density/replays/autarky-candidate-A.log,opponents/monte_christo-x12-remote-density/replays/autarky-candidate-A.replay,0,elimination,opponents/monte_christo-x12-remote-density/stats/autarky-candidate-A.json,opponents/monte_christo-x12-remote-density/stats/autarky-candidate-A.csv,opponents/monte_christo-x12-remote-density/graphs/autarky-candidate-A.svg,36,85,3,225,90,60,7,7,0,1,52,0,0,0,0,100.0,0.0,0.0,0,0,0,63,23,29,7,7,4,1,17,0,0,0,0,0.0,0.0,0.0
monte_christo-x12-remote-density,autarky,B,B,gavroche-v16-informed-divecap,258,12.451,,,monte_christo-x12-remote-density,gavroche-v16-informed-divecap,opponents/monte_christo-x12-remote-density/replays/autarky-candidate-B.log,opponents/monte_christo-x12-remote-density/replays/autarky-candidate-B.replay,0,elimination,opponents/monte_christo-x12-remote-density/stats/autarky-candidate-B.json,opponents/monte_christo-x12-remote-density/stats/autarky-candidate-B.csv,opponents/monte_christo-x12-remote-density/graphs/autarky-candidate-B.svg,50,127,5,385,154,110,9,10,11,6,83,0,0,0,0,100.0,0.0,0.0,0,0,0,69,25,31,10,9,6,0,16,0,0,0,0,0.0,0.0,0.0
monte_christo-x12-remote-density,big_empty,A,A,gavroche-v16-informed-divecap,500,82.625,,,gavroche-v16-informed-divecap,monte_christo-x12-remote-density,opponents/monte_christo-x12-remote-density/replays/big_empty-candidate-A.log,opponents/monte_christo-x12-remote-density/replays/big_empty-candidate-A.replay,0,roundLimit,opponents/monte_christo-x12-remote-density/stats/big_empty-candidate-A.json,opponents/monte_christo-x12-remote-density/stats/big_empty-candidate-A.csv,opponents/monte_christo-x12-remote-density/graphs/big_empty-candidate-A.svg,21,389,46,1489,187,169,145,146,2,21,0,0,0,0,0,42.3095703125,7.0556640625,0.0,24,373,33,1431,196,175,146,145,8,22,0,0,0,0,0,50.634765625,7.0556640625,0.0
monte_christo-x12-remote-density,big_empty,B,B,gavroche-v16-informed-divecap,500,81.602,,,monte_christo-x12-remote-density,gavroche-v16-informed-divecap,opponents/monte_christo-x12-remote-density/replays/big_empty-candidate-B.log,opponents/monte_christo-x12-remote-density/replays/big_empty-candidate-B.replay,0,roundLimit,opponents/monte_christo-x12-remote-density/stats/big_empty-candidate-B.json,opponents/monte_christo-x12-remote-density/stats/big_empty-candidate-B.csv,opponents/monte_christo-x12-remote-density/graphs/big_empty-candidate-B.svg,17,343,48,1310,170,156,120,119,4,33,0,0,0,0,0,41.2109375,5.029296875,0.0,26,435,45,1322,168,145,119,120,4,21,0,0,0,0,0,53.759765625,5.029296875,0.0
monte_christo-x12-remote-density,default,A,A,gavroche-v16-informed-divecap,500,21.584,,,gavroche-v16-informed-divecap,monte_christo-x12-remote-density,opponents/monte_christo-x12-remote-density/replays/default-candidate-A.log,opponents/monte_christo-x12-remote-density/replays/default-candidate-A.replay,0,roundLimit,opponents/monte_christo-x12-remote-density/stats/default-candidate-A.json,opponents/monte_christo-x12-remote-density/stats/default-candidate-A.csv,opponents/monte_christo-x12-remote-density/graphs/default-candidate-A.svg,6,68,37,347,101,99,32,27,24,38,10,0,0,0,0,85.9375,0.68359375,0.0,4,36,18,217,73,73,27,32,29,9,3,0,0,0,0,13.37890625,0.68359375,0.0
monte_christo-x12-remote-density,default,B,A,monte_christo-x12-remote-density,500,19.653,,,monte_christo-x12-remote-density,gavroche-v16-informed-divecap,opponents/monte_christo-x12-remote-density/replays/default-candidate-B.log,opponents/monte_christo-x12-remote-density/replays/default-candidate-B.replay,0,roundLimit,opponents/monte_christo-x12-remote-density/stats/default-candidate-B.json,opponents/monte_christo-x12-remote-density/stats/default-candidate-B.csv,opponents/monte_christo-x12-remote-density/graphs/default-candidate-B.svg,1,8,8,123,31,34,31,27,0,5,2,0,0,0,0,13.96484375,0.5859375,0.0,9,87,29,391,127,122,27,31,54,25,12,0,0,0,0,85.44921875,0.5859375,0.0
monte_christo-x12-remote-density,default_small,A,A,gavroche-v16-informed-divecap,238,7.078,,,gavroche-v16-informed-divecap,monte_christo-x12-remote-density,opponents/monte_christo-x12-remote-density/replays/default_small-candidate-A.log,opponents/monte_christo-x12-remote-density/replays/default_small-candidate-A.replay,0,elimination,opponents/monte_christo-x12-remote-density/stats/default_small-candidate-A.json,opponents/monte_christo-x12-remote-density/stats/default_small-candidate-A.csv,opponents/monte_christo-x12-remote-density/graphs/default_small-candidate-A.svg,25,60,4,202,82,59,11,10,10,18,21,0,0,0,0,100.0,0.0,0.0,0,0,0,32,12,14,10,11,0,0,3,0,0,0,0,0.0,0.0,0.0
monte_christo-x12-remote-density,default_small,B,A,monte_christo-x12-remote-density,222,5.509,,,monte_christo-x12-remote-density,gavroche-v16-informed-divecap,opponents/monte_christo-x12-remote-density/replays/default_small-candidate-B.log,opponents/monte_christo-x12-remote-density/replays/default_small-candidate-B.replay,0,elimination,opponents/monte_christo-x12-remote-density/stats/default_small-candidate-B.json,opponents/monte_christo-x12-remote-density/stats/default_small-candidate-B.csv,opponents/monte_christo-x12-remote-density/graphs/default_small-candidate-B.svg,0,0,0,31,11,13,12,12,1,0,0,0,0,0,0,0.0,0.0,0.0,21,55,4,165,60,41,12,12,6,5,18,0,0,0,0,100.0,0.0,0.0
monte_christo-x12-remote-density,devil,A,A,gavroche-v16-informed-divecap,265,16.689,,,gavroche-v16-informed-divecap,monte_christo-x12-remote-density,opponents/monte_christo-x12-remote-density/replays/devil-candidate-A.log,opponents/monte_christo-x12-remote-density/replays/devil-candidate-A.replay,0,elimination,opponents/monte_christo-x12-remote-density/stats/devil-candidate-A.json,opponents/monte_christo-x12-remote-density/stats/devil-candidate-A.csv,opponents/monte_christo-x12-remote-density/graphs/devil-candidate-A.svg,39,98,4,799,319,283,36,35,69,107,72,0,0,0,0,100.0,0.0,0.0,0,0,0,163,63,66,35,36,7,12,11,0,0,0,0,0.0,0.0,0.0
monte_christo-x12-remote-density,devil,B,B,gavroche-v16-informed-divecap,500,26.757,,,monte_christo-x12-remote-density,gavroche-v16-informed-divecap,opponents/monte_christo-x12-remote-density/replays/devil-candidate-B.log,opponents/monte_christo-x12-remote-density/replays/devil-candidate-B.replay,0,roundLimit,opponents/monte_christo-x12-remote-density/stats/devil-candidate-B.json,opponents/monte_christo-x12-remote-density/stats/devil-candidate-B.csv,opponents/monte_christo-x12-remote-density/graphs/devil-candidate-B.svg,4,60,41,1367,480,479,56,53,107,203,116,0,0,0,0,67.3828125,0.0,0.0,1,22,22,309,109,111,53,56,10,29,16,0,0,0,0,32.6171875,0.0,0.0
monte_christo-x12-remote-density,dilemma,A,A,gavroche-v16-informed-divecap,329,7.081,,,gavroche-v16-informed-divecap,monte_christo-x12-remote-density,opponents/monte_christo-x12-remote-density/replays/dilemma-candidate-A.log,opponents/monte_christo-x12-remote-density/replays/dilemma-candidate-A.replay,0,elimination,opponents/monte_christo-x12-remote-density/stats/dilemma-candidate-A.json,opponents/monte_christo-x12-remote-density/stats/dilemma-candidate-A.csv,opponents/monte_christo-x12-remote-density/graphs/dilemma-candidate-A.svg,20,51,5,233,91,74,3,3,8,31,32,0,0,0,0,100.0,0.0,0.0,0,0,0,5,1,4,3,3,0,1,0,0,0,0,0,0.0,0.0,0.0
monte_christo-x12-remote-density,dilemma,B,B,gavroche-v16-informed-divecap,268,5.392,,,monte_christo-x12-remote-density,gavroche-v16-informed-divecap,opponents/monte_christo-x12-remote-density/replays/dilemma-candidate-B.log,opponents/monte_christo-x12-remote-density/replays/dilemma-candidate-B.replay,0,elimination,opponents/monte_christo-x12-remote-density/stats/dilemma-candidate-B.json,opponents/monte_christo-x12-remote-density/stats/dilemma-candidate-B.csv,opponents/monte_christo-x12-remote-density/graphs/dilemma-candidate-B.svg,22,47,3,170,72,53,2,2,3,18,30,0,0,0,0,100.0,0.0,0.0,0,0,0,2,0,3,2,2,0,0,1,0,0,0,0,0.0,0.0,0.0
monte_christo-x12-remote-density,queen_of_spades,A,B,monte_christo-x12-remote-density,405,8.327,,,gavroche-v16-informed-divecap,monte_christo-x12-remote-density,opponents/monte_christo-x12-remote-density/replays/queen_of_spades-candidate-A.log,opponents/monte_christo-x12-remote-density/replays/queen_of_spades-candidate-A.replay,0,elimination,opponents/monte_christo-x12-remote-density/stats/queen_of_spades-candidate-A.json,opponents/monte_christo-x12-remote-density/stats/queen_of_spades-candidate-A.csv,opponents/monte_christo-x12-remote-density/graphs/queen_of_spades-candidate-A.svg,0,0,0,110,35,37,23,21,2,10,4,0,0,0,0,0.0,0.0,20.8,14,51,9,394,144,132,21,23,49,23,37,0,0,0,0,79.2,0.0,20.8
monte_christo-x12-remote-density,queen_of_spades,B,A,monte_christo-x12-remote-density,500,10.191,,,monte_christo-x12-remote-density,gavroche-v16-informed-divecap,opponents/monte_christo-x12-remote-density/replays/queen_of_spades-candidate-B.log,opponents/monte_christo-x12-remote-density/replays/queen_of_spades-candidate-B.replay,0,roundLimit,opponents/monte_christo-x12-remote-density/stats/queen_of_spades-candidate-B.json,opponents/monte_christo-x12-remote-density/stats/queen_of_spades-candidate-B.csv,opponents/monte_christo-x12-remote-density/graphs/queen_of_spades-candidate-B.svg,3,33,13,137,38,37,24,24,2,3,8,0,0,0,0,38.285714285714285,6.514285714285714,20.8,3,41,23,446,148,147,24,24,56,22,45,0,0,0,0,34.4,6.514285714285714,20.8
monte_christo-x12-remote-density,schooltime,A,A,gavroche-v16-informed-divecap,500,37.96,,,gavroche-v16-informed-divecap,monte_christo-x12-remote-density,opponents/monte_christo-x12-remote-density/replays/schooltime-candidate-A.log,opponents/monte_christo-x12-remote-density/replays/schooltime-candidate-A.replay,0,roundLimit,opponents/monte_christo-x12-remote-density/stats/schooltime-candidate-A.json,opponents/monte_christo-x12-remote-density/stats/schooltime-candidate-A.csv,opponents/monte_christo-x12-remote-density/graphs/schooltime-candidate-A.svg,20,334,66,1683,310,293,91,84,58,77,74,0,0,0,0,78.25,0.6666666666666666,14.083333333333334,2,23,16,581,184,185,84,91,23,22,49,0,0,0,0,7.0,0.6666666666666666,14.083333333333334
monte_christo-x12-remote-density,schooltime,B,B,gavroche-v16-informed-divecap,500,40.314,,,monte_christo-x12-remote-density,gavroche-v16-informed-divecap,opponents/monte_christo-x12-remote-density/replays/schooltime-candidate-B.log,opponents/monte_christo-x12-remote-density/replays/schooltime-candidate-B.replay,0,roundLimit,opponents/monte_christo-x12-remote-density/stats/schooltime-candidate-B.json,opponents/monte_christo-x12-remote-density/stats/schooltime-candidate-B.csv,opponents/monte_christo-x12-remote-density/graphs/schooltime-candidate-B.svg,11,170,56,1494,274,266,93,77,51,74,64,0,0,0,0,81.25,0.0,14.083333333333334,1,4,4,721,253,255,77,93,38,35,89,0,0,0,0,4.666666666666667,0.0,14.083333333333334
monte_christo-x12-remote-density,stronghold,A,B,monte_christo-x12-remote-density,500,35.691,,,gavroche-v16-informed-divecap,monte_christo-x12-remote-density,opponents/monte_christo-x12-remote-density/replays/stronghold-candidate-A.log,opponents/monte_christo-x12-remote-density/replays/stronghold-candidate-A.replay,0,roundLimit,opponents/monte_christo-x12-remote-density/stats/stronghold-candidate-A.json,opponents/monte_christo-x12-remote-density/stats/stronghold-candidate-A.csv,opponents/monte_christo-x12-remote-density/graphs/stronghold-candidate-A.svg,3,61,48,533,193,192,13,12,55,59,66,0,0,0,0,74.91319444444444,0.08680555555555555,0.0,1,58,58,531,182,183,12,13,36,70,64,0,0,0,0,25.0,0.08680555555555555,0.0
monte_christo-x12-remote-density,stronghold,B,B,gavroche-v16-informed-divecap,500,34.435,,,monte_christo-x12-remote-density,gavroche-v16-informed-divecap,opponents/monte_christo-x12-remote-density/replays/stronghold-candidate-B.log,opponents/monte_christo-x12-remote-density/replays/stronghold-candidate-B.replay,0,roundLimit,opponents/monte_christo-x12-remote-density/stats/stronghold-candidate-B.json,opponents/monte_christo-x12-remote-density/stats/stronghold-candidate-B.csv,opponents/monte_christo-x12-remote-density/graphs/stronghold-candidate-B.svg,2,65,61,535,190,190,9,10,46,54,80,0,0,0,0,43.489583333333336,1.3020833333333333,0.0,3,66,55,487,165,164,10,9,43,65,47,0,0,0,0,55.208333333333336,1.3020833333333333,0.0
monte_christo-x12-remote-density,trauma,A,B,monte_christo-x12-remote-density,500,19.597,,,gavroche-v16-informed-divecap,monte_christo-x12-remote-density,opponents/monte_christo-x12-remote-density/replays/trauma-candidate-A.log,opponents/monte_christo-x12-remote-density/replays/trauma-candidate-A.replay,0,roundLimit,opponents/monte_christo-x12-remote-density/stats/trauma-candidate-A.json,opponents/monte_christo-x12-remote-density/stats/trauma-candidate-A.csv,opponents/monte_christo-x12-remote-density/graphs/trauma-candidate-A.svg,2,29,17,551,205,205,18,18,41,41,105,0,0,0,0,49.56597222222222,0.0,0.6944444444444444,4,36,20,350,117,115,18,18,19,29,49,0,0,0,0,49.739583333333336,0.0,0.6944444444444444
monte_christo-x12-remote-density,trauma,B,A,monte_christo-x12-remote-density,500,16.841,,,monte_christo-x12-remote-density,gavroche-v16-informed-divecap,opponents/monte_christo-x12-remote-density/replays/trauma-candidate-B.log,opponents/monte_christo-x12-remote-density/replays/trauma-candidate-B.replay,0,roundLimit,opponents/monte_christo-x12-remote-density/stats/trauma-candidate-B.json,opponents/monte_christo-x12-remote-density/stats/trauma-candidate-B.csv,opponents/monte_christo-x12-remote-density/graphs/trauma-candidate-B.svg,4,24,13,333,116,114,19,19,19,30,46,0,0,0,0,37.15277777777778,7.638888888888889,0.6944444444444444,4,31,13,326,121,119,19,19,16,33,51,0,0,0,0,54.513888888888886,7.638888888888889,0.6944444444444444
monte_christo-x12-remote-density,trophy,A,A,gavroche-v16-informed-divecap,135,5.747,,,gavroche-v16-informed-divecap,monte_christo-x12-remote-density,opponents/monte_christo-x12-remote-density/replays/trophy-candidate-A.log,opponents/monte_christo-x12-remote-density/replays/trophy-candidate-A.replay,0,elimination,opponents/monte_christo-x12-remote-density/stats/trophy-candidate-A.json,opponents/monte_christo-x12-remote-density/stats/trophy-candidate-A.csv,opponents/monte_christo-x12-remote-density/graphs/trophy-candidate-A.svg,39,92,3,159,63,26,12,13,1,5,7,0,0,0,0,100.0,0.0,0.0,0,0,0,38,12,14,13,12,1,1,0,0,0,0,0,0.0,0.0,0.0
monte_christo-x12-remote-density,trophy,B,A,monte_christo-x12-remote-density,296,14.728,,,monte_christo-x12-remote-density,gavroche-v16-informed-divecap,opponents/monte_christo-x12-remote-density/replays/trophy-candidate-B.log,opponents/monte_christo-x12-remote-density/replays/trophy-candidate-B.replay,0,elimination,opponents/monte_christo-x12-remote-density/stats/trophy-candidate-B.json,opponents/monte_christo-x12-remote-density/stats/trophy-candidate-B.csv,opponents/monte_christo-x12-remote-density/graphs/trophy-candidate-B.svg,0,0,0,52,18,20,16,18,0,0,2,0,0,0,0,0.0,0.0,0.0,56,138,8,337,135,81,18,16,27,13,25,0,0,0,0,100.0,0.0,0.0
