seed,map,opp,seat,win_c,win_p,d,panel
1,live+australia,chaewon-y04-probe,A,1.0,1.0,0.0,pool
1,live+australia,fenrir-v18-arrival-ready-beds,A,1.0,1.0,0.0,pool
1,live+australia,gavroche-v32-supported-divecap,A,0.0,0.0,0.0,pool
1,live+australia,hunter-v20-portal-scouts,A,0.0,0.0,0.0,pool
1,live+australia,kazuha-s01-swarm-dissolve,A,1.0,1.0,0.0,pool
1,live+australia,ouroboros-m01-vibing-mimic,A,1.0,1.0,0.0,pool
1,live+australia,sinbad-v07-divecap,A,1.0,1.0,0.0,pool
1,live+australia,yuna-v05-core,A,1.0,1.0,0.0,pool
1,live+australia,chaewon-y04-probe,B,1.0,1.0,0.0,pool
1,live+australia,fenrir-v18-arrival-ready-beds,B,1.0,1.0,0.0,pool
1,live+australia,gavroche-v32-supported-divecap,B,1.0,1.0,0.0,pool
1,live+australia,hunter-v20-portal-scouts,B,1.0,1.0,0.0,pool
1,live+australia,kazuha-s01-swarm-dissolve,B,1.0,1.0,0.0,pool
1,live+australia,ouroboros-m01-vibing-mimic,B,1.0,1.0,0.0,pool
1,live+australia,sinbad-v07-divecap,B,1.0,1.0,0.0,pool
1,live+australia,yuna-v05-core,B,1.0,1.0,0.0,pool
1,live+autarky,chaewon-y04-probe,A,1.0,1.0,0.0,pool
1,live+autarky,fenrir-v18-arrival-ready-beds,A,1.0,1.0,0.0,pool
1,live+autarky,gavroche-v32-supported-divecap,A,1.0,1.0,0.0,pool
1,live+autarky,hunter-v20-portal-scouts,A,1.0,1.0,0.0,pool
1,live+autarky,kazuha-s01-swarm-dissolve,A,1.0,1.0,0.0,pool
1,live+autarky,ouroboros-m01-vibing-mimic,A,1.0,1.0,0.0,pool
1,live+autarky,sinbad-v07-divecap,A,1.0,1.0,0.0,pool
1,live+autarky,yuna-v05-core,A,1.0,1.0,0.0,pool
1,live+autarky,chaewon-y04-probe,B,1.0,1.0,0.0,pool
1,live+autarky,fenrir-v18-arrival-ready-beds,B,1.0,1.0,0.0,pool
1,live+autarky,gavroche-v32-supported-divecap,B,1.0,1.0,0.0,pool
1,live+autarky,hunter-v20-portal-scouts,B,1.0,1.0,0.0,pool
1,live+autarky,kazuha-s01-swarm-dissolve,B,1.0,1.0,0.0,pool
1,live+autarky,ouroboros-m01-vibing-mimic,B,1.0,1.0,0.0,pool
1,live+autarky,sinbad-v07-divecap,B,1.0,1.0,0.0,pool
1,live+autarky,yuna-v05-core,B,1.0,1.0,0.0,pool
1,live+default,chaewon-y04-probe,A,1.0,1.0,0.0,pool
1,live+default,fenrir-v18-arrival-ready-beds,A,0.0,0.0,0.0,pool
1,live+default,gavroche-v32-supported-divecap,A,1.0,1.0,0.0,pool
1,live+default,hunter-v20-portal-scouts,A,1.0,1.0,0.0,pool
1,live+default,kazuha-s01-swarm-dissolve,A,1.0,1.0,0.0,pool
1,live+default,ouroboros-m01-vibing-mimic,A,1.0,1.0,0.0,pool
1,live+default,sinbad-v07-divecap,A,1.0,1.0,0.0,pool
1,live+default,yuna-v05-core,A,1.0,1.0,0.0,pool
1,live+default,chaewon-y04-probe,B,1.0,1.0,0.0,pool
1,live+default,fenrir-v18-arrival-ready-beds,B,1.0,1.0,0.0,pool
1,live+default,gavroche-v32-supported-divecap,B,1.0,1.0,0.0,pool
1,live+default,hunter-v20-portal-scouts,B,1.0,1.0,0.0,pool
1,live+default,kazuha-s01-swarm-dissolve,B,0.0,0.0,0.0,pool
1,live+default,ouroboros-m01-vibing-mimic,B,1.0,1.0,0.0,pool
1,live+default,sinbad-v07-divecap,B,1.0,1.0,0.0,pool
1,live+default,yuna-v05-core,B,0.0,0.0,0.0,pool
1,live+devil,chaewon-y04-probe,A,1.0,1.0,0.0,pool
1,live+devil,fenrir-v18-arrival-ready-beds,A,1.0,1.0,0.0,pool
1,live+devil,gavroche-v32-supported-divecap,A,1.0,1.0,0.0,pool
1,live+devil,hunter-v20-portal-scouts,A,1.0,1.0,0.0,pool
1,live+devil,kazuha-s01-swarm-dissolve,A,1.0,1.0,0.0,pool
1,live+devil,ouroboros-m01-vibing-mimic,A,1.0,1.0,0.0,pool
1,live+devil,sinbad-v07-divecap,A,1.0,1.0,0.0,pool
1,live+devil,yuna-v05-core,A,1.0,1.0,0.0,pool
1,live+devil,chaewon-y04-probe,B,1.0,1.0,0.0,pool
1,live+devil,fenrir-v18-arrival-ready-beds,B,1.0,1.0,0.0,pool
1,live+devil,gavroche-v32-supported-divecap,B,1.0,1.0,0.0,pool
1,live+devil,hunter-v20-portal-scouts,B,1.0,1.0,0.0,pool
1,live+devil,kazuha-s01-swarm-dissolve,B,1.0,1.0,0.0,pool
1,live+devil,ouroboros-m01-vibing-mimic,B,0.0,0.0,0.0,pool
1,live+devil,sinbad-v07-divecap,B,1.0,1.0,0.0,pool
1,live+devil,yuna-v05-core,B,1.0,1.0,0.0,pool
1,live+dilemma,chaewon-y04-probe,A,1.0,1.0,0.0,pool
1,live+dilemma,fenrir-v18-arrival-ready-beds,A,1.0,1.0,0.0,pool
1,live+dilemma,gavroche-v32-supported-divecap,A,1.0,1.0,0.0,pool
1,live+dilemma,hunter-v20-portal-scouts,A,1.0,1.0,0.0,pool
1,live+dilemma,kazuha-s01-swarm-dissolve,A,1.0,1.0,0.0,pool
1,live+dilemma,ouroboros-m01-vibing-mimic,A,1.0,1.0,0.0,pool
1,live+dilemma,sinbad-v07-divecap,A,1.0,1.0,0.0,pool
1,live+dilemma,yuna-v05-core,A,0.0,0.0,0.0,pool
1,live+dilemma,chaewon-y04-probe,B,1.0,1.0,0.0,pool
1,live+dilemma,fenrir-v18-arrival-ready-beds,B,1.0,1.0,0.0,pool
1,live+dilemma,gavroche-v32-supported-divecap,B,1.0,1.0,0.0,pool
1,live+dilemma,hunter-v20-portal-scouts,B,1.0,1.0,0.0,pool
1,live+dilemma,kazuha-s01-swarm-dissolve,B,1.0,1.0,0.0,pool
1,live+dilemma,ouroboros-m01-vibing-mimic,B,1.0,1.0,0.0,pool
1,live+dilemma,sinbad-v07-divecap,B,1.0,1.0,0.0,pool
1,live+dilemma,yuna-v05-core,B,1.0,1.0,0.0,pool
1,live+islands,chaewon-y04-probe,A,1.0,1.0,0.0,pool
1,live+islands,fenrir-v18-arrival-ready-beds,A,1.0,1.0,0.0,pool
1,live+islands,gavroche-v32-supported-divecap,A,1.0,1.0,0.0,pool
1,live+islands,hunter-v20-portal-scouts,A,1.0,1.0,0.0,pool
1,live+islands,kazuha-s01-swarm-dissolve,A,1.0,1.0,0.0,pool
1,live+islands,ouroboros-m01-vibing-mimic,A,1.0,1.0,0.0,pool
1,live+islands,sinbad-v07-divecap,A,1.0,1.0,0.0,pool
1,live+islands,yuna-v05-core,A,1.0,1.0,0.0,pool
1,live+islands,chaewon-y04-probe,B,1.0,1.0,0.0,pool
1,live+islands,fenrir-v18-arrival-ready-beds,B,1.0,1.0,0.0,pool
1,live+islands,gavroche-v32-supported-divecap,B,1.0,1.0,0.0,pool
1,live+islands,hunter-v20-portal-scouts,B,1.0,1.0,0.0,pool
1,live+islands,kazuha-s01-swarm-dissolve,B,1.0,1.0,0.0,pool
1,live+islands,ouroboros-m01-vibing-mimic,B,1.0,1.0,0.0,pool
1,live+islands,sinbad-v07-divecap,B,1.0,1.0,0.0,pool
1,live+islands,yuna-v05-core,B,1.0,1.0,0.0,pool
1,live+maze,chaewon-y04-probe,A,1.0,1.0,0.0,pool
1,live+maze,fenrir-v18-arrival-ready-beds,A,1.0,1.0,0.0,pool
1,live+maze,gavroche-v32-supported-divecap,A,1.0,1.0,0.0,pool
1,live+maze,hunter-v20-portal-scouts,A,1.0,1.0,0.0,pool
1,live+maze,kazuha-s01-swarm-dissolve,A,1.0,1.0,0.0,pool
1,live+maze,ouroboros-m01-vibing-mimic,A,1.0,1.0,0.0,pool
1,live+maze,sinbad-v07-divecap,A,1.0,1.0,0.0,pool
1,live+maze,yuna-v05-core,A,1.0,1.0,0.0,pool
1,live+maze,chaewon-y04-probe,B,1.0,1.0,0.0,pool
1,live+maze,fenrir-v18-arrival-ready-beds,B,1.0,1.0,0.0,pool
1,live+maze,gavroche-v32-supported-divecap,B,1.0,1.0,0.0,pool
1,live+maze,hunter-v20-portal-scouts,B,1.0,1.0,0.0,pool
1,live+maze,kazuha-s01-swarm-dissolve,B,1.0,1.0,0.0,pool
1,live+maze,ouroboros-m01-vibing-mimic,B,1.0,1.0,0.0,pool
1,live+maze,sinbad-v07-divecap,B,0.0,0.0,0.0,pool
1,live+maze,yuna-v05-core,B,1.0,1.0,0.0,pool
1,live+portals,chaewon-y04-probe,A,0.0,0.0,0.0,pool
1,live+portals,fenrir-v18-arrival-ready-beds,A,0.0,1.0,-1.0,pool
1,live+portals,gavroche-v32-supported-divecap,A,0.0,0.0,0.0,pool
1,live+portals,hunter-v20-portal-scouts,A,1.0,1.0,0.0,pool
1,live+portals,kazuha-s01-swarm-dissolve,A,0.0,0.0,0.0,pool
1,live+portals,ouroboros-m01-vibing-mimic,A,1.0,1.0,0.0,pool
1,live+portals,sinbad-v07-divecap,A,1.0,1.0,0.0,pool
1,live+portals,yuna-v05-core,A,1.0,1.0,0.0,pool
1,live+portals,chaewon-y04-probe,B,1.0,1.0,0.0,pool
1,live+portals,fenrir-v18-arrival-ready-beds,B,1.0,1.0,0.0,pool
1,live+portals,gavroche-v32-supported-divecap,B,1.0,1.0,0.0,pool
1,live+portals,hunter-v20-portal-scouts,B,1.0,1.0,0.0,pool
1,live+portals,kazuha-s01-swarm-dissolve,B,1.0,1.0,0.0,pool
1,live+portals,ouroboros-m01-vibing-mimic,B,0.0,0.0,0.0,pool
1,live+portals,sinbad-v07-divecap,B,1.0,1.0,0.0,pool
1,live+portals,yuna-v05-core,B,1.0,1.0,0.0,pool
1,live+queen_of_spades,chaewon-y04-probe,A,1.0,1.0,0.0,pool
1,live+queen_of_spades,fenrir-v18-arrival-ready-beds,A,1.0,1.0,0.0,pool
1,live+queen_of_spades,gavroche-v32-supported-divecap,A,1.0,1.0,0.0,pool
1,live+queen_of_spades,hunter-v20-portal-scouts,A,1.0,1.0,0.0,pool
1,live+queen_of_spades,kazuha-s01-swarm-dissolve,A,1.0,1.0,0.0,pool
1,live+queen_of_spades,ouroboros-m01-vibing-mimic,A,1.0,1.0,0.0,pool
1,live+queen_of_spades,sinbad-v07-divecap,A,1.0,1.0,0.0,pool
1,live+queen_of_spades,yuna-v05-core,A,1.0,1.0,0.0,pool
1,live+queen_of_spades,chaewon-y04-probe,B,1.0,1.0,0.0,pool
1,live+queen_of_spades,fenrir-v18-arrival-ready-beds,B,1.0,1.0,0.0,pool
1,live+queen_of_spades,gavroche-v32-supported-divecap,B,1.0,1.0,0.0,pool
1,live+queen_of_spades,hunter-v20-portal-scouts,B,1.0,1.0,0.0,pool
1,live+queen_of_spades,kazuha-s01-swarm-dissolve,B,1.0,1.0,0.0,pool
1,live+queen_of_spades,ouroboros-m01-vibing-mimic,B,1.0,1.0,0.0,pool
1,live+queen_of_spades,sinbad-v07-divecap,B,1.0,1.0,0.0,pool
1,live+queen_of_spades,yuna-v05-core,B,1.0,1.0,0.0,pool
1,live+schooltime,chaewon-y04-probe,A,1.0,1.0,0.0,pool
1,live+schooltime,fenrir-v18-arrival-ready-beds,A,1.0,1.0,0.0,pool
1,live+schooltime,gavroche-v32-supported-divecap,A,1.0,1.0,0.0,pool
1,live+schooltime,hunter-v20-portal-scouts,A,1.0,1.0,0.0,pool
1,live+schooltime,kazuha-s01-swarm-dissolve,A,1.0,1.0,0.0,pool
1,live+schooltime,ouroboros-m01-vibing-mimic,A,0.0,0.0,0.0,pool
1,live+schooltime,sinbad-v07-divecap,A,1.0,1.0,0.0,pool
1,live+schooltime,yuna-v05-core,A,1.0,1.0,0.0,pool
1,live+schooltime,chaewon-y04-probe,B,1.0,1.0,0.0,pool
1,live+schooltime,fenrir-v18-arrival-ready-beds,B,1.0,1.0,0.0,pool
1,live+schooltime,gavroche-v32-supported-divecap,B,1.0,1.0,0.0,pool
1,live+schooltime,hunter-v20-portal-scouts,B,1.0,1.0,0.0,pool
1,live+schooltime,kazuha-s01-swarm-dissolve,B,1.0,1.0,0.0,pool
1,live+schooltime,ouroboros-m01-vibing-mimic,B,0.0,0.0,0.0,pool
1,live+schooltime,sinbad-v07-divecap,B,1.0,1.0,0.0,pool
1,live+schooltime,yuna-v05-core,B,1.0,1.0,0.0,pool
1,live+slithery_fight,chaewon-y04-probe,A,1.0,1.0,0.0,pool
1,live+slithery_fight,fenrir-v18-arrival-ready-beds,A,0.0,0.0,0.0,pool
1,live+slithery_fight,gavroche-v32-supported-divecap,A,0.0,0.0,0.0,pool
1,live+slithery_fight,hunter-v20-portal-scouts,A,1.0,1.0,0.0,pool
1,live+slithery_fight,kazuha-s01-swarm-dissolve,A,0.0,0.0,0.0,pool
1,live+slithery_fight,ouroboros-m01-vibing-mimic,A,1.0,1.0,0.0,pool
1,live+slithery_fight,sinbad-v07-divecap,A,1.0,0.0,1.0,pool
1,live+slithery_fight,yuna-v05-core,A,1.0,1.0,0.0,pool
1,live+slithery_fight,chaewon-y04-probe,B,1.0,1.0,0.0,pool
1,live+slithery_fight,fenrir-v18-arrival-ready-beds,B,0.0,0.0,0.0,pool
1,live+slithery_fight,gavroche-v32-supported-divecap,B,1.0,1.0,0.0,pool
1,live+slithery_fight,hunter-v20-portal-scouts,B,1.0,1.0,0.0,pool
1,live+slithery_fight,kazuha-s01-swarm-dissolve,B,1.0,1.0,0.0,pool
1,live+slithery_fight,ouroboros-m01-vibing-mimic,B,1.0,1.0,0.0,pool
1,live+slithery_fight,sinbad-v07-divecap,B,0.0,0.0,0.0,pool
1,live+slithery_fight,yuna-v05-core,B,1.0,1.0,0.0,pool
1,live+stripes,chaewon-y04-probe,A,0.0,0.0,0.0,pool
1,live+stripes,fenrir-v18-arrival-ready-beds,A,1.0,1.0,0.0,pool
1,live+stripes,gavroche-v32-supported-divecap,A,0.0,0.0,0.0,pool
1,live+stripes,hunter-v20-portal-scouts,A,1.0,1.0,0.0,pool
1,live+stripes,kazuha-s01-swarm-dissolve,A,0.0,0.0,0.0,pool
1,live+stripes,ouroboros-m01-vibing-mimic,A,1.0,1.0,0.0,pool
1,live+stripes,sinbad-v07-divecap,A,0.0,0.0,0.0,pool
1,live+stripes,yuna-v05-core,A,0.0,0.0,0.0,pool
1,live+stripes,chaewon-y04-probe,B,0.0,0.0,0.0,pool
1,live+stripes,fenrir-v18-arrival-ready-beds,B,0.0,0.0,0.0,pool
1,live+stripes,gavroche-v32-supported-divecap,B,1.0,0.0,1.0,pool
1,live+stripes,hunter-v20-portal-scouts,B,1.0,1.0,0.0,pool
1,live+stripes,kazuha-s01-swarm-dissolve,B,0.0,0.0,0.0,pool
1,live+stripes,ouroboros-m01-vibing-mimic,B,1.0,1.0,0.0,pool
1,live+stripes,sinbad-v07-divecap,B,0.0,0.0,0.0,pool
1,live+stripes,yuna-v05-core,B,0.0,0.0,0.0,pool
1,live+tower_defense,chaewon-y04-probe,A,1.0,1.0,0.0,pool
1,live+tower_defense,fenrir-v18-arrival-ready-beds,A,1.0,1.0,0.0,pool
1,live+tower_defense,gavroche-v32-supported-divecap,A,1.0,1.0,0.0,pool
1,live+tower_defense,hunter-v20-portal-scouts,A,1.0,1.0,0.0,pool
1,live+tower_defense,kazuha-s01-swarm-dissolve,A,1.0,1.0,0.0,pool
1,live+tower_defense,ouroboros-m01-vibing-mimic,A,1.0,1.0,0.0,pool
1,live+tower_defense,sinbad-v07-divecap,A,0.0,1.0,-1.0,pool
1,live+tower_defense,yuna-v05-core,A,1.0,1.0,0.0,pool
1,live+tower_defense,chaewon-y04-probe,B,1.0,1.0,0.0,pool
1,live+tower_defense,fenrir-v18-arrival-ready-beds,B,0.0,0.0,0.0,pool
1,live+tower_defense,gavroche-v32-supported-divecap,B,1.0,1.0,0.0,pool
1,live+tower_defense,hunter-v20-portal-scouts,B,1.0,1.0,0.0,pool
1,live+tower_defense,kazuha-s01-swarm-dissolve,B,1.0,1.0,0.0,pool
1,live+tower_defense,ouroboros-m01-vibing-mimic,B,1.0,1.0,0.0,pool
1,live+tower_defense,sinbad-v07-divecap,B,1.0,1.0,0.0,pool
1,live+tower_defense,yuna-v05-core,B,1.0,1.0,0.0,pool
1,live+trauma,chaewon-y04-probe,A,1.0,1.0,0.0,pool
1,live+trauma,fenrir-v18-arrival-ready-beds,A,1.0,1.0,0.0,pool
1,live+trauma,gavroche-v32-supported-divecap,A,0.0,0.0,0.0,pool
1,live+trauma,hunter-v20-portal-scouts,A,1.0,1.0,0.0,pool
1,live+trauma,kazuha-s01-swarm-dissolve,A,1.0,1.0,0.0,pool
1,live+trauma,ouroboros-m01-vibing-mimic,A,1.0,1.0,0.0,pool
1,live+trauma,sinbad-v07-divecap,A,1.0,1.0,0.0,pool
1,live+trauma,yuna-v05-core,A,1.0,1.0,0.0,pool
1,live+trauma,chaewon-y04-probe,B,1.0,1.0,0.0,pool
1,live+trauma,fenrir-v18-arrival-ready-beds,B,0.0,0.0,0.0,pool
1,live+trauma,gavroche-v32-supported-divecap,B,1.0,1.0,0.0,pool
1,live+trauma,hunter-v20-portal-scouts,B,1.0,1.0,0.0,pool
1,live+trauma,kazuha-s01-swarm-dissolve,B,1.0,1.0,0.0,pool
1,live+trauma,ouroboros-m01-vibing-mimic,B,1.0,1.0,0.0,pool
1,live+trauma,sinbad-v07-divecap,B,1.0,1.0,0.0,pool
1,live+trauma,yuna-v05-core,B,0.0,0.0,0.0,pool
1,live+trophy,chaewon-y04-probe,A,1.0,1.0,0.0,pool
1,live+trophy,fenrir-v18-arrival-ready-beds,A,1.0,1.0,0.0,pool
1,live+trophy,gavroche-v32-supported-divecap,A,1.0,1.0,0.0,pool
1,live+trophy,hunter-v20-portal-scouts,A,1.0,1.0,0.0,pool
1,live+trophy,kazuha-s01-swarm-dissolve,A,1.0,1.0,0.0,pool
1,live+trophy,ouroboros-m01-vibing-mimic,A,1.0,1.0,0.0,pool
1,live+trophy,sinbad-v07-divecap,A,1.0,1.0,0.0,pool
1,live+trophy,yuna-v05-core,A,0.0,0.0,0.0,pool
1,live+trophy,chaewon-y04-probe,B,1.0,1.0,0.0,pool
1,live+trophy,fenrir-v18-arrival-ready-beds,B,1.0,1.0,0.0,pool
1,live+trophy,gavroche-v32-supported-divecap,B,1.0,1.0,0.0,pool
1,live+trophy,hunter-v20-portal-scouts,B,1.0,1.0,0.0,pool
1,live+trophy,kazuha-s01-swarm-dissolve,B,1.0,1.0,0.0,pool
1,live+trophy,ouroboros-m01-vibing-mimic,B,1.0,1.0,0.0,pool
1,live+trophy,sinbad-v07-divecap,B,1.0,1.0,0.0,pool
1,live+trophy,yuna-v05-core,B,1.0,1.0,0.0,pool
1,live+unsw,chaewon-y04-probe,A,0.0,0.0,0.0,pool
1,live+unsw,fenrir-v18-arrival-ready-beds,A,1.0,1.0,0.0,pool
1,live+unsw,gavroche-v32-supported-divecap,A,1.0,1.0,0.0,pool
1,live+unsw,hunter-v20-portal-scouts,A,1.0,1.0,0.0,pool
1,live+unsw,kazuha-s01-swarm-dissolve,A,1.0,1.0,0.0,pool
1,live+unsw,ouroboros-m01-vibing-mimic,A,1.0,1.0,0.0,pool
1,live+unsw,sinbad-v07-divecap,A,1.0,1.0,0.0,pool
1,live+unsw,yuna-v05-core,A,0.0,0.0,0.0,pool
1,live+unsw,chaewon-y04-probe,B,1.0,1.0,0.0,pool
1,live+unsw,fenrir-v18-arrival-ready-beds,B,1.0,1.0,0.0,pool
1,live+unsw,gavroche-v32-supported-divecap,B,1.0,1.0,0.0,pool
1,live+unsw,hunter-v20-portal-scouts,B,1.0,1.0,0.0,pool
1,live+unsw,kazuha-s01-swarm-dissolve,B,1.0,1.0,0.0,pool
1,live+unsw,ouroboros-m01-vibing-mimic,B,1.0,1.0,0.0,pool
1,live+unsw,sinbad-v07-divecap,B,1.0,1.0,0.0,pool
1,live+unsw,yuna-v05-core,B,1.0,1.0,0.0,pool
1,live+weakhold,chaewon-y04-probe,A,1.0,0.0,1.0,pool
1,live+weakhold,fenrir-v18-arrival-ready-beds,A,1.0,0.0,1.0,pool
1,live+weakhold,gavroche-v32-supported-divecap,A,1.0,1.0,0.0,pool
1,live+weakhold,hunter-v20-portal-scouts,A,1.0,0.0,1.0,pool
1,live+weakhold,kazuha-s01-swarm-dissolve,A,1.0,1.0,0.0,pool
1,live+weakhold,ouroboros-m01-vibing-mimic,A,1.0,0.0,1.0,pool
1,live+weakhold,sinbad-v07-divecap,A,1.0,1.0,0.0,pool
1,live+weakhold,yuna-v05-core,A,1.0,0.0,1.0,pool
1,live+weakhold,chaewon-y04-probe,B,1.0,1.0,0.0,pool
1,live+weakhold,fenrir-v18-arrival-ready-beds,B,1.0,0.0,1.0,pool
1,live+weakhold,gavroche-v32-supported-divecap,B,1.0,1.0,0.0,pool
1,live+weakhold,hunter-v20-portal-scouts,B,0.0,0.0,0.0,pool
1,live+weakhold,kazuha-s01-swarm-dissolve,B,1.0,1.0,0.0,pool
1,live+weakhold,ouroboros-m01-vibing-mimic,B,1.0,0.0,1.0,pool
1,live+weakhold,sinbad-v07-divecap,B,1.0,1.0,0.0,pool
1,live+weakhold,yuna-v05-core,B,1.0,1.0,0.0,pool
2,live+australia,chaewon-y04-probe,A,1.0,1.0,0.0,pool
2,live+australia,fenrir-v18-arrival-ready-beds,A,1.0,1.0,0.0,pool
2,live+australia,gavroche-v32-supported-divecap,A,1.0,1.0,0.0,pool
2,live+australia,hunter-v20-portal-scouts,A,1.0,1.0,0.0,pool
2,live+australia,kazuha-s01-swarm-dissolve,A,1.0,1.0,0.0,pool
2,live+australia,ouroboros-m01-vibing-mimic,A,1.0,1.0,0.0,pool
2,live+australia,sinbad-v07-divecap,A,1.0,1.0,0.0,pool
2,live+australia,yuna-v05-core,A,1.0,1.0,0.0,pool
2,live+australia,chaewon-y04-probe,B,0.0,0.0,0.0,pool
2,live+australia,fenrir-v18-arrival-ready-beds,B,1.0,1.0,0.0,pool
2,live+australia,gavroche-v32-supported-divecap,B,0.0,0.0,0.0,pool
2,live+australia,hunter-v20-portal-scouts,B,1.0,1.0,0.0,pool
2,live+australia,kazuha-s01-swarm-dissolve,B,1.0,1.0,0.0,pool
2,live+australia,ouroboros-m01-vibing-mimic,B,1.0,1.0,0.0,pool
2,live+australia,sinbad-v07-divecap,B,1.0,1.0,0.0,pool
2,live+australia,yuna-v05-core,B,0.0,0.0,0.0,pool
2,live+autarky,chaewon-y04-probe,A,1.0,1.0,0.0,pool
2,live+autarky,fenrir-v18-arrival-ready-beds,A,1.0,1.0,0.0,pool
2,live+autarky,gavroche-v32-supported-divecap,A,1.0,1.0,0.0,pool
2,live+autarky,hunter-v20-portal-scouts,A,1.0,1.0,0.0,pool
2,live+autarky,kazuha-s01-swarm-dissolve,A,1.0,1.0,0.0,pool
2,live+autarky,ouroboros-m01-vibing-mimic,A,0.0,0.0,0.0,pool
2,live+autarky,sinbad-v07-divecap,A,1.0,1.0,0.0,pool
2,live+autarky,yuna-v05-core,A,1.0,1.0,0.0,pool
2,live+autarky,chaewon-y04-probe,B,1.0,1.0,0.0,pool
2,live+autarky,fenrir-v18-arrival-ready-beds,B,1.0,1.0,0.0,pool
2,live+autarky,gavroche-v32-supported-divecap,B,0.0,0.0,0.0,pool
2,live+autarky,hunter-v20-portal-scouts,B,1.0,1.0,0.0,pool
2,live+autarky,kazuha-s01-swarm-dissolve,B,1.0,1.0,0.0,pool
2,live+autarky,ouroboros-m01-vibing-mimic,B,1.0,1.0,0.0,pool
2,live+autarky,sinbad-v07-divecap,B,1.0,1.0,0.0,pool
2,live+autarky,yuna-v05-core,B,1.0,1.0,0.0,pool
2,live+default,chaewon-y04-probe,A,0.0,0.0,0.0,pool
2,live+default,fenrir-v18-arrival-ready-beds,A,1.0,1.0,0.0,pool
2,live+default,gavroche-v32-supported-divecap,A,0.0,0.0,0.0,pool
2,live+default,hunter-v20-portal-scouts,A,1.0,1.0,0.0,pool
2,live+default,kazuha-s01-swarm-dissolve,A,1.0,1.0,0.0,pool
2,live+default,ouroboros-m01-vibing-mimic,A,1.0,1.0,0.0,pool
2,live+default,sinbad-v07-divecap,A,1.0,1.0,0.0,pool
2,live+default,yuna-v05-core,A,1.0,1.0,0.0,pool
2,live+default,chaewon-y04-probe,B,0.0,0.0,0.0,pool
2,live+default,fenrir-v18-arrival-ready-beds,B,1.0,1.0,0.0,pool
2,live+default,gavroche-v32-supported-divecap,B,1.0,1.0,0.0,pool
2,live+default,hunter-v20-portal-scouts,B,1.0,1.0,0.0,pool
2,live+default,kazuha-s01-swarm-dissolve,B,1.0,1.0,0.0,pool
2,live+default,ouroboros-m01-vibing-mimic,B,1.0,1.0,0.0,pool
2,live+default,sinbad-v07-divecap,B,1.0,1.0,0.0,pool
2,live+default,yuna-v05-core,B,1.0,1.0,0.0,pool
2,live+devil,chaewon-y04-probe,A,1.0,1.0,0.0,pool
2,live+devil,fenrir-v18-arrival-ready-beds,A,1.0,1.0,0.0,pool
2,live+devil,gavroche-v32-supported-divecap,A,1.0,1.0,0.0,pool
2,live+devil,hunter-v20-portal-scouts,A,1.0,1.0,0.0,pool
2,live+devil,kazuha-s01-swarm-dissolve,A,1.0,1.0,0.0,pool
2,live+devil,ouroboros-m01-vibing-mimic,A,1.0,1.0,0.0,pool
2,live+devil,sinbad-v07-divecap,A,1.0,1.0,0.0,pool
2,live+devil,yuna-v05-core,A,1.0,1.0,0.0,pool
2,live+devil,chaewon-y04-probe,B,1.0,1.0,0.0,pool
2,live+devil,fenrir-v18-arrival-ready-beds,B,1.0,1.0,0.0,pool
2,live+devil,gavroche-v32-supported-divecap,B,1.0,1.0,0.0,pool
2,live+devil,hunter-v20-portal-scouts,B,1.0,1.0,0.0,pool
2,live+devil,kazuha-s01-swarm-dissolve,B,1.0,1.0,0.0,pool
2,live+devil,ouroboros-m01-vibing-mimic,B,1.0,1.0,0.0,pool
2,live+devil,sinbad-v07-divecap,B,1.0,1.0,0.0,pool
2,live+devil,yuna-v05-core,B,1.0,1.0,0.0,pool
2,live+dilemma,chaewon-y04-probe,A,1.0,0.0,1.0,pool
2,live+dilemma,fenrir-v18-arrival-ready-beds,A,1.0,1.0,0.0,pool
2,live+dilemma,gavroche-v32-supported-divecap,A,1.0,1.0,0.0,pool
2,live+dilemma,hunter-v20-portal-scouts,A,1.0,1.0,0.0,pool
2,live+dilemma,kazuha-s01-swarm-dissolve,A,1.0,1.0,0.0,pool
2,live+dilemma,ouroboros-m01-vibing-mimic,A,1.0,1.0,0.0,pool
2,live+dilemma,sinbad-v07-divecap,A,1.0,1.0,0.0,pool
2,live+dilemma,yuna-v05-core,A,0.0,0.0,0.0,pool
2,live+dilemma,chaewon-y04-probe,B,0.0,0.0,0.0,pool
2,live+dilemma,fenrir-v18-arrival-ready-beds,B,1.0,1.0,0.0,pool
2,live+dilemma,gavroche-v32-supported-divecap,B,1.0,1.0,0.0,pool
2,live+dilemma,hunter-v20-portal-scouts,B,1.0,1.0,0.0,pool
2,live+dilemma,kazuha-s01-swarm-dissolve,B,1.0,1.0,0.0,pool
2,live+dilemma,ouroboros-m01-vibing-mimic,B,1.0,1.0,0.0,pool
2,live+dilemma,sinbad-v07-divecap,B,1.0,1.0,0.0,pool
2,live+dilemma,yuna-v05-core,B,1.0,1.0,0.0,pool
2,live+islands,chaewon-y04-probe,A,1.0,1.0,0.0,pool
2,live+islands,fenrir-v18-arrival-ready-beds,A,1.0,1.0,0.0,pool
2,live+islands,gavroche-v32-supported-divecap,A,1.0,1.0,0.0,pool
2,live+islands,hunter-v20-portal-scouts,A,1.0,1.0,0.0,pool
2,live+islands,kazuha-s01-swarm-dissolve,A,1.0,1.0,0.0,pool
2,live+islands,ouroboros-m01-vibing-mimic,A,1.0,1.0,0.0,pool
2,live+islands,sinbad-v07-divecap,A,1.0,1.0,0.0,pool
2,live+islands,yuna-v05-core,A,1.0,1.0,0.0,pool
2,live+islands,chaewon-y04-probe,B,1.0,1.0,0.0,pool
2,live+islands,fenrir-v18-arrival-ready-beds,B,1.0,1.0,0.0,pool
2,live+islands,gavroche-v32-supported-divecap,B,1.0,1.0,0.0,pool
2,live+islands,hunter-v20-portal-scouts,B,1.0,1.0,0.0,pool
2,live+islands,kazuha-s01-swarm-dissolve,B,1.0,1.0,0.0,pool
2,live+islands,ouroboros-m01-vibing-mimic,B,1.0,1.0,0.0,pool
2,live+islands,sinbad-v07-divecap,B,1.0,1.0,0.0,pool
2,live+islands,yuna-v05-core,B,1.0,1.0,0.0,pool
2,live+maze,chaewon-y04-probe,A,1.0,1.0,0.0,pool
2,live+maze,fenrir-v18-arrival-ready-beds,A,0.0,0.0,0.0,pool
2,live+maze,gavroche-v32-supported-divecap,A,1.0,1.0,0.0,pool
2,live+maze,hunter-v20-portal-scouts,A,1.0,1.0,0.0,pool
2,live+maze,kazuha-s01-swarm-dissolve,A,1.0,1.0,0.0,pool
2,live+maze,ouroboros-m01-vibing-mimic,A,1.0,1.0,0.0,pool
2,live+maze,sinbad-v07-divecap,A,1.0,1.0,0.0,pool
2,live+maze,yuna-v05-core,A,0.0,0.0,0.0,pool
2,live+maze,chaewon-y04-probe,B,1.0,1.0,0.0,pool
2,live+maze,fenrir-v18-arrival-ready-beds,B,0.0,1.0,-1.0,pool
2,live+maze,gavroche-v32-supported-divecap,B,1.0,1.0,0.0,pool
2,live+maze,hunter-v20-portal-scouts,B,1.0,1.0,0.0,pool
2,live+maze,kazuha-s01-swarm-dissolve,B,1.0,1.0,0.0,pool
2,live+maze,ouroboros-m01-vibing-mimic,B,1.0,1.0,0.0,pool
2,live+maze,sinbad-v07-divecap,B,1.0,1.0,0.0,pool
2,live+maze,yuna-v05-core,B,1.0,1.0,0.0,pool
2,live+portals,chaewon-y04-probe,A,0.0,0.0,0.0,pool
2,live+portals,fenrir-v18-arrival-ready-beds,A,1.0,1.0,0.0,pool
2,live+portals,gavroche-v32-supported-divecap,A,1.0,1.0,0.0,pool
2,live+portals,hunter-v20-portal-scouts,A,1.0,1.0,0.0,pool
2,live+portals,kazuha-s01-swarm-dissolve,A,1.0,1.0,0.0,pool
2,live+portals,ouroboros-m01-vibing-mimic,A,0.0,0.0,0.0,pool
2,live+portals,sinbad-v07-divecap,A,1.0,1.0,0.0,pool
2,live+portals,yuna-v05-core,A,1.0,1.0,0.0,pool
2,live+portals,chaewon-y04-probe,B,1.0,1.0,0.0,pool
2,live+portals,fenrir-v18-arrival-ready-beds,B,0.0,0.0,0.0,pool
2,live+portals,gavroche-v32-supported-divecap,B,1.0,1.0,0.0,pool
2,live+portals,hunter-v20-portal-scouts,B,1.0,1.0,0.0,pool
2,live+portals,kazuha-s01-swarm-dissolve,B,1.0,1.0,0.0,pool
2,live+portals,ouroboros-m01-vibing-mimic,B,0.0,0.0,0.0,pool
2,live+portals,sinbad-v07-divecap,B,0.0,0.0,0.0,pool
2,live+portals,yuna-v05-core,B,1.0,1.0,0.0,pool
2,live+queen_of_spades,chaewon-y04-probe,A,1.0,1.0,0.0,pool
2,live+queen_of_spades,fenrir-v18-arrival-ready-beds,A,1.0,1.0,0.0,pool
2,live+queen_of_spades,gavroche-v32-supported-divecap,A,1.0,1.0,0.0,pool
2,live+queen_of_spades,hunter-v20-portal-scouts,A,1.0,1.0,0.0,pool
2,live+queen_of_spades,kazuha-s01-swarm-dissolve,A,1.0,1.0,0.0,pool
2,live+queen_of_spades,ouroboros-m01-vibing-mimic,A,1.0,1.0,0.0,pool
2,live+queen_of_spades,sinbad-v07-divecap,A,1.0,1.0,0.0,pool
2,live+queen_of_spades,yuna-v05-core,A,1.0,1.0,0.0,pool
2,live+queen_of_spades,chaewon-y04-probe,B,1.0,1.0,0.0,pool
2,live+queen_of_spades,fenrir-v18-arrival-ready-beds,B,1.0,1.0,0.0,pool
2,live+queen_of_spades,gavroche-v32-supported-divecap,B,1.0,1.0,0.0,pool
2,live+queen_of_spades,hunter-v20-portal-scouts,B,1.0,1.0,0.0,pool
2,live+queen_of_spades,kazuha-s01-swarm-dissolve,B,1.0,1.0,0.0,pool
2,live+queen_of_spades,ouroboros-m01-vibing-mimic,B,1.0,1.0,0.0,pool
2,live+queen_of_spades,sinbad-v07-divecap,B,1.0,1.0,0.0,pool
2,live+queen_of_spades,yuna-v05-core,B,1.0,1.0,0.0,pool
2,live+schooltime,chaewon-y04-probe,A,1.0,1.0,0.0,pool
2,live+schooltime,fenrir-v18-arrival-ready-beds,A,1.0,1.0,0.0,pool
2,live+schooltime,gavroche-v32-supported-divecap,A,1.0,1.0,0.0,pool
2,live+schooltime,hunter-v20-portal-scouts,A,0.0,0.0,0.0,pool
2,live+schooltime,kazuha-s01-swarm-dissolve,A,1.0,1.0,0.0,pool
2,live+schooltime,ouroboros-m01-vibing-mimic,A,0.0,0.0,0.0,pool
2,live+schooltime,sinbad-v07-divecap,A,1.0,1.0,0.0,pool
2,live+schooltime,yuna-v05-core,A,1.0,1.0,0.0,pool
2,live+schooltime,chaewon-y04-probe,B,0.0,0.0,0.0,pool
2,live+schooltime,fenrir-v18-arrival-ready-beds,B,1.0,1.0,0.0,pool
2,live+schooltime,gavroche-v32-supported-divecap,B,1.0,1.0,0.0,pool
2,live+schooltime,hunter-v20-portal-scouts,B,0.0,0.0,0.0,pool
2,live+schooltime,kazuha-s01-swarm-dissolve,B,1.0,1.0,0.0,pool
2,live+schooltime,ouroboros-m01-vibing-mimic,B,0.0,0.0,0.0,pool
2,live+schooltime,sinbad-v07-divecap,B,1.0,1.0,0.0,pool
2,live+schooltime,yuna-v05-core,B,1.0,1.0,0.0,pool
2,live+slithery_fight,chaewon-y04-probe,A,1.0,1.0,0.0,pool
2,live+slithery_fight,fenrir-v18-arrival-ready-beds,A,1.0,1.0,0.0,pool
2,live+slithery_fight,gavroche-v32-supported-divecap,A,0.0,0.0,0.0,pool
2,live+slithery_fight,hunter-v20-portal-scouts,A,1.0,1.0,0.0,pool
2,live+slithery_fight,kazuha-s01-swarm-dissolve,A,0.0,0.0,0.0,pool
2,live+slithery_fight,ouroboros-m01-vibing-mimic,A,1.0,1.0,0.0,pool
2,live+slithery_fight,sinbad-v07-divecap,A,1.0,1.0,0.0,pool
2,live+slithery_fight,yuna-v05-core,A,0.0,1.0,-1.0,pool
2,live+slithery_fight,chaewon-y04-probe,B,0.0,1.0,-1.0,pool
2,live+slithery_fight,fenrir-v18-arrival-ready-beds,B,1.0,1.0,0.0,pool
2,live+slithery_fight,gavroche-v32-supported-divecap,B,1.0,1.0,0.0,pool
2,live+slithery_fight,hunter-v20-portal-scouts,B,1.0,1.0,0.0,pool
2,live+slithery_fight,kazuha-s01-swarm-dissolve,B,1.0,1.0,0.0,pool
2,live+slithery_fight,ouroboros-m01-vibing-mimic,B,0.0,0.0,0.0,pool
2,live+slithery_fight,sinbad-v07-divecap,B,1.0,1.0,0.0,pool
2,live+slithery_fight,yuna-v05-core,B,1.0,0.0,1.0,pool
2,live+stripes,chaewon-y04-probe,A,0.0,0.0,0.0,pool
2,live+stripes,fenrir-v18-arrival-ready-beds,A,0.0,0.0,0.0,pool
2,live+stripes,gavroche-v32-supported-divecap,A,1.0,1.0,0.0,pool
2,live+stripes,hunter-v20-portal-scouts,A,1.0,1.0,0.0,pool
2,live+stripes,kazuha-s01-swarm-dissolve,A,0.0,0.0,0.0,pool
2,live+stripes,ouroboros-m01-vibing-mimic,A,1.0,1.0,0.0,pool
2,live+stripes,sinbad-v07-divecap,A,0.0,0.0,0.0,pool
2,live+stripes,yuna-v05-core,A,0.0,0.0,0.0,pool
2,live+stripes,chaewon-y04-probe,B,0.0,0.0,0.0,pool
2,live+stripes,fenrir-v18-arrival-ready-beds,B,0.0,0.0,0.0,pool
2,live+stripes,gavroche-v32-supported-divecap,B,0.0,0.0,0.0,pool
2,live+stripes,hunter-v20-portal-scouts,B,1.0,1.0,0.0,pool
2,live+stripes,kazuha-s01-swarm-dissolve,B,0.0,0.0,0.0,pool
2,live+stripes,ouroboros-m01-vibing-mimic,B,1.0,1.0,0.0,pool
2,live+stripes,sinbad-v07-divecap,B,0.0,0.0,0.0,pool
2,live+stripes,yuna-v05-core,B,0.0,0.0,0.0,pool
2,live+tower_defense,chaewon-y04-probe,A,1.0,1.0,0.0,pool
2,live+tower_defense,fenrir-v18-arrival-ready-beds,A,1.0,1.0,0.0,pool
2,live+tower_defense,gavroche-v32-supported-divecap,A,1.0,1.0,0.0,pool
2,live+tower_defense,hunter-v20-portal-scouts,A,1.0,1.0,0.0,pool
2,live+tower_defense,kazuha-s01-swarm-dissolve,A,1.0,1.0,0.0,pool
2,live+tower_defense,ouroboros-m01-vibing-mimic,A,1.0,1.0,0.0,pool
2,live+tower_defense,sinbad-v07-divecap,A,1.0,1.0,0.0,pool
2,live+tower_defense,yuna-v05-core,A,1.0,1.0,0.0,pool
2,live+tower_defense,chaewon-y04-probe,B,0.0,0.0,0.0,pool
2,live+tower_defense,fenrir-v18-arrival-ready-beds,B,0.0,0.0,0.0,pool
2,live+tower_defense,gavroche-v32-supported-divecap,B,0.0,0.0,0.0,pool
2,live+tower_defense,hunter-v20-portal-scouts,B,1.0,1.0,0.0,pool
2,live+tower_defense,kazuha-s01-swarm-dissolve,B,1.0,1.0,0.0,pool
2,live+tower_defense,ouroboros-m01-vibing-mimic,B,1.0,1.0,0.0,pool
2,live+tower_defense,sinbad-v07-divecap,B,0.0,0.0,0.0,pool
2,live+tower_defense,yuna-v05-core,B,0.0,0.0,0.0,pool
2,live+trauma,chaewon-y04-probe,A,1.0,1.0,0.0,pool
2,live+trauma,fenrir-v18-arrival-ready-beds,A,1.0,1.0,0.0,pool
2,live+trauma,gavroche-v32-supported-divecap,A,1.0,1.0,0.0,pool
2,live+trauma,hunter-v20-portal-scouts,A,1.0,1.0,0.0,pool
2,live+trauma,kazuha-s01-swarm-dissolve,A,1.0,1.0,0.0,pool
2,live+trauma,ouroboros-m01-vibing-mimic,A,1.0,1.0,0.0,pool
2,live+trauma,sinbad-v07-divecap,A,1.0,1.0,0.0,pool
2,live+trauma,yuna-v05-core,A,0.0,0.0,0.0,pool
2,live+trauma,chaewon-y04-probe,B,1.0,1.0,0.0,pool
2,live+trauma,fenrir-v18-arrival-ready-beds,B,1.0,1.0,0.0,pool
2,live+trauma,gavroche-v32-supported-divecap,B,1.0,1.0,0.0,pool
2,live+trauma,hunter-v20-portal-scouts,B,1.0,1.0,0.0,pool
2,live+trauma,kazuha-s01-swarm-dissolve,B,1.0,1.0,0.0,pool
2,live+trauma,ouroboros-m01-vibing-mimic,B,0.0,1.0,-1.0,pool
2,live+trauma,sinbad-v07-divecap,B,1.0,1.0,0.0,pool
2,live+trauma,yuna-v05-core,B,1.0,1.0,0.0,pool
2,live+trophy,chaewon-y04-probe,A,1.0,1.0,0.0,pool
2,live+trophy,fenrir-v18-arrival-ready-beds,A,1.0,1.0,0.0,pool
2,live+trophy,gavroche-v32-supported-divecap,A,1.0,1.0,0.0,pool
2,live+trophy,hunter-v20-portal-scouts,A,1.0,1.0,0.0,pool
2,live+trophy,kazuha-s01-swarm-dissolve,A,1.0,1.0,0.0,pool
2,live+trophy,ouroboros-m01-vibing-mimic,A,1.0,1.0,0.0,pool
2,live+trophy,sinbad-v07-divecap,A,1.0,1.0,0.0,pool
2,live+trophy,yuna-v05-core,A,1.0,1.0,0.0,pool
2,live+trophy,chaewon-y04-probe,B,1.0,1.0,0.0,pool
2,live+trophy,fenrir-v18-arrival-ready-beds,B,1.0,1.0,0.0,pool
2,live+trophy,gavroche-v32-supported-divecap,B,1.0,1.0,0.0,pool
2,live+trophy,hunter-v20-portal-scouts,B,1.0,1.0,0.0,pool
2,live+trophy,kazuha-s01-swarm-dissolve,B,1.0,1.0,0.0,pool
2,live+trophy,ouroboros-m01-vibing-mimic,B,0.0,0.0,0.0,pool
2,live+trophy,sinbad-v07-divecap,B,1.0,1.0,0.0,pool
2,live+trophy,yuna-v05-core,B,1.0,1.0,0.0,pool
2,live+unsw,chaewon-y04-probe,A,1.0,1.0,0.0,pool
2,live+unsw,fenrir-v18-arrival-ready-beds,A,1.0,1.0,0.0,pool
2,live+unsw,gavroche-v32-supported-divecap,A,1.0,1.0,0.0,pool
2,live+unsw,hunter-v20-portal-scouts,A,1.0,1.0,0.0,pool
2,live+unsw,kazuha-s01-swarm-dissolve,A,1.0,1.0,0.0,pool
2,live+unsw,ouroboros-m01-vibing-mimic,A,1.0,1.0,0.0,pool
2,live+unsw,sinbad-v07-divecap,A,0.0,0.0,0.0,pool
2,live+unsw,yuna-v05-core,A,1.0,1.0,0.0,pool
2,live+unsw,chaewon-y04-probe,B,1.0,1.0,0.0,pool
2,live+unsw,fenrir-v18-arrival-ready-beds,B,1.0,1.0,0.0,pool
2,live+unsw,gavroche-v32-supported-divecap,B,1.0,1.0,0.0,pool
2,live+unsw,hunter-v20-portal-scouts,B,1.0,0.0,1.0,pool
2,live+unsw,kazuha-s01-swarm-dissolve,B,1.0,1.0,0.0,pool
2,live+unsw,ouroboros-m01-vibing-mimic,B,0.0,1.0,-1.0,pool
2,live+unsw,sinbad-v07-divecap,B,1.0,1.0,0.0,pool
2,live+unsw,yuna-v05-core,B,1.0,1.0,0.0,pool
2,live+weakhold,chaewon-y04-probe,A,1.0,0.0,1.0,pool
2,live+weakhold,fenrir-v18-arrival-ready-beds,A,1.0,0.0,1.0,pool
2,live+weakhold,gavroche-v32-supported-divecap,A,1.0,1.0,0.0,pool
2,live+weakhold,hunter-v20-portal-scouts,A,1.0,1.0,0.0,pool
2,live+weakhold,kazuha-s01-swarm-dissolve,A,1.0,1.0,0.0,pool
2,live+weakhold,ouroboros-m01-vibing-mimic,A,1.0,1.0,0.0,pool
2,live+weakhold,sinbad-v07-divecap,A,1.0,1.0,0.0,pool
2,live+weakhold,yuna-v05-core,A,1.0,0.0,1.0,pool
2,live+weakhold,chaewon-y04-probe,B,1.0,1.0,0.0,pool
2,live+weakhold,fenrir-v18-arrival-ready-beds,B,0.0,0.0,0.0,pool
2,live+weakhold,gavroche-v32-supported-divecap,B,1.0,1.0,0.0,pool
2,live+weakhold,hunter-v20-portal-scouts,B,0.0,0.0,0.0,pool
2,live+weakhold,kazuha-s01-swarm-dissolve,B,1.0,1.0,0.0,pool
2,live+weakhold,ouroboros-m01-vibing-mimic,B,1.0,0.0,1.0,pool
2,live+weakhold,sinbad-v07-divecap,B,1.0,1.0,0.0,pool
2,live+weakhold,yuna-v05-core,B,1.0,1.0,0.0,pool
3,live+australia,chaewon-y04-probe,A,1.0,1.0,0.0,pool
3,live+australia,fenrir-v18-arrival-ready-beds,A,1.0,1.0,0.0,pool
3,live+australia,gavroche-v32-supported-divecap,A,1.0,1.0,0.0,pool
3,live+australia,hunter-v20-portal-scouts,A,0.0,0.0,0.0,pool
3,live+australia,kazuha-s01-swarm-dissolve,A,1.0,1.0,0.0,pool
3,live+australia,ouroboros-m01-vibing-mimic,A,1.0,1.0,0.0,pool
3,live+australia,sinbad-v07-divecap,A,1.0,1.0,0.0,pool
3,live+australia,yuna-v05-core,A,1.0,1.0,0.0,pool
3,live+australia,chaewon-y04-probe,B,1.0,1.0,0.0,pool
3,live+australia,fenrir-v18-arrival-ready-beds,B,0.0,0.0,0.0,pool
3,live+australia,gavroche-v32-supported-divecap,B,0.0,0.0,0.0,pool
3,live+australia,hunter-v20-portal-scouts,B,1.0,1.0,0.0,pool
3,live+australia,kazuha-s01-swarm-dissolve,B,1.0,1.0,0.0,pool
3,live+australia,ouroboros-m01-vibing-mimic,B,1.0,1.0,0.0,pool
3,live+australia,sinbad-v07-divecap,B,1.0,1.0,0.0,pool
3,live+australia,yuna-v05-core,B,1.0,1.0,0.0,pool
3,live+autarky,chaewon-y04-probe,A,1.0,1.0,0.0,pool
3,live+autarky,fenrir-v18-arrival-ready-beds,A,1.0,1.0,0.0,pool
3,live+autarky,gavroche-v32-supported-divecap,A,1.0,1.0,0.0,pool
3,live+autarky,hunter-v20-portal-scouts,A,1.0,1.0,0.0,pool
3,live+autarky,kazuha-s01-swarm-dissolve,A,1.0,1.0,0.0,pool
3,live+autarky,ouroboros-m01-vibing-mimic,A,1.0,1.0,0.0,pool
3,live+autarky,sinbad-v07-divecap,A,1.0,1.0,0.0,pool
3,live+autarky,yuna-v05-core,A,0.0,0.0,0.0,pool
3,live+autarky,chaewon-y04-probe,B,1.0,1.0,0.0,pool
3,live+autarky,fenrir-v18-arrival-ready-beds,B,1.0,0.0,1.0,pool
3,live+autarky,gavroche-v32-supported-divecap,B,0.0,0.0,0.0,pool
3,live+autarky,hunter-v20-portal-scouts,B,1.0,1.0,0.0,pool
3,live+autarky,kazuha-s01-swarm-dissolve,B,1.0,1.0,0.0,pool
3,live+autarky,ouroboros-m01-vibing-mimic,B,1.0,1.0,0.0,pool
3,live+autarky,sinbad-v07-divecap,B,1.0,1.0,0.0,pool
3,live+autarky,yuna-v05-core,B,1.0,1.0,0.0,pool
3,live+default,chaewon-y04-probe,A,1.0,1.0,0.0,pool
3,live+default,fenrir-v18-arrival-ready-beds,A,1.0,1.0,0.0,pool
3,live+default,gavroche-v32-supported-divecap,A,1.0,1.0,0.0,pool
3,live+default,hunter-v20-portal-scouts,A,1.0,1.0,0.0,pool
3,live+default,kazuha-s01-swarm-dissolve,A,1.0,1.0,0.0,pool
3,live+default,ouroboros-m01-vibing-mimic,A,1.0,1.0,0.0,pool
3,live+default,sinbad-v07-divecap,A,1.0,1.0,0.0,pool
3,live+default,yuna-v05-core,A,1.0,1.0,0.0,pool
3,live+default,chaewon-y04-probe,B,0.0,0.0,0.0,pool
3,live+default,fenrir-v18-arrival-ready-beds,B,1.0,1.0,0.0,pool
3,live+default,gavroche-v32-supported-divecap,B,1.0,1.0,0.0,pool
3,live+default,hunter-v20-portal-scouts,B,1.0,1.0,0.0,pool
3,live+default,kazuha-s01-swarm-dissolve,B,1.0,1.0,0.0,pool
3,live+default,ouroboros-m01-vibing-mimic,B,1.0,1.0,0.0,pool
3,live+default,sinbad-v07-divecap,B,1.0,1.0,0.0,pool
3,live+default,yuna-v05-core,B,1.0,1.0,0.0,pool
3,live+devil,chaewon-y04-probe,A,1.0,1.0,0.0,pool
3,live+devil,fenrir-v18-arrival-ready-beds,A,1.0,1.0,0.0,pool
3,live+devil,gavroche-v32-supported-divecap,A,1.0,1.0,0.0,pool
3,live+devil,hunter-v20-portal-scouts,A,1.0,1.0,0.0,pool
3,live+devil,kazuha-s01-swarm-dissolve,A,1.0,1.0,0.0,pool
3,live+devil,ouroboros-m01-vibing-mimic,A,1.0,1.0,0.0,pool
3,live+devil,sinbad-v07-divecap,A,1.0,1.0,0.0,pool
3,live+devil,yuna-v05-core,A,1.0,1.0,0.0,pool
3,live+devil,chaewon-y04-probe,B,1.0,1.0,0.0,pool
3,live+devil,fenrir-v18-arrival-ready-beds,B,1.0,1.0,0.0,pool
3,live+devil,gavroche-v32-supported-divecap,B,1.0,1.0,0.0,pool
3,live+devil,hunter-v20-portal-scouts,B,1.0,1.0,0.0,pool
3,live+devil,kazuha-s01-swarm-dissolve,B,1.0,1.0,0.0,pool
3,live+devil,ouroboros-m01-vibing-mimic,B,0.0,0.0,0.0,pool
3,live+devil,sinbad-v07-divecap,B,1.0,1.0,0.0,pool
3,live+devil,yuna-v05-core,B,1.0,1.0,0.0,pool
3,live+dilemma,chaewon-y04-probe,A,0.0,1.0,-1.0,pool
3,live+dilemma,fenrir-v18-arrival-ready-beds,A,1.0,1.0,0.0,pool
3,live+dilemma,gavroche-v32-supported-divecap,A,1.0,1.0,0.0,pool
3,live+dilemma,hunter-v20-portal-scouts,A,0.0,0.0,0.0,pool
3,live+dilemma,kazuha-s01-swarm-dissolve,A,1.0,1.0,0.0,pool
3,live+dilemma,ouroboros-m01-vibing-mimic,A,1.0,1.0,0.0,pool
3,live+dilemma,sinbad-v07-divecap,A,1.0,1.0,0.0,pool
3,live+dilemma,yuna-v05-core,A,0.0,0.0,0.0,pool
3,live+dilemma,chaewon-y04-probe,B,1.0,1.0,0.0,pool
3,live+dilemma,fenrir-v18-arrival-ready-beds,B,1.0,1.0,0.0,pool
3,live+dilemma,gavroche-v32-supported-divecap,B,1.0,1.0,0.0,pool
3,live+dilemma,hunter-v20-portal-scouts,B,1.0,1.0,0.0,pool
3,live+dilemma,kazuha-s01-swarm-dissolve,B,1.0,1.0,0.0,pool
3,live+dilemma,ouroboros-m01-vibing-mimic,B,1.0,1.0,0.0,pool
3,live+dilemma,sinbad-v07-divecap,B,1.0,1.0,0.0,pool
3,live+dilemma,yuna-v05-core,B,1.0,1.0,0.0,pool
3,live+islands,chaewon-y04-probe,A,0.0,0.0,0.0,pool
3,live+islands,fenrir-v18-arrival-ready-beds,A,1.0,1.0,0.0,pool
3,live+islands,gavroche-v32-supported-divecap,A,1.0,1.0,0.0,pool
3,live+islands,hunter-v20-portal-scouts,A,1.0,1.0,0.0,pool
3,live+islands,kazuha-s01-swarm-dissolve,A,1.0,1.0,0.0,pool
3,live+islands,ouroboros-m01-vibing-mimic,A,1.0,1.0,0.0,pool
3,live+islands,sinbad-v07-divecap,A,1.0,1.0,0.0,pool
3,live+islands,yuna-v05-core,A,0.0,0.0,0.0,pool
3,live+islands,chaewon-y04-probe,B,0.0,0.0,0.0,pool
3,live+islands,fenrir-v18-arrival-ready-beds,B,0.0,0.0,0.0,pool
3,live+islands,gavroche-v32-supported-divecap,B,1.0,1.0,0.0,pool
3,live+islands,hunter-v20-portal-scouts,B,1.0,1.0,0.0,pool
3,live+islands,kazuha-s01-swarm-dissolve,B,1.0,1.0,0.0,pool
3,live+islands,ouroboros-m01-vibing-mimic,B,1.0,1.0,0.0,pool
3,live+islands,sinbad-v07-divecap,B,1.0,1.0,0.0,pool
3,live+islands,yuna-v05-core,B,0.0,0.0,0.0,pool
3,live+maze,chaewon-y04-probe,A,1.0,1.0,0.0,pool
3,live+maze,fenrir-v18-arrival-ready-beds,A,1.0,1.0,0.0,pool
3,live+maze,gavroche-v32-supported-divecap,A,1.0,1.0,0.0,pool
3,live+maze,hunter-v20-portal-scouts,A,1.0,1.0,0.0,pool
3,live+maze,kazuha-s01-swarm-dissolve,A,1.0,1.0,0.0,pool
3,live+maze,ouroboros-m01-vibing-mimic,A,1.0,1.0,0.0,pool
3,live+maze,sinbad-v07-divecap,A,1.0,1.0,0.0,pool
3,live+maze,yuna-v05-core,A,0.0,0.0,0.0,pool
3,live+maze,chaewon-y04-probe,B,1.0,1.0,0.0,pool
3,live+maze,fenrir-v18-arrival-ready-beds,B,1.0,1.0,0.0,pool
3,live+maze,gavroche-v32-supported-divecap,B,1.0,1.0,0.0,pool
3,live+maze,hunter-v20-portal-scouts,B,1.0,1.0,0.0,pool
3,live+maze,kazuha-s01-swarm-dissolve,B,1.0,1.0,0.0,pool
3,live+maze,ouroboros-m01-vibing-mimic,B,1.0,1.0,0.0,pool
3,live+maze,sinbad-v07-divecap,B,0.0,0.0,0.0,pool
3,live+maze,yuna-v05-core,B,0.0,1.0,-1.0,pool
3,live+portals,chaewon-y04-probe,A,1.0,1.0,0.0,pool
3,live+portals,fenrir-v18-arrival-ready-beds,A,1.0,1.0,0.0,pool
3,live+portals,gavroche-v32-supported-divecap,A,0.0,0.0,0.0,pool
3,live+portals,hunter-v20-portal-scouts,A,1.0,1.0,0.0,pool
3,live+portals,kazuha-s01-swarm-dissolve,A,1.0,1.0,0.0,pool
3,live+portals,ouroboros-m01-vibing-mimic,A,1.0,1.0,0.0,pool
3,live+portals,sinbad-v07-divecap,A,1.0,1.0,0.0,pool
3,live+portals,yuna-v05-core,A,1.0,1.0,0.0,pool
3,live+portals,chaewon-y04-probe,B,0.0,0.0,0.0,pool
3,live+portals,fenrir-v18-arrival-ready-beds,B,1.0,1.0,0.0,pool
3,live+portals,gavroche-v32-supported-divecap,B,1.0,1.0,0.0,pool
3,live+portals,hunter-v20-portal-scouts,B,1.0,1.0,0.0,pool
3,live+portals,kazuha-s01-swarm-dissolve,B,1.0,1.0,0.0,pool
3,live+portals,ouroboros-m01-vibing-mimic,B,0.0,0.0,0.0,pool
3,live+portals,sinbad-v07-divecap,B,0.0,0.0,0.0,pool
3,live+portals,yuna-v05-core,B,1.0,1.0,0.0,pool
3,live+queen_of_spades,chaewon-y04-probe,A,1.0,1.0,0.0,pool
3,live+queen_of_spades,fenrir-v18-arrival-ready-beds,A,1.0,1.0,0.0,pool
3,live+queen_of_spades,gavroche-v32-supported-divecap,A,1.0,1.0,0.0,pool
3,live+queen_of_spades,hunter-v20-portal-scouts,A,1.0,1.0,0.0,pool
3,live+queen_of_spades,kazuha-s01-swarm-dissolve,A,1.0,1.0,0.0,pool
3,live+queen_of_spades,ouroboros-m01-vibing-mimic,A,1.0,1.0,0.0,pool
3,live+queen_of_spades,sinbad-v07-divecap,A,1.0,1.0,0.0,pool
3,live+queen_of_spades,yuna-v05-core,A,1.0,1.0,0.0,pool
3,live+queen_of_spades,chaewon-y04-probe,B,1.0,1.0,0.0,pool
3,live+queen_of_spades,fenrir-v18-arrival-ready-beds,B,1.0,1.0,0.0,pool
3,live+queen_of_spades,gavroche-v32-supported-divecap,B,1.0,1.0,0.0,pool
3,live+queen_of_spades,hunter-v20-portal-scouts,B,1.0,1.0,0.0,pool
3,live+queen_of_spades,kazuha-s01-swarm-dissolve,B,1.0,1.0,0.0,pool
3,live+queen_of_spades,ouroboros-m01-vibing-mimic,B,1.0,1.0,0.0,pool
3,live+queen_of_spades,sinbad-v07-divecap,B,1.0,1.0,0.0,pool
3,live+queen_of_spades,yuna-v05-core,B,1.0,1.0,0.0,pool
3,live+schooltime,chaewon-y04-probe,A,1.0,1.0,0.0,pool
3,live+schooltime,fenrir-v18-arrival-ready-beds,A,1.0,1.0,0.0,pool
3,live+schooltime,gavroche-v32-supported-divecap,A,1.0,1.0,0.0,pool
3,live+schooltime,hunter-v20-portal-scouts,A,1.0,1.0,0.0,pool
3,live+schooltime,kazuha-s01-swarm-dissolve,A,1.0,1.0,0.0,pool
3,live+schooltime,ouroboros-m01-vibing-mimic,A,0.0,0.0,0.0,pool
3,live+schooltime,sinbad-v07-divecap,A,1.0,1.0,0.0,pool
3,live+schooltime,yuna-v05-core,A,0.0,0.0,0.0,pool
3,live+schooltime,chaewon-y04-probe,B,0.0,0.0,0.0,pool
3,live+schooltime,fenrir-v18-arrival-ready-beds,B,1.0,1.0,0.0,pool
3,live+schooltime,gavroche-v32-supported-divecap,B,1.0,1.0,0.0,pool
3,live+schooltime,hunter-v20-portal-scouts,B,1.0,1.0,0.0,pool
3,live+schooltime,kazuha-s01-swarm-dissolve,B,1.0,1.0,0.0,pool
3,live+schooltime,ouroboros-m01-vibing-mimic,B,0.0,0.0,0.0,pool
3,live+schooltime,sinbad-v07-divecap,B,0.0,0.0,0.0,pool
3,live+schooltime,yuna-v05-core,B,1.0,1.0,0.0,pool
3,live+slithery_fight,chaewon-y04-probe,A,1.0,1.0,0.0,pool
3,live+slithery_fight,fenrir-v18-arrival-ready-beds,A,1.0,1.0,0.0,pool
3,live+slithery_fight,gavroche-v32-supported-divecap,A,1.0,1.0,0.0,pool
3,live+slithery_fight,hunter-v20-portal-scouts,A,1.0,1.0,0.0,pool
3,live+slithery_fight,kazuha-s01-swarm-dissolve,A,1.0,1.0,0.0,pool
3,live+slithery_fight,ouroboros-m01-vibing-mimic,A,1.0,1.0,0.0,pool
3,live+slithery_fight,sinbad-v07-divecap,A,0.0,1.0,-1.0,pool
3,live+slithery_fight,yuna-v05-core,A,1.0,1.0,0.0,pool
3,live+slithery_fight,chaewon-y04-probe,B,1.0,1.0,0.0,pool
3,live+slithery_fight,fenrir-v18-arrival-ready-beds,B,1.0,1.0,0.0,pool
3,live+slithery_fight,gavroche-v32-supported-divecap,B,1.0,1.0,0.0,pool
3,live+slithery_fight,hunter-v20-portal-scouts,B,1.0,1.0,0.0,pool
3,live+slithery_fight,kazuha-s01-swarm-dissolve,B,1.0,1.0,0.0,pool
3,live+slithery_fight,ouroboros-m01-vibing-mimic,B,1.0,1.0,0.0,pool
3,live+slithery_fight,sinbad-v07-divecap,B,0.0,0.0,0.0,pool
3,live+slithery_fight,yuna-v05-core,B,1.0,1.0,0.0,pool
3,live+stripes,chaewon-y04-probe,A,0.0,0.0,0.0,pool
3,live+stripes,fenrir-v18-arrival-ready-beds,A,0.0,0.0,0.0,pool
3,live+stripes,gavroche-v32-supported-divecap,A,0.0,0.0,0.0,pool
3,live+stripes,hunter-v20-portal-scouts,A,1.0,1.0,0.0,pool
3,live+stripes,kazuha-s01-swarm-dissolve,A,0.0,0.0,0.0,pool
3,live+stripes,ouroboros-m01-vibing-mimic,A,1.0,1.0,0.0,pool
3,live+stripes,sinbad-v07-divecap,A,0.0,0.0,0.0,pool
3,live+stripes,yuna-v05-core,A,0.0,0.0,0.0,pool
3,live+stripes,chaewon-y04-probe,B,0.0,0.0,0.0,pool
3,live+stripes,fenrir-v18-arrival-ready-beds,B,0.0,0.0,0.0,pool
3,live+stripes,gavroche-v32-supported-divecap,B,0.0,0.0,0.0,pool
3,live+stripes,hunter-v20-portal-scouts,B,1.0,1.0,0.0,pool
3,live+stripes,kazuha-s01-swarm-dissolve,B,0.0,0.0,0.0,pool
3,live+stripes,ouroboros-m01-vibing-mimic,B,1.0,1.0,0.0,pool
3,live+stripes,sinbad-v07-divecap,B,0.0,0.0,0.0,pool
3,live+stripes,yuna-v05-core,B,0.0,0.0,0.0,pool
3,live+tower_defense,chaewon-y04-probe,A,0.0,0.0,0.0,pool
3,live+tower_defense,fenrir-v18-arrival-ready-beds,A,0.0,0.0,0.0,pool
3,live+tower_defense,gavroche-v32-supported-divecap,A,1.0,1.0,0.0,pool
3,live+tower_defense,hunter-v20-portal-scouts,A,1.0,1.0,0.0,pool
3,live+tower_defense,kazuha-s01-swarm-dissolve,A,1.0,1.0,0.0,pool
3,live+tower_defense,ouroboros-m01-vibing-mimic,A,1.0,1.0,0.0,pool
3,live+tower_defense,sinbad-v07-divecap,A,0.0,0.0,0.0,pool
3,live+tower_defense,yuna-v05-core,A,0.0,0.0,0.0,pool
3,live+tower_defense,chaewon-y04-probe,B,0.0,0.0,0.0,pool
3,live+tower_defense,fenrir-v18-arrival-ready-beds,B,1.0,1.0,0.0,pool
3,live+tower_defense,gavroche-v32-supported-divecap,B,1.0,1.0,0.0,pool
3,live+tower_defense,hunter-v20-portal-scouts,B,1.0,1.0,0.0,pool
3,live+tower_defense,kazuha-s01-swarm-dissolve,B,1.0,1.0,0.0,pool
3,live+tower_defense,ouroboros-m01-vibing-mimic,B,1.0,1.0,0.0,pool
3,live+tower_defense,sinbad-v07-divecap,B,1.0,1.0,0.0,pool
3,live+tower_defense,yuna-v05-core,B,0.0,0.0,0.0,pool
3,live+trauma,chaewon-y04-probe,A,1.0,1.0,0.0,pool
3,live+trauma,fenrir-v18-arrival-ready-beds,A,1.0,1.0,0.0,pool
3,live+trauma,gavroche-v32-supported-divecap,A,1.0,1.0,0.0,pool
3,live+trauma,hunter-v20-portal-scouts,A,1.0,1.0,0.0,pool
3,live+trauma,kazuha-s01-swarm-dissolve,A,1.0,1.0,0.0,pool
3,live+trauma,ouroboros-m01-vibing-mimic,A,1.0,1.0,0.0,pool
3,live+trauma,sinbad-v07-divecap,A,1.0,1.0,0.0,pool
3,live+trauma,yuna-v05-core,A,1.0,1.0,0.0,pool
3,live+trauma,chaewon-y04-probe,B,1.0,1.0,0.0,pool
3,live+trauma,fenrir-v18-arrival-ready-beds,B,1.0,1.0,0.0,pool
3,live+trauma,gavroche-v32-supported-divecap,B,0.0,0.0,0.0,pool
3,live+trauma,hunter-v20-portal-scouts,B,0.0,0.0,0.0,pool
3,live+trauma,kazuha-s01-swarm-dissolve,B,1.0,1.0,0.0,pool
3,live+trauma,ouroboros-m01-vibing-mimic,B,1.0,1.0,0.0,pool
3,live+trauma,sinbad-v07-divecap,B,1.0,0.0,1.0,pool
3,live+trauma,yuna-v05-core,B,1.0,1.0,0.0,pool
3,live+trophy,chaewon-y04-probe,A,1.0,1.0,0.0,pool
3,live+trophy,fenrir-v18-arrival-ready-beds,A,0.0,0.0,0.0,pool
3,live+trophy,gavroche-v32-supported-divecap,A,1.0,1.0,0.0,pool
3,live+trophy,hunter-v20-portal-scouts,A,1.0,1.0,0.0,pool
3,live+trophy,kazuha-s01-swarm-dissolve,A,1.0,1.0,0.0,pool
3,live+trophy,ouroboros-m01-vibing-mimic,A,1.0,1.0,0.0,pool
3,live+trophy,sinbad-v07-divecap,A,1.0,1.0,0.0,pool
3,live+trophy,yuna-v05-core,A,1.0,1.0,0.0,pool
3,live+trophy,chaewon-y04-probe,B,1.0,1.0,0.0,pool
3,live+trophy,fenrir-v18-arrival-ready-beds,B,0.0,0.0,0.0,pool
3,live+trophy,gavroche-v32-supported-divecap,B,0.0,0.0,0.0,pool
3,live+trophy,hunter-v20-portal-scouts,B,1.0,1.0,0.0,pool
3,live+trophy,kazuha-s01-swarm-dissolve,B,1.0,1.0,0.0,pool
3,live+trophy,ouroboros-m01-vibing-mimic,B,0.0,0.0,0.0,pool
3,live+trophy,sinbad-v07-divecap,B,0.0,0.0,0.0,pool
3,live+trophy,yuna-v05-core,B,1.0,1.0,0.0,pool
3,live+unsw,chaewon-y04-probe,A,1.0,1.0,0.0,pool
3,live+unsw,fenrir-v18-arrival-ready-beds,A,1.0,1.0,0.0,pool
3,live+unsw,gavroche-v32-supported-divecap,A,1.0,1.0,0.0,pool
3,live+unsw,hunter-v20-portal-scouts,A,1.0,1.0,0.0,pool
3,live+unsw,kazuha-s01-swarm-dissolve,A,1.0,1.0,0.0,pool
3,live+unsw,ouroboros-m01-vibing-mimic,A,1.0,1.0,0.0,pool
3,live+unsw,sinbad-v07-divecap,A,1.0,1.0,0.0,pool
3,live+unsw,yuna-v05-core,A,1.0,1.0,0.0,pool
3,live+unsw,chaewon-y04-probe,B,1.0,1.0,0.0,pool
3,live+unsw,fenrir-v18-arrival-ready-beds,B,0.0,0.0,0.0,pool
3,live+unsw,gavroche-v32-supported-divecap,B,1.0,1.0,0.0,pool
3,live+unsw,hunter-v20-portal-scouts,B,1.0,1.0,0.0,pool
3,live+unsw,kazuha-s01-swarm-dissolve,B,1.0,1.0,0.0,pool
3,live+unsw,ouroboros-m01-vibing-mimic,B,1.0,1.0,0.0,pool
3,live+unsw,sinbad-v07-divecap,B,1.0,1.0,0.0,pool
3,live+unsw,yuna-v05-core,B,1.0,1.0,0.0,pool
3,live+weakhold,chaewon-y04-probe,A,1.0,0.0,1.0,pool
3,live+weakhold,fenrir-v18-arrival-ready-beds,A,1.0,0.0,1.0,pool
3,live+weakhold,gavroche-v32-supported-divecap,A,1.0,1.0,0.0,pool
3,live+weakhold,hunter-v20-portal-scouts,A,1.0,0.0,1.0,pool
3,live+weakhold,kazuha-s01-swarm-dissolve,A,1.0,1.0,0.0,pool
3,live+weakhold,ouroboros-m01-vibing-mimic,A,1.0,1.0,0.0,pool
3,live+weakhold,sinbad-v07-divecap,A,1.0,1.0,0.0,pool
3,live+weakhold,yuna-v05-core,A,1.0,0.0,1.0,pool
3,live+weakhold,chaewon-y04-probe,B,1.0,1.0,0.0,pool
3,live+weakhold,fenrir-v18-arrival-ready-beds,B,0.0,0.0,0.0,pool
3,live+weakhold,gavroche-v32-supported-divecap,B,1.0,1.0,0.0,pool
3,live+weakhold,hunter-v20-portal-scouts,B,0.0,0.0,0.0,pool
3,live+weakhold,kazuha-s01-swarm-dissolve,B,1.0,1.0,0.0,pool
3,live+weakhold,ouroboros-m01-vibing-mimic,B,1.0,0.0,1.0,pool
3,live+weakhold,sinbad-v07-divecap,B,1.0,1.0,0.0,pool
3,live+weakhold,yuna-v05-core,B,1.0,1.0,0.0,pool
1,m2tr+autarky_tr,chaewon-y04-probe,A,1.0,1.0,0.0,gen
1,m2tr+autarky_tr,fenrir-v18-arrival-ready-beds,A,1.0,1.0,0.0,gen
1,m2tr+autarky_tr,gavroche-v32-supported-divecap,A,1.0,1.0,0.0,gen
1,m2tr+autarky_tr,hunter-v20-portal-scouts,A,1.0,1.0,0.0,gen
1,m2tr+autarky_tr,kazuha-s01-swarm-dissolve,A,1.0,1.0,0.0,gen
1,m2tr+autarky_tr,ouroboros-m01-vibing-mimic,A,1.0,1.0,0.0,gen
1,m2tr+autarky_tr,sinbad-v07-divecap,A,1.0,1.0,0.0,gen
1,m2tr+autarky_tr,yuna-v05-core,A,1.0,1.0,0.0,gen
1,m2tr+autarky_tr,chaewon-y04-probe,B,1.0,1.0,0.0,gen
1,m2tr+autarky_tr,fenrir-v18-arrival-ready-beds,B,1.0,1.0,0.0,gen
1,m2tr+autarky_tr,gavroche-v32-supported-divecap,B,1.0,1.0,0.0,gen
1,m2tr+autarky_tr,hunter-v20-portal-scouts,B,1.0,1.0,0.0,gen
1,m2tr+autarky_tr,kazuha-s01-swarm-dissolve,B,1.0,1.0,0.0,gen
1,m2tr+autarky_tr,ouroboros-m01-vibing-mimic,B,1.0,1.0,0.0,gen
1,m2tr+autarky_tr,sinbad-v07-divecap,B,1.0,1.0,0.0,gen
1,m2tr+autarky_tr,yuna-v05-core,B,1.0,1.0,0.0,gen
1,m2tr+default_tr,chaewon-y04-probe,A,1.0,1.0,0.0,gen
1,m2tr+default_tr,fenrir-v18-arrival-ready-beds,A,0.0,0.0,0.0,gen
1,m2tr+default_tr,gavroche-v32-supported-divecap,A,0.0,0.0,0.0,gen
1,m2tr+default_tr,hunter-v20-portal-scouts,A,1.0,1.0,0.0,gen
1,m2tr+default_tr,kazuha-s01-swarm-dissolve,A,1.0,1.0,0.0,gen
1,m2tr+default_tr,ouroboros-m01-vibing-mimic,A,0.0,0.0,0.0,gen
1,m2tr+default_tr,sinbad-v07-divecap,A,0.0,0.0,0.0,gen
1,m2tr+default_tr,yuna-v05-core,A,1.0,1.0,0.0,gen
1,m2tr+default_tr,chaewon-y04-probe,B,1.0,1.0,0.0,gen
1,m2tr+default_tr,fenrir-v18-arrival-ready-beds,B,0.0,0.0,0.0,gen
1,m2tr+default_tr,gavroche-v32-supported-divecap,B,0.0,0.0,0.0,gen
1,m2tr+default_tr,hunter-v20-portal-scouts,B,1.0,1.0,0.0,gen
1,m2tr+default_tr,kazuha-s01-swarm-dissolve,B,1.0,1.0,0.0,gen
1,m2tr+default_tr,ouroboros-m01-vibing-mimic,B,1.0,1.0,0.0,gen
1,m2tr+default_tr,sinbad-v07-divecap,B,1.0,1.0,0.0,gen
1,m2tr+default_tr,yuna-v05-core,B,1.0,1.0,0.0,gen
1,m2tr+dilemma_tr,chaewon-y04-probe,A,1.0,1.0,0.0,gen
1,m2tr+dilemma_tr,fenrir-v18-arrival-ready-beds,A,1.0,1.0,0.0,gen
1,m2tr+dilemma_tr,gavroche-v32-supported-divecap,A,1.0,1.0,0.0,gen
1,m2tr+dilemma_tr,hunter-v20-portal-scouts,A,1.0,1.0,0.0,gen
1,m2tr+dilemma_tr,kazuha-s01-swarm-dissolve,A,1.0,1.0,0.0,gen
1,m2tr+dilemma_tr,ouroboros-m01-vibing-mimic,A,1.0,1.0,0.0,gen
1,m2tr+dilemma_tr,sinbad-v07-divecap,A,1.0,1.0,0.0,gen
1,m2tr+dilemma_tr,yuna-v05-core,A,1.0,1.0,0.0,gen
1,m2tr+dilemma_tr,chaewon-y04-probe,B,1.0,1.0,0.0,gen
1,m2tr+dilemma_tr,fenrir-v18-arrival-ready-beds,B,1.0,1.0,0.0,gen
1,m2tr+dilemma_tr,gavroche-v32-supported-divecap,B,1.0,1.0,0.0,gen
1,m2tr+dilemma_tr,hunter-v20-portal-scouts,B,1.0,1.0,0.0,gen
1,m2tr+dilemma_tr,kazuha-s01-swarm-dissolve,B,1.0,1.0,0.0,gen
1,m2tr+dilemma_tr,ouroboros-m01-vibing-mimic,B,1.0,1.0,0.0,gen
1,m2tr+dilemma_tr,sinbad-v07-divecap,B,1.0,1.0,0.0,gen
1,m2tr+dilemma_tr,yuna-v05-core,B,1.0,1.0,0.0,gen
1,m2tr+trophy_tr,chaewon-y04-probe,A,0.0,0.0,0.0,gen
1,m2tr+trophy_tr,fenrir-v18-arrival-ready-beds,A,1.0,1.0,0.0,gen
1,m2tr+trophy_tr,gavroche-v32-supported-divecap,A,0.0,0.0,0.0,gen
1,m2tr+trophy_tr,hunter-v20-portal-scouts,A,1.0,1.0,0.0,gen
1,m2tr+trophy_tr,kazuha-s01-swarm-dissolve,A,1.0,1.0,0.0,gen
1,m2tr+trophy_tr,ouroboros-m01-vibing-mimic,A,0.0,0.0,0.0,gen
1,m2tr+trophy_tr,sinbad-v07-divecap,A,0.0,0.0,0.0,gen
1,m2tr+trophy_tr,yuna-v05-core,A,0.0,0.0,0.0,gen
1,m2tr+trophy_tr,chaewon-y04-probe,B,1.0,1.0,0.0,gen
1,m2tr+trophy_tr,fenrir-v18-arrival-ready-beds,B,1.0,1.0,0.0,gen
1,m2tr+trophy_tr,gavroche-v32-supported-divecap,B,1.0,1.0,0.0,gen
1,m2tr+trophy_tr,hunter-v20-portal-scouts,B,1.0,1.0,0.0,gen
1,m2tr+trophy_tr,kazuha-s01-swarm-dissolve,B,1.0,1.0,0.0,gen
1,m2tr+trophy_tr,ouroboros-m01-vibing-mimic,B,1.0,1.0,0.0,gen
1,m2tr+trophy_tr,sinbad-v07-divecap,B,1.0,1.0,0.0,gen
1,m2tr+trophy_tr,yuna-v05-core,B,1.0,1.0,0.0,gen
1,new+mc26_archipelago,chaewon-y04-probe,A,1.0,1.0,0.0,gen
1,new+mc26_archipelago,fenrir-v18-arrival-ready-beds,A,1.0,1.0,0.0,gen
1,new+mc26_archipelago,gavroche-v32-supported-divecap,A,1.0,1.0,0.0,gen
1,new+mc26_archipelago,hunter-v20-portal-scouts,A,1.0,1.0,0.0,gen
1,new+mc26_archipelago,kazuha-s01-swarm-dissolve,A,1.0,1.0,0.0,gen
1,new+mc26_archipelago,ouroboros-m01-vibing-mimic,A,1.0,1.0,0.0,gen
1,new+mc26_archipelago,sinbad-v07-divecap,A,1.0,1.0,0.0,gen
1,new+mc26_archipelago,yuna-v05-core,A,1.0,1.0,0.0,gen
1,new+mc26_archipelago,chaewon-y04-probe,B,0.0,0.0,0.0,gen
1,new+mc26_archipelago,fenrir-v18-arrival-ready-beds,B,1.0,1.0,0.0,gen
1,new+mc26_archipelago,gavroche-v32-supported-divecap,B,0.0,0.0,0.0,gen
1,new+mc26_archipelago,hunter-v20-portal-scouts,B,1.0,1.0,0.0,gen
1,new+mc26_archipelago,kazuha-s01-swarm-dissolve,B,1.0,1.0,0.0,gen
1,new+mc26_archipelago,ouroboros-m01-vibing-mimic,B,0.0,0.0,0.0,gen
1,new+mc26_archipelago,sinbad-v07-divecap,B,1.0,1.0,0.0,gen
1,new+mc26_archipelago,yuna-v05-core,B,0.0,0.0,0.0,gen
1,new+mc26_crossroads,chaewon-y04-probe,A,1.0,1.0,0.0,gen
1,new+mc26_crossroads,fenrir-v18-arrival-ready-beds,A,0.0,0.0,0.0,gen
1,new+mc26_crossroads,gavroche-v32-supported-divecap,A,1.0,1.0,0.0,gen
1,new+mc26_crossroads,hunter-v20-portal-scouts,A,0.0,0.0,0.0,gen
1,new+mc26_crossroads,kazuha-s01-swarm-dissolve,A,0.0,0.0,0.0,gen
1,new+mc26_crossroads,ouroboros-m01-vibing-mimic,A,1.0,1.0,0.0,gen
1,new+mc26_crossroads,sinbad-v07-divecap,A,0.0,0.0,0.0,gen
1,new+mc26_crossroads,yuna-v05-core,A,1.0,1.0,0.0,gen
1,new+mc26_crossroads,chaewon-y04-probe,B,1.0,1.0,0.0,gen
1,new+mc26_crossroads,fenrir-v18-arrival-ready-beds,B,0.0,0.0,0.0,gen
1,new+mc26_crossroads,gavroche-v32-supported-divecap,B,0.0,0.0,0.0,gen
1,new+mc26_crossroads,hunter-v20-portal-scouts,B,1.0,1.0,0.0,gen
1,new+mc26_crossroads,kazuha-s01-swarm-dissolve,B,1.0,1.0,0.0,gen
1,new+mc26_crossroads,ouroboros-m01-vibing-mimic,B,1.0,1.0,0.0,gen
1,new+mc26_crossroads,sinbad-v07-divecap,B,0.0,0.0,0.0,gen
1,new+mc26_crossroads,yuna-v05-core,B,1.0,1.0,0.0,gen
1,new+mc26_delayed_commons,chaewon-y04-probe,A,0.0,0.0,0.0,gen
1,new+mc26_delayed_commons,fenrir-v18-arrival-ready-beds,A,0.0,0.0,0.0,gen
1,new+mc26_delayed_commons,gavroche-v32-supported-divecap,A,1.0,1.0,0.0,gen
1,new+mc26_delayed_commons,hunter-v20-portal-scouts,A,0.0,0.0,0.0,gen
1,new+mc26_delayed_commons,kazuha-s01-swarm-dissolve,A,1.0,1.0,0.0,gen
1,new+mc26_delayed_commons,ouroboros-m01-vibing-mimic,A,1.0,1.0,0.0,gen
1,new+mc26_delayed_commons,sinbad-v07-divecap,A,1.0,1.0,0.0,gen
1,new+mc26_delayed_commons,yuna-v05-core,A,0.0,0.0,0.0,gen
1,new+mc26_delayed_commons,chaewon-y04-probe,B,1.0,1.0,0.0,gen
1,new+mc26_delayed_commons,fenrir-v18-arrival-ready-beds,B,0.0,0.0,0.0,gen
1,new+mc26_delayed_commons,gavroche-v32-supported-divecap,B,1.0,1.0,0.0,gen
1,new+mc26_delayed_commons,hunter-v20-portal-scouts,B,0.0,0.0,0.0,gen
1,new+mc26_delayed_commons,kazuha-s01-swarm-dissolve,B,1.0,1.0,0.0,gen
1,new+mc26_delayed_commons,ouroboros-m01-vibing-mimic,B,1.0,1.0,0.0,gen
1,new+mc26_delayed_commons,sinbad-v07-divecap,B,1.0,1.0,0.0,gen
1,new+mc26_delayed_commons,yuna-v05-core,B,1.0,1.0,0.0,gen
1,new+mc26_equatorial_belt,chaewon-y04-probe,A,0.0,0.0,0.0,gen
1,new+mc26_equatorial_belt,fenrir-v18-arrival-ready-beds,A,0.0,0.0,0.0,gen
1,new+mc26_equatorial_belt,gavroche-v32-supported-divecap,A,0.0,0.0,0.0,gen
1,new+mc26_equatorial_belt,hunter-v20-portal-scouts,A,1.0,1.0,0.0,gen
1,new+mc26_equatorial_belt,kazuha-s01-swarm-dissolve,A,1.0,1.0,0.0,gen
1,new+mc26_equatorial_belt,ouroboros-m01-vibing-mimic,A,0.0,0.0,0.0,gen
1,new+mc26_equatorial_belt,sinbad-v07-divecap,A,0.0,0.0,0.0,gen
1,new+mc26_equatorial_belt,yuna-v05-core,A,0.0,0.0,0.0,gen
1,new+mc26_equatorial_belt,chaewon-y04-probe,B,1.0,1.0,0.0,gen
1,new+mc26_equatorial_belt,fenrir-v18-arrival-ready-beds,B,1.0,1.0,0.0,gen
1,new+mc26_equatorial_belt,gavroche-v32-supported-divecap,B,1.0,1.0,0.0,gen
1,new+mc26_equatorial_belt,hunter-v20-portal-scouts,B,1.0,1.0,0.0,gen
1,new+mc26_equatorial_belt,kazuha-s01-swarm-dissolve,B,1.0,1.0,0.0,gen
1,new+mc26_equatorial_belt,ouroboros-m01-vibing-mimic,B,1.0,1.0,0.0,gen
1,new+mc26_equatorial_belt,sinbad-v07-divecap,B,1.0,1.0,0.0,gen
1,new+mc26_equatorial_belt,yuna-v05-core,B,1.0,1.0,0.0,gen
1,new+mc26_far_harbors,chaewon-y04-probe,A,1.0,1.0,0.0,gen
1,new+mc26_far_harbors,fenrir-v18-arrival-ready-beds,A,0.0,0.0,0.0,gen
1,new+mc26_far_harbors,gavroche-v32-supported-divecap,A,1.0,1.0,0.0,gen
1,new+mc26_far_harbors,hunter-v20-portal-scouts,A,0.0,0.0,0.0,gen
1,new+mc26_far_harbors,kazuha-s01-swarm-dissolve,A,1.0,1.0,0.0,gen
1,new+mc26_far_harbors,ouroboros-m01-vibing-mimic,A,0.0,0.0,0.0,gen
1,new+mc26_far_harbors,sinbad-v07-divecap,A,1.0,1.0,0.0,gen
1,new+mc26_far_harbors,yuna-v05-core,A,1.0,1.0,0.0,gen
1,new+mc26_far_harbors,chaewon-y04-probe,B,0.0,0.0,0.0,gen
1,new+mc26_far_harbors,fenrir-v18-arrival-ready-beds,B,0.0,0.0,0.0,gen
1,new+mc26_far_harbors,gavroche-v32-supported-divecap,B,0.0,0.0,0.0,gen
1,new+mc26_far_harbors,hunter-v20-portal-scouts,B,1.0,1.0,0.0,gen
1,new+mc26_far_harbors,kazuha-s01-swarm-dissolve,B,1.0,1.0,0.0,gen
1,new+mc26_far_harbors,ouroboros-m01-vibing-mimic,B,0.0,0.0,0.0,gen
1,new+mc26_far_harbors,sinbad-v07-divecap,B,1.0,1.0,0.0,gen
1,new+mc26_far_harbors,yuna-v05-core,B,0.0,0.0,0.0,gen
1,new+mc26_nursery_bays,chaewon-y04-probe,A,1.0,1.0,0.0,gen
1,new+mc26_nursery_bays,fenrir-v18-arrival-ready-beds,A,1.0,1.0,0.0,gen
1,new+mc26_nursery_bays,gavroche-v32-supported-divecap,A,1.0,1.0,0.0,gen
1,new+mc26_nursery_bays,hunter-v20-portal-scouts,A,1.0,1.0,0.0,gen
1,new+mc26_nursery_bays,kazuha-s01-swarm-dissolve,A,1.0,1.0,0.0,gen
1,new+mc26_nursery_bays,ouroboros-m01-vibing-mimic,A,1.0,1.0,0.0,gen
1,new+mc26_nursery_bays,sinbad-v07-divecap,A,0.0,0.0,0.0,gen
1,new+mc26_nursery_bays,yuna-v05-core,A,1.0,1.0,0.0,gen
1,new+mc26_nursery_bays,chaewon-y04-probe,B,1.0,1.0,0.0,gen
1,new+mc26_nursery_bays,fenrir-v18-arrival-ready-beds,B,1.0,1.0,0.0,gen
1,new+mc26_nursery_bays,gavroche-v32-supported-divecap,B,1.0,1.0,0.0,gen
1,new+mc26_nursery_bays,hunter-v20-portal-scouts,B,1.0,1.0,0.0,gen
1,new+mc26_nursery_bays,kazuha-s01-swarm-dissolve,B,1.0,1.0,0.0,gen
1,new+mc26_nursery_bays,ouroboros-m01-vibing-mimic,B,1.0,1.0,0.0,gen
1,new+mc26_nursery_bays,sinbad-v07-divecap,B,1.0,1.0,0.0,gen
1,new+mc26_nursery_bays,yuna-v05-core,B,1.0,1.0,0.0,gen
1,new+mc26_pinwheel,chaewon-y04-probe,A,1.0,1.0,0.0,gen
1,new+mc26_pinwheel,fenrir-v18-arrival-ready-beds,A,1.0,1.0,0.0,gen
1,new+mc26_pinwheel,gavroche-v32-supported-divecap,A,1.0,1.0,0.0,gen
1,new+mc26_pinwheel,hunter-v20-portal-scouts,A,1.0,1.0,0.0,gen
1,new+mc26_pinwheel,kazuha-s01-swarm-dissolve,A,1.0,1.0,0.0,gen
1,new+mc26_pinwheel,ouroboros-m01-vibing-mimic,A,1.0,1.0,0.0,gen
1,new+mc26_pinwheel,sinbad-v07-divecap,A,1.0,1.0,0.0,gen
1,new+mc26_pinwheel,yuna-v05-core,A,1.0,1.0,0.0,gen
1,new+mc26_pinwheel,chaewon-y04-probe,B,1.0,1.0,0.0,gen
1,new+mc26_pinwheel,fenrir-v18-arrival-ready-beds,B,0.0,0.0,0.0,gen
1,new+mc26_pinwheel,gavroche-v32-supported-divecap,B,0.0,0.0,0.0,gen
1,new+mc26_pinwheel,hunter-v20-portal-scouts,B,0.0,0.0,0.0,gen
1,new+mc26_pinwheel,kazuha-s01-swarm-dissolve,B,1.0,1.0,0.0,gen
1,new+mc26_pinwheel,ouroboros-m01-vibing-mimic,B,1.0,1.0,0.0,gen
1,new+mc26_pinwheel,sinbad-v07-divecap,B,0.0,0.0,0.0,gen
1,new+mc26_pinwheel,yuna-v05-core,B,1.0,1.0,0.0,gen
1,new+mc26_portal_quartet,chaewon-y04-probe,A,1.0,1.0,0.0,gen
1,new+mc26_portal_quartet,fenrir-v18-arrival-ready-beds,A,1.0,1.0,0.0,gen
1,new+mc26_portal_quartet,gavroche-v32-supported-divecap,A,1.0,1.0,0.0,gen
1,new+mc26_portal_quartet,hunter-v20-portal-scouts,A,1.0,1.0,0.0,gen
1,new+mc26_portal_quartet,kazuha-s01-swarm-dissolve,A,1.0,1.0,0.0,gen
1,new+mc26_portal_quartet,ouroboros-m01-vibing-mimic,A,1.0,1.0,0.0,gen
1,new+mc26_portal_quartet,sinbad-v07-divecap,A,1.0,1.0,0.0,gen
1,new+mc26_portal_quartet,yuna-v05-core,A,1.0,1.0,0.0,gen
1,new+mc26_portal_quartet,chaewon-y04-probe,B,1.0,1.0,0.0,gen
1,new+mc26_portal_quartet,fenrir-v18-arrival-ready-beds,B,1.0,1.0,0.0,gen
1,new+mc26_portal_quartet,gavroche-v32-supported-divecap,B,1.0,1.0,0.0,gen
1,new+mc26_portal_quartet,hunter-v20-portal-scouts,B,1.0,1.0,0.0,gen
1,new+mc26_portal_quartet,kazuha-s01-swarm-dissolve,B,1.0,1.0,0.0,gen
1,new+mc26_portal_quartet,ouroboros-m01-vibing-mimic,B,1.0,1.0,0.0,gen
1,new+mc26_portal_quartet,sinbad-v07-divecap,B,1.0,1.0,0.0,gen
1,new+mc26_portal_quartet,yuna-v05-core,B,1.0,1.0,0.0,gen
1,new+mc26_pulse_farms,chaewon-y04-probe,A,1.0,1.0,0.0,gen
1,new+mc26_pulse_farms,fenrir-v18-arrival-ready-beds,A,0.0,0.0,0.0,gen
1,new+mc26_pulse_farms,gavroche-v32-supported-divecap,A,0.0,0.0,0.0,gen
1,new+mc26_pulse_farms,hunter-v20-portal-scouts,A,1.0,1.0,0.0,gen
1,new+mc26_pulse_farms,kazuha-s01-swarm-dissolve,A,1.0,1.0,0.0,gen
1,new+mc26_pulse_farms,ouroboros-m01-vibing-mimic,A,1.0,1.0,0.0,gen
1,new+mc26_pulse_farms,sinbad-v07-divecap,A,0.0,0.0,0.0,gen
1,new+mc26_pulse_farms,yuna-v05-core,A,1.0,1.0,0.0,gen
1,new+mc26_pulse_farms,chaewon-y04-probe,B,1.0,1.0,0.0,gen
1,new+mc26_pulse_farms,fenrir-v18-arrival-ready-beds,B,1.0,1.0,0.0,gen
1,new+mc26_pulse_farms,gavroche-v32-supported-divecap,B,1.0,1.0,0.0,gen
1,new+mc26_pulse_farms,hunter-v20-portal-scouts,B,0.0,0.0,0.0,gen
1,new+mc26_pulse_farms,kazuha-s01-swarm-dissolve,B,1.0,1.0,0.0,gen
1,new+mc26_pulse_farms,ouroboros-m01-vibing-mimic,B,1.0,1.0,0.0,gen
1,new+mc26_pulse_farms,sinbad-v07-divecap,B,1.0,1.0,0.0,gen
1,new+mc26_pulse_farms,yuna-v05-core,B,1.0,1.0,0.0,gen
1,new+mc26_relay_depots,chaewon-y04-probe,A,0.0,0.0,0.0,gen
1,new+mc26_relay_depots,fenrir-v18-arrival-ready-beds,A,1.0,1.0,0.0,gen
1,new+mc26_relay_depots,gavroche-v32-supported-divecap,A,1.0,1.0,0.0,gen
1,new+mc26_relay_depots,hunter-v20-portal-scouts,A,1.0,1.0,0.0,gen
1,new+mc26_relay_depots,kazuha-s01-swarm-dissolve,A,1.0,1.0,0.0,gen
1,new+mc26_relay_depots,ouroboros-m01-vibing-mimic,A,1.0,1.0,0.0,gen
1,new+mc26_relay_depots,sinbad-v07-divecap,A,1.0,1.0,0.0,gen
1,new+mc26_relay_depots,yuna-v05-core,A,0.0,0.0,0.0,gen
1,new+mc26_relay_depots,chaewon-y04-probe,B,0.0,0.0,0.0,gen
1,new+mc26_relay_depots,fenrir-v18-arrival-ready-beds,B,1.0,1.0,0.0,gen
1,new+mc26_relay_depots,gavroche-v32-supported-divecap,B,1.0,1.0,0.0,gen
1,new+mc26_relay_depots,hunter-v20-portal-scouts,B,1.0,1.0,0.0,gen
1,new+mc26_relay_depots,kazuha-s01-swarm-dissolve,B,1.0,1.0,0.0,gen
1,new+mc26_relay_depots,ouroboros-m01-vibing-mimic,B,1.0,1.0,0.0,gen
1,new+mc26_relay_depots,sinbad-v07-divecap,B,1.0,1.0,0.0,gen
1,new+mc26_relay_depots,yuna-v05-core,B,0.0,0.0,0.0,gen
1,new+mc26_scattered_fleets,chaewon-y04-probe,A,1.0,1.0,0.0,gen
1,new+mc26_scattered_fleets,fenrir-v18-arrival-ready-beds,A,0.0,0.0,0.0,gen
1,new+mc26_scattered_fleets,gavroche-v32-supported-divecap,A,1.0,1.0,0.0,gen
1,new+mc26_scattered_fleets,hunter-v20-portal-scouts,A,1.0,1.0,0.0,gen
1,new+mc26_scattered_fleets,kazuha-s01-swarm-dissolve,A,1.0,1.0,0.0,gen
1,new+mc26_scattered_fleets,ouroboros-m01-vibing-mimic,A,0.0,0.0,0.0,gen
1,new+mc26_scattered_fleets,sinbad-v07-divecap,A,1.0,1.0,0.0,gen
1,new+mc26_scattered_fleets,yuna-v05-core,A,1.0,1.0,0.0,gen
1,new+mc26_scattered_fleets,chaewon-y04-probe,B,1.0,1.0,0.0,gen
1,new+mc26_scattered_fleets,fenrir-v18-arrival-ready-beds,B,1.0,1.0,0.0,gen
1,new+mc26_scattered_fleets,gavroche-v32-supported-divecap,B,1.0,1.0,0.0,gen
1,new+mc26_scattered_fleets,hunter-v20-portal-scouts,B,1.0,1.0,0.0,gen
1,new+mc26_scattered_fleets,kazuha-s01-swarm-dissolve,B,1.0,1.0,0.0,gen
1,new+mc26_scattered_fleets,ouroboros-m01-vibing-mimic,B,1.0,1.0,0.0,gen
1,new+mc26_scattered_fleets,sinbad-v07-divecap,B,1.0,1.0,0.0,gen
1,new+mc26_scattered_fleets,yuna-v05-core,B,1.0,1.0,0.0,gen
1,new+mc26_seam_market,chaewon-y04-probe,A,0.0,0.0,0.0,gen
1,new+mc26_seam_market,fenrir-v18-arrival-ready-beds,A,0.0,0.0,0.0,gen
1,new+mc26_seam_market,gavroche-v32-supported-divecap,A,0.0,0.0,0.0,gen
1,new+mc26_seam_market,hunter-v20-portal-scouts,A,0.0,0.0,0.0,gen
1,new+mc26_seam_market,kazuha-s01-swarm-dissolve,A,1.0,1.0,0.0,gen
1,new+mc26_seam_market,ouroboros-m01-vibing-mimic,A,0.0,0.0,0.0,gen
1,new+mc26_seam_market,sinbad-v07-divecap,A,0.0,0.0,0.0,gen
1,new+mc26_seam_market,yuna-v05-core,A,0.0,0.0,0.0,gen
1,new+mc26_seam_market,chaewon-y04-probe,B,0.0,0.0,0.0,gen
1,new+mc26_seam_market,fenrir-v18-arrival-ready-beds,B,0.0,0.0,0.0,gen
1,new+mc26_seam_market,gavroche-v32-supported-divecap,B,0.0,0.0,0.0,gen
1,new+mc26_seam_market,hunter-v20-portal-scouts,B,0.0,0.0,0.0,gen
1,new+mc26_seam_market,kazuha-s01-swarm-dissolve,B,0.0,0.0,0.0,gen
1,new+mc26_seam_market,ouroboros-m01-vibing-mimic,B,0.0,0.0,0.0,gen
1,new+mc26_seam_market,sinbad-v07-divecap,B,0.0,0.0,0.0,gen
1,new+mc26_seam_market,yuna-v05-core,B,0.0,0.0,0.0,gen
1,new+mc26_spring_wells,chaewon-y04-probe,A,1.0,1.0,0.0,gen
1,new+mc26_spring_wells,fenrir-v18-arrival-ready-beds,A,0.0,0.0,0.0,gen
1,new+mc26_spring_wells,gavroche-v32-supported-divecap,A,0.0,0.0,0.0,gen
1,new+mc26_spring_wells,hunter-v20-portal-scouts,A,1.0,1.0,0.0,gen
1,new+mc26_spring_wells,kazuha-s01-swarm-dissolve,A,0.0,0.0,0.0,gen
1,new+mc26_spring_wells,ouroboros-m01-vibing-mimic,A,1.0,1.0,0.0,gen
1,new+mc26_spring_wells,sinbad-v07-divecap,A,0.0,0.0,0.0,gen
1,new+mc26_spring_wells,yuna-v05-core,A,1.0,1.0,0.0,gen
1,new+mc26_spring_wells,chaewon-y04-probe,B,0.0,0.0,0.0,gen
1,new+mc26_spring_wells,fenrir-v18-arrival-ready-beds,B,1.0,1.0,0.0,gen
1,new+mc26_spring_wells,gavroche-v32-supported-divecap,B,0.0,0.0,0.0,gen
1,new+mc26_spring_wells,hunter-v20-portal-scouts,B,1.0,1.0,0.0,gen
1,new+mc26_spring_wells,kazuha-s01-swarm-dissolve,B,0.0,0.0,0.0,gen
1,new+mc26_spring_wells,ouroboros-m01-vibing-mimic,B,0.0,0.0,0.0,gen
1,new+mc26_spring_wells,sinbad-v07-divecap,B,0.0,0.0,0.0,gen
1,new+mc26_spring_wells,yuna-v05-core,B,0.0,0.0,0.0,gen
1,new+md26_causeway_detour_s0,chaewon-y04-probe,A,1.0,1.0,0.0,gen
1,new+md26_causeway_detour_s0,fenrir-v18-arrival-ready-beds,A,0.0,0.0,0.0,gen
1,new+md26_causeway_detour_s0,gavroche-v32-supported-divecap,A,0.0,0.0,0.0,gen
1,new+md26_causeway_detour_s0,hunter-v20-portal-scouts,A,1.0,1.0,0.0,gen
1,new+md26_causeway_detour_s0,kazuha-s01-swarm-dissolve,A,1.0,1.0,0.0,gen
1,new+md26_causeway_detour_s0,ouroboros-m01-vibing-mimic,A,1.0,1.0,0.0,gen
1,new+md26_causeway_detour_s0,sinbad-v07-divecap,A,1.0,1.0,0.0,gen
1,new+md26_causeway_detour_s0,yuna-v05-core,A,1.0,1.0,0.0,gen
1,new+md26_causeway_detour_s0,chaewon-y04-probe,B,1.0,1.0,0.0,gen
1,new+md26_causeway_detour_s0,fenrir-v18-arrival-ready-beds,B,1.0,1.0,0.0,gen
1,new+md26_causeway_detour_s0,gavroche-v32-supported-divecap,B,0.0,0.0,0.0,gen
1,new+md26_causeway_detour_s0,hunter-v20-portal-scouts,B,0.0,0.0,0.0,gen
1,new+md26_causeway_detour_s0,kazuha-s01-swarm-dissolve,B,1.0,1.0,0.0,gen
1,new+md26_causeway_detour_s0,ouroboros-m01-vibing-mimic,B,1.0,1.0,0.0,gen
1,new+md26_causeway_detour_s0,sinbad-v07-divecap,B,1.0,1.0,0.0,gen
1,new+md26_causeway_detour_s0,yuna-v05-core,B,1.0,1.0,0.0,gen
1,new+md26_causeway_portal_s0,chaewon-y04-probe,A,0.0,0.0,0.0,gen
1,new+md26_causeway_portal_s0,fenrir-v18-arrival-ready-beds,A,1.0,1.0,0.0,gen
1,new+md26_causeway_portal_s0,gavroche-v32-supported-divecap,A,1.0,1.0,0.0,gen
1,new+md26_causeway_portal_s0,hunter-v20-portal-scouts,A,1.0,1.0,0.0,gen
1,new+md26_causeway_portal_s0,kazuha-s01-swarm-dissolve,A,1.0,1.0,0.0,gen
1,new+md26_causeway_portal_s0,ouroboros-m01-vibing-mimic,A,1.0,1.0,0.0,gen
1,new+md26_causeway_portal_s0,sinbad-v07-divecap,A,1.0,1.0,0.0,gen
1,new+md26_causeway_portal_s0,yuna-v05-core,A,0.0,0.0,0.0,gen
1,new+md26_causeway_portal_s0,chaewon-y04-probe,B,1.0,1.0,0.0,gen
1,new+md26_causeway_portal_s0,fenrir-v18-arrival-ready-beds,B,1.0,1.0,0.0,gen
1,new+md26_causeway_portal_s0,gavroche-v32-supported-divecap,B,1.0,1.0,0.0,gen
1,new+md26_causeway_portal_s0,hunter-v20-portal-scouts,B,1.0,1.0,0.0,gen
1,new+md26_causeway_portal_s0,kazuha-s01-swarm-dissolve,B,1.0,1.0,0.0,gen
1,new+md26_causeway_portal_s0,ouroboros-m01-vibing-mimic,B,1.0,1.0,0.0,gen
1,new+md26_causeway_portal_s0,sinbad-v07-divecap,B,1.0,1.0,0.0,gen
1,new+md26_causeway_portal_s0,yuna-v05-core,B,1.0,1.0,0.0,gen
1,new+md26_commons_shared_s0,chaewon-y04-probe,A,1.0,1.0,0.0,gen
1,new+md26_commons_shared_s0,fenrir-v18-arrival-ready-beds,A,1.0,1.0,0.0,gen
1,new+md26_commons_shared_s0,gavroche-v32-supported-divecap,A,1.0,1.0,0.0,gen
1,new+md26_commons_shared_s0,hunter-v20-portal-scouts,A,0.0,0.0,0.0,gen
1,new+md26_commons_shared_s0,kazuha-s01-swarm-dissolve,A,1.0,1.0,0.0,gen
1,new+md26_commons_shared_s0,ouroboros-m01-vibing-mimic,A,1.0,1.0,0.0,gen
1,new+md26_commons_shared_s0,sinbad-v07-divecap,A,1.0,1.0,0.0,gen
1,new+md26_commons_shared_s0,yuna-v05-core,A,1.0,1.0,0.0,gen
1,new+md26_commons_shared_s0,chaewon-y04-probe,B,1.0,1.0,0.0,gen
1,new+md26_commons_shared_s0,fenrir-v18-arrival-ready-beds,B,1.0,1.0,0.0,gen
1,new+md26_commons_shared_s0,gavroche-v32-supported-divecap,B,1.0,1.0,0.0,gen
1,new+md26_commons_shared_s0,hunter-v20-portal-scouts,B,1.0,1.0,0.0,gen
1,new+md26_commons_shared_s0,kazuha-s01-swarm-dissolve,B,1.0,1.0,0.0,gen
1,new+md26_commons_shared_s0,ouroboros-m01-vibing-mimic,B,1.0,1.0,0.0,gen
1,new+md26_commons_shared_s0,sinbad-v07-divecap,B,1.0,1.0,0.0,gen
1,new+md26_commons_shared_s0,yuna-v05-core,B,1.0,1.0,0.0,gen
1,new+md26_commons_spread_s0,chaewon-y04-probe,A,1.0,1.0,0.0,gen
1,new+md26_commons_spread_s0,fenrir-v18-arrival-ready-beds,A,1.0,1.0,0.0,gen
1,new+md26_commons_spread_s0,gavroche-v32-supported-divecap,A,1.0,1.0,0.0,gen
1,new+md26_commons_spread_s0,hunter-v20-portal-scouts,A,0.0,0.0,0.0,gen
1,new+md26_commons_spread_s0,kazuha-s01-swarm-dissolve,A,1.0,1.0,0.0,gen
1,new+md26_commons_spread_s0,ouroboros-m01-vibing-mimic,A,0.0,0.0,0.0,gen
1,new+md26_commons_spread_s0,sinbad-v07-divecap,A,1.0,1.0,0.0,gen
1,new+md26_commons_spread_s0,yuna-v05-core,A,1.0,1.0,0.0,gen
1,new+md26_commons_spread_s0,chaewon-y04-probe,B,1.0,1.0,0.0,gen
1,new+md26_commons_spread_s0,fenrir-v18-arrival-ready-beds,B,1.0,1.0,0.0,gen
1,new+md26_commons_spread_s0,gavroche-v32-supported-divecap,B,1.0,1.0,0.0,gen
1,new+md26_commons_spread_s0,hunter-v20-portal-scouts,B,0.0,0.0,0.0,gen
1,new+md26_commons_spread_s0,kazuha-s01-swarm-dissolve,B,1.0,1.0,0.0,gen
1,new+md26_commons_spread_s0,ouroboros-m01-vibing-mimic,B,0.0,0.0,0.0,gen
1,new+md26_commons_spread_s0,sinbad-v07-divecap,B,1.0,1.0,0.0,gen
1,new+md26_commons_spread_s0,yuna-v05-core,B,1.0,1.0,0.0,gen
1,new+md26_orchard_narrow_s0,chaewon-y04-probe,A,1.0,1.0,0.0,gen
1,new+md26_orchard_narrow_s0,fenrir-v18-arrival-ready-beds,A,1.0,1.0,0.0,gen
1,new+md26_orchard_narrow_s0,gavroche-v32-supported-divecap,A,1.0,1.0,0.0,gen
1,new+md26_orchard_narrow_s0,hunter-v20-portal-scouts,A,1.0,1.0,0.0,gen
1,new+md26_orchard_narrow_s0,kazuha-s01-swarm-dissolve,A,1.0,1.0,0.0,gen
1,new+md26_orchard_narrow_s0,ouroboros-m01-vibing-mimic,A,1.0,1.0,0.0,gen
1,new+md26_orchard_narrow_s0,sinbad-v07-divecap,A,1.0,1.0,0.0,gen
1,new+md26_orchard_narrow_s0,yuna-v05-core,A,1.0,1.0,0.0,gen
1,new+md26_orchard_narrow_s0,chaewon-y04-probe,B,1.0,1.0,0.0,gen
1,new+md26_orchard_narrow_s0,fenrir-v18-arrival-ready-beds,B,1.0,1.0,0.0,gen
1,new+md26_orchard_narrow_s0,gavroche-v32-supported-divecap,B,1.0,1.0,0.0,gen
1,new+md26_orchard_narrow_s0,hunter-v20-portal-scouts,B,0.0,0.0,0.0,gen
1,new+md26_orchard_narrow_s0,kazuha-s01-swarm-dissolve,B,1.0,1.0,0.0,gen
1,new+md26_orchard_narrow_s0,ouroboros-m01-vibing-mimic,B,0.0,0.0,0.0,gen
1,new+md26_orchard_narrow_s0,sinbad-v07-divecap,B,1.0,1.0,0.0,gen
1,new+md26_orchard_narrow_s0,yuna-v05-core,B,1.0,1.0,0.0,gen
1,new+md26_orchard_wide_s0,chaewon-y04-probe,A,1.0,1.0,0.0,gen
1,new+md26_orchard_wide_s0,fenrir-v18-arrival-ready-beds,A,1.0,1.0,0.0,gen
1,new+md26_orchard_wide_s0,gavroche-v32-supported-divecap,A,1.0,1.0,0.0,gen
1,new+md26_orchard_wide_s0,hunter-v20-portal-scouts,A,0.0,0.0,0.0,gen
1,new+md26_orchard_wide_s0,kazuha-s01-swarm-dissolve,A,1.0,1.0,0.0,gen
1,new+md26_orchard_wide_s0,ouroboros-m01-vibing-mimic,A,1.0,1.0,0.0,gen
1,new+md26_orchard_wide_s0,sinbad-v07-divecap,A,1.0,1.0,0.0,gen
1,new+md26_orchard_wide_s0,yuna-v05-core,A,1.0,1.0,0.0,gen
1,new+md26_orchard_wide_s0,chaewon-y04-probe,B,1.0,1.0,0.0,gen
1,new+md26_orchard_wide_s0,fenrir-v18-arrival-ready-beds,B,1.0,1.0,0.0,gen
1,new+md26_orchard_wide_s0,gavroche-v32-supported-divecap,B,1.0,1.0,0.0,gen
1,new+md26_orchard_wide_s0,hunter-v20-portal-scouts,B,0.0,0.0,0.0,gen
1,new+md26_orchard_wide_s0,kazuha-s01-swarm-dissolve,B,1.0,1.0,0.0,gen
1,new+md26_orchard_wide_s0,ouroboros-m01-vibing-mimic,B,0.0,0.0,0.0,gen
1,new+md26_orchard_wide_s0,sinbad-v07-divecap,B,1.0,1.0,0.0,gen
1,new+md26_orchard_wide_s0,yuna-v05-core,B,1.0,1.0,0.0,gen
1,new+md26_promenade_ring_s0,chaewon-y04-probe,A,1.0,1.0,0.0,gen
1,new+md26_promenade_ring_s0,fenrir-v18-arrival-ready-beds,A,1.0,1.0,0.0,gen
1,new+md26_promenade_ring_s0,gavroche-v32-supported-divecap,A,1.0,1.0,0.0,gen
1,new+md26_promenade_ring_s0,hunter-v20-portal-scouts,A,1.0,1.0,0.0,gen
1,new+md26_promenade_ring_s0,kazuha-s01-swarm-dissolve,A,1.0,1.0,0.0,gen
1,new+md26_promenade_ring_s0,ouroboros-m01-vibing-mimic,A,1.0,1.0,0.0,gen
1,new+md26_promenade_ring_s0,sinbad-v07-divecap,A,1.0,1.0,0.0,gen
1,new+md26_promenade_ring_s0,yuna-v05-core,A,1.0,1.0,0.0,gen
1,new+md26_promenade_ring_s0,chaewon-y04-probe,B,1.0,1.0,0.0,gen
1,new+md26_promenade_ring_s0,fenrir-v18-arrival-ready-beds,B,0.0,0.0,0.0,gen
1,new+md26_promenade_ring_s0,gavroche-v32-supported-divecap,B,0.0,0.0,0.0,gen
1,new+md26_promenade_ring_s0,hunter-v20-portal-scouts,B,1.0,1.0,0.0,gen
1,new+md26_promenade_ring_s0,kazuha-s01-swarm-dissolve,B,1.0,1.0,0.0,gen
1,new+md26_promenade_ring_s0,ouroboros-m01-vibing-mimic,B,0.0,0.0,0.0,gen
1,new+md26_promenade_ring_s0,sinbad-v07-divecap,B,0.0,0.0,0.0,gen
1,new+md26_promenade_ring_s0,yuna-v05-core,B,1.0,1.0,0.0,gen
1,var+crossroads_tr,chaewon-y04-probe,A,1.0,1.0,0.0,gen
1,var+crossroads_tr,fenrir-v18-arrival-ready-beds,A,1.0,1.0,0.0,gen
1,var+crossroads_tr,gavroche-v32-supported-divecap,A,0.0,0.0,0.0,gen
1,var+crossroads_tr,hunter-v20-portal-scouts,A,0.0,0.0,0.0,gen
1,var+crossroads_tr,kazuha-s01-swarm-dissolve,A,1.0,1.0,0.0,gen
1,var+crossroads_tr,ouroboros-m01-vibing-mimic,A,1.0,1.0,0.0,gen
1,var+crossroads_tr,sinbad-v07-divecap,A,1.0,1.0,0.0,gen
1,var+crossroads_tr,yuna-v05-core,A,1.0,1.0,0.0,gen
1,var+crossroads_tr,chaewon-y04-probe,B,0.0,0.0,0.0,gen
1,var+crossroads_tr,fenrir-v18-arrival-ready-beds,B,0.0,0.0,0.0,gen
1,var+crossroads_tr,gavroche-v32-supported-divecap,B,0.0,0.0,0.0,gen
1,var+crossroads_tr,hunter-v20-portal-scouts,B,0.0,0.0,0.0,gen
1,var+crossroads_tr,kazuha-s01-swarm-dissolve,B,0.0,0.0,0.0,gen
1,var+crossroads_tr,ouroboros-m01-vibing-mimic,B,1.0,1.0,0.0,gen
1,var+crossroads_tr,sinbad-v07-divecap,B,1.0,1.0,0.0,gen
1,var+crossroads_tr,yuna-v05-core,B,0.0,0.0,0.0,gen
1,var+devil_tr,chaewon-y04-probe,A,1.0,1.0,0.0,gen
1,var+devil_tr,fenrir-v18-arrival-ready-beds,A,1.0,1.0,0.0,gen
1,var+devil_tr,gavroche-v32-supported-divecap,A,1.0,1.0,0.0,gen
1,var+devil_tr,hunter-v20-portal-scouts,A,1.0,1.0,0.0,gen
1,var+devil_tr,kazuha-s01-swarm-dissolve,A,1.0,1.0,0.0,gen
1,var+devil_tr,ouroboros-m01-vibing-mimic,A,1.0,1.0,0.0,gen
1,var+devil_tr,sinbad-v07-divecap,A,1.0,1.0,0.0,gen
1,var+devil_tr,yuna-v05-core,A,1.0,1.0,0.0,gen
1,var+devil_tr,chaewon-y04-probe,B,1.0,1.0,0.0,gen
1,var+devil_tr,fenrir-v18-arrival-ready-beds,B,1.0,1.0,0.0,gen
1,var+devil_tr,gavroche-v32-supported-divecap,B,1.0,1.0,0.0,gen
1,var+devil_tr,hunter-v20-portal-scouts,B,1.0,1.0,0.0,gen
1,var+devil_tr,kazuha-s01-swarm-dissolve,B,1.0,1.0,0.0,gen
1,var+devil_tr,ouroboros-m01-vibing-mimic,B,1.0,1.0,0.0,gen
1,var+devil_tr,sinbad-v07-divecap,B,1.0,1.0,0.0,gen
1,var+devil_tr,yuna-v05-core,B,1.0,1.0,0.0,gen
1,var+portals_tr,chaewon-y04-probe,A,1.0,1.0,0.0,gen
1,var+portals_tr,fenrir-v18-arrival-ready-beds,A,1.0,1.0,0.0,gen
1,var+portals_tr,gavroche-v32-supported-divecap,A,1.0,1.0,0.0,gen
1,var+portals_tr,hunter-v20-portal-scouts,A,1.0,1.0,0.0,gen
1,var+portals_tr,kazuha-s01-swarm-dissolve,A,1.0,1.0,0.0,gen
1,var+portals_tr,ouroboros-m01-vibing-mimic,A,0.0,0.0,0.0,gen
1,var+portals_tr,sinbad-v07-divecap,A,1.0,1.0,0.0,gen
1,var+portals_tr,yuna-v05-core,A,1.0,1.0,0.0,gen
1,var+portals_tr,chaewon-y04-probe,B,1.0,1.0,0.0,gen
1,var+portals_tr,fenrir-v18-arrival-ready-beds,B,1.0,1.0,0.0,gen
1,var+portals_tr,gavroche-v32-supported-divecap,B,1.0,0.0,1.0,gen
1,var+portals_tr,hunter-v20-portal-scouts,B,1.0,1.0,0.0,gen
1,var+portals_tr,kazuha-s01-swarm-dissolve,B,1.0,1.0,0.0,gen
1,var+portals_tr,ouroboros-m01-vibing-mimic,B,0.0,1.0,-1.0,gen
1,var+portals_tr,sinbad-v07-divecap,B,0.0,1.0,-1.0,gen
1,var+portals_tr,yuna-v05-core,B,1.0,0.0,1.0,gen
1,var+queen_of_spades_tr,chaewon-y04-probe,A,0.0,0.0,0.0,gen
1,var+queen_of_spades_tr,fenrir-v18-arrival-ready-beds,A,1.0,1.0,0.0,gen
1,var+queen_of_spades_tr,gavroche-v32-supported-divecap,A,0.0,0.0,0.0,gen
1,var+queen_of_spades_tr,hunter-v20-portal-scouts,A,1.0,1.0,0.0,gen
1,var+queen_of_spades_tr,kazuha-s01-swarm-dissolve,A,1.0,1.0,0.0,gen
1,var+queen_of_spades_tr,ouroboros-m01-vibing-mimic,A,1.0,1.0,0.0,gen
1,var+queen_of_spades_tr,sinbad-v07-divecap,A,1.0,1.0,0.0,gen
1,var+queen_of_spades_tr,yuna-v05-core,A,0.0,0.0,0.0,gen
1,var+queen_of_spades_tr,chaewon-y04-probe,B,0.0,0.0,0.0,gen
1,var+queen_of_spades_tr,fenrir-v18-arrival-ready-beds,B,0.0,0.0,0.0,gen
1,var+queen_of_spades_tr,gavroche-v32-supported-divecap,B,1.0,1.0,0.0,gen
1,var+queen_of_spades_tr,hunter-v20-portal-scouts,B,1.0,1.0,0.0,gen
1,var+queen_of_spades_tr,kazuha-s01-swarm-dissolve,B,1.0,1.0,0.0,gen
1,var+queen_of_spades_tr,ouroboros-m01-vibing-mimic,B,1.0,1.0,0.0,gen
1,var+queen_of_spades_tr,sinbad-v07-divecap,B,1.0,1.0,0.0,gen
1,var+queen_of_spades_tr,yuna-v05-core,B,0.0,0.0,0.0,gen
1,var+trauma_tr,chaewon-y04-probe,A,0.0,0.0,0.0,gen
1,var+trauma_tr,fenrir-v18-arrival-ready-beds,A,1.0,1.0,0.0,gen
1,var+trauma_tr,gavroche-v32-supported-divecap,A,0.0,0.0,0.0,gen
1,var+trauma_tr,hunter-v20-portal-scouts,A,1.0,1.0,0.0,gen
1,var+trauma_tr,kazuha-s01-swarm-dissolve,A,1.0,1.0,0.0,gen
1,var+trauma_tr,ouroboros-m01-vibing-mimic,A,1.0,1.0,0.0,gen
1,var+trauma_tr,sinbad-v07-divecap,A,1.0,1.0,0.0,gen
1,var+trauma_tr,yuna-v05-core,A,0.0,0.0,0.0,gen
1,var+trauma_tr,chaewon-y04-probe,B,1.0,1.0,0.0,gen
1,var+trauma_tr,fenrir-v18-arrival-ready-beds,B,1.0,1.0,0.0,gen
1,var+trauma_tr,gavroche-v32-supported-divecap,B,0.0,1.0,-1.0,gen
1,var+trauma_tr,hunter-v20-portal-scouts,B,0.0,0.0,0.0,gen
1,var+trauma_tr,kazuha-s01-swarm-dissolve,B,1.0,1.0,0.0,gen
1,var+trauma_tr,ouroboros-m01-vibing-mimic,B,1.0,1.0,0.0,gen
1,var+trauma_tr,sinbad-v07-divecap,B,1.0,1.0,0.0,gen
1,var+trauma_tr,yuna-v05-core,B,1.0,1.0,0.0,gen
2,m2tr+autarky_tr,chaewon-y04-probe,A,1.0,1.0,0.0,gen
2,m2tr+autarky_tr,fenrir-v18-arrival-ready-beds,A,0.0,0.0,0.0,gen
2,m2tr+autarky_tr,gavroche-v32-supported-divecap,A,0.0,0.0,0.0,gen
2,m2tr+autarky_tr,hunter-v20-portal-scouts,A,1.0,1.0,0.0,gen
2,m2tr+autarky_tr,kazuha-s01-swarm-dissolve,A,1.0,1.0,0.0,gen
2,m2tr+autarky_tr,ouroboros-m01-vibing-mimic,A,1.0,1.0,0.0,gen
2,m2tr+autarky_tr,sinbad-v07-divecap,A,1.0,1.0,0.0,gen
2,m2tr+autarky_tr,yuna-v05-core,A,1.0,1.0,0.0,gen
2,m2tr+autarky_tr,chaewon-y04-probe,B,1.0,1.0,0.0,gen
2,m2tr+autarky_tr,fenrir-v18-arrival-ready-beds,B,0.0,0.0,0.0,gen
2,m2tr+autarky_tr,gavroche-v32-supported-divecap,B,1.0,1.0,0.0,gen
2,m2tr+autarky_tr,hunter-v20-portal-scouts,B,1.0,1.0,0.0,gen
2,m2tr+autarky_tr,kazuha-s01-swarm-dissolve,B,1.0,1.0,0.0,gen
2,m2tr+autarky_tr,ouroboros-m01-vibing-mimic,B,1.0,1.0,0.0,gen
2,m2tr+autarky_tr,sinbad-v07-divecap,B,1.0,1.0,0.0,gen
2,m2tr+autarky_tr,yuna-v05-core,B,1.0,1.0,0.0,gen
2,m2tr+default_tr,chaewon-y04-probe,A,1.0,1.0,0.0,gen
2,m2tr+default_tr,fenrir-v18-arrival-ready-beds,A,1.0,1.0,0.0,gen
2,m2tr+default_tr,gavroche-v32-supported-divecap,A,1.0,1.0,0.0,gen
2,m2tr+default_tr,hunter-v20-portal-scouts,A,1.0,1.0,0.0,gen
2,m2tr+default_tr,kazuha-s01-swarm-dissolve,A,1.0,1.0,0.0,gen
2,m2tr+default_tr,ouroboros-m01-vibing-mimic,A,1.0,1.0,0.0,gen
2,m2tr+default_tr,sinbad-v07-divecap,A,0.0,0.0,0.0,gen
2,m2tr+default_tr,yuna-v05-core,A,1.0,1.0,0.0,gen
2,m2tr+default_tr,chaewon-y04-probe,B,0.0,0.0,0.0,gen
2,m2tr+default_tr,fenrir-v18-arrival-ready-beds,B,1.0,1.0,0.0,gen
2,m2tr+default_tr,gavroche-v32-supported-divecap,B,1.0,1.0,0.0,gen
2,m2tr+default_tr,hunter-v20-portal-scouts,B,1.0,1.0,0.0,gen
2,m2tr+default_tr,kazuha-s01-swarm-dissolve,B,1.0,1.0,0.0,gen
2,m2tr+default_tr,ouroboros-m01-vibing-mimic,B,1.0,1.0,0.0,gen
2,m2tr+default_tr,sinbad-v07-divecap,B,1.0,1.0,0.0,gen
2,m2tr+default_tr,yuna-v05-core,B,0.0,0.0,0.0,gen
2,m2tr+dilemma_tr,chaewon-y04-probe,A,0.0,0.0,0.0,gen
2,m2tr+dilemma_tr,fenrir-v18-arrival-ready-beds,A,1.0,1.0,0.0,gen
2,m2tr+dilemma_tr,gavroche-v32-supported-divecap,A,1.0,1.0,0.0,gen
2,m2tr+dilemma_tr,hunter-v20-portal-scouts,A,1.0,1.0,0.0,gen
2,m2tr+dilemma_tr,kazuha-s01-swarm-dissolve,A,1.0,1.0,0.0,gen
2,m2tr+dilemma_tr,ouroboros-m01-vibing-mimic,A,1.0,1.0,0.0,gen
2,m2tr+dilemma_tr,sinbad-v07-divecap,A,1.0,1.0,0.0,gen
2,m2tr+dilemma_tr,yuna-v05-core,A,0.0,0.0,0.0,gen
2,m2tr+dilemma_tr,chaewon-y04-probe,B,1.0,1.0,0.0,gen
2,m2tr+dilemma_tr,fenrir-v18-arrival-ready-beds,B,1.0,1.0,0.0,gen
2,m2tr+dilemma_tr,gavroche-v32-supported-divecap,B,1.0,1.0,0.0,gen
2,m2tr+dilemma_tr,hunter-v20-portal-scouts,B,1.0,1.0,0.0,gen
2,m2tr+dilemma_tr,kazuha-s01-swarm-dissolve,B,1.0,1.0,0.0,gen
2,m2tr+dilemma_tr,ouroboros-m01-vibing-mimic,B,1.0,1.0,0.0,gen
2,m2tr+dilemma_tr,sinbad-v07-divecap,B,1.0,1.0,0.0,gen
2,m2tr+dilemma_tr,yuna-v05-core,B,1.0,1.0,0.0,gen
2,m2tr+trophy_tr,chaewon-y04-probe,A,0.0,0.0,0.0,gen
2,m2tr+trophy_tr,fenrir-v18-arrival-ready-beds,A,0.0,0.0,0.0,gen
2,m2tr+trophy_tr,gavroche-v32-supported-divecap,A,0.0,0.0,0.0,gen
2,m2tr+trophy_tr,hunter-v20-portal-scouts,A,1.0,1.0,0.0,gen
2,m2tr+trophy_tr,kazuha-s01-swarm-dissolve,A,1.0,1.0,0.0,gen
2,m2tr+trophy_tr,ouroboros-m01-vibing-mimic,A,0.0,0.0,0.0,gen
2,m2tr+trophy_tr,sinbad-v07-divecap,A,0.0,0.0,0.0,gen
2,m2tr+trophy_tr,yuna-v05-core,A,0.0,0.0,0.0,gen
2,m2tr+trophy_tr,chaewon-y04-probe,B,1.0,1.0,0.0,gen
2,m2tr+trophy_tr,fenrir-v18-arrival-ready-beds,B,1.0,1.0,0.0,gen
2,m2tr+trophy_tr,gavroche-v32-supported-divecap,B,1.0,1.0,0.0,gen
2,m2tr+trophy_tr,hunter-v20-portal-scouts,B,1.0,1.0,0.0,gen
2,m2tr+trophy_tr,kazuha-s01-swarm-dissolve,B,1.0,1.0,0.0,gen
2,m2tr+trophy_tr,ouroboros-m01-vibing-mimic,B,1.0,1.0,0.0,gen
2,m2tr+trophy_tr,sinbad-v07-divecap,B,1.0,1.0,0.0,gen
2,m2tr+trophy_tr,yuna-v05-core,B,1.0,1.0,0.0,gen
2,new+mc26_archipelago,chaewon-y04-probe,A,1.0,1.0,0.0,gen
2,new+mc26_archipelago,fenrir-v18-arrival-ready-beds,A,1.0,1.0,0.0,gen
2,new+mc26_archipelago,gavroche-v32-supported-divecap,A,1.0,1.0,0.0,gen
2,new+mc26_archipelago,hunter-v20-portal-scouts,A,1.0,1.0,0.0,gen
2,new+mc26_archipelago,kazuha-s01-swarm-dissolve,A,1.0,1.0,0.0,gen
2,new+mc26_archipelago,ouroboros-m01-vibing-mimic,A,1.0,1.0,0.0,gen
2,new+mc26_archipelago,sinbad-v07-divecap,A,1.0,1.0,0.0,gen
2,new+mc26_archipelago,yuna-v05-core,A,1.0,1.0,0.0,gen
2,new+mc26_archipelago,chaewon-y04-probe,B,0.0,0.0,0.0,gen
2,new+mc26_archipelago,fenrir-v18-arrival-ready-beds,B,1.0,1.0,0.0,gen
2,new+mc26_archipelago,gavroche-v32-supported-divecap,B,0.0,0.0,0.0,gen
2,new+mc26_archipelago,hunter-v20-portal-scouts,B,1.0,1.0,0.0,gen
2,new+mc26_archipelago,kazuha-s01-swarm-dissolve,B,1.0,1.0,0.0,gen
2,new+mc26_archipelago,ouroboros-m01-vibing-mimic,B,1.0,1.0,0.0,gen
2,new+mc26_archipelago,sinbad-v07-divecap,B,1.0,1.0,0.0,gen
2,new+mc26_archipelago,yuna-v05-core,B,0.0,0.0,0.0,gen
2,new+mc26_crossroads,chaewon-y04-probe,A,0.0,0.0,0.0,gen
2,new+mc26_crossroads,fenrir-v18-arrival-ready-beds,A,0.0,0.0,0.0,gen
2,new+mc26_crossroads,gavroche-v32-supported-divecap,A,0.0,0.0,0.0,gen
2,new+mc26_crossroads,hunter-v20-portal-scouts,A,0.0,0.0,0.0,gen
2,new+mc26_crossroads,kazuha-s01-swarm-dissolve,A,0.0,0.0,0.0,gen
2,new+mc26_crossroads,ouroboros-m01-vibing-mimic,A,1.0,1.0,0.0,gen
2,new+mc26_crossroads,sinbad-v07-divecap,A,0.0,0.0,0.0,gen
2,new+mc26_crossroads,yuna-v05-core,A,0.0,0.0,0.0,gen
2,new+mc26_crossroads,chaewon-y04-probe,B,0.0,0.0,0.0,gen
2,new+mc26_crossroads,fenrir-v18-arrival-ready-beds,B,0.0,0.0,0.0,gen
2,new+mc26_crossroads,gavroche-v32-supported-divecap,B,0.0,0.0,0.0,gen
2,new+mc26_crossroads,hunter-v20-portal-scouts,B,0.0,0.0,0.0,gen
2,new+mc26_crossroads,kazuha-s01-swarm-dissolve,B,1.0,1.0,0.0,gen
2,new+mc26_crossroads,ouroboros-m01-vibing-mimic,B,1.0,1.0,0.0,gen
2,new+mc26_crossroads,sinbad-v07-divecap,B,0.0,0.0,0.0,gen
2,new+mc26_crossroads,yuna-v05-core,B,0.0,0.0,0.0,gen
2,new+mc26_delayed_commons,chaewon-y04-probe,A,1.0,1.0,0.0,gen
2,new+mc26_delayed_commons,fenrir-v18-arrival-ready-beds,A,1.0,1.0,0.0,gen
2,new+mc26_delayed_commons,gavroche-v32-supported-divecap,A,1.0,1.0,0.0,gen
2,new+mc26_delayed_commons,hunter-v20-portal-scouts,A,1.0,1.0,0.0,gen
2,new+mc26_delayed_commons,kazuha-s01-swarm-dissolve,A,1.0,1.0,0.0,gen
2,new+mc26_delayed_commons,ouroboros-m01-vibing-mimic,A,1.0,1.0,0.0,gen
2,new+mc26_delayed_commons,sinbad-v07-divecap,A,1.0,1.0,0.0,gen
2,new+mc26_delayed_commons,yuna-v05-core,A,1.0,1.0,0.0,gen
2,new+mc26_delayed_commons,chaewon-y04-probe,B,1.0,1.0,0.0,gen
2,new+mc26_delayed_commons,fenrir-v18-arrival-ready-beds,B,1.0,1.0,0.0,gen
2,new+mc26_delayed_commons,gavroche-v32-supported-divecap,B,1.0,1.0,0.0,gen
2,new+mc26_delayed_commons,hunter-v20-portal-scouts,B,0.0,0.0,0.0,gen
2,new+mc26_delayed_commons,kazuha-s01-swarm-dissolve,B,1.0,1.0,0.0,gen
2,new+mc26_delayed_commons,ouroboros-m01-vibing-mimic,B,1.0,1.0,0.0,gen
2,new+mc26_delayed_commons,sinbad-v07-divecap,B,0.0,0.0,0.0,gen
2,new+mc26_delayed_commons,yuna-v05-core,B,1.0,1.0,0.0,gen
2,new+mc26_equatorial_belt,chaewon-y04-probe,A,0.0,0.0,0.0,gen
2,new+mc26_equatorial_belt,fenrir-v18-arrival-ready-beds,A,0.0,0.0,0.0,gen
2,new+mc26_equatorial_belt,gavroche-v32-supported-divecap,A,0.0,0.0,0.0,gen
2,new+mc26_equatorial_belt,hunter-v20-portal-scouts,A,1.0,1.0,0.0,gen
2,new+mc26_equatorial_belt,kazuha-s01-swarm-dissolve,A,1.0,1.0,0.0,gen
2,new+mc26_equatorial_belt,ouroboros-m01-vibing-mimic,A,0.0,0.0,0.0,gen
2,new+mc26_equatorial_belt,sinbad-v07-divecap,A,0.0,0.0,0.0,gen
2,new+mc26_equatorial_belt,yuna-v05-core,A,0.0,0.0,0.0,gen
2,new+mc26_equatorial_belt,chaewon-y04-probe,B,1.0,1.0,0.0,gen
2,new+mc26_equatorial_belt,fenrir-v18-arrival-ready-beds,B,1.0,1.0,0.0,gen
2,new+mc26_equatorial_belt,gavroche-v32-supported-divecap,B,1.0,1.0,0.0,gen
2,new+mc26_equatorial_belt,hunter-v20-portal-scouts,B,1.0,1.0,0.0,gen
2,new+mc26_equatorial_belt,kazuha-s01-swarm-dissolve,B,1.0,1.0,0.0,gen
2,new+mc26_equatorial_belt,ouroboros-m01-vibing-mimic,B,0.0,0.0,0.0,gen
2,new+mc26_equatorial_belt,sinbad-v07-divecap,B,1.0,1.0,0.0,gen
2,new+mc26_equatorial_belt,yuna-v05-core,B,1.0,1.0,0.0,gen
2,new+mc26_far_harbors,chaewon-y04-probe,A,1.0,1.0,0.0,gen
2,new+mc26_far_harbors,fenrir-v18-arrival-ready-beds,A,0.0,0.0,0.0,gen
2,new+mc26_far_harbors,gavroche-v32-supported-divecap,A,1.0,1.0,0.0,gen
2,new+mc26_far_harbors,hunter-v20-portal-scouts,A,0.0,0.0,0.0,gen
2,new+mc26_far_harbors,kazuha-s01-swarm-dissolve,A,1.0,1.0,0.0,gen
2,new+mc26_far_harbors,ouroboros-m01-vibing-mimic,A,0.0,0.0,0.0,gen
2,new+mc26_far_harbors,sinbad-v07-divecap,A,1.0,1.0,0.0,gen
2,new+mc26_far_harbors,yuna-v05-core,A,1.0,1.0,0.0,gen
2,new+mc26_far_harbors,chaewon-y04-probe,B,0.0,0.0,0.0,gen
2,new+mc26_far_harbors,fenrir-v18-arrival-ready-beds,B,0.0,0.0,0.0,gen
2,new+mc26_far_harbors,gavroche-v32-supported-divecap,B,0.0,0.0,0.0,gen
2,new+mc26_far_harbors,hunter-v20-portal-scouts,B,1.0,1.0,0.0,gen
2,new+mc26_far_harbors,kazuha-s01-swarm-dissolve,B,1.0,1.0,0.0,gen
2,new+mc26_far_harbors,ouroboros-m01-vibing-mimic,B,0.0,0.0,0.0,gen
2,new+mc26_far_harbors,sinbad-v07-divecap,B,1.0,1.0,0.0,gen
2,new+mc26_far_harbors,yuna-v05-core,B,0.0,0.0,0.0,gen
2,new+mc26_nursery_bays,chaewon-y04-probe,A,0.0,0.0,0.0,gen
2,new+mc26_nursery_bays,fenrir-v18-arrival-ready-beds,A,1.0,1.0,0.0,gen
2,new+mc26_nursery_bays,gavroche-v32-supported-divecap,A,0.0,0.0,0.0,gen
2,new+mc26_nursery_bays,hunter-v20-portal-scouts,A,0.0,0.0,0.0,gen
2,new+mc26_nursery_bays,kazuha-s01-swarm-dissolve,A,1.0,1.0,0.0,gen
2,new+mc26_nursery_bays,ouroboros-m01-vibing-mimic,A,1.0,1.0,0.0,gen
2,new+mc26_nursery_bays,sinbad-v07-divecap,A,1.0,1.0,0.0,gen
2,new+mc26_nursery_bays,yuna-v05-core,A,0.0,0.0,0.0,gen
2,new+mc26_nursery_bays,chaewon-y04-probe,B,1.0,1.0,0.0,gen
2,new+mc26_nursery_bays,fenrir-v18-arrival-ready-beds,B,1.0,1.0,0.0,gen
2,new+mc26_nursery_bays,gavroche-v32-supported-divecap,B,1.0,1.0,0.0,gen
2,new+mc26_nursery_bays,hunter-v20-portal-scouts,B,1.0,1.0,0.0,gen
2,new+mc26_nursery_bays,kazuha-s01-swarm-dissolve,B,1.0,1.0,0.0,gen
2,new+mc26_nursery_bays,ouroboros-m01-vibing-mimic,B,1.0,1.0,0.0,gen
2,new+mc26_nursery_bays,sinbad-v07-divecap,B,0.0,0.0,0.0,gen
2,new+mc26_nursery_bays,yuna-v05-core,B,1.0,1.0,0.0,gen
2,new+mc26_pinwheel,chaewon-y04-probe,A,1.0,1.0,0.0,gen
2,new+mc26_pinwheel,fenrir-v18-arrival-ready-beds,A,1.0,1.0,0.0,gen
2,new+mc26_pinwheel,gavroche-v32-supported-divecap,A,1.0,1.0,0.0,gen
2,new+mc26_pinwheel,hunter-v20-portal-scouts,A,1.0,1.0,0.0,gen
2,new+mc26_pinwheel,kazuha-s01-swarm-dissolve,A,1.0,1.0,0.0,gen
2,new+mc26_pinwheel,ouroboros-m01-vibing-mimic,A,1.0,1.0,0.0,gen
2,new+mc26_pinwheel,sinbad-v07-divecap,A,1.0,1.0,0.0,gen
2,new+mc26_pinwheel,yuna-v05-core,A,1.0,1.0,0.0,gen
2,new+mc26_pinwheel,chaewon-y04-probe,B,1.0,1.0,0.0,gen
2,new+mc26_pinwheel,fenrir-v18-arrival-ready-beds,B,0.0,0.0,0.0,gen
2,new+mc26_pinwheel,gavroche-v32-supported-divecap,B,1.0,1.0,0.0,gen
2,new+mc26_pinwheel,hunter-v20-portal-scouts,B,0.0,0.0,0.0,gen
2,new+mc26_pinwheel,kazuha-s01-swarm-dissolve,B,1.0,1.0,0.0,gen
2,new+mc26_pinwheel,ouroboros-m01-vibing-mimic,B,1.0,1.0,0.0,gen
2,new+mc26_pinwheel,sinbad-v07-divecap,B,1.0,1.0,0.0,gen
2,new+mc26_pinwheel,yuna-v05-core,B,1.0,1.0,0.0,gen
2,new+mc26_portal_quartet,chaewon-y04-probe,A,1.0,1.0,0.0,gen
2,new+mc26_portal_quartet,fenrir-v18-arrival-ready-beds,A,1.0,1.0,0.0,gen
2,new+mc26_portal_quartet,gavroche-v32-supported-divecap,A,1.0,1.0,0.0,gen
2,new+mc26_portal_quartet,hunter-v20-portal-scouts,A,1.0,1.0,0.0,gen
2,new+mc26_portal_quartet,kazuha-s01-swarm-dissolve,A,1.0,1.0,0.0,gen
2,new+mc26_portal_quartet,ouroboros-m01-vibing-mimic,A,1.0,1.0,0.0,gen
2,new+mc26_portal_quartet,sinbad-v07-divecap,A,1.0,1.0,0.0,gen
2,new+mc26_portal_quartet,yuna-v05-core,A,1.0,1.0,0.0,gen
2,new+mc26_portal_quartet,chaewon-y04-probe,B,0.0,0.0,0.0,gen
2,new+mc26_portal_quartet,fenrir-v18-arrival-ready-beds,B,0.0,0.0,0.0,gen
2,new+mc26_portal_quartet,gavroche-v32-supported-divecap,B,1.0,1.0,0.0,gen
2,new+mc26_portal_quartet,hunter-v20-portal-scouts,B,1.0,1.0,0.0,gen
2,new+mc26_portal_quartet,kazuha-s01-swarm-dissolve,B,1.0,1.0,0.0,gen
2,new+mc26_portal_quartet,ouroboros-m01-vibing-mimic,B,1.0,1.0,0.0,gen
2,new+mc26_portal_quartet,sinbad-v07-divecap,B,0.0,0.0,0.0,gen
2,new+mc26_portal_quartet,yuna-v05-core,B,0.0,0.0,0.0,gen
2,new+mc26_pulse_farms,chaewon-y04-probe,A,1.0,1.0,0.0,gen
2,new+mc26_pulse_farms,fenrir-v18-arrival-ready-beds,A,0.0,0.0,0.0,gen
2,new+mc26_pulse_farms,gavroche-v32-supported-divecap,A,0.0,0.0,0.0,gen
2,new+mc26_pulse_farms,hunter-v20-portal-scouts,A,1.0,1.0,0.0,gen
2,new+mc26_pulse_farms,kazuha-s01-swarm-dissolve,A,1.0,1.0,0.0,gen
2,new+mc26_pulse_farms,ouroboros-m01-vibing-mimic,A,1.0,1.0,0.0,gen
2,new+mc26_pulse_farms,sinbad-v07-divecap,A,0.0,0.0,0.0,gen
2,new+mc26_pulse_farms,yuna-v05-core,A,1.0,1.0,0.0,gen
2,new+mc26_pulse_farms,chaewon-y04-probe,B,1.0,1.0,0.0,gen
2,new+mc26_pulse_farms,fenrir-v18-arrival-ready-beds,B,1.0,1.0,0.0,gen
2,new+mc26_pulse_farms,gavroche-v32-supported-divecap,B,1.0,1.0,0.0,gen
2,new+mc26_pulse_farms,hunter-v20-portal-scouts,B,0.0,0.0,0.0,gen
2,new+mc26_pulse_farms,kazuha-s01-swarm-dissolve,B,1.0,1.0,0.0,gen
2,new+mc26_pulse_farms,ouroboros-m01-vibing-mimic,B,1.0,1.0,0.0,gen
2,new+mc26_pulse_farms,sinbad-v07-divecap,B,1.0,1.0,0.0,gen
2,new+mc26_pulse_farms,yuna-v05-core,B,1.0,1.0,0.0,gen
2,new+mc26_relay_depots,chaewon-y04-probe,A,0.0,0.0,0.0,gen
2,new+mc26_relay_depots,fenrir-v18-arrival-ready-beds,A,1.0,1.0,0.0,gen
2,new+mc26_relay_depots,gavroche-v32-supported-divecap,A,1.0,1.0,0.0,gen
2,new+mc26_relay_depots,hunter-v20-portal-scouts,A,1.0,1.0,0.0,gen
2,new+mc26_relay_depots,kazuha-s01-swarm-dissolve,A,1.0,1.0,0.0,gen
2,new+mc26_relay_depots,ouroboros-m01-vibing-mimic,A,1.0,1.0,0.0,gen
2,new+mc26_relay_depots,sinbad-v07-divecap,A,1.0,1.0,0.0,gen
2,new+mc26_relay_depots,yuna-v05-core,A,0.0,0.0,0.0,gen
2,new+mc26_relay_depots,chaewon-y04-probe,B,0.0,0.0,0.0,gen
2,new+mc26_relay_depots,fenrir-v18-arrival-ready-beds,B,1.0,1.0,0.0,gen
2,new+mc26_relay_depots,gavroche-v32-supported-divecap,B,1.0,1.0,0.0,gen
2,new+mc26_relay_depots,hunter-v20-portal-scouts,B,1.0,1.0,0.0,gen
2,new+mc26_relay_depots,kazuha-s01-swarm-dissolve,B,1.0,1.0,0.0,gen
2,new+mc26_relay_depots,ouroboros-m01-vibing-mimic,B,1.0,1.0,0.0,gen
2,new+mc26_relay_depots,sinbad-v07-divecap,B,1.0,1.0,0.0,gen
2,new+mc26_relay_depots,yuna-v05-core,B,0.0,0.0,0.0,gen
2,new+mc26_scattered_fleets,chaewon-y04-probe,A,1.0,1.0,0.0,gen
2,new+mc26_scattered_fleets,fenrir-v18-arrival-ready-beds,A,1.0,1.0,0.0,gen
2,new+mc26_scattered_fleets,gavroche-v32-supported-divecap,A,1.0,1.0,0.0,gen
2,new+mc26_scattered_fleets,hunter-v20-portal-scouts,A,1.0,1.0,0.0,gen
2,new+mc26_scattered_fleets,kazuha-s01-swarm-dissolve,A,1.0,1.0,0.0,gen
2,new+mc26_scattered_fleets,ouroboros-m01-vibing-mimic,A,0.0,0.0,0.0,gen
2,new+mc26_scattered_fleets,sinbad-v07-divecap,A,1.0,1.0,0.0,gen
2,new+mc26_scattered_fleets,yuna-v05-core,A,1.0,1.0,0.0,gen
2,new+mc26_scattered_fleets,chaewon-y04-probe,B,1.0,1.0,0.0,gen
2,new+mc26_scattered_fleets,fenrir-v18-arrival-ready-beds,B,1.0,1.0,0.0,gen
2,new+mc26_scattered_fleets,gavroche-v32-supported-divecap,B,1.0,1.0,0.0,gen
2,new+mc26_scattered_fleets,hunter-v20-portal-scouts,B,1.0,1.0,0.0,gen
2,new+mc26_scattered_fleets,kazuha-s01-swarm-dissolve,B,1.0,1.0,0.0,gen
2,new+mc26_scattered_fleets,ouroboros-m01-vibing-mimic,B,1.0,1.0,0.0,gen
2,new+mc26_scattered_fleets,sinbad-v07-divecap,B,1.0,1.0,0.0,gen
2,new+mc26_scattered_fleets,yuna-v05-core,B,1.0,1.0,0.0,gen
2,new+mc26_seam_market,chaewon-y04-probe,A,0.0,0.0,0.0,gen
2,new+mc26_seam_market,fenrir-v18-arrival-ready-beds,A,0.0,0.0,0.0,gen
2,new+mc26_seam_market,gavroche-v32-supported-divecap,A,0.0,0.0,0.0,gen
2,new+mc26_seam_market,hunter-v20-portal-scouts,A,0.0,0.0,0.0,gen
2,new+mc26_seam_market,kazuha-s01-swarm-dissolve,A,1.0,1.0,0.0,gen
2,new+mc26_seam_market,ouroboros-m01-vibing-mimic,A,0.0,0.0,0.0,gen
2,new+mc26_seam_market,sinbad-v07-divecap,A,0.0,0.0,0.0,gen
2,new+mc26_seam_market,yuna-v05-core,A,0.0,0.0,0.0,gen
2,new+mc26_seam_market,chaewon-y04-probe,B,0.0,0.0,0.0,gen
2,new+mc26_seam_market,fenrir-v18-arrival-ready-beds,B,0.0,0.0,0.0,gen
2,new+mc26_seam_market,gavroche-v32-supported-divecap,B,0.0,0.0,0.0,gen
2,new+mc26_seam_market,hunter-v20-portal-scouts,B,0.0,0.0,0.0,gen
2,new+mc26_seam_market,kazuha-s01-swarm-dissolve,B,1.0,1.0,0.0,gen
2,new+mc26_seam_market,ouroboros-m01-vibing-mimic,B,0.0,0.0,0.0,gen
2,new+mc26_seam_market,sinbad-v07-divecap,B,0.0,0.0,0.0,gen
2,new+mc26_seam_market,yuna-v05-core,B,0.0,0.0,0.0,gen
2,new+mc26_spring_wells,chaewon-y04-probe,A,1.0,1.0,0.0,gen
2,new+mc26_spring_wells,fenrir-v18-arrival-ready-beds,A,0.0,0.0,0.0,gen
2,new+mc26_spring_wells,gavroche-v32-supported-divecap,A,0.0,0.0,0.0,gen
2,new+mc26_spring_wells,hunter-v20-portal-scouts,A,1.0,1.0,0.0,gen
2,new+mc26_spring_wells,kazuha-s01-swarm-dissolve,A,0.0,0.0,0.0,gen
2,new+mc26_spring_wells,ouroboros-m01-vibing-mimic,A,1.0,1.0,0.0,gen
2,new+mc26_spring_wells,sinbad-v07-divecap,A,0.0,0.0,0.0,gen
2,new+mc26_spring_wells,yuna-v05-core,A,1.0,1.0,0.0,gen
2,new+mc26_spring_wells,chaewon-y04-probe,B,1.0,1.0,0.0,gen
2,new+mc26_spring_wells,fenrir-v18-arrival-ready-beds,B,0.0,0.0,0.0,gen
2,new+mc26_spring_wells,gavroche-v32-supported-divecap,B,1.0,1.0,0.0,gen
2,new+mc26_spring_wells,hunter-v20-portal-scouts,B,1.0,1.0,0.0,gen
2,new+mc26_spring_wells,kazuha-s01-swarm-dissolve,B,0.0,0.0,0.0,gen
2,new+mc26_spring_wells,ouroboros-m01-vibing-mimic,B,0.0,0.0,0.0,gen
2,new+mc26_spring_wells,sinbad-v07-divecap,B,0.0,0.0,0.0,gen
2,new+mc26_spring_wells,yuna-v05-core,B,1.0,1.0,0.0,gen
2,new+md26_causeway_detour_s0,chaewon-y04-probe,A,1.0,1.0,0.0,gen
2,new+md26_causeway_detour_s0,fenrir-v18-arrival-ready-beds,A,1.0,1.0,0.0,gen
2,new+md26_causeway_detour_s0,gavroche-v32-supported-divecap,A,1.0,1.0,0.0,gen
2,new+md26_causeway_detour_s0,hunter-v20-portal-scouts,A,1.0,1.0,0.0,gen
2,new+md26_causeway_detour_s0,kazuha-s01-swarm-dissolve,A,1.0,1.0,0.0,gen
2,new+md26_causeway_detour_s0,ouroboros-m01-vibing-mimic,A,1.0,1.0,0.0,gen
2,new+md26_causeway_detour_s0,sinbad-v07-divecap,A,1.0,1.0,0.0,gen
2,new+md26_causeway_detour_s0,yuna-v05-core,A,1.0,1.0,0.0,gen
2,new+md26_causeway_detour_s0,chaewon-y04-probe,B,0.0,0.0,0.0,gen
2,new+md26_causeway_detour_s0,fenrir-v18-arrival-ready-beds,B,0.0,0.0,0.0,gen
2,new+md26_causeway_detour_s0,gavroche-v32-supported-divecap,B,1.0,1.0,0.0,gen
2,new+md26_causeway_detour_s0,hunter-v20-portal-scouts,B,1.0,1.0,0.0,gen
2,new+md26_causeway_detour_s0,kazuha-s01-swarm-dissolve,B,1.0,1.0,0.0,gen
2,new+md26_causeway_detour_s0,ouroboros-m01-vibing-mimic,B,1.0,1.0,0.0,gen
2,new+md26_causeway_detour_s0,sinbad-v07-divecap,B,1.0,1.0,0.0,gen
2,new+md26_causeway_detour_s0,yuna-v05-core,B,0.0,0.0,0.0,gen
2,new+md26_causeway_portal_s0,chaewon-y04-probe,A,0.0,0.0,0.0,gen
2,new+md26_causeway_portal_s0,fenrir-v18-arrival-ready-beds,A,1.0,1.0,0.0,gen
2,new+md26_causeway_portal_s0,gavroche-v32-supported-divecap,A,1.0,1.0,0.0,gen
2,new+md26_causeway_portal_s0,hunter-v20-portal-scouts,A,1.0,1.0,0.0,gen
2,new+md26_causeway_portal_s0,kazuha-s01-swarm-dissolve,A,1.0,1.0,0.0,gen
2,new+md26_causeway_portal_s0,ouroboros-m01-vibing-mimic,A,1.0,1.0,0.0,gen
2,new+md26_causeway_portal_s0,sinbad-v07-divecap,A,1.0,1.0,0.0,gen
2,new+md26_causeway_portal_s0,yuna-v05-core,A,0.0,0.0,0.0,gen
2,new+md26_causeway_portal_s0,chaewon-y04-probe,B,0.0,0.0,0.0,gen
2,new+md26_causeway_portal_s0,fenrir-v18-arrival-ready-beds,B,1.0,1.0,0.0,gen
2,new+md26_causeway_portal_s0,gavroche-v32-supported-divecap,B,1.0,1.0,0.0,gen
2,new+md26_causeway_portal_s0,hunter-v20-portal-scouts,B,1.0,1.0,0.0,gen
2,new+md26_causeway_portal_s0,kazuha-s01-swarm-dissolve,B,1.0,1.0,0.0,gen
2,new+md26_causeway_portal_s0,ouroboros-m01-vibing-mimic,B,1.0,1.0,0.0,gen
2,new+md26_causeway_portal_s0,sinbad-v07-divecap,B,1.0,1.0,0.0,gen
2,new+md26_causeway_portal_s0,yuna-v05-core,B,0.0,0.0,0.0,gen
2,new+md26_commons_shared_s0,chaewon-y04-probe,A,1.0,1.0,0.0,gen
2,new+md26_commons_shared_s0,fenrir-v18-arrival-ready-beds,A,1.0,1.0,0.0,gen
2,new+md26_commons_shared_s0,gavroche-v32-supported-divecap,A,1.0,1.0,0.0,gen
2,new+md26_commons_shared_s0,hunter-v20-portal-scouts,A,0.0,0.0,0.0,gen
2,new+md26_commons_shared_s0,kazuha-s01-swarm-dissolve,A,1.0,1.0,0.0,gen
2,new+md26_commons_shared_s0,ouroboros-m01-vibing-mimic,A,0.0,0.0,0.0,gen
2,new+md26_commons_shared_s0,sinbad-v07-divecap,A,1.0,1.0,0.0,gen
2,new+md26_commons_shared_s0,yuna-v05-core,A,1.0,1.0,0.0,gen
2,new+md26_commons_shared_s0,chaewon-y04-probe,B,1.0,1.0,0.0,gen
2,new+md26_commons_shared_s0,fenrir-v18-arrival-ready-beds,B,1.0,1.0,0.0,gen
2,new+md26_commons_shared_s0,gavroche-v32-supported-divecap,B,1.0,1.0,0.0,gen
2,new+md26_commons_shared_s0,hunter-v20-portal-scouts,B,1.0,1.0,0.0,gen
2,new+md26_commons_shared_s0,kazuha-s01-swarm-dissolve,B,1.0,1.0,0.0,gen
2,new+md26_commons_shared_s0,ouroboros-m01-vibing-mimic,B,1.0,1.0,0.0,gen
2,new+md26_commons_shared_s0,sinbad-v07-divecap,B,1.0,1.0,0.0,gen
2,new+md26_commons_shared_s0,yuna-v05-core,B,1.0,1.0,0.0,gen
2,new+md26_commons_spread_s0,chaewon-y04-probe,A,1.0,1.0,0.0,gen
2,new+md26_commons_spread_s0,fenrir-v18-arrival-ready-beds,A,1.0,1.0,0.0,gen
2,new+md26_commons_spread_s0,gavroche-v32-supported-divecap,A,1.0,1.0,0.0,gen
2,new+md26_commons_spread_s0,hunter-v20-portal-scouts,A,0.0,0.0,0.0,gen
2,new+md26_commons_spread_s0,kazuha-s01-swarm-dissolve,A,1.0,1.0,0.0,gen
2,new+md26_commons_spread_s0,ouroboros-m01-vibing-mimic,A,0.0,0.0,0.0,gen
2,new+md26_commons_spread_s0,sinbad-v07-divecap,A,1.0,1.0,0.0,gen
2,new+md26_commons_spread_s0,yuna-v05-core,A,1.0,1.0,0.0,gen
2,new+md26_commons_spread_s0,chaewon-y04-probe,B,1.0,1.0,0.0,gen
2,new+md26_commons_spread_s0,fenrir-v18-arrival-ready-beds,B,1.0,1.0,0.0,gen
2,new+md26_commons_spread_s0,gavroche-v32-supported-divecap,B,1.0,1.0,0.0,gen
2,new+md26_commons_spread_s0,hunter-v20-portal-scouts,B,0.0,0.0,0.0,gen
2,new+md26_commons_spread_s0,kazuha-s01-swarm-dissolve,B,1.0,1.0,0.0,gen
2,new+md26_commons_spread_s0,ouroboros-m01-vibing-mimic,B,0.0,0.0,0.0,gen
2,new+md26_commons_spread_s0,sinbad-v07-divecap,B,1.0,1.0,0.0,gen
2,new+md26_commons_spread_s0,yuna-v05-core,B,1.0,1.0,0.0,gen
2,new+md26_orchard_narrow_s0,chaewon-y04-probe,A,1.0,1.0,0.0,gen
2,new+md26_orchard_narrow_s0,fenrir-v18-arrival-ready-beds,A,1.0,1.0,0.0,gen
2,new+md26_orchard_narrow_s0,gavroche-v32-supported-divecap,A,1.0,1.0,0.0,gen
2,new+md26_orchard_narrow_s0,hunter-v20-portal-scouts,A,1.0,1.0,0.0,gen
2,new+md26_orchard_narrow_s0,kazuha-s01-swarm-dissolve,A,1.0,1.0,0.0,gen
2,new+md26_orchard_narrow_s0,ouroboros-m01-vibing-mimic,A,1.0,1.0,0.0,gen
2,new+md26_orchard_narrow_s0,sinbad-v07-divecap,A,1.0,1.0,0.0,gen
2,new+md26_orchard_narrow_s0,yuna-v05-core,A,1.0,1.0,0.0,gen
2,new+md26_orchard_narrow_s0,chaewon-y04-probe,B,1.0,1.0,0.0,gen
2,new+md26_orchard_narrow_s0,fenrir-v18-arrival-ready-beds,B,1.0,1.0,0.0,gen
2,new+md26_orchard_narrow_s0,gavroche-v32-supported-divecap,B,1.0,1.0,0.0,gen
2,new+md26_orchard_narrow_s0,hunter-v20-portal-scouts,B,0.0,0.0,0.0,gen
2,new+md26_orchard_narrow_s0,kazuha-s01-swarm-dissolve,B,1.0,1.0,0.0,gen
2,new+md26_orchard_narrow_s0,ouroboros-m01-vibing-mimic,B,0.0,0.0,0.0,gen
2,new+md26_orchard_narrow_s0,sinbad-v07-divecap,B,1.0,1.0,0.0,gen
2,new+md26_orchard_narrow_s0,yuna-v05-core,B,1.0,1.0,0.0,gen
2,new+md26_orchard_wide_s0,chaewon-y04-probe,A,1.0,1.0,0.0,gen
2,new+md26_orchard_wide_s0,fenrir-v18-arrival-ready-beds,A,1.0,1.0,0.0,gen
2,new+md26_orchard_wide_s0,gavroche-v32-supported-divecap,A,1.0,1.0,0.0,gen
2,new+md26_orchard_wide_s0,hunter-v20-portal-scouts,A,1.0,1.0,0.0,gen
2,new+md26_orchard_wide_s0,kazuha-s01-swarm-dissolve,A,1.0,1.0,0.0,gen
2,new+md26_orchard_wide_s0,ouroboros-m01-vibing-mimic,A,1.0,1.0,0.0,gen
2,new+md26_orchard_wide_s0,sinbad-v07-divecap,A,1.0,1.0,0.0,gen
2,new+md26_orchard_wide_s0,yuna-v05-core,A,1.0,1.0,0.0,gen
2,new+md26_orchard_wide_s0,chaewon-y04-probe,B,1.0,1.0,0.0,gen
2,new+md26_orchard_wide_s0,fenrir-v18-arrival-ready-beds,B,1.0,1.0,0.0,gen
2,new+md26_orchard_wide_s0,gavroche-v32-supported-divecap,B,1.0,1.0,0.0,gen
2,new+md26_orchard_wide_s0,hunter-v20-portal-scouts,B,0.0,0.0,0.0,gen
2,new+md26_orchard_wide_s0,kazuha-s01-swarm-dissolve,B,1.0,1.0,0.0,gen
2,new+md26_orchard_wide_s0,ouroboros-m01-vibing-mimic,B,0.0,0.0,0.0,gen
2,new+md26_orchard_wide_s0,sinbad-v07-divecap,B,1.0,1.0,0.0,gen
2,new+md26_orchard_wide_s0,yuna-v05-core,B,1.0,1.0,0.0,gen
2,new+md26_promenade_ring_s0,chaewon-y04-probe,A,1.0,1.0,0.0,gen
2,new+md26_promenade_ring_s0,fenrir-v18-arrival-ready-beds,A,1.0,1.0,0.0,gen
2,new+md26_promenade_ring_s0,gavroche-v32-supported-divecap,A,1.0,1.0,0.0,gen
2,new+md26_promenade_ring_s0,hunter-v20-portal-scouts,A,1.0,1.0,0.0,gen
2,new+md26_promenade_ring_s0,kazuha-s01-swarm-dissolve,A,1.0,1.0,0.0,gen
2,new+md26_promenade_ring_s0,ouroboros-m01-vibing-mimic,A,1.0,1.0,0.0,gen
2,new+md26_promenade_ring_s0,sinbad-v07-divecap,A,1.0,1.0,0.0,gen
2,new+md26_promenade_ring_s0,yuna-v05-core,A,1.0,1.0,0.0,gen
2,new+md26_promenade_ring_s0,chaewon-y04-probe,B,0.0,0.0,0.0,gen
2,new+md26_promenade_ring_s0,fenrir-v18-arrival-ready-beds,B,0.0,0.0,0.0,gen
2,new+md26_promenade_ring_s0,gavroche-v32-supported-divecap,B,1.0,1.0,0.0,gen
2,new+md26_promenade_ring_s0,hunter-v20-portal-scouts,B,1.0,1.0,0.0,gen
2,new+md26_promenade_ring_s0,kazuha-s01-swarm-dissolve,B,1.0,1.0,0.0,gen
2,new+md26_promenade_ring_s0,ouroboros-m01-vibing-mimic,B,1.0,1.0,0.0,gen
2,new+md26_promenade_ring_s0,sinbad-v07-divecap,B,1.0,1.0,0.0,gen
2,new+md26_promenade_ring_s0,yuna-v05-core,B,0.0,0.0,0.0,gen
2,var+crossroads_tr,chaewon-y04-probe,A,1.0,1.0,0.0,gen
2,var+crossroads_tr,fenrir-v18-arrival-ready-beds,A,0.0,0.0,0.0,gen
2,var+crossroads_tr,gavroche-v32-supported-divecap,A,0.0,0.0,0.0,gen
2,var+crossroads_tr,hunter-v20-portal-scouts,A,0.0,0.0,0.0,gen
2,var+crossroads_tr,kazuha-s01-swarm-dissolve,A,1.0,1.0,0.0,gen
2,var+crossroads_tr,ouroboros-m01-vibing-mimic,A,1.0,1.0,0.0,gen
2,var+crossroads_tr,sinbad-v07-divecap,A,1.0,1.0,0.0,gen
2,var+crossroads_tr,yuna-v05-core,A,1.0,1.0,0.0,gen
2,var+crossroads_tr,chaewon-y04-probe,B,0.0,0.0,0.0,gen
2,var+crossroads_tr,fenrir-v18-arrival-ready-beds,B,0.0,0.0,0.0,gen
2,var+crossroads_tr,gavroche-v32-supported-divecap,B,0.0,0.0,0.0,gen
2,var+crossroads_tr,hunter-v20-portal-scouts,B,0.0,0.0,0.0,gen
2,var+crossroads_tr,kazuha-s01-swarm-dissolve,B,1.0,1.0,0.0,gen
2,var+crossroads_tr,ouroboros-m01-vibing-mimic,B,1.0,1.0,0.0,gen
2,var+crossroads_tr,sinbad-v07-divecap,B,1.0,1.0,0.0,gen
2,var+crossroads_tr,yuna-v05-core,B,0.0,0.0,0.0,gen
2,var+devil_tr,chaewon-y04-probe,A,1.0,1.0,0.0,gen
2,var+devil_tr,fenrir-v18-arrival-ready-beds,A,1.0,1.0,0.0,gen
2,var+devil_tr,gavroche-v32-supported-divecap,A,1.0,1.0,0.0,gen
2,var+devil_tr,hunter-v20-portal-scouts,A,1.0,1.0,0.0,gen
2,var+devil_tr,kazuha-s01-swarm-dissolve,A,1.0,1.0,0.0,gen
2,var+devil_tr,ouroboros-m01-vibing-mimic,A,1.0,1.0,0.0,gen
2,var+devil_tr,sinbad-v07-divecap,A,1.0,1.0,0.0,gen
2,var+devil_tr,yuna-v05-core,A,1.0,1.0,0.0,gen
2,var+devil_tr,chaewon-y04-probe,B,1.0,1.0,0.0,gen
2,var+devil_tr,fenrir-v18-arrival-ready-beds,B,1.0,1.0,0.0,gen
2,var+devil_tr,gavroche-v32-supported-divecap,B,1.0,1.0,0.0,gen
2,var+devil_tr,hunter-v20-portal-scouts,B,1.0,1.0,0.0,gen
2,var+devil_tr,kazuha-s01-swarm-dissolve,B,1.0,1.0,0.0,gen
2,var+devil_tr,ouroboros-m01-vibing-mimic,B,0.0,0.0,0.0,gen
2,var+devil_tr,sinbad-v07-divecap,B,1.0,1.0,0.0,gen
2,var+devil_tr,yuna-v05-core,B,1.0,1.0,0.0,gen
2,var+portals_tr,chaewon-y04-probe,A,1.0,1.0,0.0,gen
2,var+portals_tr,fenrir-v18-arrival-ready-beds,A,1.0,1.0,0.0,gen
2,var+portals_tr,gavroche-v32-supported-divecap,A,0.0,0.0,0.0,gen
2,var+portals_tr,hunter-v20-portal-scouts,A,1.0,1.0,0.0,gen
2,var+portals_tr,kazuha-s01-swarm-dissolve,A,1.0,1.0,0.0,gen
2,var+portals_tr,ouroboros-m01-vibing-mimic,A,1.0,1.0,0.0,gen
2,var+portals_tr,sinbad-v07-divecap,A,1.0,1.0,0.0,gen
2,var+portals_tr,yuna-v05-core,A,1.0,1.0,0.0,gen
2,var+portals_tr,chaewon-y04-probe,B,1.0,1.0,0.0,gen
2,var+portals_tr,fenrir-v18-arrival-ready-beds,B,0.0,0.0,0.0,gen
2,var+portals_tr,gavroche-v32-supported-divecap,B,0.5,0.5,0.0,gen
2,var+portals_tr,hunter-v20-portal-scouts,B,1.0,1.0,0.0,gen
2,var+portals_tr,kazuha-s01-swarm-dissolve,B,1.0,1.0,0.0,gen
2,var+portals_tr,ouroboros-m01-vibing-mimic,B,1.0,1.0,0.0,gen
2,var+portals_tr,sinbad-v07-divecap,B,1.0,1.0,0.0,gen
2,var+portals_tr,yuna-v05-core,B,1.0,1.0,0.0,gen
2,var+queen_of_spades_tr,chaewon-y04-probe,A,0.0,0.0,0.0,gen
2,var+queen_of_spades_tr,fenrir-v18-arrival-ready-beds,A,0.0,0.0,0.0,gen
2,var+queen_of_spades_tr,gavroche-v32-supported-divecap,A,1.0,0.0,1.0,gen
2,var+queen_of_spades_tr,hunter-v20-portal-scouts,A,1.0,1.0,0.0,gen
2,var+queen_of_spades_tr,kazuha-s01-swarm-dissolve,A,1.0,1.0,0.0,gen
2,var+queen_of_spades_tr,ouroboros-m01-vibing-mimic,A,1.0,1.0,0.0,gen
2,var+queen_of_spades_tr,sinbad-v07-divecap,A,0.0,0.0,0.0,gen
2,var+queen_of_spades_tr,yuna-v05-core,A,0.0,0.0,0.0,gen
2,var+queen_of_spades_tr,chaewon-y04-probe,B,1.0,1.0,0.0,gen
2,var+queen_of_spades_tr,fenrir-v18-arrival-ready-beds,B,1.0,1.0,0.0,gen
2,var+queen_of_spades_tr,gavroche-v32-supported-divecap,B,1.0,1.0,0.0,gen
2,var+queen_of_spades_tr,hunter-v20-portal-scouts,B,1.0,1.0,0.0,gen
2,var+queen_of_spades_tr,kazuha-s01-swarm-dissolve,B,0.0,0.0,0.0,gen
2,var+queen_of_spades_tr,ouroboros-m01-vibing-mimic,B,1.0,1.0,0.0,gen
2,var+queen_of_spades_tr,sinbad-v07-divecap,B,1.0,1.0,0.0,gen
2,var+queen_of_spades_tr,yuna-v05-core,B,1.0,1.0,0.0,gen
2,var+trauma_tr,chaewon-y04-probe,A,1.0,1.0,0.0,gen
2,var+trauma_tr,fenrir-v18-arrival-ready-beds,A,1.0,1.0,0.0,gen
2,var+trauma_tr,gavroche-v32-supported-divecap,A,0.0,0.0,0.0,gen
2,var+trauma_tr,hunter-v20-portal-scouts,A,1.0,1.0,0.0,gen
2,var+trauma_tr,kazuha-s01-swarm-dissolve,A,1.0,1.0,0.0,gen
2,var+trauma_tr,ouroboros-m01-vibing-mimic,A,1.0,1.0,0.0,gen
2,var+trauma_tr,sinbad-v07-divecap,A,1.0,0.0,1.0,gen
2,var+trauma_tr,yuna-v05-core,A,1.0,1.0,0.0,gen
2,var+trauma_tr,chaewon-y04-probe,B,1.0,1.0,0.0,gen
2,var+trauma_tr,fenrir-v18-arrival-ready-beds,B,1.0,1.0,0.0,gen
2,var+trauma_tr,gavroche-v32-supported-divecap,B,1.0,1.0,0.0,gen
2,var+trauma_tr,hunter-v20-portal-scouts,B,1.0,1.0,0.0,gen
2,var+trauma_tr,kazuha-s01-swarm-dissolve,B,1.0,1.0,0.0,gen
2,var+trauma_tr,ouroboros-m01-vibing-mimic,B,1.0,1.0,0.0,gen
2,var+trauma_tr,sinbad-v07-divecap,B,0.0,0.0,0.0,gen
2,var+trauma_tr,yuna-v05-core,B,1.0,1.0,0.0,gen
3,m2tr+autarky_tr,chaewon-y04-probe,A,1.0,1.0,0.0,gen
3,m2tr+autarky_tr,fenrir-v18-arrival-ready-beds,A,1.0,1.0,0.0,gen
3,m2tr+autarky_tr,gavroche-v32-supported-divecap,A,1.0,1.0,0.0,gen
3,m2tr+autarky_tr,hunter-v20-portal-scouts,A,1.0,1.0,0.0,gen
3,m2tr+autarky_tr,kazuha-s01-swarm-dissolve,A,1.0,1.0,0.0,gen
3,m2tr+autarky_tr,ouroboros-m01-vibing-mimic,A,0.0,0.0,0.0,gen
3,m2tr+autarky_tr,sinbad-v07-divecap,A,1.0,1.0,0.0,gen
3,m2tr+autarky_tr,yuna-v05-core,A,1.0,1.0,0.0,gen
3,m2tr+autarky_tr,chaewon-y04-probe,B,1.0,1.0,0.0,gen
3,m2tr+autarky_tr,fenrir-v18-arrival-ready-beds,B,1.0,1.0,0.0,gen
3,m2tr+autarky_tr,gavroche-v32-supported-divecap,B,0.0,0.0,0.0,gen
3,m2tr+autarky_tr,hunter-v20-portal-scouts,B,1.0,1.0,0.0,gen
3,m2tr+autarky_tr,kazuha-s01-swarm-dissolve,B,1.0,1.0,0.0,gen
3,m2tr+autarky_tr,ouroboros-m01-vibing-mimic,B,0.0,0.0,0.0,gen
3,m2tr+autarky_tr,sinbad-v07-divecap,B,1.0,1.0,0.0,gen
3,m2tr+autarky_tr,yuna-v05-core,B,1.0,1.0,0.0,gen
3,m2tr+default_tr,chaewon-y04-probe,A,1.0,1.0,0.0,gen
3,m2tr+default_tr,fenrir-v18-arrival-ready-beds,A,1.0,1.0,0.0,gen
3,m2tr+default_tr,gavroche-v32-supported-divecap,A,1.0,1.0,0.0,gen
3,m2tr+default_tr,hunter-v20-portal-scouts,A,1.0,1.0,0.0,gen
3,m2tr+default_tr,kazuha-s01-swarm-dissolve,A,1.0,1.0,0.0,gen
3,m2tr+default_tr,ouroboros-m01-vibing-mimic,A,1.0,1.0,0.0,gen
3,m2tr+default_tr,sinbad-v07-divecap,A,1.0,1.0,0.0,gen
3,m2tr+default_tr,yuna-v05-core,A,1.0,1.0,0.0,gen
3,m2tr+default_tr,chaewon-y04-probe,B,1.0,1.0,0.0,gen
3,m2tr+default_tr,fenrir-v18-arrival-ready-beds,B,1.0,1.0,0.0,gen
3,m2tr+default_tr,gavroche-v32-supported-divecap,B,1.0,1.0,0.0,gen
3,m2tr+default_tr,hunter-v20-portal-scouts,B,1.0,1.0,0.0,gen
3,m2tr+default_tr,kazuha-s01-swarm-dissolve,B,1.0,1.0,0.0,gen
3,m2tr+default_tr,ouroboros-m01-vibing-mimic,B,1.0,1.0,0.0,gen
3,m2tr+default_tr,sinbad-v07-divecap,B,1.0,1.0,0.0,gen
3,m2tr+default_tr,yuna-v05-core,B,1.0,1.0,0.0,gen
3,m2tr+dilemma_tr,chaewon-y04-probe,A,0.0,0.0,0.0,gen
3,m2tr+dilemma_tr,fenrir-v18-arrival-ready-beds,A,1.0,1.0,0.0,gen
3,m2tr+dilemma_tr,gavroche-v32-supported-divecap,A,1.0,1.0,0.0,gen
3,m2tr+dilemma_tr,hunter-v20-portal-scouts,A,1.0,1.0,0.0,gen
3,m2tr+dilemma_tr,kazuha-s01-swarm-dissolve,A,1.0,1.0,0.0,gen
3,m2tr+dilemma_tr,ouroboros-m01-vibing-mimic,A,1.0,1.0,0.0,gen
3,m2tr+dilemma_tr,sinbad-v07-divecap,A,1.0,1.0,0.0,gen
3,m2tr+dilemma_tr,yuna-v05-core,A,0.0,0.0,0.0,gen
3,m2tr+dilemma_tr,chaewon-y04-probe,B,1.0,1.0,0.0,gen
3,m2tr+dilemma_tr,fenrir-v18-arrival-ready-beds,B,1.0,1.0,0.0,gen
3,m2tr+dilemma_tr,gavroche-v32-supported-divecap,B,1.0,1.0,0.0,gen
3,m2tr+dilemma_tr,hunter-v20-portal-scouts,B,1.0,1.0,0.0,gen
3,m2tr+dilemma_tr,kazuha-s01-swarm-dissolve,B,1.0,1.0,0.0,gen
3,m2tr+dilemma_tr,ouroboros-m01-vibing-mimic,B,1.0,1.0,0.0,gen
3,m2tr+dilemma_tr,sinbad-v07-divecap,B,1.0,1.0,0.0,gen
3,m2tr+dilemma_tr,yuna-v05-core,B,1.0,1.0,0.0,gen
3,m2tr+trophy_tr,chaewon-y04-probe,A,0.0,0.0,0.0,gen
3,m2tr+trophy_tr,fenrir-v18-arrival-ready-beds,A,0.0,0.0,0.0,gen
3,m2tr+trophy_tr,gavroche-v32-supported-divecap,A,0.0,0.0,0.0,gen
3,m2tr+trophy_tr,hunter-v20-portal-scouts,A,1.0,1.0,0.0,gen
3,m2tr+trophy_tr,kazuha-s01-swarm-dissolve,A,1.0,1.0,0.0,gen
3,m2tr+trophy_tr,ouroboros-m01-vibing-mimic,A,1.0,1.0,0.0,gen
3,m2tr+trophy_tr,sinbad-v07-divecap,A,0.0,0.0,0.0,gen
3,m2tr+trophy_tr,yuna-v05-core,A,0.0,0.0,0.0,gen
3,m2tr+trophy_tr,chaewon-y04-probe,B,1.0,1.0,0.0,gen
3,m2tr+trophy_tr,fenrir-v18-arrival-ready-beds,B,1.0,1.0,0.0,gen
3,m2tr+trophy_tr,gavroche-v32-supported-divecap,B,1.0,1.0,0.0,gen
3,m2tr+trophy_tr,hunter-v20-portal-scouts,B,1.0,1.0,0.0,gen
3,m2tr+trophy_tr,kazuha-s01-swarm-dissolve,B,1.0,1.0,0.0,gen
3,m2tr+trophy_tr,ouroboros-m01-vibing-mimic,B,1.0,1.0,0.0,gen
3,m2tr+trophy_tr,sinbad-v07-divecap,B,1.0,1.0,0.0,gen
3,m2tr+trophy_tr,yuna-v05-core,B,1.0,1.0,0.0,gen
3,new+mc26_archipelago,chaewon-y04-probe,A,1.0,1.0,0.0,gen
3,new+mc26_archipelago,fenrir-v18-arrival-ready-beds,A,1.0,1.0,0.0,gen
3,new+mc26_archipelago,gavroche-v32-supported-divecap,A,1.0,1.0,0.0,gen
3,new+mc26_archipelago,hunter-v20-portal-scouts,A,1.0,1.0,0.0,gen
3,new+mc26_archipelago,kazuha-s01-swarm-dissolve,A,1.0,1.0,0.0,gen
3,new+mc26_archipelago,ouroboros-m01-vibing-mimic,A,1.0,1.0,0.0,gen
3,new+mc26_archipelago,sinbad-v07-divecap,A,1.0,1.0,0.0,gen
3,new+mc26_archipelago,yuna-v05-core,A,1.0,1.0,0.0,gen
3,new+mc26_archipelago,chaewon-y04-probe,B,1.0,1.0,0.0,gen
3,new+mc26_archipelago,fenrir-v18-arrival-ready-beds,B,0.0,0.0,0.0,gen
3,new+mc26_archipelago,gavroche-v32-supported-divecap,B,1.0,1.0,0.0,gen
3,new+mc26_archipelago,hunter-v20-portal-scouts,B,1.0,1.0,0.0,gen
3,new+mc26_archipelago,kazuha-s01-swarm-dissolve,B,1.0,1.0,0.0,gen
3,new+mc26_archipelago,ouroboros-m01-vibing-mimic,B,1.0,1.0,0.0,gen
3,new+mc26_archipelago,sinbad-v07-divecap,B,0.0,0.0,0.0,gen
3,new+mc26_archipelago,yuna-v05-core,B,1.0,1.0,0.0,gen
3,new+mc26_crossroads,chaewon-y04-probe,A,0.0,0.0,0.0,gen
3,new+mc26_crossroads,fenrir-v18-arrival-ready-beds,A,0.0,0.0,0.0,gen
3,new+mc26_crossroads,gavroche-v32-supported-divecap,A,0.0,0.0,0.0,gen
3,new+mc26_crossroads,hunter-v20-portal-scouts,A,0.0,0.0,0.0,gen
3,new+mc26_crossroads,kazuha-s01-swarm-dissolve,A,1.0,1.0,0.0,gen
3,new+mc26_crossroads,ouroboros-m01-vibing-mimic,A,1.0,1.0,0.0,gen
3,new+mc26_crossroads,sinbad-v07-divecap,A,1.0,1.0,0.0,gen
3,new+mc26_crossroads,yuna-v05-core,A,0.0,0.0,0.0,gen
3,new+mc26_crossroads,chaewon-y04-probe,B,1.0,1.0,0.0,gen
3,new+mc26_crossroads,fenrir-v18-arrival-ready-beds,B,0.0,0.0,0.0,gen
3,new+mc26_crossroads,gavroche-v32-supported-divecap,B,1.0,1.0,0.0,gen
3,new+mc26_crossroads,hunter-v20-portal-scouts,B,1.0,1.0,0.0,gen
3,new+mc26_crossroads,kazuha-s01-swarm-dissolve,B,1.0,1.0,0.0,gen
3,new+mc26_crossroads,ouroboros-m01-vibing-mimic,B,1.0,1.0,0.0,gen
3,new+mc26_crossroads,sinbad-v07-divecap,B,0.0,0.0,0.0,gen
3,new+mc26_crossroads,yuna-v05-core,B,1.0,1.0,0.0,gen
3,new+mc26_delayed_commons,chaewon-y04-probe,A,1.0,1.0,0.0,gen
3,new+mc26_delayed_commons,fenrir-v18-arrival-ready-beds,A,1.0,1.0,0.0,gen
3,new+mc26_delayed_commons,gavroche-v32-supported-divecap,A,1.0,1.0,0.0,gen
3,new+mc26_delayed_commons,hunter-v20-portal-scouts,A,1.0,1.0,0.0,gen
3,new+mc26_delayed_commons,kazuha-s01-swarm-dissolve,A,1.0,1.0,0.0,gen
3,new+mc26_delayed_commons,ouroboros-m01-vibing-mimic,A,1.0,1.0,0.0,gen
3,new+mc26_delayed_commons,sinbad-v07-divecap,A,1.0,1.0,0.0,gen
3,new+mc26_delayed_commons,yuna-v05-core,A,1.0,1.0,0.0,gen
3,new+mc26_delayed_commons,chaewon-y04-probe,B,1.0,1.0,0.0,gen
3,new+mc26_delayed_commons,fenrir-v18-arrival-ready-beds,B,1.0,1.0,0.0,gen
3,new+mc26_delayed_commons,gavroche-v32-supported-divecap,B,1.0,1.0,0.0,gen
3,new+mc26_delayed_commons,hunter-v20-portal-scouts,B,1.0,1.0,0.0,gen
3,new+mc26_delayed_commons,kazuha-s01-swarm-dissolve,B,1.0,1.0,0.0,gen
3,new+mc26_delayed_commons,ouroboros-m01-vibing-mimic,B,1.0,1.0,0.0,gen
3,new+mc26_delayed_commons,sinbad-v07-divecap,B,1.0,1.0,0.0,gen
3,new+mc26_delayed_commons,yuna-v05-core,B,1.0,1.0,0.0,gen
3,new+mc26_equatorial_belt,chaewon-y04-probe,A,0.0,0.0,0.0,gen
3,new+mc26_equatorial_belt,fenrir-v18-arrival-ready-beds,A,0.0,0.0,0.0,gen
3,new+mc26_equatorial_belt,gavroche-v32-supported-divecap,A,0.0,0.0,0.0,gen
3,new+mc26_equatorial_belt,hunter-v20-portal-scouts,A,1.0,1.0,0.0,gen
3,new+mc26_equatorial_belt,kazuha-s01-swarm-dissolve,A,1.0,1.0,0.0,gen
3,new+mc26_equatorial_belt,ouroboros-m01-vibing-mimic,A,0.0,0.0,0.0,gen
3,new+mc26_equatorial_belt,sinbad-v07-divecap,A,0.0,0.0,0.0,gen
3,new+mc26_equatorial_belt,yuna-v05-core,A,0.0,0.0,0.0,gen
3,new+mc26_equatorial_belt,chaewon-y04-probe,B,1.0,1.0,0.0,gen
3,new+mc26_equatorial_belt,fenrir-v18-arrival-ready-beds,B,1.0,1.0,0.0,gen
3,new+mc26_equatorial_belt,gavroche-v32-supported-divecap,B,1.0,1.0,0.0,gen
3,new+mc26_equatorial_belt,hunter-v20-portal-scouts,B,1.0,1.0,0.0,gen
3,new+mc26_equatorial_belt,kazuha-s01-swarm-dissolve,B,1.0,1.0,0.0,gen
3,new+mc26_equatorial_belt,ouroboros-m01-vibing-mimic,B,1.0,1.0,0.0,gen
3,new+mc26_equatorial_belt,sinbad-v07-divecap,B,1.0,1.0,0.0,gen
3,new+mc26_equatorial_belt,yuna-v05-core,B,1.0,1.0,0.0,gen
3,new+mc26_far_harbors,chaewon-y04-probe,A,0.0,0.0,0.0,gen
3,new+mc26_far_harbors,fenrir-v18-arrival-ready-beds,A,0.0,0.0,0.0,gen
3,new+mc26_far_harbors,gavroche-v32-supported-divecap,A,0.0,0.0,0.0,gen
3,new+mc26_far_harbors,hunter-v20-portal-scouts,A,0.0,0.0,0.0,gen
3,new+mc26_far_harbors,kazuha-s01-swarm-dissolve,A,1.0,1.0,0.0,gen
3,new+mc26_far_harbors,ouroboros-m01-vibing-mimic,A,1.0,1.0,0.0,gen
3,new+mc26_far_harbors,sinbad-v07-divecap,A,1.0,1.0,0.0,gen
3,new+mc26_far_harbors,yuna-v05-core,A,0.0,0.0,0.0,gen
3,new+mc26_far_harbors,chaewon-y04-probe,B,0.0,0.0,0.0,gen
3,new+mc26_far_harbors,fenrir-v18-arrival-ready-beds,B,0.0,0.0,0.0,gen
3,new+mc26_far_harbors,gavroche-v32-supported-divecap,B,1.0,1.0,0.0,gen
3,new+mc26_far_harbors,hunter-v20-portal-scouts,B,1.0,1.0,0.0,gen
3,new+mc26_far_harbors,kazuha-s01-swarm-dissolve,B,1.0,1.0,0.0,gen
3,new+mc26_far_harbors,ouroboros-m01-vibing-mimic,B,1.0,1.0,0.0,gen
3,new+mc26_far_harbors,sinbad-v07-divecap,B,1.0,1.0,0.0,gen
3,new+mc26_far_harbors,yuna-v05-core,B,0.0,0.0,0.0,gen
3,new+mc26_nursery_bays,chaewon-y04-probe,A,1.0,1.0,0.0,gen
3,new+mc26_nursery_bays,fenrir-v18-arrival-ready-beds,A,0.0,0.0,0.0,gen
3,new+mc26_nursery_bays,gavroche-v32-supported-divecap,A,0.0,0.0,0.0,gen
3,new+mc26_nursery_bays,hunter-v20-portal-scouts,A,1.0,1.0,0.0,gen
3,new+mc26_nursery_bays,kazuha-s01-swarm-dissolve,A,1.0,1.0,0.0,gen
3,new+mc26_nursery_bays,ouroboros-m01-vibing-mimic,A,1.0,1.0,0.0,gen
3,new+mc26_nursery_bays,sinbad-v07-divecap,A,1.0,1.0,0.0,gen
3,new+mc26_nursery_bays,yuna-v05-core,A,1.0,1.0,0.0,gen
3,new+mc26_nursery_bays,chaewon-y04-probe,B,1.0,1.0,0.0,gen
3,new+mc26_nursery_bays,fenrir-v18-arrival-ready-beds,B,1.0,1.0,0.0,gen
3,new+mc26_nursery_bays,gavroche-v32-supported-divecap,B,1.0,1.0,0.0,gen
3,new+mc26_nursery_bays,hunter-v20-portal-scouts,B,1.0,1.0,0.0,gen
3,new+mc26_nursery_bays,kazuha-s01-swarm-dissolve,B,1.0,1.0,0.0,gen
3,new+mc26_nursery_bays,ouroboros-m01-vibing-mimic,B,1.0,1.0,0.0,gen
3,new+mc26_nursery_bays,sinbad-v07-divecap,B,1.0,1.0,0.0,gen
3,new+mc26_nursery_bays,yuna-v05-core,B,1.0,1.0,0.0,gen
3,new+mc26_pinwheel,chaewon-y04-probe,A,1.0,1.0,0.0,gen
3,new+mc26_pinwheel,fenrir-v18-arrival-ready-beds,A,1.0,1.0,0.0,gen
3,new+mc26_pinwheel,gavroche-v32-supported-divecap,A,1.0,1.0,0.0,gen
3,new+mc26_pinwheel,hunter-v20-portal-scouts,A,1.0,1.0,0.0,gen
3,new+mc26_pinwheel,kazuha-s01-swarm-dissolve,A,1.0,1.0,0.0,gen
3,new+mc26_pinwheel,ouroboros-m01-vibing-mimic,A,1.0,1.0,0.0,gen
3,new+mc26_pinwheel,sinbad-v07-divecap,A,1.0,1.0,0.0,gen
3,new+mc26_pinwheel,yuna-v05-core,A,1.0,1.0,0.0,gen
3,new+mc26_pinwheel,chaewon-y04-probe,B,1.0,1.0,0.0,gen
3,new+mc26_pinwheel,fenrir-v18-arrival-ready-beds,B,0.0,0.0,0.0,gen
3,new+mc26_pinwheel,gavroche-v32-supported-divecap,B,1.0,1.0,0.0,gen
3,new+mc26_pinwheel,hunter-v20-portal-scouts,B,0.0,0.0,0.0,gen
3,new+mc26_pinwheel,kazuha-s01-swarm-dissolve,B,1.0,1.0,0.0,gen
3,new+mc26_pinwheel,ouroboros-m01-vibing-mimic,B,1.0,1.0,0.0,gen
3,new+mc26_pinwheel,sinbad-v07-divecap,B,1.0,1.0,0.0,gen
3,new+mc26_pinwheel,yuna-v05-core,B,1.0,1.0,0.0,gen
3,new+mc26_portal_quartet,chaewon-y04-probe,A,0.0,0.0,0.0,gen
3,new+mc26_portal_quartet,fenrir-v18-arrival-ready-beds,A,1.0,1.0,0.0,gen
3,new+mc26_portal_quartet,gavroche-v32-supported-divecap,A,1.0,1.0,0.0,gen
3,new+mc26_portal_quartet,hunter-v20-portal-scouts,A,1.0,1.0,0.0,gen
3,new+mc26_portal_quartet,kazuha-s01-swarm-dissolve,A,1.0,1.0,0.0,gen
3,new+mc26_portal_quartet,ouroboros-m01-vibing-mimic,A,1.0,1.0,0.0,gen
3,new+mc26_portal_quartet,sinbad-v07-divecap,A,1.0,1.0,0.0,gen
3,new+mc26_portal_quartet,yuna-v05-core,A,0.0,0.0,0.0,gen
3,new+mc26_portal_quartet,chaewon-y04-probe,B,0.0,0.0,0.0,gen
3,new+mc26_portal_quartet,fenrir-v18-arrival-ready-beds,B,1.0,1.0,0.0,gen
3,new+mc26_portal_quartet,gavroche-v32-supported-divecap,B,1.0,1.0,0.0,gen
3,new+mc26_portal_quartet,hunter-v20-portal-scouts,B,1.0,1.0,0.0,gen
3,new+mc26_portal_quartet,kazuha-s01-swarm-dissolve,B,1.0,1.0,0.0,gen
3,new+mc26_portal_quartet,ouroboros-m01-vibing-mimic,B,1.0,1.0,0.0,gen
3,new+mc26_portal_quartet,sinbad-v07-divecap,B,1.0,1.0,0.0,gen
3,new+mc26_portal_quartet,yuna-v05-core,B,0.0,0.0,0.0,gen
3,new+mc26_pulse_farms,chaewon-y04-probe,A,1.0,1.0,0.0,gen
3,new+mc26_pulse_farms,fenrir-v18-arrival-ready-beds,A,0.0,0.0,0.0,gen
3,new+mc26_pulse_farms,gavroche-v32-supported-divecap,A,0.0,0.0,0.0,gen
3,new+mc26_pulse_farms,hunter-v20-portal-scouts,A,1.0,1.0,0.0,gen
3,new+mc26_pulse_farms,kazuha-s01-swarm-dissolve,A,1.0,1.0,0.0,gen
3,new+mc26_pulse_farms,ouroboros-m01-vibing-mimic,A,1.0,1.0,0.0,gen
3,new+mc26_pulse_farms,sinbad-v07-divecap,A,0.0,0.0,0.0,gen
3,new+mc26_pulse_farms,yuna-v05-core,A,1.0,1.0,0.0,gen
3,new+mc26_pulse_farms,chaewon-y04-probe,B,1.0,1.0,0.0,gen
3,new+mc26_pulse_farms,fenrir-v18-arrival-ready-beds,B,1.0,1.0,0.0,gen
3,new+mc26_pulse_farms,gavroche-v32-supported-divecap,B,1.0,1.0,0.0,gen
3,new+mc26_pulse_farms,hunter-v20-portal-scouts,B,0.0,0.0,0.0,gen
3,new+mc26_pulse_farms,kazuha-s01-swarm-dissolve,B,1.0,1.0,0.0,gen
3,new+mc26_pulse_farms,ouroboros-m01-vibing-mimic,B,1.0,1.0,0.0,gen
3,new+mc26_pulse_farms,sinbad-v07-divecap,B,1.0,1.0,0.0,gen
3,new+mc26_pulse_farms,yuna-v05-core,B,1.0,1.0,0.0,gen
3,new+mc26_relay_depots,chaewon-y04-probe,A,0.0,0.0,0.0,gen
3,new+mc26_relay_depots,fenrir-v18-arrival-ready-beds,A,1.0,1.0,0.0,gen
3,new+mc26_relay_depots,gavroche-v32-supported-divecap,A,1.0,1.0,0.0,gen
3,new+mc26_relay_depots,hunter-v20-portal-scouts,A,1.0,1.0,0.0,gen
3,new+mc26_relay_depots,kazuha-s01-swarm-dissolve,A,1.0,1.0,0.0,gen
3,new+mc26_relay_depots,ouroboros-m01-vibing-mimic,A,1.0,1.0,0.0,gen
3,new+mc26_relay_depots,sinbad-v07-divecap,A,1.0,1.0,0.0,gen
3,new+mc26_relay_depots,yuna-v05-core,A,0.0,0.0,0.0,gen
3,new+mc26_relay_depots,chaewon-y04-probe,B,0.0,0.0,0.0,gen
3,new+mc26_relay_depots,fenrir-v18-arrival-ready-beds,B,1.0,1.0,0.0,gen
3,new+mc26_relay_depots,gavroche-v32-supported-divecap,B,1.0,1.0,0.0,gen
3,new+mc26_relay_depots,hunter-v20-portal-scouts,B,1.0,1.0,0.0,gen
3,new+mc26_relay_depots,kazuha-s01-swarm-dissolve,B,1.0,1.0,0.0,gen
3,new+mc26_relay_depots,ouroboros-m01-vibing-mimic,B,1.0,1.0,0.0,gen
3,new+mc26_relay_depots,sinbad-v07-divecap,B,1.0,1.0,0.0,gen
3,new+mc26_relay_depots,yuna-v05-core,B,0.0,0.0,0.0,gen
3,new+mc26_scattered_fleets,chaewon-y04-probe,A,1.0,1.0,0.0,gen
3,new+mc26_scattered_fleets,fenrir-v18-arrival-ready-beds,A,1.0,1.0,0.0,gen
3,new+mc26_scattered_fleets,gavroche-v32-supported-divecap,A,1.0,1.0,0.0,gen
3,new+mc26_scattered_fleets,hunter-v20-portal-scouts,A,1.0,1.0,0.0,gen
3,new+mc26_scattered_fleets,kazuha-s01-swarm-dissolve,A,1.0,1.0,0.0,gen
3,new+mc26_scattered_fleets,ouroboros-m01-vibing-mimic,A,0.0,0.0,0.0,gen
3,new+mc26_scattered_fleets,sinbad-v07-divecap,A,1.0,1.0,0.0,gen
3,new+mc26_scattered_fleets,yuna-v05-core,A,1.0,1.0,0.0,gen
3,new+mc26_scattered_fleets,chaewon-y04-probe,B,1.0,1.0,0.0,gen
3,new+mc26_scattered_fleets,fenrir-v18-arrival-ready-beds,B,1.0,1.0,0.0,gen
3,new+mc26_scattered_fleets,gavroche-v32-supported-divecap,B,1.0,1.0,0.0,gen
3,new+mc26_scattered_fleets,hunter-v20-portal-scouts,B,1.0,1.0,0.0,gen
3,new+mc26_scattered_fleets,kazuha-s01-swarm-dissolve,B,1.0,1.0,0.0,gen
3,new+mc26_scattered_fleets,ouroboros-m01-vibing-mimic,B,1.0,1.0,0.0,gen
3,new+mc26_scattered_fleets,sinbad-v07-divecap,B,1.0,1.0,0.0,gen
3,new+mc26_scattered_fleets,yuna-v05-core,B,1.0,1.0,0.0,gen
3,new+mc26_seam_market,chaewon-y04-probe,A,0.0,0.0,0.0,gen
3,new+mc26_seam_market,fenrir-v18-arrival-ready-beds,A,0.0,0.0,0.0,gen
3,new+mc26_seam_market,gavroche-v32-supported-divecap,A,0.0,0.0,0.0,gen
3,new+mc26_seam_market,hunter-v20-portal-scouts,A,0.0,0.0,0.0,gen
3,new+mc26_seam_market,kazuha-s01-swarm-dissolve,A,1.0,1.0,0.0,gen
3,new+mc26_seam_market,ouroboros-m01-vibing-mimic,A,0.0,0.0,0.0,gen
3,new+mc26_seam_market,sinbad-v07-divecap,A,0.0,0.0,0.0,gen
3,new+mc26_seam_market,yuna-v05-core,A,0.0,0.0,0.0,gen
3,new+mc26_seam_market,chaewon-y04-probe,B,0.0,0.0,0.0,gen
3,new+mc26_seam_market,fenrir-v18-arrival-ready-beds,B,1.0,1.0,0.0,gen
3,new+mc26_seam_market,gavroche-v32-supported-divecap,B,0.0,0.0,0.0,gen
3,new+mc26_seam_market,hunter-v20-portal-scouts,B,0.0,0.0,0.0,gen
3,new+mc26_seam_market,kazuha-s01-swarm-dissolve,B,1.0,1.0,0.0,gen
3,new+mc26_seam_market,ouroboros-m01-vibing-mimic,B,0.0,0.0,0.0,gen
3,new+mc26_seam_market,sinbad-v07-divecap,B,0.0,0.0,0.0,gen
3,new+mc26_seam_market,yuna-v05-core,B,0.0,0.0,0.0,gen
3,new+mc26_spring_wells,chaewon-y04-probe,A,1.0,1.0,0.0,gen
3,new+mc26_spring_wells,fenrir-v18-arrival-ready-beds,A,0.0,0.0,0.0,gen
3,new+mc26_spring_wells,gavroche-v32-supported-divecap,A,0.0,0.0,0.0,gen
3,new+mc26_spring_wells,hunter-v20-portal-scouts,A,1.0,1.0,0.0,gen
3,new+mc26_spring_wells,kazuha-s01-swarm-dissolve,A,0.0,0.0,0.0,gen
3,new+mc26_spring_wells,ouroboros-m01-vibing-mimic,A,1.0,1.0,0.0,gen
3,new+mc26_spring_wells,sinbad-v07-divecap,A,0.0,0.0,0.0,gen
3,new+mc26_spring_wells,yuna-v05-core,A,1.0,1.0,0.0,gen
3,new+mc26_spring_wells,chaewon-y04-probe,B,1.0,1.0,0.0,gen
3,new+mc26_spring_wells,fenrir-v18-arrival-ready-beds,B,0.0,0.0,0.0,gen
3,new+mc26_spring_wells,gavroche-v32-supported-divecap,B,1.0,1.0,0.0,gen
3,new+mc26_spring_wells,hunter-v20-portal-scouts,B,0.0,0.0,0.0,gen
3,new+mc26_spring_wells,kazuha-s01-swarm-dissolve,B,0.0,0.0,0.0,gen
3,new+mc26_spring_wells,ouroboros-m01-vibing-mimic,B,1.0,1.0,0.0,gen
3,new+mc26_spring_wells,sinbad-v07-divecap,B,0.0,0.0,0.0,gen
3,new+mc26_spring_wells,yuna-v05-core,B,1.0,1.0,0.0,gen
3,new+md26_causeway_detour_s0,chaewon-y04-probe,A,0.0,0.0,0.0,gen
3,new+md26_causeway_detour_s0,fenrir-v18-arrival-ready-beds,A,0.0,0.0,0.0,gen
3,new+md26_causeway_detour_s0,gavroche-v32-supported-divecap,A,1.0,1.0,0.0,gen
3,new+md26_causeway_detour_s0,hunter-v20-portal-scouts,A,1.0,1.0,0.0,gen
3,new+md26_causeway_detour_s0,kazuha-s01-swarm-dissolve,A,1.0,1.0,0.0,gen
3,new+md26_causeway_detour_s0,ouroboros-m01-vibing-mimic,A,1.0,1.0,0.0,gen
3,new+md26_causeway_detour_s0,sinbad-v07-divecap,A,1.0,1.0,0.0,gen
3,new+md26_causeway_detour_s0,yuna-v05-core,A,0.0,0.0,0.0,gen
3,new+md26_causeway_detour_s0,chaewon-y04-probe,B,1.0,1.0,0.0,gen
3,new+md26_causeway_detour_s0,fenrir-v18-arrival-ready-beds,B,1.0,1.0,0.0,gen
3,new+md26_causeway_detour_s0,gavroche-v32-supported-divecap,B,1.0,1.0,0.0,gen
3,new+md26_causeway_detour_s0,hunter-v20-portal-scouts,B,1.0,1.0,0.0,gen
3,new+md26_causeway_detour_s0,kazuha-s01-swarm-dissolve,B,1.0,1.0,0.0,gen
3,new+md26_causeway_detour_s0,ouroboros-m01-vibing-mimic,B,1.0,1.0,0.0,gen
3,new+md26_causeway_detour_s0,sinbad-v07-divecap,B,0.0,0.0,0.0,gen
3,new+md26_causeway_detour_s0,yuna-v05-core,B,1.0,1.0,0.0,gen
3,new+md26_causeway_portal_s0,chaewon-y04-probe,A,0.0,0.0,0.0,gen
3,new+md26_causeway_portal_s0,fenrir-v18-arrival-ready-beds,A,0.0,0.0,0.0,gen
3,new+md26_causeway_portal_s0,gavroche-v32-supported-divecap,A,1.0,1.0,0.0,gen
3,new+md26_causeway_portal_s0,hunter-v20-portal-scouts,A,1.0,1.0,0.0,gen
3,new+md26_causeway_portal_s0,kazuha-s01-swarm-dissolve,A,1.0,1.0,0.0,gen
3,new+md26_causeway_portal_s0,ouroboros-m01-vibing-mimic,A,1.0,1.0,0.0,gen
3,new+md26_causeway_portal_s0,sinbad-v07-divecap,A,1.0,1.0,0.0,gen
3,new+md26_causeway_portal_s0,yuna-v05-core,A,0.0,0.0,0.0,gen
3,new+md26_causeway_portal_s0,chaewon-y04-probe,B,0.0,0.0,0.0,gen
3,new+md26_causeway_portal_s0,fenrir-v18-arrival-ready-beds,B,0.0,0.0,0.0,gen
3,new+md26_causeway_portal_s0,gavroche-v32-supported-divecap,B,1.0,1.0,0.0,gen
3,new+md26_causeway_portal_s0,hunter-v20-portal-scouts,B,1.0,1.0,0.0,gen
3,new+md26_causeway_portal_s0,kazuha-s01-swarm-dissolve,B,1.0,1.0,0.0,gen
3,new+md26_causeway_portal_s0,ouroboros-m01-vibing-mimic,B,1.0,1.0,0.0,gen
3,new+md26_causeway_portal_s0,sinbad-v07-divecap,B,0.0,0.0,0.0,gen
3,new+md26_causeway_portal_s0,yuna-v05-core,B,0.0,0.0,0.0,gen
3,new+md26_commons_shared_s0,chaewon-y04-probe,A,1.0,1.0,0.0,gen
3,new+md26_commons_shared_s0,fenrir-v18-arrival-ready-beds,A,1.0,1.0,0.0,gen
3,new+md26_commons_shared_s0,gavroche-v32-supported-divecap,A,1.0,1.0,0.0,gen
3,new+md26_commons_shared_s0,hunter-v20-portal-scouts,A,0.0,0.0,0.0,gen
3,new+md26_commons_shared_s0,kazuha-s01-swarm-dissolve,A,1.0,1.0,0.0,gen
3,new+md26_commons_shared_s0,ouroboros-m01-vibing-mimic,A,0.0,0.0,0.0,gen
3,new+md26_commons_shared_s0,sinbad-v07-divecap,A,1.0,1.0,0.0,gen
3,new+md26_commons_shared_s0,yuna-v05-core,A,1.0,1.0,0.0,gen
3,new+md26_commons_shared_s0,chaewon-y04-probe,B,1.0,1.0,0.0,gen
3,new+md26_commons_shared_s0,fenrir-v18-arrival-ready-beds,B,1.0,1.0,0.0,gen
3,new+md26_commons_shared_s0,gavroche-v32-supported-divecap,B,1.0,1.0,0.0,gen
3,new+md26_commons_shared_s0,hunter-v20-portal-scouts,B,1.0,1.0,0.0,gen
3,new+md26_commons_shared_s0,kazuha-s01-swarm-dissolve,B,1.0,1.0,0.0,gen
3,new+md26_commons_shared_s0,ouroboros-m01-vibing-mimic,B,1.0,1.0,0.0,gen
3,new+md26_commons_shared_s0,sinbad-v07-divecap,B,1.0,1.0,0.0,gen
3,new+md26_commons_shared_s0,yuna-v05-core,B,1.0,1.0,0.0,gen
3,new+md26_commons_spread_s0,chaewon-y04-probe,A,1.0,1.0,0.0,gen
3,new+md26_commons_spread_s0,fenrir-v18-arrival-ready-beds,A,1.0,1.0,0.0,gen
3,new+md26_commons_spread_s0,gavroche-v32-supported-divecap,A,1.0,1.0,0.0,gen
3,new+md26_commons_spread_s0,hunter-v20-portal-scouts,A,0.0,0.0,0.0,gen
3,new+md26_commons_spread_s0,kazuha-s01-swarm-dissolve,A,1.0,1.0,0.0,gen
3,new+md26_commons_spread_s0,ouroboros-m01-vibing-mimic,A,0.0,0.0,0.0,gen
3,new+md26_commons_spread_s0,sinbad-v07-divecap,A,1.0,1.0,0.0,gen
3,new+md26_commons_spread_s0,yuna-v05-core,A,1.0,1.0,0.0,gen
3,new+md26_commons_spread_s0,chaewon-y04-probe,B,1.0,1.0,0.0,gen
3,new+md26_commons_spread_s0,fenrir-v18-arrival-ready-beds,B,1.0,1.0,0.0,gen
3,new+md26_commons_spread_s0,gavroche-v32-supported-divecap,B,1.0,1.0,0.0,gen
3,new+md26_commons_spread_s0,hunter-v20-portal-scouts,B,0.0,0.0,0.0,gen
3,new+md26_commons_spread_s0,kazuha-s01-swarm-dissolve,B,1.0,1.0,0.0,gen
3,new+md26_commons_spread_s0,ouroboros-m01-vibing-mimic,B,0.0,0.0,0.0,gen
3,new+md26_commons_spread_s0,sinbad-v07-divecap,B,1.0,1.0,0.0,gen
3,new+md26_commons_spread_s0,yuna-v05-core,B,1.0,1.0,0.0,gen
3,new+md26_orchard_narrow_s0,chaewon-y04-probe,A,1.0,1.0,0.0,gen
3,new+md26_orchard_narrow_s0,fenrir-v18-arrival-ready-beds,A,1.0,1.0,0.0,gen
3,new+md26_orchard_narrow_s0,gavroche-v32-supported-divecap,A,1.0,1.0,0.0,gen
3,new+md26_orchard_narrow_s0,hunter-v20-portal-scouts,A,1.0,1.0,0.0,gen
3,new+md26_orchard_narrow_s0,kazuha-s01-swarm-dissolve,A,1.0,1.0,0.0,gen
3,new+md26_orchard_narrow_s0,ouroboros-m01-vibing-mimic,A,1.0,1.0,0.0,gen
3,new+md26_orchard_narrow_s0,sinbad-v07-divecap,A,1.0,1.0,0.0,gen
3,new+md26_orchard_narrow_s0,yuna-v05-core,A,1.0,1.0,0.0,gen
3,new+md26_orchard_narrow_s0,chaewon-y04-probe,B,0.0,0.0,0.0,gen
3,new+md26_orchard_narrow_s0,fenrir-v18-arrival-ready-beds,B,1.0,1.0,0.0,gen
3,new+md26_orchard_narrow_s0,gavroche-v32-supported-divecap,B,0.0,0.0,0.0,gen
3,new+md26_orchard_narrow_s0,hunter-v20-portal-scouts,B,1.0,1.0,0.0,gen
3,new+md26_orchard_narrow_s0,kazuha-s01-swarm-dissolve,B,1.0,1.0,0.0,gen
3,new+md26_orchard_narrow_s0,ouroboros-m01-vibing-mimic,B,0.0,0.0,0.0,gen
3,new+md26_orchard_narrow_s0,sinbad-v07-divecap,B,0.0,0.0,0.0,gen
3,new+md26_orchard_narrow_s0,yuna-v05-core,B,0.0,0.0,0.0,gen
3,new+md26_orchard_wide_s0,chaewon-y04-probe,A,1.0,1.0,0.0,gen
3,new+md26_orchard_wide_s0,fenrir-v18-arrival-ready-beds,A,1.0,1.0,0.0,gen
3,new+md26_orchard_wide_s0,gavroche-v32-supported-divecap,A,1.0,1.0,0.0,gen
3,new+md26_orchard_wide_s0,hunter-v20-portal-scouts,A,1.0,1.0,0.0,gen
3,new+md26_orchard_wide_s0,kazuha-s01-swarm-dissolve,A,1.0,1.0,0.0,gen
3,new+md26_orchard_wide_s0,ouroboros-m01-vibing-mimic,A,1.0,1.0,0.0,gen
3,new+md26_orchard_wide_s0,sinbad-v07-divecap,A,1.0,1.0,0.0,gen
3,new+md26_orchard_wide_s0,yuna-v05-core,A,1.0,1.0,0.0,gen
3,new+md26_orchard_wide_s0,chaewon-y04-probe,B,1.0,1.0,0.0,gen
3,new+md26_orchard_wide_s0,fenrir-v18-arrival-ready-beds,B,1.0,1.0,0.0,gen
3,new+md26_orchard_wide_s0,gavroche-v32-supported-divecap,B,1.0,1.0,0.0,gen
3,new+md26_orchard_wide_s0,hunter-v20-portal-scouts,B,0.0,0.0,0.0,gen
3,new+md26_orchard_wide_s0,kazuha-s01-swarm-dissolve,B,1.0,1.0,0.0,gen
3,new+md26_orchard_wide_s0,ouroboros-m01-vibing-mimic,B,0.0,0.0,0.0,gen
3,new+md26_orchard_wide_s0,sinbad-v07-divecap,B,1.0,1.0,0.0,gen
3,new+md26_orchard_wide_s0,yuna-v05-core,B,1.0,1.0,0.0,gen
3,new+md26_promenade_ring_s0,chaewon-y04-probe,A,1.0,1.0,0.0,gen
3,new+md26_promenade_ring_s0,fenrir-v18-arrival-ready-beds,A,1.0,1.0,0.0,gen
3,new+md26_promenade_ring_s0,gavroche-v32-supported-divecap,A,1.0,1.0,0.0,gen
3,new+md26_promenade_ring_s0,hunter-v20-portal-scouts,A,1.0,1.0,0.0,gen
3,new+md26_promenade_ring_s0,kazuha-s01-swarm-dissolve,A,1.0,1.0,0.0,gen
3,new+md26_promenade_ring_s0,ouroboros-m01-vibing-mimic,A,1.0,1.0,0.0,gen
3,new+md26_promenade_ring_s0,sinbad-v07-divecap,A,1.0,1.0,0.0,gen
3,new+md26_promenade_ring_s0,yuna-v05-core,A,1.0,1.0,0.0,gen
3,new+md26_promenade_ring_s0,chaewon-y04-probe,B,0.0,0.0,0.0,gen
3,new+md26_promenade_ring_s0,fenrir-v18-arrival-ready-beds,B,0.0,0.0,0.0,gen
3,new+md26_promenade_ring_s0,gavroche-v32-supported-divecap,B,1.0,1.0,0.0,gen
3,new+md26_promenade_ring_s0,hunter-v20-portal-scouts,B,1.0,1.0,0.0,gen
3,new+md26_promenade_ring_s0,kazuha-s01-swarm-dissolve,B,1.0,1.0,0.0,gen
3,new+md26_promenade_ring_s0,ouroboros-m01-vibing-mimic,B,0.0,0.0,0.0,gen
3,new+md26_promenade_ring_s0,sinbad-v07-divecap,B,1.0,1.0,0.0,gen
3,new+md26_promenade_ring_s0,yuna-v05-core,B,0.0,0.0,0.0,gen
3,var+crossroads_tr,chaewon-y04-probe,A,0.0,0.0,0.0,gen
3,var+crossroads_tr,fenrir-v18-arrival-ready-beds,A,0.0,0.0,0.0,gen
3,var+crossroads_tr,gavroche-v32-supported-divecap,A,0.0,0.0,0.0,gen
3,var+crossroads_tr,hunter-v20-portal-scouts,A,0.0,0.0,0.0,gen
3,var+crossroads_tr,kazuha-s01-swarm-dissolve,A,1.0,1.0,0.0,gen
3,var+crossroads_tr,ouroboros-m01-vibing-mimic,A,1.0,1.0,0.0,gen
3,var+crossroads_tr,sinbad-v07-divecap,A,0.0,0.0,0.0,gen
3,var+crossroads_tr,yuna-v05-core,A,0.0,0.0,0.0,gen
3,var+crossroads_tr,chaewon-y04-probe,B,1.0,1.0,0.0,gen
3,var+crossroads_tr,fenrir-v18-arrival-ready-beds,B,1.0,1.0,0.0,gen
3,var+crossroads_tr,gavroche-v32-supported-divecap,B,1.0,1.0,0.0,gen
3,var+crossroads_tr,hunter-v20-portal-scouts,B,0.0,0.0,0.0,gen
3,var+crossroads_tr,kazuha-s01-swarm-dissolve,B,1.0,1.0,0.0,gen
3,var+crossroads_tr,ouroboros-m01-vibing-mimic,B,1.0,1.0,0.0,gen
3,var+crossroads_tr,sinbad-v07-divecap,B,1.0,1.0,0.0,gen
3,var+crossroads_tr,yuna-v05-core,B,1.0,1.0,0.0,gen
3,var+devil_tr,chaewon-y04-probe,A,1.0,1.0,0.0,gen
3,var+devil_tr,fenrir-v18-arrival-ready-beds,A,1.0,1.0,0.0,gen
3,var+devil_tr,gavroche-v32-supported-divecap,A,1.0,1.0,0.0,gen
3,var+devil_tr,hunter-v20-portal-scouts,A,1.0,1.0,0.0,gen
3,var+devil_tr,kazuha-s01-swarm-dissolve,A,1.0,1.0,0.0,gen
3,var+devil_tr,ouroboros-m01-vibing-mimic,A,1.0,1.0,0.0,gen
3,var+devil_tr,sinbad-v07-divecap,A,1.0,1.0,0.0,gen
3,var+devil_tr,yuna-v05-core,A,1.0,1.0,0.0,gen
3,var+devil_tr,chaewon-y04-probe,B,0.0,0.0,0.0,gen
3,var+devil_tr,fenrir-v18-arrival-ready-beds,B,1.0,1.0,0.0,gen
3,var+devil_tr,gavroche-v32-supported-divecap,B,1.0,1.0,0.0,gen
3,var+devil_tr,hunter-v20-portal-scouts,B,1.0,1.0,0.0,gen
3,var+devil_tr,kazuha-s01-swarm-dissolve,B,1.0,1.0,0.0,gen
3,var+devil_tr,ouroboros-m01-vibing-mimic,B,0.0,0.0,0.0,gen
3,var+devil_tr,sinbad-v07-divecap,B,1.0,1.0,0.0,gen
3,var+devil_tr,yuna-v05-core,B,0.0,0.0,0.0,gen
3,var+portals_tr,chaewon-y04-probe,A,0.0,0.0,0.0,gen
3,var+portals_tr,fenrir-v18-arrival-ready-beds,A,1.0,1.0,0.0,gen
3,var+portals_tr,gavroche-v32-supported-divecap,A,0.0,0.0,0.0,gen
3,var+portals_tr,hunter-v20-portal-scouts,A,1.0,1.0,0.0,gen
3,var+portals_tr,kazuha-s01-swarm-dissolve,A,1.0,1.0,0.0,gen
3,var+portals_tr,ouroboros-m01-vibing-mimic,A,0.0,0.0,0.0,gen
3,var+portals_tr,sinbad-v07-divecap,A,1.0,1.0,0.0,gen
3,var+portals_tr,yuna-v05-core,A,0.0,0.0,0.0,gen
3,var+portals_tr,chaewon-y04-probe,B,1.0,1.0,0.0,gen
3,var+portals_tr,fenrir-v18-arrival-ready-beds,B,0.0,0.0,0.0,gen
3,var+portals_tr,gavroche-v32-supported-divecap,B,1.0,1.0,0.0,gen
3,var+portals_tr,hunter-v20-portal-scouts,B,1.0,1.0,0.0,gen
3,var+portals_tr,kazuha-s01-swarm-dissolve,B,1.0,1.0,0.0,gen
3,var+portals_tr,ouroboros-m01-vibing-mimic,B,0.0,0.0,0.0,gen
3,var+portals_tr,sinbad-v07-divecap,B,1.0,1.0,0.0,gen
3,var+portals_tr,yuna-v05-core,B,1.0,1.0,0.0,gen
3,var+queen_of_spades_tr,chaewon-y04-probe,A,0.0,0.0,0.0,gen
3,var+queen_of_spades_tr,fenrir-v18-arrival-ready-beds,A,1.0,1.0,0.0,gen
3,var+queen_of_spades_tr,gavroche-v32-supported-divecap,A,1.0,1.0,0.0,gen
3,var+queen_of_spades_tr,hunter-v20-portal-scouts,A,1.0,1.0,0.0,gen
3,var+queen_of_spades_tr,kazuha-s01-swarm-dissolve,A,0.0,0.0,0.0,gen
3,var+queen_of_spades_tr,ouroboros-m01-vibing-mimic,A,1.0,1.0,0.0,gen
3,var+queen_of_spades_tr,sinbad-v07-divecap,A,1.0,1.0,0.0,gen
3,var+queen_of_spades_tr,yuna-v05-core,A,0.0,0.0,0.0,gen
3,var+queen_of_spades_tr,chaewon-y04-probe,B,1.0,1.0,0.0,gen
3,var+queen_of_spades_tr,fenrir-v18-arrival-ready-beds,B,0.0,0.0,0.0,gen
3,var+queen_of_spades_tr,gavroche-v32-supported-divecap,B,0.0,0.0,0.0,gen
3,var+queen_of_spades_tr,hunter-v20-portal-scouts,B,1.0,1.0,0.0,gen
3,var+queen_of_spades_tr,kazuha-s01-swarm-dissolve,B,1.0,1.0,0.0,gen
3,var+queen_of_spades_tr,ouroboros-m01-vibing-mimic,B,1.0,1.0,0.0,gen
3,var+queen_of_spades_tr,sinbad-v07-divecap,B,0.0,0.0,0.0,gen
3,var+queen_of_spades_tr,yuna-v05-core,B,1.0,1.0,0.0,gen
3,var+trauma_tr,chaewon-y04-probe,A,1.0,1.0,0.0,gen
3,var+trauma_tr,fenrir-v18-arrival-ready-beds,A,1.0,1.0,0.0,gen
3,var+trauma_tr,gavroche-v32-supported-divecap,A,1.0,1.0,0.0,gen
3,var+trauma_tr,hunter-v20-portal-scouts,A,1.0,1.0,0.0,gen
3,var+trauma_tr,kazuha-s01-swarm-dissolve,A,1.0,1.0,0.0,gen
3,var+trauma_tr,ouroboros-m01-vibing-mimic,A,1.0,1.0,0.0,gen
3,var+trauma_tr,sinbad-v07-divecap,A,1.0,1.0,0.0,gen
3,var+trauma_tr,yuna-v05-core,A,1.0,1.0,0.0,gen
3,var+trauma_tr,chaewon-y04-probe,B,1.0,1.0,0.0,gen
3,var+trauma_tr,fenrir-v18-arrival-ready-beds,B,1.0,1.0,0.0,gen
3,var+trauma_tr,gavroche-v32-supported-divecap,B,1.0,1.0,0.0,gen
3,var+trauma_tr,hunter-v20-portal-scouts,B,1.0,1.0,0.0,gen
3,var+trauma_tr,kazuha-s01-swarm-dissolve,B,1.0,1.0,0.0,gen
3,var+trauma_tr,ouroboros-m01-vibing-mimic,B,1.0,1.0,0.0,gen
3,var+trauma_tr,sinbad-v07-divecap,B,1.0,1.0,0.0,gen
3,var+trauma_tr,yuna-v05-core,B,1.0,1.0,0.0,gen
