opponent,map,side,outcome,winner,rounds,seconds,error,analysis_error,team_a,team_b,log,replay,runtime_faults,reason,statistics,series,graph,candidate_units,candidate_total,candidate_longest,candidate_pearls,candidate_splits,candidate_deaths,candidate_enemy_kills,candidate_killed_by_enemy,candidate_team_kills,candidate_self_collisions,candidate_wall_deaths,candidate_invalid_action_deaths,candidate_suicides,candidate_tle,candidate_unattributed_collision_deaths,candidate_space_share,candidate_space_tied,candidate_space_unreachable,opponent_units,opponent_total,opponent_longest,opponent_pearls,opponent_splits,opponent_deaths,opponent_enemy_kills,opponent_killed_by_enemy,opponent_team_kills,opponent_self_collisions,opponent_wall_deaths,opponent_invalid_action_deaths,opponent_suicides,opponent_tle,opponent_unattributed_collision_deaths,opponent_space_share,opponent_space_tied,opponent_space_unreachable
gavroche-v13-tail-paced-rescue,Colosseum,A,B,gavroche-v13-tail-paced-rescue,65,3.236,,,gavroche-v17-half-gradient,gavroche-v13-tail-paced-rescue,opponents/gavroche-v13-tail-paced-rescue/replays/Colosseum-candidate-A.log,opponents/gavroche-v13-tail-paced-rescue/replays/Colosseum-candidate-A.replay,0,elimination,opponents/gavroche-v13-tail-paced-rescue/stats/Colosseum-candidate-A.json,opponents/gavroche-v13-tail-paced-rescue/stats/Colosseum-candidate-A.csv,opponents/gavroche-v13-tail-paced-rescue/graphs/Colosseum-candidate-A.svg,0,0,0,24,7,8,8,8,0,0,0,0,0,0,0,0.0,0.0,0.0,20,50,3,84,32,13,8,8,4,0,1,0,0,0,0,100.0,0.0,0.0
gavroche-v13-tail-paced-rescue,Colosseum,B,B,gavroche-v17-half-gradient,143,7.085,,,gavroche-v13-tail-paced-rescue,gavroche-v17-half-gradient,opponents/gavroche-v13-tail-paced-rescue/replays/Colosseum-candidate-B.log,opponents/gavroche-v13-tail-paced-rescue/replays/Colosseum-candidate-B.replay,0,elimination,opponents/gavroche-v13-tail-paced-rescue/stats/Colosseum-candidate-B.json,opponents/gavroche-v13-tail-paced-rescue/stats/Colosseum-candidate-B.csv,opponents/gavroche-v13-tail-paced-rescue/graphs/Colosseum-candidate-B.svg,30,75,4,190,68,39,31,29,7,3,0,0,0,0,0,100.0,0.0,0.0,0,0,0,106,35,36,29,31,3,1,1,0,0,0,0,0.0,0.0,0.0
gavroche-v13-tail-paced-rescue,arena,A,A,gavroche-v17-half-gradient,68,4.26,,,gavroche-v17-half-gradient,gavroche-v13-tail-paced-rescue,opponents/gavroche-v13-tail-paced-rescue/replays/arena-candidate-A.log,opponents/gavroche-v13-tail-paced-rescue/replays/arena-candidate-A.replay,0,elimination,opponents/gavroche-v13-tail-paced-rescue/stats/arena-candidate-A.json,opponents/gavroche-v13-tail-paced-rescue/stats/arena-candidate-A.csv,opponents/gavroche-v13-tail-paced-rescue/graphs/arena-candidate-A.svg,24,59,4,174,66,43,17,17,14,6,6,0,0,0,0,100.0,0.0,0.0,0,0,0,63,18,19,17,17,1,1,0,0,0,0,0,0.0,0.0,0.0
gavroche-v13-tail-paced-rescue,arena,B,B,gavroche-v17-half-gradient,105,6.083,,,gavroche-v13-tail-paced-rescue,gavroche-v17-half-gradient,opponents/gavroche-v13-tail-paced-rescue/replays/arena-candidate-B.log,opponents/gavroche-v13-tail-paced-rescue/replays/arena-candidate-B.replay,0,elimination,opponents/gavroche-v13-tail-paced-rescue/stats/arena-candidate-B.json,opponents/gavroche-v13-tail-paced-rescue/stats/arena-candidate-B.csv,opponents/gavroche-v13-tail-paced-rescue/graphs/arena-candidate-B.svg,23,58,4,264,85,63,55,56,1,5,1,0,0,0,0,100.0,0.0,0.0,0,0,0,208,64,65,56,55,6,3,1,0,0,0,0,0.0,0.0,0.0
gavroche-v13-tail-paced-rescue,autarky,A,A,gavroche-v17-half-gradient,324,19.197,,,gavroche-v17-half-gradient,gavroche-v13-tail-paced-rescue,opponents/gavroche-v13-tail-paced-rescue/replays/autarky-candidate-A.log,opponents/gavroche-v13-tail-paced-rescue/replays/autarky-candidate-A.replay,0,elimination,opponents/gavroche-v13-tail-paced-rescue/stats/autarky-candidate-A.json,opponents/gavroche-v13-tail-paced-rescue/stats/autarky-candidate-A.csv,opponents/gavroche-v13-tail-paced-rescue/graphs/autarky-candidate-A.svg,41,108,6,421,165,130,16,19,14,6,91,0,0,0,0,100.0,0.0,0.0,0,0,0,169,67,73,19,16,12,5,40,0,0,0,0,0.0,0.0,0.0
gavroche-v13-tail-paced-rescue,autarky,B,B,gavroche-v17-half-gradient,411,26.704,,,gavroche-v13-tail-paced-rescue,gavroche-v17-half-gradient,opponents/gavroche-v13-tail-paced-rescue/replays/autarky-candidate-B.log,opponents/gavroche-v13-tail-paced-rescue/replays/autarky-candidate-B.replay,0,elimination,opponents/gavroche-v13-tail-paced-rescue/stats/autarky-candidate-B.json,opponents/gavroche-v13-tail-paced-rescue/stats/autarky-candidate-B.csv,opponents/gavroche-v13-tail-paced-rescue/graphs/autarky-candidate-B.svg,52,143,6,615,238,192,10,11,37,13,131,0,0,0,0,100.0,0.0,0.0,0,0,0,130,54,60,11,10,10,3,37,0,0,0,0,0.0,0.0,0.0
gavroche-v13-tail-paced-rescue,big_empty,A,B,gavroche-v13-tail-paced-rescue,500,82.927,,,gavroche-v17-half-gradient,gavroche-v13-tail-paced-rescue,opponents/gavroche-v13-tail-paced-rescue/replays/big_empty-candidate-A.log,opponents/gavroche-v13-tail-paced-rescue/replays/big_empty-candidate-A.replay,0,roundLimit,opponents/gavroche-v13-tail-paced-rescue/stats/big_empty-candidate-A.json,opponents/gavroche-v13-tail-paced-rescue/stats/big_empty-candidate-A.csv,opponents/gavroche-v13-tail-paced-rescue/graphs/big_empty-candidate-A.svg,19,343,33,1255,155,139,112,111,3,25,0,0,0,0,0,40.0390625,5.46875,0.0,25,464,37,1301,158,136,111,112,2,22,0,0,0,0,0,54.4921875,5.46875,0.0
gavroche-v13-tail-paced-rescue,big_empty,B,B,gavroche-v17-half-gradient,500,83.325,,,gavroche-v13-tail-paced-rescue,gavroche-v17-half-gradient,opponents/gavroche-v13-tail-paced-rescue/replays/big_empty-candidate-B.log,opponents/gavroche-v13-tail-paced-rescue/replays/big_empty-candidate-B.replay,0,roundLimit,opponents/gavroche-v13-tail-paced-rescue/stats/big_empty-candidate-B.json,opponents/gavroche-v13-tail-paced-rescue/stats/big_empty-candidate-B.csv,opponents/gavroche-v13-tail-paced-rescue/graphs/big_empty-candidate-B.svg,21,347,50,1389,197,179,140,138,9,32,0,0,0,0,0,44.091796875,4.052734375,0.0,22,373,45,1410,197,178,138,140,6,32,0,0,0,0,0,51.85546875,4.052734375,0.0
gavroche-v13-tail-paced-rescue,default,A,A,gavroche-v17-half-gradient,500,21.108,,,gavroche-v17-half-gradient,gavroche-v13-tail-paced-rescue,opponents/gavroche-v13-tail-paced-rescue/replays/default-candidate-A.log,opponents/gavroche-v13-tail-paced-rescue/replays/default-candidate-A.replay,0,roundLimit,opponents/gavroche-v13-tail-paced-rescue/stats/default-candidate-A.json,opponents/gavroche-v13-tail-paced-rescue/stats/default-candidate-A.csv,opponents/gavroche-v13-tail-paced-rescue/graphs/default-candidate-A.svg,5,74,29,290,71,70,39,35,9,23,3,0,0,0,0,47.0703125,3.61328125,0.0,4,51,24,248,76,76,35,39,19,12,6,0,0,0,0,49.31640625,3.61328125,0.0
gavroche-v13-tail-paced-rescue,default,B,B,gavroche-v17-half-gradient,343,13.971,,,gavroche-v13-tail-paced-rescue,gavroche-v17-half-gradient,opponents/gavroche-v13-tail-paced-rescue/replays/default-candidate-B.log,opponents/gavroche-v13-tail-paced-rescue/replays/default-candidate-B.replay,0,elimination,opponents/gavroche-v13-tail-paced-rescue/stats/default-candidate-B.json,opponents/gavroche-v13-tail-paced-rescue/stats/default-candidate-B.csv,opponents/gavroche-v13-tail-paced-rescue/graphs/default-candidate-B.svg,45,114,7,257,104,63,14,17,29,9,8,0,0,0,0,100.0,0.0,0.0,0,0,0,77,27,31,17,14,11,4,2,0,0,0,0,0.0,0.0,0.0
gavroche-v13-tail-paced-rescue,default_small,A,B,gavroche-v13-tail-paced-rescue,171,4.477,,,gavroche-v17-half-gradient,gavroche-v13-tail-paced-rescue,opponents/gavroche-v13-tail-paced-rescue/replays/default_small-candidate-A.log,opponents/gavroche-v13-tail-paced-rescue/replays/default_small-candidate-A.replay,0,elimination,opponents/gavroche-v13-tail-paced-rescue/stats/default_small-candidate-A.json,opponents/gavroche-v13-tail-paced-rescue/stats/default_small-candidate-A.csv,opponents/gavroche-v13-tail-paced-rescue/graphs/default_small-candidate-A.svg,0,0,0,48,15,17,14,15,1,1,0,0,0,0,0,0.0,0.0,0.0,18,46,4,145,54,38,15,14,4,13,7,0,0,0,0,100.0,0.0,0.0
gavroche-v13-tail-paced-rescue,default_small,B,A,gavroche-v13-tail-paced-rescue,120,2.972,,,gavroche-v13-tail-paced-rescue,gavroche-v17-half-gradient,opponents/gavroche-v13-tail-paced-rescue/replays/default_small-candidate-B.log,opponents/gavroche-v13-tail-paced-rescue/replays/default_small-candidate-B.replay,0,elimination,opponents/gavroche-v13-tail-paced-rescue/stats/default_small-candidate-B.json,opponents/gavroche-v13-tail-paced-rescue/stats/default_small-candidate-B.csv,opponents/gavroche-v13-tail-paced-rescue/graphs/default_small-candidate-B.svg,0,0,0,16,5,7,4,4,0,3,0,0,0,0,0,0.0,0.0,0.0,19,48,4,84,34,17,4,4,4,2,7,0,0,0,0,100.0,0.0,0.0
gavroche-v13-tail-paced-rescue,devil,A,A,gavroche-v17-half-gradient,287,18.427,,,gavroche-v17-half-gradient,gavroche-v13-tail-paced-rescue,opponents/gavroche-v13-tail-paced-rescue/replays/devil-candidate-A.log,opponents/gavroche-v13-tail-paced-rescue/replays/devil-candidate-A.replay,0,elimination,opponents/gavroche-v13-tail-paced-rescue/stats/devil-candidate-A.json,opponents/gavroche-v13-tail-paced-rescue/stats/devil-candidate-A.csv,opponents/gavroche-v13-tail-paced-rescue/graphs/devil-candidate-A.svg,39,103,5,868,348,312,32,32,70,130,80,0,0,0,0,100.0,0.0,0.0,0,0,0,135,50,53,32,32,4,8,9,0,0,0,0,0.0,0.0,0.0
gavroche-v13-tail-paced-rescue,devil,B,B,gavroche-v17-half-gradient,276,16.85,,,gavroche-v13-tail-paced-rescue,gavroche-v17-half-gradient,opponents/gavroche-v13-tail-paced-rescue/replays/devil-candidate-B.log,opponents/gavroche-v13-tail-paced-rescue/replays/devil-candidate-B.replay,0,elimination,opponents/gavroche-v13-tail-paced-rescue/stats/devil-candidate-B.json,opponents/gavroche-v13-tail-paced-rescue/stats/devil-candidate-B.csv,opponents/gavroche-v13-tail-paced-rescue/graphs/devil-candidate-B.svg,43,102,4,849,348,308,30,33,67,137,71,0,0,0,0,100.0,0.0,0.0,0,0,0,116,48,51,33,30,2,15,4,0,0,0,0,0.0,0.0,0.0
gavroche-v13-tail-paced-rescue,dilemma,A,A,gavroche-v17-half-gradient,500,9.036,,,gavroche-v17-half-gradient,gavroche-v13-tail-paced-rescue,opponents/gavroche-v13-tail-paced-rescue/replays/dilemma-candidate-A.log,opponents/gavroche-v13-tail-paced-rescue/replays/dilemma-candidate-A.replay,0,roundLimit,opponents/gavroche-v13-tail-paced-rescue/stats/dilemma-candidate-A.json,opponents/gavroche-v13-tail-paced-rescue/stats/dilemma-candidate-A.csv,opponents/gavroche-v13-tail-paced-rescue/graphs/dilemma-candidate-A.svg,3,7,3,210,67,67,7,11,3,25,28,0,0,0,0,64.2578125,7.8125,0.0,2,5,3,163,57,58,11,7,3,30,18,0,0,0,0,27.9296875,7.8125,0.0
gavroche-v13-tail-paced-rescue,dilemma,B,B,gavroche-v17-half-gradient,500,8.574,,,gavroche-v13-tail-paced-rescue,gavroche-v17-half-gradient,opponents/gavroche-v13-tail-paced-rescue/replays/dilemma-candidate-B.log,opponents/gavroche-v13-tail-paced-rescue/replays/dilemma-candidate-B.replay,0,roundLimit,opponents/gavroche-v13-tail-paced-rescue/stats/dilemma-candidate-B.json,opponents/gavroche-v13-tail-paced-rescue/stats/dilemma-candidate-B.csv,opponents/gavroche-v13-tail-paced-rescue/graphs/dilemma-candidate-B.svg,2,40,37,257,76,77,6,6,4,44,23,0,0,0,0,69.53125,1.953125,0.0,1,3,3,103,40,42,6,6,5,25,6,0,0,0,0,28.515625,1.953125,0.0
gavroche-v13-tail-paced-rescue,queen_of_spades,A,B,gavroche-v13-tail-paced-rescue,500,8.274,,,gavroche-v17-half-gradient,gavroche-v13-tail-paced-rescue,opponents/gavroche-v13-tail-paced-rescue/replays/queen_of_spades-candidate-A.log,opponents/gavroche-v13-tail-paced-rescue/replays/queen_of_spades-candidate-A.replay,0,roundLimit,opponents/gavroche-v13-tail-paced-rescue/stats/queen_of_spades-candidate-A.json,opponents/gavroche-v13-tail-paced-rescue/stats/queen_of_spades-candidate-A.csv,opponents/gavroche-v13-tail-paced-rescue/graphs/queen_of_spades-candidate-A.svg,2,16,8,132,41,41,22,22,13,3,3,0,0,0,0,37.142857142857146,1.4857142857142858,20.8,3,47,23,456,140,139,22,22,40,31,46,0,0,0,0,40.57142857142857,1.4857142857142858,20.8
gavroche-v13-tail-paced-rescue,queen_of_spades,B,B,gavroche-v17-half-gradient,500,10.035,,,gavroche-v13-tail-paced-rescue,gavroche-v17-half-gradient,opponents/gavroche-v13-tail-paced-rescue/replays/queen_of_spades-candidate-B.log,opponents/gavroche-v13-tail-paced-rescue/replays/queen_of_spades-candidate-B.replay,0,roundLimit,opponents/gavroche-v13-tail-paced-rescue/stats/queen_of_spades-candidate-B.json,opponents/gavroche-v13-tail-paced-rescue/stats/queen_of_spades-candidate-B.csv,opponents/gavroche-v13-tail-paced-rescue/graphs/queen_of_spades-candidate-B.svg,4,47,19,289,78,76,18,19,24,17,16,0,0,0,0,69.37142857142857,0.8,20.8,1,5,5,246,87,88,19,18,24,14,32,0,0,0,0,9.028571428571428,0.8,20.8
gavroche-v13-tail-paced-rescue,schooltime,A,A,gavroche-v17-half-gradient,500,42.203,,,gavroche-v17-half-gradient,gavroche-v13-tail-paced-rescue,opponents/gavroche-v13-tail-paced-rescue/replays/schooltime-candidate-A.log,opponents/gavroche-v13-tail-paced-rescue/replays/schooltime-candidate-A.replay,0,roundLimit,opponents/gavroche-v13-tail-paced-rescue/stats/schooltime-candidate-A.json,opponents/gavroche-v13-tail-paced-rescue/stats/schooltime-candidate-A.csv,opponents/gavroche-v13-tail-paced-rescue/graphs/schooltime-candidate-A.svg,14,282,77,1567,269,258,48,34,52,85,87,0,0,0,0,72.375,0.0,14.083333333333334,1,3,3,366,131,133,34,48,18,23,44,0,0,0,0,13.541666666666666,0.0,14.083333333333334
gavroche-v13-tail-paced-rescue,schooltime,B,B,gavroche-v17-half-gradient,500,56.903,,,gavroche-v13-tail-paced-rescue,gavroche-v17-half-gradient,opponents/gavroche-v13-tail-paced-rescue/replays/schooltime-candidate-B.log,opponents/gavroche-v13-tail-paced-rescue/replays/schooltime-candidate-B.replay,0,roundLimit,opponents/gavroche-v13-tail-paced-rescue/stats/schooltime-candidate-B.json,opponents/gavroche-v13-tail-paced-rescue/stats/schooltime-candidate-B.csv,opponents/gavroche-v13-tail-paced-rescue/graphs/schooltime-candidate-B.svg,6,134,54,901,231,228,107,105,14,51,58,0,0,0,0,31.666666666666668,0.9583333333333334,14.083333333333334,13,163,52,1452,417,407,105,107,130,65,105,0,0,0,0,53.291666666666664,0.9583333333333334,14.083333333333334
gavroche-v13-tail-paced-rescue,stronghold,A,B,gavroche-v13-tail-paced-rescue,500,42.54,,,gavroche-v17-half-gradient,gavroche-v13-tail-paced-rescue,opponents/gavroche-v13-tail-paced-rescue/replays/stronghold-candidate-A.log,opponents/gavroche-v13-tail-paced-rescue/replays/stronghold-candidate-A.replay,0,roundLimit,opponents/gavroche-v13-tail-paced-rescue/stats/stronghold-candidate-A.json,opponents/gavroche-v13-tail-paced-rescue/stats/stronghold-candidate-A.csv,opponents/gavroche-v13-tail-paced-rescue/graphs/stronghold-candidate-A.svg,3,56,46,571,206,205,10,8,79,72,46,0,0,0,0,46.267361111111114,1.9965277777777777,0.0,5,70,53,538,200,197,8,10,53,63,71,0,0,0,0,51.736111111111114,1.9965277777777777,0.0
gavroche-v13-tail-paced-rescue,stronghold,B,B,gavroche-v17-half-gradient,500,44.734,,,gavroche-v13-tail-paced-rescue,gavroche-v17-half-gradient,opponents/gavroche-v13-tail-paced-rescue/replays/stronghold-candidate-B.log,opponents/gavroche-v13-tail-paced-rescue/replays/stronghold-candidate-B.replay,0,roundLimit,opponents/gavroche-v13-tail-paced-rescue/stats/stronghold-candidate-B.json,opponents/gavroche-v13-tail-paced-rescue/stats/stronghold-candidate-B.csv,opponents/gavroche-v13-tail-paced-rescue/graphs/stronghold-candidate-B.svg,3,55,51,472,170,169,6,7,49,53,60,0,0,0,0,35.9375,0.4340277777777778,0.0,4,66,46,616,229,227,7,6,75,77,69,0,0,0,0,63.62847222222222,0.4340277777777778,0.0
gavroche-v13-tail-paced-rescue,trauma,A,A,gavroche-v17-half-gradient,500,28.61,,,gavroche-v17-half-gradient,gavroche-v13-tail-paced-rescue,opponents/gavroche-v13-tail-paced-rescue/replays/trauma-candidate-A.log,opponents/gavroche-v13-tail-paced-rescue/replays/trauma-candidate-A.replay,0,roundLimit,opponents/gavroche-v13-tail-paced-rescue/stats/trauma-candidate-A.json,opponents/gavroche-v13-tail-paced-rescue/stats/trauma-candidate-A.csv,opponents/gavroche-v13-tail-paced-rescue/graphs/trauma-candidate-A.svg,2,34,22,561,213,213,9,9,50,34,120,0,0,0,0,34.28819444444444,0.0,0.6944444444444444,4,41,11,397,148,146,9,9,24,37,76,0,0,0,0,65.01736111111111,0.0,0.6944444444444444
gavroche-v13-tail-paced-rescue,trauma,B,A,gavroche-v13-tail-paced-rescue,500,28.25,,,gavroche-v13-tail-paced-rescue,gavroche-v17-half-gradient,opponents/gavroche-v13-tail-paced-rescue/replays/trauma-candidate-B.log,opponents/gavroche-v13-tail-paced-rescue/replays/trauma-candidate-B.replay,0,roundLimit,opponents/gavroche-v13-tail-paced-rescue/stats/trauma-candidate-B.json,opponents/gavroche-v13-tail-paced-rescue/stats/trauma-candidate-B.csv,opponents/gavroche-v13-tail-paced-rescue/graphs/trauma-candidate-B.svg,3,29,17,277,91,90,17,16,10,26,38,0,0,0,0,42.62152777777778,0.0,0.6944444444444444,6,55,23,720,270,266,16,17,59,57,133,0,0,0,0,56.68402777777778,0.0,0.6944444444444444
gavroche-v13-tail-paced-rescue,trophy,A,B,gavroche-v13-tail-paced-rescue,500,26.551,,,gavroche-v17-half-gradient,gavroche-v13-tail-paced-rescue,opponents/gavroche-v13-tail-paced-rescue/replays/trophy-candidate-A.log,opponents/gavroche-v13-tail-paced-rescue/replays/trophy-candidate-A.replay,0,roundLimit,opponents/gavroche-v13-tail-paced-rescue/stats/trophy-candidate-A.json,opponents/gavroche-v13-tail-paced-rescue/stats/trophy-candidate-A.csv,opponents/gavroche-v13-tail-paced-rescue/graphs/trophy-candidate-A.svg,1,4,4,178,57,58,48,49,0,3,6,0,0,0,0,7.2,2.4,0.0,12,122,42,651,182,172,49,48,58,41,25,0,0,0,0,90.4,2.4,0.0
gavroche-v13-tail-paced-rescue,trophy,B,A,gavroche-v13-tail-paced-rescue,411,24.208,,,gavroche-v13-tail-paced-rescue,gavroche-v17-half-gradient,opponents/gavroche-v13-tail-paced-rescue/replays/trophy-candidate-B.log,opponents/gavroche-v13-tail-paced-rescue/replays/trophy-candidate-B.replay,0,elimination,opponents/gavroche-v13-tail-paced-rescue/stats/trophy-candidate-B.json,opponents/gavroche-v13-tail-paced-rescue/stats/trophy-candidate-B.csv,opponents/gavroche-v13-tail-paced-rescue/graphs/trophy-candidate-B.svg,0,0,0,192,60,62,47,48,1,4,9,0,0,0,0,0.0,0.0,0.0,40,125,7,479,175,137,48,47,45,21,24,0,0,0,0,100.0,0.0,0.0
gavroche-v15-divecap,Colosseum,A,B,gavroche-v15-divecap,141,5.342,,,gavroche-v17-half-gradient,gavroche-v15-divecap,opponents/gavroche-v15-divecap/replays/Colosseum-candidate-A.log,opponents/gavroche-v15-divecap/replays/Colosseum-candidate-A.replay,0,elimination,opponents/gavroche-v15-divecap/stats/Colosseum-candidate-A.json,opponents/gavroche-v15-divecap/stats/Colosseum-candidate-A.csv,opponents/gavroche-v15-divecap/graphs/Colosseum-candidate-A.svg,0,0,0,52,18,19,14,16,2,0,1,0,0,0,0,0.0,0.0,0.0,31,79,4,183,68,38,16,14,20,0,4,0,0,0,0,100.0,0.0,0.0
gavroche-v15-divecap,Colosseum,B,A,gavroche-v15-divecap,87,3.258,,,gavroche-v15-divecap,gavroche-v17-half-gradient,opponents/gavroche-v15-divecap/replays/Colosseum-candidate-B.log,opponents/gavroche-v15-divecap/replays/Colosseum-candidate-B.replay,0,elimination,opponents/gavroche-v15-divecap/stats/Colosseum-candidate-B.json,opponents/gavroche-v15-divecap/stats/Colosseum-candidate-B.csv,opponents/gavroche-v15-divecap/graphs/Colosseum-candidate-B.svg,0,0,0,43,13,14,12,12,0,2,0,0,0,0,0,0.0,0.0,0.0,29,66,4,120,49,21,12,12,7,1,1,0,0,0,0,100.0,0.0,0.0
gavroche-v15-divecap,arena,A,A,gavroche-v17-half-gradient,53,2.656,,,gavroche-v17-half-gradient,gavroche-v15-divecap,opponents/gavroche-v15-divecap/replays/arena-candidate-A.log,opponents/gavroche-v15-divecap/replays/arena-candidate-A.replay,0,elimination,opponents/gavroche-v15-divecap/stats/arena-candidate-A.json,opponents/gavroche-v15-divecap/stats/arena-candidate-A.csv,opponents/gavroche-v15-divecap/graphs/arena-candidate-A.svg,27,65,4,164,68,42,6,6,22,13,1,0,0,0,0,100.0,0.0,0.0,0,0,0,21,6,7,6,6,0,1,0,0,0,0,0,0.0,0.0,0.0
gavroche-v15-divecap,arena,B,A,gavroche-v15-divecap,70,2.934,,,gavroche-v15-divecap,gavroche-v17-half-gradient,opponents/gavroche-v15-divecap/replays/arena-candidate-B.log,opponents/gavroche-v15-divecap/replays/arena-candidate-B.replay,0,elimination,opponents/gavroche-v15-divecap/stats/arena-candidate-B.json,opponents/gavroche-v15-divecap/stats/arena-candidate-B.csv,opponents/gavroche-v15-divecap/graphs/arena-candidate-B.svg,0,0,0,65,20,21,19,19,1,1,0,0,0,0,0,0.0,0.0,0.0,25,67,4,212,73,49,19,19,16,10,4,0,0,0,0,100.0,0.0,0.0
gavroche-v15-divecap,autarky,A,B,gavroche-v15-divecap,500,23.855,,,gavroche-v17-half-gradient,gavroche-v15-divecap,opponents/gavroche-v15-divecap/replays/autarky-candidate-A.log,opponents/gavroche-v15-divecap/replays/autarky-candidate-A.replay,0,roundLimit,opponents/gavroche-v15-divecap/stats/autarky-candidate-A.json,opponents/gavroche-v15-divecap/stats/autarky-candidate-A.csv,opponents/gavroche-v15-divecap/graphs/autarky-candidate-A.svg,6,43,28,383,123,123,26,27,9,11,76,0,0,0,0,41.46090534979424,8.436213991769547,0.0,4,57,31,466,142,144,27,26,12,12,94,0,0,0,0,50.10288065843621,8.436213991769547,0.0
gavroche-v15-divecap,autarky,B,B,gavroche-v17-half-gradient,500,25.016,,,gavroche-v15-divecap,gavroche-v17-half-gradient,opponents/gavroche-v15-divecap/replays/autarky-candidate-B.log,opponents/gavroche-v15-divecap/replays/autarky-candidate-B.replay,0,roundLimit,opponents/gavroche-v15-divecap/stats/autarky-candidate-B.json,opponents/gavroche-v15-divecap/stats/autarky-candidate-B.csv,opponents/gavroche-v15-divecap/graphs/autarky-candidate-B.svg,14,101,33,703,230,222,25,26,44,30,122,0,0,0,0,86.41975308641975,2.57201646090535,0.0,1,7,7,204,70,75,26,25,3,1,46,0,0,0,0,11.008230452674898,2.57201646090535,0.0
gavroche-v15-divecap,big_empty,A,B,gavroche-v15-divecap,500,132.156,,,gavroche-v17-half-gradient,gavroche-v15-divecap,opponents/gavroche-v15-divecap/replays/big_empty-candidate-A.log,opponents/gavroche-v15-divecap/replays/big_empty-candidate-A.replay,0,roundLimit,opponents/gavroche-v15-divecap/stats/big_empty-candidate-A.json,opponents/gavroche-v15-divecap/stats/big_empty-candidate-A.csv,opponents/gavroche-v15-divecap/graphs/big_empty-candidate-A.svg,20,347,50,1336,187,170,139,139,9,22,0,0,0,0,0,49.609375,3.1982421875,0.0,22,350,50,1335,182,163,139,139,2,22,0,0,0,0,0,47.1923828125,3.1982421875,0.0
gavroche-v15-divecap,big_empty,B,B,gavroche-v17-half-gradient,500,130.937,,,gavroche-v15-divecap,gavroche-v17-half-gradient,opponents/gavroche-v15-divecap/replays/big_empty-candidate-B.log,opponents/gavroche-v15-divecap/replays/big_empty-candidate-B.replay,0,roundLimit,opponents/gavroche-v15-divecap/stats/big_empty-candidate-B.json,opponents/gavroche-v15-divecap/stats/big_empty-candidate-B.csv,opponents/gavroche-v15-divecap/graphs/big_empty-candidate-B.svg,20,337,38,1411,182,165,143,143,2,20,0,0,0,0,0,48.14453125,10.64453125,0.0,20,333,31,1288,182,165,143,143,2,20,0,0,0,0,0,41.2109375,10.64453125,0.0
gavroche-v15-divecap,default,A,B,gavroche-v15-divecap,500,22.443,,,gavroche-v17-half-gradient,gavroche-v15-divecap,opponents/gavroche-v15-divecap/replays/default-candidate-A.log,opponents/gavroche-v15-divecap/replays/default-candidate-A.replay,0,roundLimit,opponents/gavroche-v15-divecap/stats/default-candidate-A.json,opponents/gavroche-v15-divecap/stats/default-candidate-A.csv,opponents/gavroche-v15-divecap/graphs/default-candidate-A.svg,1,6,6,163,51,54,28,35,12,2,5,0,0,0,0,13.8671875,0.0,0.0,10,91,28,403,115,109,35,28,33,30,18,0,0,0,0,86.1328125,0.0,0.0
gavroche-v15-divecap,default,B,B,gavroche-v17-half-gradient,500,20.707,,,gavroche-v15-divecap,gavroche-v17-half-gradient,opponents/gavroche-v15-divecap/replays/default-candidate-B.log,opponents/gavroche-v15-divecap/replays/default-candidate-B.replay,0,roundLimit,opponents/gavroche-v15-divecap/stats/default-candidate-B.json,opponents/gavroche-v15-divecap/stats/default-candidate-B.csv,opponents/gavroche-v15-divecap/graphs/default-candidate-B.svg,9,74,21,362,100,95,19,21,37,27,10,0,0,0,0,84.9609375,0.09765625,0.0,1,17,17,126,32,35,21,19,9,5,2,0,0,0,0,14.94140625,0.09765625,0.0
gavroche-v15-divecap,default_small,A,B,gavroche-v15-divecap,100,2.406,,,gavroche-v17-half-gradient,gavroche-v15-divecap,opponents/gavroche-v15-divecap/replays/default_small-candidate-A.log,opponents/gavroche-v15-divecap/replays/default_small-candidate-A.replay,0,elimination,opponents/gavroche-v15-divecap/stats/default_small-candidate-A.json,opponents/gavroche-v15-divecap/stats/default_small-candidate-A.csv,opponents/gavroche-v15-divecap/graphs/default_small-candidate-A.svg,0,0,0,12,3,5,5,5,0,0,0,0,0,0,0,0.0,0.0,0.0,19,45,4,74,29,12,5,5,2,0,5,0,0,0,0,100.0,0.0,0.0
gavroche-v15-divecap,default_small,B,A,gavroche-v15-divecap,130,3.396,,,gavroche-v15-divecap,gavroche-v17-half-gradient,opponents/gavroche-v15-divecap/replays/default_small-candidate-B.log,opponents/gavroche-v15-divecap/replays/default_small-candidate-B.replay,0,elimination,opponents/gavroche-v15-divecap/stats/default_small-candidate-B.json,opponents/gavroche-v15-divecap/stats/default_small-candidate-B.csv,opponents/gavroche-v15-divecap/graphs/default_small-candidate-B.svg,0,0,0,11,3,5,5,4,0,1,0,0,0,0,0,0.0,0.0,0.0,20,49,4,99,41,23,4,5,3,8,7,0,0,0,0,100.0,0.0,0.0
gavroche-v15-divecap,devil,A,B,gavroche-v15-divecap,500,44.089,,,gavroche-v17-half-gradient,gavroche-v15-divecap,opponents/gavroche-v15-divecap/replays/devil-candidate-A.log,opponents/gavroche-v15-divecap/replays/devil-candidate-A.replay,0,roundLimit,opponents/gavroche-v15-divecap/stats/devil-candidate-A.json,opponents/gavroche-v15-divecap/stats/devil-candidate-A.csv,opponents/gavroche-v15-divecap/graphs/devil-candidate-A.svg,3,57,22,1407,489,489,45,50,125,218,96,0,0,0,0,84.9609375,1.7578125,0.0,1,23,23,256,88,90,50,45,5,25,15,0,0,0,0,13.28125,1.7578125,0.0
gavroche-v15-divecap,devil,B,A,gavroche-v15-divecap,500,45.829,,,gavroche-v15-divecap,gavroche-v17-half-gradient,opponents/gavroche-v15-divecap/replays/devil-candidate-B.log,opponents/gavroche-v15-divecap/replays/devil-candidate-B.replay,0,roundLimit,opponents/gavroche-v15-divecap/stats/devil-candidate-B.json,opponents/gavroche-v15-divecap/stats/devil-candidate-B.csv,opponents/gavroche-v15-divecap/graphs/devil-candidate-B.svg,1,15,15,341,108,110,52,48,11,28,23,0,0,0,0,41.6015625,0.0,0.0,2,67,37,1369,466,467,48,52,119,201,95,0,0,0,0,58.3984375,0.0,0.0
gavroche-v15-divecap,dilemma,A,B,gavroche-v15-divecap,500,19.239,,,gavroche-v17-half-gradient,gavroche-v15-divecap,opponents/gavroche-v15-divecap/replays/dilemma-candidate-A.log,opponents/gavroche-v15-divecap/replays/dilemma-candidate-A.replay,0,roundLimit,opponents/gavroche-v15-divecap/stats/dilemma-candidate-A.json,opponents/gavroche-v15-divecap/stats/dilemma-candidate-A.csv,opponents/gavroche-v15-divecap/graphs/dilemma-candidate-A.svg,3,7,3,127,46,46,13,12,1,11,22,0,0,0,0,9.1796875,6.4453125,0.0,5,35,24,248,78,76,12,13,1,34,28,0,0,0,0,84.375,6.4453125,0.0
gavroche-v15-divecap,dilemma,B,B,gavroche-v17-half-gradient,500,16.401,,,gavroche-v15-divecap,gavroche-v17-half-gradient,opponents/gavroche-v15-divecap/replays/dilemma-candidate-B.log,opponents/gavroche-v15-divecap/replays/dilemma-candidate-B.replay,0,roundLimit,opponents/gavroche-v15-divecap/stats/dilemma-candidate-B.json,opponents/gavroche-v15-divecap/stats/dilemma-candidate-B.csv,opponents/gavroche-v15-divecap/graphs/dilemma-candidate-B.svg,4,33,24,227,77,76,11,13,3,38,22,0,0,0,0,50.0,3.125,0.0,2,12,10,143,51,52,13,11,0,10,31,0,0,0,0,46.875,3.125,0.0
gavroche-v15-divecap,queen_of_spades,A,A,gavroche-v17-half-gradient,374,20.11,,,gavroche-v17-half-gradient,gavroche-v15-divecap,opponents/gavroche-v15-divecap/replays/queen_of_spades-candidate-A.log,opponents/gavroche-v15-divecap/replays/queen_of_spades-candidate-A.replay,0,elimination,opponents/gavroche-v15-divecap/stats/queen_of_spades-candidate-A.json,opponents/gavroche-v15-divecap/stats/queen_of_spades-candidate-A.csv,opponents/gavroche-v15-divecap/graphs/queen_of_spades-candidate-A.svg,30,76,7,481,177,149,12,13,65,28,43,0,0,0,0,79.2,0.0,20.8,0,0,0,35,11,13,13,12,0,0,1,0,0,0,0,0.0,0.0,20.8
gavroche-v15-divecap,queen_of_spades,B,A,gavroche-v15-divecap,378,16.492,,,gavroche-v15-divecap,gavroche-v17-half-gradient,opponents/gavroche-v15-divecap/replays/queen_of_spades-candidate-B.log,opponents/gavroche-v15-divecap/replays/queen_of_spades-candidate-B.replay,0,elimination,opponents/gavroche-v15-divecap/stats/queen_of_spades-candidate-B.json,opponents/gavroche-v15-divecap/stats/queen_of_spades-candidate-B.csv,opponents/gavroche-v15-divecap/graphs/queen_of_spades-candidate-B.svg,0,0,0,34,11,13,16,13,0,0,0,0,0,0,0,0.0,0.0,20.8,17,49,14,289,107,92,13,16,39,17,20,0,0,0,0,79.2,0.0,20.8
gavroche-v15-divecap,schooltime,A,A,gavroche-v17-half-gradient,500,98.273,,,gavroche-v17-half-gradient,gavroche-v15-divecap,opponents/gavroche-v15-divecap/replays/schooltime-candidate-A.log,opponents/gavroche-v15-divecap/replays/schooltime-candidate-A.replay,0,roundLimit,opponents/gavroche-v15-divecap/stats/schooltime-candidate-A.json,opponents/gavroche-v15-divecap/stats/schooltime-candidate-A.csv,opponents/gavroche-v15-divecap/graphs/schooltime-candidate-A.svg,10,113,53,1206,360,353,128,136,68,73,76,0,0,0,0,36.541666666666664,3.3333333333333335,14.083333333333334,9,160,38,1367,394,388,136,128,75,67,118,0,0,0,0,46.041666666666664,3.3333333333333335,14.083333333333334
gavroche-v15-divecap,schooltime,B,B,gavroche-v17-half-gradient,500,74.772,,,gavroche-v15-divecap,gavroche-v17-half-gradient,opponents/gavroche-v15-divecap/replays/schooltime-candidate-B.log,opponents/gavroche-v15-divecap/replays/schooltime-candidate-B.replay,0,roundLimit,opponents/gavroche-v15-divecap/stats/schooltime-candidate-B.json,opponents/gavroche-v15-divecap/stats/schooltime-candidate-B.csv,opponents/gavroche-v15-divecap/graphs/schooltime-candidate-B.svg,13,204,58,1451,297,287,84,78,71,63,75,0,0,0,0,58.208333333333336,4.541666666666667,14.083333333333334,5,89,33,736,202,200,78,84,16,34,66,0,0,0,0,23.166666666666668,4.541666666666667,14.083333333333334
gavroche-v15-divecap,stronghold,A,B,gavroche-v15-divecap,500,43.894,,,gavroche-v17-half-gradient,gavroche-v15-divecap,opponents/gavroche-v15-divecap/replays/stronghold-candidate-A.log,opponents/gavroche-v15-divecap/replays/stronghold-candidate-A.replay,0,roundLimit,opponents/gavroche-v15-divecap/stats/stronghold-candidate-A.json,opponents/gavroche-v15-divecap/stats/stronghold-candidate-A.csv,opponents/gavroche-v15-divecap/graphs/stronghold-candidate-A.svg,4,73,59,316,91,89,1,1,28,47,13,0,0,0,0,53.55902777777778,0.8680555555555556,0.0,5,79,62,314,94,91,1,1,27,38,25,0,0,0,0,45.572916666666664,0.8680555555555556,0.0
gavroche-v15-divecap,stronghold,B,B,gavroche-v17-half-gradient,500,55.919,,,gavroche-v15-divecap,gavroche-v17-half-gradient,opponents/gavroche-v15-divecap/replays/stronghold-candidate-B.log,opponents/gavroche-v15-divecap/replays/stronghold-candidate-B.replay,0,roundLimit,opponents/gavroche-v15-divecap/stats/stronghold-candidate-B.json,opponents/gavroche-v15-divecap/stats/stronghold-candidate-B.csv,opponents/gavroche-v15-divecap/graphs/stronghold-candidate-B.svg,1,38,38,377,122,123,4,4,40,56,23,0,0,0,0,24.82638888888889,0.08680555555555555,0.0,4,52,32,543,185,183,4,4,51,72,56,0,0,0,0,75.08680555555556,0.08680555555555555,0.0
gavroche-v15-divecap,trauma,A,B,gavroche-v15-divecap,500,33.253,,,gavroche-v17-half-gradient,gavroche-v15-divecap,opponents/gavroche-v15-divecap/replays/trauma-candidate-A.log,opponents/gavroche-v15-divecap/replays/trauma-candidate-A.replay,0,roundLimit,opponents/gavroche-v15-divecap/stats/trauma-candidate-A.json,opponents/gavroche-v15-divecap/stats/trauma-candidate-A.csv,opponents/gavroche-v15-divecap/graphs/trauma-candidate-A.svg,2,10,8,95,26,26,5,5,4,6,11,0,0,0,0,17.447916666666668,1.8229166666666667,0.6944444444444444,10,76,18,663,250,242,5,5,38,63,136,0,0,0,0,80.03472222222223,1.8229166666666667,0.6944444444444444
gavroche-v15-divecap,trauma,B,A,gavroche-v15-divecap,500,30.83,,,gavroche-v15-divecap,gavroche-v17-half-gradient,opponents/gavroche-v15-divecap/replays/trauma-candidate-B.log,opponents/gavroche-v15-divecap/replays/trauma-candidate-B.replay,0,roundLimit,opponents/gavroche-v15-divecap/stats/trauma-candidate-B.json,opponents/gavroche-v15-divecap/stats/trauma-candidate-B.csv,opponents/gavroche-v15-divecap/graphs/trauma-candidate-B.svg,4,31,15,315,111,109,14,14,20,25,50,0,0,0,0,42.96875,2.7777777777777777,0.6944444444444444,5,45,15,427,143,140,14,14,23,42,61,0,0,0,0,53.55902777777778,2.7777777777777777,0.6944444444444444
gavroche-v15-divecap,trophy,A,A,gavroche-v17-half-gradient,424,39.339,,,gavroche-v17-half-gradient,gavroche-v15-divecap,opponents/gavroche-v15-divecap/replays/trophy-candidate-A.log,opponents/gavroche-v15-divecap/replays/trophy-candidate-A.replay,0,elimination,opponents/gavroche-v15-divecap/stats/trophy-candidate-A.json,opponents/gavroche-v15-divecap/stats/trophy-candidate-A.csv,opponents/gavroche-v15-divecap/graphs/trophy-candidate-A.svg,36,140,13,580,200,166,34,33,62,30,41,0,0,0,0,100.0,0.0,0.0,0,0,0,127,41,43,33,34,1,3,5,0,0,0,0,0.0,0.0,0.0
gavroche-v15-divecap,trophy,B,B,gavroche-v17-half-gradient,500,34.355,,,gavroche-v15-divecap,gavroche-v17-half-gradient,opponents/gavroche-v15-divecap/replays/trophy-candidate-B.log,opponents/gavroche-v15-divecap/replays/trophy-candidate-B.replay,0,roundLimit,opponents/gavroche-v15-divecap/stats/trophy-candidate-B.json,opponents/gavroche-v15-divecap/stats/trophy-candidate-B.csv,opponents/gavroche-v15-divecap/graphs/trophy-candidate-B.svg,10,96,32,501,144,136,56,62,36,21,17,0,0,0,0,79.52,8.48,0.0,3,33,22,273,72,71,62,56,1,6,8,0,0,0,0,12.0,8.48,0.0
gavroche-v16-informed-divecap,Colosseum,A,B,gavroche-v16-informed-divecap,203,14.217,,,gavroche-v17-half-gradient,gavroche-v16-informed-divecap,opponents/gavroche-v16-informed-divecap/replays/Colosseum-candidate-A.log,opponents/gavroche-v16-informed-divecap/replays/Colosseum-candidate-A.replay,0,elimination,opponents/gavroche-v16-informed-divecap/stats/Colosseum-candidate-A.json,opponents/gavroche-v16-informed-divecap/stats/Colosseum-candidate-A.csv,opponents/gavroche-v16-informed-divecap/graphs/Colosseum-candidate-A.svg,0,0,0,109,37,38,36,35,2,1,0,0,0,0,0,0.0,0.0,0.0,39,92,3,290,111,73,35,36,33,4,0,0,0,0,0,100.0,0.0,0.0
gavroche-v16-informed-divecap,Colosseum,B,A,gavroche-v16-informed-divecap,239,17.901,,,gavroche-v16-informed-divecap,gavroche-v17-half-gradient,opponents/gavroche-v16-informed-divecap/replays/Colosseum-candidate-B.log,opponents/gavroche-v16-informed-divecap/replays/Colosseum-candidate-B.replay,0,elimination,opponents/gavroche-v16-informed-divecap/stats/Colosseum-candidate-B.json,opponents/gavroche-v16-informed-divecap/stats/Colosseum-candidate-B.csv,opponents/gavroche-v16-informed-divecap/graphs/Colosseum-candidate-B.svg,0,0,0,154,46,47,50,46,0,0,1,0,0,0,0,0.0,0.0,0.0,43,96,4,419,166,124,46,50,45,21,8,0,0,0,0,100.0,0.0,0.0
gavroche-v16-informed-divecap,arena,A,A,gavroche-v17-half-gradient,45,3.566,,,gavroche-v17-half-gradient,gavroche-v16-informed-divecap,opponents/gavroche-v16-informed-divecap/replays/arena-candidate-A.log,opponents/gavroche-v16-informed-divecap/replays/arena-candidate-A.replay,0,elimination,opponents/gavroche-v16-informed-divecap/stats/arena-candidate-A.json,opponents/gavroche-v16-informed-divecap/stats/arena-candidate-A.csv,opponents/gavroche-v16-informed-divecap/graphs/arena-candidate-A.svg,25,64,4,149,58,34,9,9,13,11,1,0,0,0,0,100.0,0.0,0.0,0,0,0,25,8,9,9,9,0,0,0,0,0,0,0,0.0,0.0,0.0
gavroche-v16-informed-divecap,arena,B,B,gavroche-v17-half-gradient,88,5.892,,,gavroche-v16-informed-divecap,gavroche-v17-half-gradient,opponents/gavroche-v16-informed-divecap/replays/arena-candidate-B.log,opponents/gavroche-v16-informed-divecap/replays/arena-candidate-B.replay,0,elimination,opponents/gavroche-v16-informed-divecap/stats/arena-candidate-B.json,opponents/gavroche-v16-informed-divecap/stats/arena-candidate-B.csv,opponents/gavroche-v16-informed-divecap/graphs/arena-candidate-B.svg,24,55,4,245,87,64,38,38,11,12,3,0,0,0,0,100.0,0.0,0.0,0,0,0,154,51,52,38,38,6,8,0,0,0,0,0,0.0,0.0,0.0
gavroche-v16-informed-divecap,autarky,A,B,gavroche-v16-informed-divecap,500,28.213,,,gavroche-v17-half-gradient,gavroche-v16-informed-divecap,opponents/gavroche-v16-informed-divecap/replays/autarky-candidate-A.log,opponents/gavroche-v16-informed-divecap/replays/autarky-candidate-A.replay,0,roundLimit,opponents/gavroche-v16-informed-divecap/stats/autarky-candidate-A.json,opponents/gavroche-v16-informed-divecap/stats/autarky-candidate-A.csv,opponents/gavroche-v16-informed-divecap/graphs/autarky-candidate-A.svg,11,60,18,390,130,125,27,27,10,11,77,0,0,0,0,67.18106995884774,2.4691358024691357,0.0,7,48,26,437,140,139,27,27,11,17,84,0,0,0,0,30.349794238683128,2.4691358024691357,0.0
gavroche-v16-informed-divecap,autarky,B,A,gavroche-v16-informed-divecap,500,23.036,,,gavroche-v16-informed-divecap,gavroche-v17-half-gradient,opponents/gavroche-v16-informed-divecap/replays/autarky-candidate-B.log,opponents/gavroche-v16-informed-divecap/replays/autarky-candidate-B.replay,0,roundLimit,opponents/gavroche-v16-informed-divecap/stats/autarky-candidate-B.json,opponents/gavroche-v16-informed-divecap/stats/autarky-candidate-B.csv,opponents/gavroche-v16-informed-divecap/graphs/autarky-candidate-B.svg,6,41,24,404,134,134,29,29,19,9,77,0,0,0,0,37.757201646090536,2.674897119341564,0.0,7,85,30,442,132,131,29,29,10,9,83,0,0,0,0,59.5679012345679,2.674897119341564,0.0
gavroche-v16-informed-divecap,big_empty,A,A,gavroche-v17-half-gradient,500,92.273,,,gavroche-v17-half-gradient,gavroche-v16-informed-divecap,opponents/gavroche-v16-informed-divecap/replays/big_empty-candidate-A.log,opponents/gavroche-v16-informed-divecap/replays/big_empty-candidate-A.replay,0,roundLimit,opponents/gavroche-v16-informed-divecap/stats/big_empty-candidate-A.json,opponents/gavroche-v16-informed-divecap/stats/big_empty-candidate-A.csv,opponents/gavroche-v16-informed-divecap/graphs/big_empty-candidate-A.svg,20,359,54,1333,183,166,144,144,1,21,0,0,0,0,0,45.703125,6.201171875,0.0,23,411,51,1307,189,169,144,144,4,21,0,0,0,0,0,48.095703125,6.201171875,0.0
gavroche-v16-informed-divecap,big_empty,B,B,gavroche-v17-half-gradient,500,95.26,,,gavroche-v16-informed-divecap,gavroche-v17-half-gradient,opponents/gavroche-v16-informed-divecap/replays/big_empty-candidate-B.log,opponents/gavroche-v16-informed-divecap/replays/big_empty-candidate-B.replay,0,roundLimit,opponents/gavroche-v16-informed-divecap/stats/big_empty-candidate-B.json,opponents/gavroche-v16-informed-divecap/stats/big_empty-candidate-B.csv,opponents/gavroche-v16-informed-divecap/graphs/big_empty-candidate-B.svg,15,320,43,1397,187,175,144,145,2,28,0,0,0,0,0,37.0849609375,4.0771484375,0.0,21,411,41,1341,182,164,145,144,3,17,0,0,0,0,0,58.837890625,4.0771484375,0.0
gavroche-v16-informed-divecap,default,A,B,gavroche-v16-informed-divecap,500,24.413,,,gavroche-v17-half-gradient,gavroche-v16-informed-divecap,opponents/gavroche-v16-informed-divecap/replays/default-candidate-A.log,opponents/gavroche-v16-informed-divecap/replays/default-candidate-A.replay,0,roundLimit,opponents/gavroche-v16-informed-divecap/stats/default-candidate-A.json,opponents/gavroche-v16-informed-divecap/stats/default-candidate-A.csv,opponents/gavroche-v16-informed-divecap/graphs/default-candidate-A.svg,4,17,5,137,38,38,32,29,6,0,3,0,0,0,0,18.1640625,2.9296875,0.0,10,84,24,317,91,85,29,32,32,12,9,0,0,0,0,78.90625,2.9296875,0.0
gavroche-v16-informed-divecap,default,B,A,gavroche-v16-informed-divecap,500,26.572,,,gavroche-v16-informed-divecap,gavroche-v17-half-gradient,opponents/gavroche-v16-informed-divecap/replays/default-candidate-B.log,opponents/gavroche-v16-informed-divecap/replays/default-candidate-B.replay,0,roundLimit,opponents/gavroche-v16-informed-divecap/stats/default-candidate-B.json,opponents/gavroche-v16-informed-divecap/stats/default-candidate-B.csv,opponents/gavroche-v16-informed-divecap/graphs/default-candidate-B.svg,5,38,14,356,104,103,26,29,33,27,14,0,0,0,0,41.796875,7.2265625,0.0,4,48,21,186,50,50,29,26,7,7,10,0,0,0,0,50.9765625,7.2265625,0.0
gavroche-v16-informed-divecap,default_small,A,B,gavroche-v16-informed-divecap,257,7.779,,,gavroche-v17-half-gradient,gavroche-v16-informed-divecap,opponents/gavroche-v16-informed-divecap/replays/default_small-candidate-A.log,opponents/gavroche-v16-informed-divecap/replays/default_small-candidate-A.replay,0,elimination,opponents/gavroche-v16-informed-divecap/stats/default_small-candidate-A.json,opponents/gavroche-v16-informed-divecap/stats/default_small-candidate-A.csv,opponents/gavroche-v16-informed-divecap/graphs/default_small-candidate-A.svg,0,0,0,110,38,40,36,36,0,1,3,0,0,0,0,0.0,0.0,0.0,17,38,3,166,64,49,36,36,4,6,3,0,0,0,0,100.0,0.0,0.0
gavroche-v16-informed-divecap,default_small,B,A,gavroche-v16-informed-divecap,142,3.794,,,gavroche-v16-informed-divecap,gavroche-v17-half-gradient,opponents/gavroche-v16-informed-divecap/replays/default_small-candidate-B.log,opponents/gavroche-v16-informed-divecap/replays/default_small-candidate-B.replay,0,elimination,opponents/gavroche-v16-informed-divecap/stats/default_small-candidate-B.json,opponents/gavroche-v16-informed-divecap/stats/default_small-candidate-B.csv,opponents/gavroche-v16-informed-divecap/graphs/default_small-candidate-B.svg,0,0,0,31,13,15,12,12,0,1,2,0,0,0,0,0.0,0.0,0.0,17,44,3,88,32,17,12,12,0,1,4,0,0,0,0,100.0,0.0,0.0
gavroche-v16-informed-divecap,devil,A,A,gavroche-v17-half-gradient,500,33.232,,,gavroche-v17-half-gradient,gavroche-v16-informed-divecap,opponents/gavroche-v16-informed-divecap/replays/devil-candidate-A.log,opponents/gavroche-v16-informed-divecap/replays/devil-candidate-A.replay,0,roundLimit,opponents/gavroche-v16-informed-divecap/stats/devil-candidate-A.json,opponents/gavroche-v16-informed-divecap/stats/devil-candidate-A.csv,opponents/gavroche-v16-informed-divecap/graphs/devil-candidate-A.svg,4,72,26,1428,504,503,67,64,111,218,110,0,0,0,0,89.84375,1.5625,0.0,1,9,9,299,107,109,64,67,7,21,14,0,0,0,0,8.59375,1.5625,0.0
gavroche-v16-informed-divecap,devil,B,B,gavroche-v17-half-gradient,301,22.485,,,gavroche-v16-informed-divecap,gavroche-v17-half-gradient,opponents/gavroche-v16-informed-divecap/replays/devil-candidate-B.log,opponents/gavroche-v16-informed-divecap/replays/devil-candidate-B.replay,0,elimination,opponents/gavroche-v16-informed-divecap/stats/devil-candidate-B.json,opponents/gavroche-v16-informed-divecap/stats/devil-candidate-B.csv,opponents/gavroche-v16-informed-divecap/graphs/devil-candidate-B.svg,41,119,7,887,351,313,27,26,82,132,73,0,0,0,0,100.0,0.0,0.0,0,0,0,91,35,38,26,27,2,5,4,0,0,0,0,0.0,0.0,0.0
gavroche-v16-informed-divecap,dilemma,A,B,gavroche-v16-informed-divecap,500,13.137,,,gavroche-v17-half-gradient,gavroche-v16-informed-divecap,opponents/gavroche-v16-informed-divecap/replays/dilemma-candidate-A.log,opponents/gavroche-v16-informed-divecap/replays/dilemma-candidate-A.replay,0,roundLimit,opponents/gavroche-v16-informed-divecap/stats/dilemma-candidate-A.json,opponents/gavroche-v16-informed-divecap/stats/dilemma-candidate-A.csv,opponents/gavroche-v16-informed-divecap/graphs/dilemma-candidate-A.svg,1,2,2,148,52,54,14,13,2,13,26,0,0,0,0,18.5546875,2.34375,0.0,5,45,36,269,83,81,13,14,2,38,27,0,0,0,0,79.1015625,2.34375,0.0
gavroche-v16-informed-divecap,dilemma,B,B,gavroche-v17-half-gradient,500,11.61,,,gavroche-v16-informed-divecap,gavroche-v17-half-gradient,opponents/gavroche-v16-informed-divecap/replays/dilemma-candidate-B.log,opponents/gavroche-v16-informed-divecap/replays/dilemma-candidate-B.replay,0,roundLimit,opponents/gavroche-v16-informed-divecap/stats/dilemma-candidate-B.json,opponents/gavroche-v16-informed-divecap/stats/dilemma-candidate-B.csv,opponents/gavroche-v16-informed-divecap/graphs/dilemma-candidate-B.svg,3,33,29,195,62,62,12,12,1,32,17,0,0,0,0,48.6328125,4.1015625,0.0,4,18,11,169,59,58,12,12,1,20,25,0,0,0,0,47.265625,4.1015625,0.0
gavroche-v16-informed-divecap,queen_of_spades,A,A,gavroche-v17-half-gradient,500,16.202,,,gavroche-v17-half-gradient,gavroche-v16-informed-divecap,opponents/gavroche-v16-informed-divecap/replays/queen_of_spades-candidate-A.log,opponents/gavroche-v16-informed-divecap/replays/queen_of_spades-candidate-A.replay,0,roundLimit,opponents/gavroche-v16-informed-divecap/stats/queen_of_spades-candidate-A.json,opponents/gavroche-v16-informed-divecap/stats/queen_of_spades-candidate-A.csv,opponents/gavroche-v16-informed-divecap/graphs/queen_of_spades-candidate-A.svg,4,46,34,530,173,171,5,6,80,41,44,0,0,0,0,75.2,0.0,20.8,1,7,7,23,4,5,6,5,0,0,0,0,0,0,0,4.0,0.0,20.8
gavroche-v16-informed-divecap,queen_of_spades,B,B,gavroche-v17-half-gradient,366,11.879,,,gavroche-v16-informed-divecap,gavroche-v17-half-gradient,opponents/gavroche-v16-informed-divecap/replays/queen_of_spades-candidate-B.log,opponents/gavroche-v16-informed-divecap/replays/queen_of_spades-candidate-B.replay,0,elimination,opponents/gavroche-v16-informed-divecap/stats/queen_of_spades-candidate-B.json,opponents/gavroche-v16-informed-divecap/stats/queen_of_spades-candidate-B.csv,opponents/gavroche-v16-informed-divecap/graphs/queen_of_spades-candidate-B.svg,26,69,5,362,140,116,6,7,57,19,33,0,0,0,0,79.2,0.0,20.8,0,0,0,23,6,8,7,6,0,2,0,0,0,0,0,0.0,0.0,20.8
gavroche-v16-informed-divecap,schooltime,A,B,gavroche-v16-informed-divecap,500,69.634,,,gavroche-v17-half-gradient,gavroche-v16-informed-divecap,opponents/gavroche-v16-informed-divecap/replays/schooltime-candidate-A.log,opponents/gavroche-v16-informed-divecap/replays/schooltime-candidate-A.replay,0,roundLimit,opponents/gavroche-v16-informed-divecap/stats/schooltime-candidate-A.json,opponents/gavroche-v16-informed-divecap/stats/schooltime-candidate-A.csv,opponents/gavroche-v16-informed-divecap/graphs/schooltime-candidate-A.svg,15,155,29,1044,290,278,102,108,51,41,78,0,0,0,0,63.208333333333336,3.6666666666666665,14.083333333333334,5,118,49,1398,406,404,108,102,105,97,100,0,0,0,0,19.041666666666668,3.6666666666666665,14.083333333333334
gavroche-v16-informed-divecap,schooltime,B,B,gavroche-v17-half-gradient,500,59.849,,,gavroche-v16-informed-divecap,gavroche-v17-half-gradient,opponents/gavroche-v16-informed-divecap/replays/schooltime-candidate-B.log,opponents/gavroche-v16-informed-divecap/replays/schooltime-candidate-B.replay,0,roundLimit,opponents/gavroche-v16-informed-divecap/stats/schooltime-candidate-B.json,opponents/gavroche-v16-informed-divecap/stats/schooltime-candidate-B.csv,opponents/gavroche-v16-informed-divecap/graphs/schooltime-candidate-B.svg,7,120,40,1402,360,356,102,95,71,87,103,0,0,0,0,32.291666666666664,4.666666666666667,14.083333333333334,11,133,26,874,248,240,95,102,30,33,75,0,0,0,0,48.958333333333336,4.666666666666667,14.083333333333334
gavroche-v16-informed-divecap,stronghold,A,A,gavroche-v17-half-gradient,500,40.869,,,gavroche-v17-half-gradient,gavroche-v16-informed-divecap,opponents/gavroche-v16-informed-divecap/replays/stronghold-candidate-A.log,opponents/gavroche-v16-informed-divecap/replays/stronghold-candidate-A.replay,0,roundLimit,opponents/gavroche-v16-informed-divecap/stats/stronghold-candidate-A.json,opponents/gavroche-v16-informed-divecap/stats/stronghold-candidate-A.csv,opponents/gavroche-v16-informed-divecap/graphs/stronghold-candidate-A.svg,2,58,55,379,120,120,2,5,39,47,29,0,0,0,0,39.84375,2.34375,0.0,5,54,38,456,161,158,5,2,52,50,54,0,0,0,0,57.8125,2.34375,0.0
gavroche-v16-informed-divecap,stronghold,B,B,gavroche-v17-half-gradient,500,43.069,,,gavroche-v16-informed-divecap,gavroche-v17-half-gradient,opponents/gavroche-v16-informed-divecap/replays/stronghold-candidate-B.log,opponents/gavroche-v16-informed-divecap/replays/stronghold-candidate-B.replay,0,roundLimit,opponents/gavroche-v16-informed-divecap/stats/stronghold-candidate-B.json,opponents/gavroche-v16-informed-divecap/stats/stronghold-candidate-B.csv,opponents/gavroche-v16-informed-divecap/graphs/stronghold-candidate-B.svg,6,59,46,457,158,154,6,5,44,54,51,0,0,0,0,62.239583333333336,4.513888888888889,0.0,3,49,42,451,143,142,5,6,48,63,25,0,0,0,0,33.24652777777778,4.513888888888889,0.0
gavroche-v16-informed-divecap,trauma,A,B,gavroche-v16-informed-divecap,500,27.692,,,gavroche-v17-half-gradient,gavroche-v16-informed-divecap,opponents/gavroche-v16-informed-divecap/replays/trauma-candidate-A.log,opponents/gavroche-v16-informed-divecap/replays/trauma-candidate-A.replay,0,roundLimit,opponents/gavroche-v16-informed-divecap/stats/trauma-candidate-A.json,opponents/gavroche-v16-informed-divecap/stats/trauma-candidate-A.csv,opponents/gavroche-v16-informed-divecap/graphs/trauma-candidate-A.svg,8,53,12,363,127,121,16,16,23,24,58,0,0,0,0,60.329861111111114,0.1736111111111111,0.6944444444444444,3,33,17,530,204,203,16,16,37,45,105,0,0,0,0,38.802083333333336,0.1736111111111111,0.6944444444444444
gavroche-v16-informed-divecap,trauma,B,A,gavroche-v16-informed-divecap,500,34.009,,,gavroche-v16-informed-divecap,gavroche-v17-half-gradient,opponents/gavroche-v16-informed-divecap/replays/trauma-candidate-B.log,opponents/gavroche-v16-informed-divecap/replays/trauma-candidate-B.replay,0,roundLimit,opponents/gavroche-v16-informed-divecap/stats/trauma-candidate-B.json,opponents/gavroche-v16-informed-divecap/stats/trauma-candidate-B.csv,opponents/gavroche-v16-informed-divecap/graphs/trauma-candidate-B.svg,5,39,18,554,205,202,14,14,30,56,102,0,0,0,0,39.84375,0.3472222222222222,0.6944444444444444,5,52,18,528,187,184,14,14,34,41,95,0,0,0,0,59.114583333333336,0.3472222222222222,0.6944444444444444
gavroche-v16-informed-divecap,trophy,A,B,gavroche-v16-informed-divecap,487,21.332,,,gavroche-v17-half-gradient,gavroche-v16-informed-divecap,opponents/gavroche-v16-informed-divecap/replays/trophy-candidate-A.log,opponents/gavroche-v16-informed-divecap/replays/trophy-candidate-A.replay,0,elimination,opponents/gavroche-v16-informed-divecap/stats/trophy-candidate-A.json,opponents/gavroche-v16-informed-divecap/stats/trophy-candidate-A.csv,opponents/gavroche-v16-informed-divecap/graphs/trophy-candidate-A.svg,0,0,0,186,56,58,49,48,2,2,6,0,0,0,0,0.0,0.0,0.0,11,93,31,550,153,144,48,49,38,39,18,0,0,0,0,100.0,0.0,0.0
gavroche-v16-informed-divecap,trophy,B,B,gavroche-v17-half-gradient,247,8.726,,,gavroche-v16-informed-divecap,gavroche-v17-half-gradient,opponents/gavroche-v16-informed-divecap/replays/trophy-candidate-B.log,opponents/gavroche-v16-informed-divecap/replays/trophy-candidate-B.replay,0,elimination,opponents/gavroche-v16-informed-divecap/stats/trophy-candidate-B.json,opponents/gavroche-v16-informed-divecap/stats/trophy-candidate-B.csv,opponents/gavroche-v16-informed-divecap/graphs/trophy-candidate-B.svg,41,101,4,239,93,54,18,17,18,9,10,0,0,0,0,100.0,0.0,0.0,0,0,0,61,20,22,17,18,0,2,2,0,0,0,0,0.0,0.0,0.0
sinbad-v07-divecap,Colosseum,A,A,gavroche-v17-half-gradient,135,3.556,,,gavroche-v17-half-gradient,sinbad-v07-divecap,opponents/sinbad-v07-divecap/replays/Colosseum-candidate-A.log,opponents/sinbad-v07-divecap/replays/Colosseum-candidate-A.replay,0,elimination,opponents/sinbad-v07-divecap/stats/Colosseum-candidate-A.json,opponents/sinbad-v07-divecap/stats/Colosseum-candidate-A.csv,opponents/sinbad-v07-divecap/graphs/Colosseum-candidate-A.svg,33,75,3,171,66,34,20,20,10,3,1,0,0,0,0,100.0,0.0,0.0,0,0,0,67,19,20,20,20,0,0,0,0,0,0,0,0.0,0.0,0.0
sinbad-v07-divecap,Colosseum,B,A,sinbad-v07-divecap,136,3.974,,,sinbad-v07-divecap,gavroche-v17-half-gradient,opponents/sinbad-v07-divecap/replays/Colosseum-candidate-B.log,opponents/sinbad-v07-divecap/replays/Colosseum-candidate-B.replay,0,elimination,opponents/sinbad-v07-divecap/stats/Colosseum-candidate-B.json,opponents/sinbad-v07-divecap/stats/Colosseum-candidate-B.csv,opponents/sinbad-v07-divecap/graphs/Colosseum-candidate-B.svg,0,0,0,61,18,19,19,19,0,0,0,0,0,0,0,0.0,0.0,0.0,36,87,4,230,89,54,19,19,28,3,4,0,0,0,0,100.0,0.0,0.0
sinbad-v07-divecap,arena,A,A,gavroche-v17-half-gradient,130,6.349,,,gavroche-v17-half-gradient,sinbad-v07-divecap,opponents/sinbad-v07-divecap/replays/arena-candidate-A.log,opponents/sinbad-v07-divecap/replays/arena-candidate-A.replay,0,elimination,opponents/sinbad-v07-divecap/stats/arena-candidate-A.json,opponents/sinbad-v07-divecap/stats/arena-candidate-A.csv,opponents/sinbad-v07-divecap/graphs/arena-candidate-A.svg,20,50,4,361,124,105,54,55,23,21,6,0,0,0,0,100.0,0.0,0.0,0,0,0,193,61,62,55,54,3,4,1,0,0,0,0,0.0,0.0,0.0
sinbad-v07-divecap,arena,B,B,gavroche-v17-half-gradient,70,3.578,,,sinbad-v07-divecap,gavroche-v17-half-gradient,opponents/sinbad-v07-divecap/replays/arena-candidate-B.log,opponents/sinbad-v07-divecap/replays/arena-candidate-B.replay,0,elimination,opponents/sinbad-v07-divecap/stats/arena-candidate-B.json,opponents/sinbad-v07-divecap/stats/arena-candidate-B.csv,opponents/sinbad-v07-divecap/graphs/arena-candidate-B.svg,19,49,4,198,69,51,30,29,13,8,1,0,0,0,0,100.0,0.0,0.0,0,0,0,121,38,39,29,30,5,4,0,0,0,0,0,0.0,0.0,0.0
sinbad-v07-divecap,autarky,A,A,gavroche-v17-half-gradient,500,30.709,,,gavroche-v17-half-gradient,sinbad-v07-divecap,opponents/sinbad-v07-divecap/replays/autarky-candidate-A.log,opponents/sinbad-v07-divecap/replays/autarky-candidate-A.replay,0,roundLimit,opponents/sinbad-v07-divecap/stats/autarky-candidate-A.json,opponents/sinbad-v07-divecap/stats/autarky-candidate-A.csv,opponents/sinbad-v07-divecap/graphs/autarky-candidate-A.svg,9,92,35,614,196,193,21,22,24,31,116,0,0,0,0,89.91769547325103,1.337448559670782,0.0,2,15,10,204,67,71,22,21,6,7,37,0,0,0,0,8.74485596707819,1.337448559670782,0.0
sinbad-v07-divecap,autarky,B,B,gavroche-v17-half-gradient,500,28.352,,,sinbad-v07-divecap,gavroche-v17-half-gradient,opponents/sinbad-v07-divecap/replays/autarky-candidate-B.log,opponents/sinbad-v07-divecap/replays/autarky-candidate-B.replay,0,roundLimit,opponents/sinbad-v07-divecap/stats/autarky-candidate-B.json,opponents/sinbad-v07-divecap/stats/autarky-candidate-B.csv,opponents/sinbad-v07-divecap/graphs/autarky-candidate-B.svg,6,59,25,482,155,155,29,31,31,12,81,0,0,0,0,64.09465020576131,2.4691358024691357,0.0,5,38,18,399,116,117,31,29,3,13,72,0,0,0,0,33.43621399176955,2.4691358024691357,0.0
sinbad-v07-divecap,big_empty,A,B,sinbad-v07-divecap,500,91.053,,,gavroche-v17-half-gradient,sinbad-v07-divecap,opponents/sinbad-v07-divecap/replays/big_empty-candidate-A.log,opponents/sinbad-v07-divecap/replays/big_empty-candidate-A.replay,0,roundLimit,opponents/sinbad-v07-divecap/stats/big_empty-candidate-A.json,opponents/sinbad-v07-divecap/stats/big_empty-candidate-A.csv,opponents/sinbad-v07-divecap/graphs/big_empty-candidate-A.svg,18,374,47,1459,223,208,181,183,2,23,0,0,0,0,0,47.36328125,5.56640625,0.0,19,397,54,1620,219,203,183,181,1,21,0,0,0,0,0,47.0703125,5.56640625,0.0
sinbad-v07-divecap,big_empty,B,A,sinbad-v07-divecap,500,88.66,,,sinbad-v07-divecap,gavroche-v17-half-gradient,opponents/sinbad-v07-divecap/replays/big_empty-candidate-B.log,opponents/sinbad-v07-divecap/replays/big_empty-candidate-B.replay,0,roundLimit,opponents/sinbad-v07-divecap/stats/big_empty-candidate-B.json,opponents/sinbad-v07-divecap/stats/big_empty-candidate-B.csv,opponents/sinbad-v07-divecap/graphs/big_empty-candidate-B.svg,14,291,31,1393,214,203,173,173,1,29,0,0,0,0,0,36.81640625,5.0537109375,0.0,24,572,69,1772,215,194,173,173,2,19,0,0,0,0,0,58.1298828125,5.0537109375,0.0
sinbad-v07-divecap,default,A,B,sinbad-v07-divecap,430,21.413,,,gavroche-v17-half-gradient,sinbad-v07-divecap,opponents/sinbad-v07-divecap/replays/default-candidate-A.log,opponents/sinbad-v07-divecap/replays/default-candidate-A.replay,0,elimination,opponents/sinbad-v07-divecap/stats/default-candidate-A.json,opponents/sinbad-v07-divecap/stats/default-candidate-A.csv,opponents/sinbad-v07-divecap/graphs/default-candidate-A.svg,0,0,0,35,12,16,16,16,0,0,0,0,0,0,0,0.0,0.0,0.0,42,137,11,372,125,87,16,16,37,23,11,0,0,0,0,100.0,0.0,0.0
sinbad-v07-divecap,default,B,A,sinbad-v07-divecap,500,23.331,,,sinbad-v07-divecap,gavroche-v17-half-gradient,opponents/sinbad-v07-divecap/replays/default-candidate-B.log,opponents/sinbad-v07-divecap/replays/default-candidate-B.replay,0,roundLimit,opponents/sinbad-v07-divecap/stats/default-candidate-B.json,opponents/sinbad-v07-divecap/stats/default-candidate-B.csv,opponents/sinbad-v07-divecap/graphs/default-candidate-B.svg,6,45,9,282,75,73,32,31,25,8,9,0,0,0,0,50.390625,3.02734375,0.0,7,77,28,275,65,62,31,32,6,17,7,0,0,0,0,46.58203125,3.02734375,0.0
sinbad-v07-divecap,default_small,A,B,sinbad-v07-divecap,149,4.241,,,gavroche-v17-half-gradient,sinbad-v07-divecap,opponents/sinbad-v07-divecap/replays/default_small-candidate-A.log,opponents/sinbad-v07-divecap/replays/default_small-candidate-A.replay,0,elimination,opponents/sinbad-v07-divecap/stats/default_small-candidate-A.json,opponents/sinbad-v07-divecap/stats/default_small-candidate-A.csv,opponents/sinbad-v07-divecap/graphs/default_small-candidate-A.svg,0,0,0,50,19,21,15,15,0,0,6,0,0,0,0,0.0,0.0,0.0,17,44,4,112,43,28,15,15,3,5,5,0,0,0,0,100.0,0.0,0.0
sinbad-v07-divecap,default_small,B,B,gavroche-v17-half-gradient,130,4.143,,,sinbad-v07-divecap,gavroche-v17-half-gradient,opponents/sinbad-v07-divecap/replays/default_small-candidate-B.log,opponents/sinbad-v07-divecap/replays/default_small-candidate-B.replay,0,elimination,opponents/sinbad-v07-divecap/stats/default_small-candidate-B.json,opponents/sinbad-v07-divecap/stats/default_small-candidate-B.csv,opponents/sinbad-v07-divecap/graphs/default_small-candidate-B.svg,21,48,4,92,40,21,4,4,3,8,6,0,0,0,0,100.0,0.0,0.0,0,0,0,13,3,5,4,4,0,0,1,0,0,0,0,0.0,0.0,0.0
sinbad-v07-divecap,devil,A,A,gavroche-v17-half-gradient,309,25.094,,,gavroche-v17-half-gradient,sinbad-v07-divecap,opponents/sinbad-v07-divecap/replays/devil-candidate-A.log,opponents/sinbad-v07-divecap/replays/devil-candidate-A.replay,0,elimination,opponents/sinbad-v07-divecap/stats/devil-candidate-A.json,opponents/sinbad-v07-divecap/stats/devil-candidate-A.csv,opponents/sinbad-v07-divecap/graphs/devil-candidate-A.svg,43,107,5,1051,425,385,39,37,90,161,97,0,0,0,0,100.0,0.0,0.0,0,0,0,154,61,64,37,39,0,12,13,0,0,0,0,0.0,0.0,0.0
sinbad-v07-divecap,devil,B,A,sinbad-v07-divecap,500,29.589,,,sinbad-v07-divecap,gavroche-v17-half-gradient,opponents/sinbad-v07-divecap/replays/devil-candidate-B.log,opponents/sinbad-v07-divecap/replays/devil-candidate-B.replay,0,roundLimit,opponents/sinbad-v07-divecap/stats/devil-candidate-B.json,opponents/sinbad-v07-divecap/stats/devil-candidate-B.csv,opponents/sinbad-v07-divecap/graphs/devil-candidate-B.svg,1,24,24,1274,449,451,66,62,81,191,117,0,0,0,0,43.5546875,2.5390625,0.0,1,41,41,506,170,172,62,66,22,51,33,0,0,0,0,53.90625,2.5390625,0.0
sinbad-v07-divecap,dilemma,A,A,gavroche-v17-half-gradient,287,6.789,,,gavroche-v17-half-gradient,sinbad-v07-divecap,opponents/sinbad-v07-divecap/replays/dilemma-candidate-A.log,opponents/sinbad-v07-divecap/replays/dilemma-candidate-A.replay,0,elimination,opponents/sinbad-v07-divecap/stats/dilemma-candidate-A.json,opponents/sinbad-v07-divecap/stats/dilemma-candidate-A.csv,opponents/sinbad-v07-divecap/graphs/dilemma-candidate-A.svg,18,37,3,126,57,42,4,4,5,22,11,0,0,0,0,100.0,0.0,0.0,0,0,0,144,49,52,4,4,0,14,34,0,0,0,0,0.0,0.0,0.0
sinbad-v07-divecap,dilemma,B,B,gavroche-v17-half-gradient,399,11.617,,,sinbad-v07-divecap,gavroche-v17-half-gradient,opponents/sinbad-v07-divecap/replays/dilemma-candidate-B.log,opponents/sinbad-v07-divecap/replays/dilemma-candidate-B.replay,0,elimination,opponents/sinbad-v07-divecap/stats/dilemma-candidate-B.json,opponents/sinbad-v07-divecap/stats/dilemma-candidate-B.csv,opponents/sinbad-v07-divecap/graphs/dilemma-candidate-B.svg,21,59,7,164,68,50,6,6,4,20,20,0,0,0,0,100.0,0.0,0.0,0,0,0,131,46,49,6,6,0,22,21,0,0,0,0,0.0,0.0,0.0
sinbad-v07-divecap,queen_of_spades,A,A,gavroche-v17-half-gradient,500,14.402,,,gavroche-v17-half-gradient,sinbad-v07-divecap,opponents/sinbad-v07-divecap/replays/queen_of_spades-candidate-A.log,opponents/sinbad-v07-divecap/replays/queen_of_spades-candidate-A.replay,0,roundLimit,opponents/sinbad-v07-divecap/stats/queen_of_spades-candidate-A.json,opponents/sinbad-v07-divecap/stats/queen_of_spades-candidate-A.csv,opponents/sinbad-v07-divecap/graphs/queen_of_spades-candidate-A.svg,3,50,36,332,96,95,21,21,27,14,33,0,0,0,0,70.17142857142858,0.0,20.8,1,5,5,201,73,74,21,21,29,14,10,0,0,0,0,9.028571428571428,0.0,20.8
sinbad-v07-divecap,queen_of_spades,B,B,gavroche-v17-half-gradient,500,14.088,,,sinbad-v07-divecap,gavroche-v17-half-gradient,opponents/sinbad-v07-divecap/replays/queen_of_spades-candidate-B.log,opponents/sinbad-v07-divecap/replays/queen_of_spades-candidate-B.replay,0,roundLimit,opponents/sinbad-v07-divecap/stats/queen_of_spades-candidate-B.json,opponents/sinbad-v07-divecap/stats/queen_of_spades-candidate-B.csv,opponents/sinbad-v07-divecap/graphs/queen_of_spades-candidate-B.svg,4,50,18,309,83,81,27,21,34,16,10,0,0,0,0,67.77142857142857,2.5142857142857142,20.8,1,2,2,272,88,89,21,27,24,16,22,0,0,0,0,8.914285714285715,2.5142857142857142,20.8
sinbad-v07-divecap,schooltime,A,A,gavroche-v17-half-gradient,500,57.371,,,gavroche-v17-half-gradient,sinbad-v07-divecap,opponents/sinbad-v07-divecap/replays/schooltime-candidate-A.log,opponents/sinbad-v07-divecap/replays/schooltime-candidate-A.replay,0,roundLimit,opponents/sinbad-v07-divecap/stats/schooltime-candidate-A.json,opponents/sinbad-v07-divecap/stats/schooltime-candidate-A.csv,opponents/sinbad-v07-divecap/graphs/schooltime-candidate-A.svg,7,134,60,1149,307,303,129,129,47,58,69,0,0,0,0,36.458333333333336,2.875,14.083333333333334,11,182,31,1244,352,344,129,129,41,65,109,0,0,0,0,46.583333333333336,2.875,14.083333333333334
sinbad-v07-divecap,schooltime,B,B,gavroche-v17-half-gradient,500,62.295,,,sinbad-v07-divecap,gavroche-v17-half-gradient,opponents/sinbad-v07-divecap/replays/schooltime-candidate-B.log,opponents/sinbad-v07-divecap/replays/schooltime-candidate-B.replay,0,roundLimit,opponents/sinbad-v07-divecap/stats/schooltime-candidate-B.json,opponents/sinbad-v07-divecap/stats/schooltime-candidate-B.csv,opponents/sinbad-v07-divecap/graphs/schooltime-candidate-B.svg,16,195,46,1362,357,344,93,90,71,84,99,0,0,0,0,49.5,7.791666666666667,14.083333333333334,11,149,34,1198,348,340,90,93,76,55,116,0,0,0,0,28.625,7.791666666666667,14.083333333333334
sinbad-v07-divecap,stronghold,A,A,gavroche-v17-half-gradient,500,28.747,,,gavroche-v17-half-gradient,sinbad-v07-divecap,opponents/sinbad-v07-divecap/replays/stronghold-candidate-A.log,opponents/sinbad-v07-divecap/replays/stronghold-candidate-A.replay,0,roundLimit,opponents/sinbad-v07-divecap/stats/stronghold-candidate-A.json,opponents/sinbad-v07-divecap/stats/stronghold-candidate-A.csv,opponents/sinbad-v07-divecap/graphs/stronghold-candidate-A.svg,3,69,56,326,102,101,1,1,35,57,8,0,0,0,0,61.979166666666664,0.08680555555555555,0.0,2,62,56,328,100,100,1,1,27,54,18,0,0,0,0,37.93402777777778,0.08680555555555555,0.0
sinbad-v07-divecap,stronghold,B,A,sinbad-v07-divecap,500,34.304,,,sinbad-v07-divecap,gavroche-v17-half-gradient,opponents/sinbad-v07-divecap/replays/stronghold-candidate-B.log,opponents/sinbad-v07-divecap/replays/stronghold-candidate-B.replay,0,roundLimit,opponents/sinbad-v07-divecap/stats/stronghold-candidate-B.json,opponents/sinbad-v07-divecap/stats/stronghold-candidate-B.csv,opponents/sinbad-v07-divecap/graphs/stronghold-candidate-B.svg,3,77,41,457,148,147,2,2,34,55,56,0,0,0,0,75.0,0.0,0.0,1,43,43,364,110,111,2,2,48,50,11,0,0,0,0,25.0,0.0,0.0
sinbad-v07-divecap,trauma,A,A,gavroche-v17-half-gradient,500,31.061,,,gavroche-v17-half-gradient,sinbad-v07-divecap,opponents/sinbad-v07-divecap/replays/trauma-candidate-A.log,opponents/sinbad-v07-divecap/replays/trauma-candidate-A.replay,0,roundLimit,opponents/sinbad-v07-divecap/stats/trauma-candidate-A.json,opponents/sinbad-v07-divecap/stats/trauma-candidate-A.csv,opponents/sinbad-v07-divecap/graphs/trauma-candidate-A.svg,6,59,20,513,191,187,7,6,40,55,86,0,0,0,0,61.892361111111114,0.1736111111111111,0.6944444444444444,4,44,15,489,174,172,6,7,38,36,91,0,0,0,0,37.239583333333336,0.1736111111111111,0.6944444444444444
sinbad-v07-divecap,trauma,B,A,sinbad-v07-divecap,500,29.848,,,sinbad-v07-divecap,gavroche-v17-half-gradient,opponents/sinbad-v07-divecap/replays/trauma-candidate-B.log,opponents/sinbad-v07-divecap/replays/trauma-candidate-B.replay,0,roundLimit,opponents/sinbad-v07-divecap/stats/trauma-candidate-B.json,opponents/sinbad-v07-divecap/stats/trauma-candidate-B.csv,opponents/sinbad-v07-divecap/graphs/trauma-candidate-B.svg,2,16,9,267,95,95,25,21,10,17,47,0,0,0,0,25.78125,0.08680555555555555,0.6944444444444444,6,51,16,831,307,303,21,25,67,56,155,0,0,0,0,73.4375,0.08680555555555555,0.6944444444444444
sinbad-v07-divecap,trophy,A,B,sinbad-v07-divecap,203,10.932,,,gavroche-v17-half-gradient,sinbad-v07-divecap,opponents/sinbad-v07-divecap/replays/trophy-candidate-A.log,opponents/sinbad-v07-divecap/replays/trophy-candidate-A.replay,0,elimination,opponents/sinbad-v07-divecap/stats/trophy-candidate-A.json,opponents/sinbad-v07-divecap/stats/trophy-candidate-A.csv,opponents/sinbad-v07-divecap/graphs/trophy-candidate-A.svg,0,0,0,69,21,23,22,22,0,0,1,0,0,0,0,0.0,0.0,0.0,40,93,3,267,104,66,22,22,27,10,7,0,0,0,0,100.0,0.0,0.0
sinbad-v07-divecap,trophy,B,B,gavroche-v17-half-gradient,395,16.927,,,sinbad-v07-divecap,gavroche-v17-half-gradient,opponents/sinbad-v07-divecap/replays/trophy-candidate-B.log,opponents/sinbad-v07-divecap/replays/trophy-candidate-B.replay,0,elimination,opponents/sinbad-v07-divecap/stats/trophy-candidate-B.json,opponents/sinbad-v07-divecap/stats/trophy-candidate-B.csv,opponents/sinbad-v07-divecap/graphs/trophy-candidate-B.svg,52,149,9,494,181,131,36,36,52,18,25,0,0,0,0,100.0,0.0,0.0,0,0,0,116,39,41,36,36,0,3,2,0,0,0,0,0.0,0.0,0.0
vn-x06-info-tf-05,Colosseum,A,A,gavroche-v17-half-gradient,231,8.547,,,gavroche-v17-half-gradient,vn-x06-info-tf-05,opponents/vn-x06-info-tf-05/replays/Colosseum-candidate-A.log,opponents/vn-x06-info-tf-05/replays/Colosseum-candidate-A.replay,0,elimination,opponents/vn-x06-info-tf-05/stats/Colosseum-candidate-A.json,opponents/vn-x06-info-tf-05/stats/Colosseum-candidate-A.csv,opponents/vn-x06-info-tf-05/graphs/Colosseum-candidate-A.svg,37,96,3,361,142,106,16,16,75,12,3,0,0,0,0,100.0,0.0,0.0,0,0,0,67,17,18,16,16,1,1,0,0,0,0,0,0.0,0.0,0.0
vn-x06-info-tf-05,Colosseum,B,B,gavroche-v17-half-gradient,236,14.391,,,vn-x06-info-tf-05,gavroche-v17-half-gradient,opponents/vn-x06-info-tf-05/replays/Colosseum-candidate-B.log,opponents/vn-x06-info-tf-05/replays/Colosseum-candidate-B.replay,0,elimination,opponents/vn-x06-info-tf-05/stats/Colosseum-candidate-B.json,opponents/vn-x06-info-tf-05/stats/Colosseum-candidate-B.csv,opponents/vn-x06-info-tf-05/graphs/Colosseum-candidate-B.svg,38,90,4,423,168,131,25,23,80,19,9,0,0,0,0,100.0,0.0,0.0,0,0,0,85,30,31,23,25,5,1,0,0,0,0,0,0.0,0.0,0.0
vn-x06-info-tf-05,arena,A,B,vn-x06-info-tf-05,67,3.797,,,gavroche-v17-half-gradient,vn-x06-info-tf-05,opponents/vn-x06-info-tf-05/replays/arena-candidate-A.log,opponents/vn-x06-info-tf-05/replays/arena-candidate-A.replay,0,elimination,opponents/vn-x06-info-tf-05/stats/arena-candidate-A.json,opponents/vn-x06-info-tf-05/stats/arena-candidate-A.csv,opponents/vn-x06-info-tf-05/graphs/arena-candidate-A.svg,0,0,0,83,26,27,28,27,0,0,0,0,0,0,0,0.0,0.0,0.0,23,57,4,190,69,47,27,28,10,9,0,0,0,0,0,100.0,0.0,0.0
vn-x06-info-tf-05,arena,B,B,gavroche-v17-half-gradient,56,3.774,,,vn-x06-info-tf-05,gavroche-v17-half-gradient,opponents/vn-x06-info-tf-05/replays/arena-candidate-B.log,opponents/vn-x06-info-tf-05/replays/arena-candidate-B.replay,0,elimination,opponents/vn-x06-info-tf-05/stats/arena-candidate-B.json,opponents/vn-x06-info-tf-05/stats/arena-candidate-B.csv,opponents/vn-x06-info-tf-05/graphs/arena-candidate-B.svg,26,66,4,196,76,51,10,11,23,13,4,0,0,0,0,100.0,0.0,0.0,0,0,0,30,9,10,11,10,0,0,0,0,0,0,0,0.0,0.0,0.0
vn-x06-info-tf-05,autarky,A,A,gavroche-v17-half-gradient,500,32.182,,,gavroche-v17-half-gradient,vn-x06-info-tf-05,opponents/vn-x06-info-tf-05/replays/autarky-candidate-A.log,opponents/vn-x06-info-tf-05/replays/autarky-candidate-A.replay,0,roundLimit,opponents/vn-x06-info-tf-05/stats/autarky-candidate-A.json,opponents/vn-x06-info-tf-05/stats/autarky-candidate-A.csv,opponents/vn-x06-info-tf-05/graphs/autarky-candidate-A.svg,19,139,34,627,200,187,22,21,26,29,111,0,0,0,0,99.07407407407408,0.0,0.0,1,2,2,194,72,77,21,22,7,2,46,0,0,0,0,0.9259259259259259,0.0,0.0
vn-x06-info-tf-05,autarky,B,B,gavroche-v17-half-gradient,500,37.81,,,vn-x06-info-tf-05,gavroche-v17-half-gradient,opponents/vn-x06-info-tf-05/replays/autarky-candidate-B.log,opponents/vn-x06-info-tf-05/replays/autarky-candidate-B.replay,0,roundLimit,opponents/vn-x06-info-tf-05/stats/autarky-candidate-B.json,opponents/vn-x06-info-tf-05/stats/autarky-candidate-B.csv,opponents/vn-x06-info-tf-05/graphs/autarky-candidate-B.svg,9,100,43,796,252,249,9,12,38,53,146,0,0,0,0,95.67901234567901,1.02880658436214,0.0,1,3,3,65,23,28,12,9,3,4,12,0,0,0,0,3.292181069958848,1.02880658436214,0.0
vn-x06-info-tf-05,big_empty,A,A,gavroche-v17-half-gradient,500,102.121,,,gavroche-v17-half-gradient,vn-x06-info-tf-05,opponents/vn-x06-info-tf-05/replays/big_empty-candidate-A.log,opponents/vn-x06-info-tf-05/replays/big_empty-candidate-A.replay,0,roundLimit,opponents/vn-x06-info-tf-05/stats/big_empty-candidate-A.json,opponents/vn-x06-info-tf-05/stats/big_empty-candidate-A.csv,opponents/vn-x06-info-tf-05/graphs/big_empty-candidate-A.svg,27,404,57,1362,206,182,151,152,6,24,0,0,0,0,0,49.0966796875,3.90625,0.0,27,402,48,1339,198,174,152,151,2,21,0,0,0,0,0,46.9970703125,3.90625,0.0
vn-x06-info-tf-05,big_empty,B,B,gavroche-v17-half-gradient,500,99.202,,,vn-x06-info-tf-05,gavroche-v17-half-gradient,opponents/vn-x06-info-tf-05/replays/big_empty-candidate-B.log,opponents/vn-x06-info-tf-05/replays/big_empty-candidate-B.replay,0,roundLimit,opponents/vn-x06-info-tf-05/stats/big_empty-candidate-B.json,opponents/vn-x06-info-tf-05/stats/big_empty-candidate-B.csv,opponents/vn-x06-info-tf-05/graphs/big_empty-candidate-B.svg,25,440,46,1402,199,177,154,154,2,21,0,0,0,0,0,63.8427734375,3.662109375,0.0,14,309,42,1329,203,192,154,154,4,34,0,0,0,0,0,32.4951171875,3.662109375,0.0
vn-x06-info-tf-05,default,A,A,gavroche-v17-half-gradient,500,27.876,,,gavroche-v17-half-gradient,vn-x06-info-tf-05,opponents/vn-x06-info-tf-05/replays/default-candidate-A.log,opponents/vn-x06-info-tf-05/replays/default-candidate-A.replay,0,roundLimit,opponents/vn-x06-info-tf-05/stats/default-candidate-A.json,opponents/vn-x06-info-tf-05/stats/default-candidate-A.csv,opponents/vn-x06-info-tf-05/graphs/default-candidate-A.svg,8,92,51,280,73,69,35,28,11,26,4,0,0,0,0,85.546875,1.07421875,0.0,3,18,9,220,76,77,28,35,30,8,4,0,0,0,0,13.37890625,1.07421875,0.0
vn-x06-info-tf-05,default,B,B,gavroche-v17-half-gradient,500,26.481,,,vn-x06-info-tf-05,gavroche-v17-half-gradient,opponents/vn-x06-info-tf-05/replays/default-candidate-B.log,opponents/vn-x06-info-tf-05/replays/default-candidate-B.replay,0,roundLimit,opponents/vn-x06-info-tf-05/stats/default-candidate-B.json,opponents/vn-x06-info-tf-05/stats/default-candidate-B.csv,opponents/vn-x06-info-tf-05/graphs/default-candidate-B.svg,5,52,29,212,52,51,24,20,5,23,3,0,0,0,0,45.99609375,5.95703125,0.0,5,61,23,288,85,84,20,24,44,9,7,0,0,0,0,48.046875,5.95703125,0.0
vn-x06-info-tf-05,default_small,A,B,vn-x06-info-tf-05,160,5.36,,,gavroche-v17-half-gradient,vn-x06-info-tf-05,opponents/vn-x06-info-tf-05/replays/default_small-candidate-A.log,opponents/vn-x06-info-tf-05/replays/default_small-candidate-A.replay,0,elimination,opponents/vn-x06-info-tf-05/stats/default_small-candidate-A.json,opponents/vn-x06-info-tf-05/stats/default_small-candidate-A.csv,opponents/vn-x06-info-tf-05/graphs/default_small-candidate-A.svg,0,0,0,42,15,17,16,15,0,2,0,0,0,0,0,0.0,0.0,0.0,20,48,3,138,51,33,15,16,4,5,8,0,0,0,0,100.0,0.0,0.0
vn-x06-info-tf-05,default_small,B,A,vn-x06-info-tf-05,371,13.537,,,vn-x06-info-tf-05,gavroche-v17-half-gradient,opponents/vn-x06-info-tf-05/replays/default_small-candidate-B.log,opponents/vn-x06-info-tf-05/replays/default_small-candidate-B.replay,0,elimination,opponents/vn-x06-info-tf-05/stats/default_small-candidate-B.json,opponents/vn-x06-info-tf-05/stats/default_small-candidate-B.csv,opponents/vn-x06-info-tf-05/graphs/default_small-candidate-B.svg,0,0,0,108,33,35,36,31,0,3,1,0,0,0,0,0.0,0.0,0.0,23,63,9,302,114,93,31,36,14,27,16,0,0,0,0,100.0,0.0,0.0
vn-x06-info-tf-05,devil,A,A,gavroche-v17-half-gradient,500,32.854,,,gavroche-v17-half-gradient,vn-x06-info-tf-05,opponents/vn-x06-info-tf-05/replays/devil-candidate-A.log,opponents/vn-x06-info-tf-05/replays/devil-candidate-A.replay,0,roundLimit,opponents/vn-x06-info-tf-05/stats/devil-candidate-A.json,opponents/vn-x06-info-tf-05/stats/devil-candidate-A.csv,opponents/vn-x06-info-tf-05/graphs/devil-candidate-A.svg,3,68,39,1511,528,528,58,56,120,232,120,0,0,0,0,64.453125,2.5390625,0.0,1,19,19,295,100,102,56,58,5,25,14,0,0,0,0,33.0078125,2.5390625,0.0
vn-x06-info-tf-05,devil,B,B,gavroche-v17-half-gradient,500,31.48,,,vn-x06-info-tf-05,gavroche-v17-half-gradient,opponents/vn-x06-info-tf-05/replays/devil-candidate-B.log,opponents/vn-x06-info-tf-05/replays/devil-candidate-B.replay,0,roundLimit,opponents/vn-x06-info-tf-05/stats/devil-candidate-B.json,opponents/vn-x06-info-tf-05/stats/devil-candidate-B.csv,opponents/vn-x06-info-tf-05/graphs/devil-candidate-B.svg,1,41,41,1383,497,499,52,51,121,225,102,0,0,0,0,58.0078125,2.34375,0.0,1,25,25,334,112,114,51,52,13,33,16,0,0,0,0,39.6484375,2.34375,0.0
vn-x06-info-tf-05,dilemma,A,A,gavroche-v17-half-gradient,279,5.796,,,gavroche-v17-half-gradient,vn-x06-info-tf-05,opponents/vn-x06-info-tf-05/replays/dilemma-candidate-A.log,opponents/vn-x06-info-tf-05/replays/dilemma-candidate-A.replay,0,elimination,opponents/vn-x06-info-tf-05/stats/dilemma-candidate-A.json,opponents/vn-x06-info-tf-05/stats/dilemma-candidate-A.csv,opponents/vn-x06-info-tf-05/graphs/dilemma-candidate-A.svg,16,36,3,212,84,71,2,3,5,28,35,0,0,0,0,100.0,0.0,0.0,0,0,0,2,0,3,3,2,0,1,0,0,0,0,0,0.0,0.0,0.0
vn-x06-info-tf-05,dilemma,B,B,gavroche-v17-half-gradient,215,4.873,,,vn-x06-info-tf-05,gavroche-v17-half-gradient,opponents/vn-x06-info-tf-05/replays/dilemma-candidate-B.log,opponents/vn-x06-info-tf-05/replays/dilemma-candidate-B.replay,0,elimination,opponents/vn-x06-info-tf-05/stats/dilemma-candidate-B.json,opponents/vn-x06-info-tf-05/stats/dilemma-candidate-B.csv,opponents/vn-x06-info-tf-05/graphs/dilemma-candidate-B.svg,21,45,3,156,66,48,2,2,2,15,29,0,0,0,0,100.0,0.0,0.0,0,0,0,2,0,3,2,2,0,0,1,0,0,0,0,0.0,0.0,0.0
vn-x06-info-tf-05,queen_of_spades,A,A,gavroche-v17-half-gradient,284,8.121,,,gavroche-v17-half-gradient,vn-x06-info-tf-05,opponents/vn-x06-info-tf-05/replays/queen_of_spades-candidate-A.log,opponents/vn-x06-info-tf-05/replays/queen_of_spades-candidate-A.replay,0,elimination,opponents/vn-x06-info-tf-05/stats/queen_of_spades-candidate-A.json,opponents/vn-x06-info-tf-05/stats/queen_of_spades-candidate-A.csv,opponents/vn-x06-info-tf-05/graphs/queen_of_spades-candidate-A.svg,18,53,9,170,61,45,10,7,18,8,12,0,0,0,0,79.2,0.0,20.8,0,0,0,120,45,47,7,10,11,7,19,0,0,0,0,0.0,0.0,20.8
vn-x06-info-tf-05,queen_of_spades,B,A,vn-x06-info-tf-05,500,14.328,,,vn-x06-info-tf-05,gavroche-v17-half-gradient,opponents/vn-x06-info-tf-05/replays/queen_of_spades-candidate-B.log,opponents/vn-x06-info-tf-05/replays/queen_of_spades-candidate-B.replay,0,roundLimit,opponents/vn-x06-info-tf-05/stats/queen_of_spades-candidate-B.json,opponents/vn-x06-info-tf-05/stats/queen_of_spades-candidate-B.csv,opponents/vn-x06-info-tf-05/graphs/queen_of_spades-candidate-B.svg,1,4,4,37,10,11,10,10,0,1,0,0,0,0,0,18.97142857142857,5.828571428571428,20.8,2,29,20,535,185,185,10,10,81,42,52,0,0,0,0,54.4,5.828571428571428,20.8
vn-x06-info-tf-05,schooltime,A,A,gavroche-v17-half-gradient,500,57.326,,,gavroche-v17-half-gradient,vn-x06-info-tf-05,opponents/vn-x06-info-tf-05/replays/schooltime-candidate-A.log,opponents/vn-x06-info-tf-05/replays/schooltime-candidate-A.replay,0,roundLimit,opponents/vn-x06-info-tf-05/stats/schooltime-candidate-A.json,opponents/vn-x06-info-tf-05/stats/schooltime-candidate-A.csv,opponents/vn-x06-info-tf-05/graphs/schooltime-candidate-A.svg,9,168,54,1043,284,278,108,107,46,60,65,0,0,0,0,42.125,2.6666666666666665,14.083333333333334,9,135,28,1279,414,408,107,108,113,68,119,0,0,0,0,41.125,2.6666666666666665,14.083333333333334
vn-x06-info-tf-05,schooltime,B,B,gavroche-v17-half-gradient,500,43.16,,,vn-x06-info-tf-05,gavroche-v17-half-gradient,opponents/vn-x06-info-tf-05/replays/schooltime-candidate-B.log,opponents/vn-x06-info-tf-05/replays/schooltime-candidate-B.replay,0,roundLimit,opponents/vn-x06-info-tf-05/stats/schooltime-candidate-B.json,opponents/vn-x06-info-tf-05/stats/schooltime-candidate-B.csv,opponents/vn-x06-info-tf-05/graphs/schooltime-candidate-B.svg,25,337,49,1740,274,252,19,16,78,76,82,0,0,0,0,83.375,0.16666666666666666,14.083333333333334,1,8,8,86,31,33,16,19,6,3,5,0,0,0,0,2.375,0.16666666666666666,14.083333333333334
vn-x06-info-tf-05,stronghold,A,B,vn-x06-info-tf-05,500,43.858,,,gavroche-v17-half-gradient,vn-x06-info-tf-05,opponents/vn-x06-info-tf-05/replays/stronghold-candidate-A.log,opponents/vn-x06-info-tf-05/replays/stronghold-candidate-A.replay,0,roundLimit,opponents/vn-x06-info-tf-05/stats/stronghold-candidate-A.json,opponents/vn-x06-info-tf-05/stats/stronghold-candidate-A.csv,opponents/vn-x06-info-tf-05/graphs/stronghold-candidate-A.svg,1,48,48,491,175,176,8,10,49,66,51,0,0,0,0,25.17361111111111,0.08680555555555555,0.0,5,75,55,448,153,150,10,8,43,47,52,0,0,0,0,74.73958333333333,0.08680555555555555,0.0
vn-x06-info-tf-05,stronghold,B,B,gavroche-v17-half-gradient,500,38.199,,,vn-x06-info-tf-05,gavroche-v17-half-gradient,opponents/vn-x06-info-tf-05/replays/stronghold-candidate-B.log,opponents/vn-x06-info-tf-05/replays/stronghold-candidate-B.replay,0,roundLimit,opponents/vn-x06-info-tf-05/stats/stronghold-candidate-B.json,opponents/vn-x06-info-tf-05/stats/stronghold-candidate-B.csv,opponents/vn-x06-info-tf-05/graphs/stronghold-candidate-B.svg,1,57,57,383,123,124,9,10,38,39,37,0,0,0,0,25.0,0.08680555555555555,0.0,3,54,38,579,201,200,10,9,72,60,59,0,0,0,0,74.91319444444444,0.08680555555555555,0.0
vn-x06-info-tf-05,trauma,A,A,gavroche-v17-half-gradient,500,31.998,,,gavroche-v17-half-gradient,vn-x06-info-tf-05,opponents/vn-x06-info-tf-05/replays/trauma-candidate-A.log,opponents/vn-x06-info-tf-05/replays/trauma-candidate-A.replay,0,roundLimit,opponents/vn-x06-info-tf-05/stats/trauma-candidate-A.json,opponents/vn-x06-info-tf-05/stats/trauma-candidate-A.csv,opponents/vn-x06-info-tf-05/graphs/trauma-candidate-A.svg,5,43,18,503,187,184,8,8,45,34,97,0,0,0,0,53.90625,1.2152777777777777,0.6944444444444444,4,27,10,440,163,161,8,8,46,43,64,0,0,0,0,44.18402777777778,1.2152777777777777,0.6944444444444444
vn-x06-info-tf-05,trauma,B,A,vn-x06-info-tf-05,500,29.642,,,vn-x06-info-tf-05,gavroche-v17-half-gradient,opponents/vn-x06-info-tf-05/replays/trauma-candidate-B.log,opponents/vn-x06-info-tf-05/replays/trauma-candidate-B.replay,0,roundLimit,opponents/vn-x06-info-tf-05/stats/trauma-candidate-B.json,opponents/vn-x06-info-tf-05/stats/trauma-candidate-B.csv,opponents/vn-x06-info-tf-05/graphs/trauma-candidate-B.svg,5,46,15,534,199,196,7,6,37,60,93,0,0,0,0,66.31944444444444,0.2604166666666667,0.6944444444444444,3,37,23,351,127,126,6,7,36,28,55,0,0,0,0,32.72569444444444,0.2604166666666667,0.6944444444444444
vn-x06-info-tf-05,trophy,A,B,vn-x06-info-tf-05,500,21.419,,,gavroche-v17-half-gradient,vn-x06-info-tf-05,opponents/vn-x06-info-tf-05/replays/trophy-candidate-A.log,opponents/vn-x06-info-tf-05/replays/trophy-candidate-A.replay,0,roundLimit,opponents/vn-x06-info-tf-05/stats/trophy-candidate-A.json,opponents/vn-x06-info-tf-05/stats/trophy-candidate-A.csv,opponents/vn-x06-info-tf-05/graphs/trophy-candidate-A.svg,1,27,27,280,78,79,62,63,0,6,10,0,0,0,0,27.84,2.08,0.0,2,70,45,417,102,102,63,62,14,15,11,0,0,0,0,70.08,2.08,0.0
vn-x06-info-tf-05,trophy,B,A,vn-x06-info-tf-05,425,29.481,,,vn-x06-info-tf-05,gavroche-v17-half-gradient,opponents/vn-x06-info-tf-05/replays/trophy-candidate-B.log,opponents/vn-x06-info-tf-05/replays/trophy-candidate-B.replay,0,elimination,opponents/vn-x06-info-tf-05/stats/trophy-candidate-B.json,opponents/vn-x06-info-tf-05/stats/trophy-candidate-B.csv,opponents/vn-x06-info-tf-05/graphs/trophy-candidate-B.svg,0,0,0,60,19,21,18,18,0,2,1,0,0,0,0,0.0,0.0,0.0,38,140,12,539,198,162,18,18,72,42,30,0,0,0,0,100.0,0.0,0.0
vn-x06-info-grad1,Colosseum,A,B,vn-x06-info-grad1,64,2.639,,,gavroche-v17-half-gradient,vn-x06-info-grad1,opponents/vn-x06-info-grad1/replays/Colosseum-candidate-A.log,opponents/vn-x06-info-grad1/replays/Colosseum-candidate-A.replay,0,elimination,opponents/vn-x06-info-grad1/stats/Colosseum-candidate-A.json,opponents/vn-x06-info-grad1/stats/Colosseum-candidate-A.csv,opponents/vn-x06-info-grad1/graphs/Colosseum-candidate-A.svg,0,0,0,25,9,10,10,10,0,0,0,0,0,0,0,0.0,0.0,0.0,23,59,3,89,34,12,10,10,2,0,0,0,0,0,0,100.0,0.0,0.0
vn-x06-info-grad1,Colosseum,B,A,vn-x06-info-grad1,117,5.608,,,vn-x06-info-grad1,gavroche-v17-half-gradient,opponents/vn-x06-info-grad1/replays/Colosseum-candidate-B.log,opponents/vn-x06-info-grad1/replays/Colosseum-candidate-B.replay,0,elimination,opponents/vn-x06-info-grad1/stats/Colosseum-candidate-B.json,opponents/vn-x06-info-grad1/stats/Colosseum-candidate-B.csv,opponents/vn-x06-info-grad1/graphs/Colosseum-candidate-B.svg,0,0,0,34,11,12,14,12,0,0,0,0,0,0,0,0.0,0.0,0.0,35,82,3,211,88,54,12,14,35,2,3,0,0,0,0,100.0,0.0,0.0
vn-x06-info-grad1,arena,A,A,gavroche-v17-half-gradient,49,3.026,,,gavroche-v17-half-gradient,vn-x06-info-grad1,opponents/vn-x06-info-grad1/replays/arena-candidate-A.log,opponents/vn-x06-info-grad1/replays/arena-candidate-A.replay,0,elimination,opponents/vn-x06-info-grad1/stats/arena-candidate-A.json,opponents/vn-x06-info-grad1/stats/arena-candidate-A.csv,opponents/vn-x06-info-grad1/graphs/arena-candidate-A.svg,22,59,4,161,60,39,12,12,10,13,4,0,0,0,0,100.0,0.0,0.0,0,0,0,40,12,13,12,12,0,1,0,0,0,0,0,0.0,0.0,0.0
vn-x06-info-grad1,arena,B,A,vn-x06-info-grad1,71,4.119,,,vn-x06-info-grad1,gavroche-v17-half-gradient,opponents/vn-x06-info-grad1/replays/arena-candidate-B.log,opponents/vn-x06-info-grad1/replays/arena-candidate-B.replay,0,elimination,opponents/vn-x06-info-grad1/stats/arena-candidate-B.json,opponents/vn-x06-info-grad1/stats/arena-candidate-B.csv,opponents/vn-x06-info-grad1/graphs/arena-candidate-B.svg,0,0,0,54,16,17,15,14,0,1,2,0,0,0,0,0.0,0.0,0.0,25,66,4,193,72,48,14,15,17,13,3,0,0,0,0,100.0,0.0,0.0
vn-x06-info-grad1,autarky,A,A,gavroche-v17-half-gradient,240,15.093,,,gavroche-v17-half-gradient,vn-x06-info-grad1,opponents/vn-x06-info-grad1/replays/autarky-candidate-A.log,opponents/vn-x06-info-grad1/replays/autarky-candidate-A.replay,0,elimination,opponents/vn-x06-info-grad1/stats/autarky-candidate-A.json,opponents/vn-x06-info-grad1/stats/autarky-candidate-A.csv,opponents/vn-x06-info-grad1/graphs/autarky-candidate-A.svg,44,106,5,335,133,95,8,11,7,3,74,0,0,0,0,100.0,0.0,0.0,0,0,0,60,21,27,11,8,2,1,16,0,0,0,0,0.0,0.0,0.0
vn-x06-info-grad1,autarky,B,B,gavroche-v17-half-gradient,410,26.216,,,vn-x06-info-grad1,gavroche-v17-half-gradient,opponents/vn-x06-info-grad1/replays/autarky-candidate-B.log,opponents/vn-x06-info-grad1/replays/autarky-candidate-B.replay,0,elimination,opponents/vn-x06-info-grad1/stats/autarky-candidate-B.json,opponents/vn-x06-info-grad1/stats/autarky-candidate-B.csv,opponents/vn-x06-info-grad1/graphs/autarky-candidate-B.svg,47,144,12,551,208,167,14,13,23,7,124,0,0,0,0,100.0,0.0,0.0,0,0,0,124,46,52,13,14,3,4,31,0,0,0,0,0.0,0.0,0.0
vn-x06-info-grad1,big_empty,A,A,gavroche-v17-half-gradient,500,95.833,,,gavroche-v17-half-gradient,vn-x06-info-grad1,opponents/vn-x06-info-grad1/replays/big_empty-candidate-A.log,opponents/vn-x06-info-grad1/replays/big_empty-candidate-A.replay,0,roundLimit,opponents/vn-x06-info-grad1/stats/big_empty-candidate-A.json,opponents/vn-x06-info-grad1/stats/big_empty-candidate-A.csv,opponents/vn-x06-info-grad1/graphs/big_empty-candidate-A.svg,26,511,71,1434,198,175,146,148,2,25,0,0,0,0,0,54.9560546875,6.2744140625,0.0,19,377,41,1351,195,179,148,146,1,32,0,0,0,0,0,38.76953125,6.2744140625,0.0
vn-x06-info-grad1,big_empty,B,B,gavroche-v17-half-gradient,500,96.874,,,vn-x06-info-grad1,gavroche-v17-half-gradient,opponents/vn-x06-info-grad1/replays/big_empty-candidate-B.log,opponents/vn-x06-info-grad1/replays/big_empty-candidate-B.replay,0,roundLimit,opponents/vn-x06-info-grad1/stats/big_empty-candidate-B.json,opponents/vn-x06-info-grad1/stats/big_empty-candidate-B.csv,opponents/vn-x06-info-grad1/graphs/big_empty-candidate-B.svg,20,411,67,1466,219,202,171,169,6,27,0,0,0,0,0,57.2265625,4.3701171875,0.0,16,268,56,1331,216,203,169,171,1,31,0,0,0,0,0,38.4033203125,4.3701171875,0.0
vn-x06-info-grad1,default,A,B,vn-x06-info-grad1,500,24.33,,,gavroche-v17-half-gradient,vn-x06-info-grad1,opponents/vn-x06-info-grad1/replays/default-candidate-A.log,opponents/vn-x06-info-grad1/replays/default-candidate-A.replay,0,roundLimit,opponents/vn-x06-info-grad1/stats/default-candidate-A.json,opponents/vn-x06-info-grad1/stats/default-candidate-A.csv,opponents/vn-x06-info-grad1/graphs/default-candidate-A.svg,8,47,15,219,60,56,24,18,24,12,2,0,0,0,0,56.0546875,1.953125,0.0,5,46,16,240,71,70,18,24,29,10,7,0,0,0,0,41.9921875,1.953125,0.0
vn-x06-info-grad1,default,B,A,vn-x06-info-grad1,393,24.166,,,vn-x06-info-grad1,gavroche-v17-half-gradient,opponents/vn-x06-info-grad1/replays/default-candidate-B.log,opponents/vn-x06-info-grad1/replays/default-candidate-B.replay,0,elimination,opponents/vn-x06-info-grad1/stats/default-candidate-B.json,opponents/vn-x06-info-grad1/stats/default-candidate-B.csv,opponents/vn-x06-info-grad1/graphs/default-candidate-B.svg,0,0,0,66,25,29,17,22,5,1,1,0,0,0,0,0.0,0.0,0.0,39,144,23,394,143,108,22,17,62,10,19,0,0,0,0,100.0,0.0,0.0
vn-x06-info-grad1,default_small,A,B,vn-x06-info-grad1,162,4.935,,,gavroche-v17-half-gradient,vn-x06-info-grad1,opponents/vn-x06-info-grad1/replays/default_small-candidate-A.log,opponents/vn-x06-info-grad1/replays/default_small-candidate-A.replay,0,elimination,opponents/vn-x06-info-grad1/stats/default_small-candidate-A.json,opponents/vn-x06-info-grad1/stats/default_small-candidate-A.csv,opponents/vn-x06-info-grad1/graphs/default_small-candidate-A.svg,0,0,0,30,10,12,11,9,0,1,2,0,0,0,0,0.0,0.0,0.0,21,49,3,109,43,24,9,11,0,8,5,0,0,0,0,100.0,0.0,0.0
vn-x06-info-grad1,default_small,B,A,vn-x06-info-grad1,173,5.061,,,vn-x06-info-grad1,gavroche-v17-half-gradient,opponents/vn-x06-info-grad1/replays/default_small-candidate-B.log,opponents/vn-x06-info-grad1/replays/default_small-candidate-B.replay,0,elimination,opponents/vn-x06-info-grad1/stats/default_small-candidate-B.json,opponents/vn-x06-info-grad1/stats/default_small-candidate-B.csv,opponents/vn-x06-info-grad1/graphs/default_small-candidate-B.svg,0,0,0,10,2,4,4,3,1,0,0,0,0,0,0,0.0,0.0,0.0,23,53,3,125,51,30,3,4,6,10,10,0,0,0,0,100.0,0.0,0.0
vn-x06-info-grad1,devil,A,A,gavroche-v17-half-gradient,343,24.647,,,gavroche-v17-half-gradient,vn-x06-info-grad1,opponents/vn-x06-info-grad1/replays/devil-candidate-A.log,opponents/vn-x06-info-grad1/replays/devil-candidate-A.replay,0,elimination,opponents/vn-x06-info-grad1/stats/devil-candidate-A.json,opponents/vn-x06-info-grad1/stats/devil-candidate-A.csv,opponents/vn-x06-info-grad1/graphs/devil-candidate-A.svg,39,95,8,1112,448,412,38,38,103,173,98,0,0,0,0,100.0,0.0,0.0,0,0,0,189,75,78,38,38,6,26,8,0,0,0,0,0.0,0.0,0.0
vn-x06-info-grad1,devil,B,A,vn-x06-info-grad1,311,22.362,,,vn-x06-info-grad1,gavroche-v17-half-gradient,opponents/vn-x06-info-grad1/replays/devil-candidate-B.log,opponents/vn-x06-info-grad1/replays/devil-candidate-B.replay,0,elimination,opponents/vn-x06-info-grad1/stats/devil-candidate-B.json,opponents/vn-x06-info-grad1/stats/devil-candidate-B.csv,opponents/vn-x06-info-grad1/graphs/devil-candidate-B.svg,0,0,0,162,66,69,41,42,3,12,12,0,0,0,0,0.0,0.0,0.0,46,113,6,976,400,357,42,41,82,149,85,0,0,0,0,100.0,0.0,0.0
vn-x06-info-grad1,dilemma,A,A,gavroche-v17-half-gradient,289,7.403,,,gavroche-v17-half-gradient,vn-x06-info-grad1,opponents/vn-x06-info-grad1/replays/dilemma-candidate-A.log,opponents/vn-x06-info-grad1/replays/dilemma-candidate-A.replay,0,elimination,opponents/vn-x06-info-grad1/stats/dilemma-candidate-A.json,opponents/vn-x06-info-grad1/stats/dilemma-candidate-A.csv,opponents/vn-x06-info-grad1/graphs/dilemma-candidate-A.svg,17,41,5,187,76,62,3,3,4,27,28,0,0,0,0,100.0,0.0,0.0,0,0,0,4,1,4,3,3,0,1,0,0,0,0,0,0.0,0.0,0.0
vn-x06-info-grad1,dilemma,B,B,gavroche-v17-half-gradient,208,5.175,,,vn-x06-info-grad1,gavroche-v17-half-gradient,opponents/vn-x06-info-grad1/replays/dilemma-candidate-B.log,opponents/vn-x06-info-grad1/replays/dilemma-candidate-B.replay,0,elimination,opponents/vn-x06-info-grad1/stats/dilemma-candidate-B.json,opponents/vn-x06-info-grad1/stats/dilemma-candidate-B.csv,opponents/vn-x06-info-grad1/graphs/dilemma-candidate-B.svg,19,45,3,157,64,48,2,1,2,17,28,0,0,0,0,100.0,0.0,0.0,0,0,0,2,0,3,1,2,0,0,1,0,0,0,0,0.0,0.0,0.0
vn-x06-info-grad1,queen_of_spades,A,B,vn-x06-info-grad1,500,13.263,,,gavroche-v17-half-gradient,vn-x06-info-grad1,opponents/vn-x06-info-grad1/replays/queen_of_spades-candidate-A.log,opponents/vn-x06-info-grad1/replays/queen_of_spades-candidate-A.replay,0,roundLimit,opponents/vn-x06-info-grad1/stats/queen_of_spades-candidate-A.json,opponents/vn-x06-info-grad1/stats/queen_of_spades-candidate-A.csv,opponents/vn-x06-info-grad1/graphs/queen_of_spades-candidate-A.svg,1,11,11,206,68,69,20,23,24,8,14,0,0,0,0,23.65714285714286,1.0285714285714285,20.8,2,49,33,330,92,92,23,20,26,33,13,0,0,0,0,54.51428571428571,1.0285714285714285,20.8
vn-x06-info-grad1,queen_of_spades,B,A,vn-x06-info-grad1,500,12.93,,,vn-x06-info-grad1,gavroche-v17-half-gradient,opponents/vn-x06-info-grad1/replays/queen_of_spades-candidate-B.log,opponents/vn-x06-info-grad1/replays/queen_of_spades-candidate-B.replay,0,roundLimit,opponents/vn-x06-info-grad1/stats/queen_of_spades-candidate-B.json,opponents/vn-x06-info-grad1/stats/queen_of_spades-candidate-B.csv,opponents/vn-x06-info-grad1/graphs/queen_of_spades-candidate-B.svg,1,12,12,51,14,15,10,12,0,1,2,0,0,0,0,9.257142857142858,0.0,20.8,3,47,27,575,193,192,12,10,83,50,49,0,0,0,0,69.94285714285714,0.0,20.8
vn-x06-info-grad1,schooltime,A,A,gavroche-v17-half-gradient,500,45.351,,,gavroche-v17-half-gradient,vn-x06-info-grad1,opponents/vn-x06-info-grad1/replays/schooltime-candidate-A.log,opponents/vn-x06-info-grad1/replays/schooltime-candidate-A.replay,0,roundLimit,opponents/vn-x06-info-grad1/stats/schooltime-candidate-A.json,opponents/vn-x06-info-grad1/stats/schooltime-candidate-A.csv,opponents/vn-x06-info-grad1/graphs/schooltime-candidate-A.svg,16,249,45,1789,283,270,62,53,61,82,74,0,0,0,0,65.75,1.4583333333333333,14.083333333333334,2,49,28,446,141,142,53,62,20,16,44,0,0,0,0,18.708333333333332,1.4583333333333333,14.083333333333334
vn-x06-info-grad1,schooltime,B,B,gavroche-v17-half-gradient,500,42.876,,,vn-x06-info-grad1,gavroche-v17-half-gradient,opponents/vn-x06-info-grad1/replays/schooltime-candidate-B.log,opponents/vn-x06-info-grad1/replays/schooltime-candidate-B.replay,0,roundLimit,opponents/vn-x06-info-grad1/stats/schooltime-candidate-B.json,opponents/vn-x06-info-grad1/stats/schooltime-candidate-B.csv,opponents/vn-x06-info-grad1/graphs/schooltime-candidate-B.svg,15,217,29,1672,253,241,27,21,55,88,77,0,0,0,0,80.91666666666667,0.3333333333333333,14.083333333333334,2,35,24,188,40,41,21,27,10,2,2,0,0,0,0,4.666666666666667,0.3333333333333333,14.083333333333334
vn-x06-info-grad1,stronghold,A,A,gavroche-v17-half-gradient,500,40.232,,,gavroche-v17-half-gradient,vn-x06-info-grad1,opponents/vn-x06-info-grad1/replays/stronghold-candidate-A.log,opponents/vn-x06-info-grad1/replays/stronghold-candidate-A.replay,0,roundLimit,opponents/vn-x06-info-grad1/stats/stronghold-candidate-A.json,opponents/vn-x06-info-grad1/stats/stronghold-candidate-A.csv,opponents/vn-x06-info-grad1/graphs/stronghold-candidate-A.svg,3,58,51,388,133,132,2,4,48,44,36,0,0,0,0,29.07986111111111,0.0,0.0,4,57,37,539,185,183,4,2,54,64,63,0,0,0,0,70.92013888888889,0.0,0.0
vn-x06-info-grad1,stronghold,B,A,vn-x06-info-grad1,500,41.675,,,vn-x06-info-grad1,gavroche-v17-half-gradient,opponents/vn-x06-info-grad1/replays/stronghold-candidate-B.log,opponents/vn-x06-info-grad1/replays/stronghold-candidate-B.replay,0,roundLimit,opponents/vn-x06-info-grad1/stats/stronghold-candidate-B.json,opponents/vn-x06-info-grad1/stats/stronghold-candidate-B.csv,opponents/vn-x06-info-grad1/graphs/stronghold-candidate-B.svg,2,52,40,392,113,113,9,9,28,52,24,0,0,0,0,51.736111111111114,0.3472222222222222,0.0,2,60,48,640,234,234,9,9,77,86,62,0,0,0,0,47.916666666666664,0.3472222222222222,0.0
vn-x06-info-grad1,trauma,A,B,vn-x06-info-grad1,500,25.056,,,gavroche-v17-half-gradient,vn-x06-info-grad1,opponents/vn-x06-info-grad1/replays/trauma-candidate-A.log,opponents/vn-x06-info-grad1/replays/trauma-candidate-A.replay,0,roundLimit,opponents/vn-x06-info-grad1/stats/trauma-candidate-A.json,opponents/vn-x06-info-grad1/stats/trauma-candidate-A.csv,opponents/vn-x06-info-grad1/graphs/trauma-candidate-A.svg,5,34,12,605,227,224,11,11,61,60,92,0,0,0,0,64.49652777777777,0.6076388888888888,0.6944444444444444,2,22,18,171,56,56,11,11,6,19,20,0,0,0,0,34.201388888888886,0.6076388888888888,0.6944444444444444
vn-x06-info-grad1,trauma,B,A,vn-x06-info-grad1,500,32.059,,,vn-x06-info-grad1,gavroche-v17-half-gradient,opponents/vn-x06-info-grad1/replays/trauma-candidate-B.log,opponents/vn-x06-info-grad1/replays/trauma-candidate-B.replay,0,roundLimit,opponents/vn-x06-info-grad1/stats/trauma-candidate-B.json,opponents/vn-x06-info-grad1/stats/trauma-candidate-B.csv,opponents/vn-x06-info-grad1/graphs/trauma-candidate-B.svg,2,29,16,355,124,124,14,15,23,35,51,0,0,0,0,32.8125,0.78125,0.6944444444444444,5,52,16,755,290,287,15,14,61,81,131,0,0,0,0,65.71180555555556,0.78125,0.6944444444444444
vn-x06-info-grad1,trophy,A,A,gavroche-v17-half-gradient,445,20.276,,,gavroche-v17-half-gradient,vn-x06-info-grad1,opponents/vn-x06-info-grad1/replays/trophy-candidate-A.log,opponents/vn-x06-info-grad1/replays/trophy-candidate-A.replay,0,elimination,opponents/vn-x06-info-grad1/stats/trophy-candidate-A.json,opponents/vn-x06-info-grad1/stats/trophy-candidate-A.csv,opponents/vn-x06-info-grad1/graphs/trophy-candidate-A.svg,24,111,23,458,142,120,36,35,43,25,17,0,0,0,0,100.0,0.0,0.0,0,0,0,145,47,49,35,36,2,4,7,0,0,0,0,0.0,0.0,0.0
vn-x06-info-grad1,trophy,B,B,gavroche-v17-half-gradient,500,24.535,,,vn-x06-info-grad1,gavroche-v17-half-gradient,opponents/vn-x06-info-grad1/replays/trophy-candidate-B.log,opponents/vn-x06-info-grad1/replays/trophy-candidate-B.replay,0,roundLimit,opponents/vn-x06-info-grad1/stats/trophy-candidate-B.json,opponents/vn-x06-info-grad1/stats/trophy-candidate-B.csv,opponents/vn-x06-info-grad1/graphs/trophy-candidate-B.svg,4,89,40,681,203,201,26,25,68,61,47,0,0,0,0,87.52,1.6,0.0,1,24,24,106,29,30,25,26,0,1,3,0,0,0,0,10.88,1.6,0.0
von_neumann-x04-support,Colosseum,A,A,gavroche-v17-half-gradient,76,2.064,,,gavroche-v17-half-gradient,von_neumann-x04-support,opponents/von_neumann-x04-support/replays/Colosseum-candidate-A.log,opponents/von_neumann-x04-support/replays/Colosseum-candidate-A.replay,0,elimination,opponents/von_neumann-x04-support/stats/Colosseum-candidate-A.json,opponents/von_neumann-x04-support/stats/Colosseum-candidate-A.csv,opponents/von_neumann-x04-support/graphs/Colosseum-candidate-A.svg,28,70,3,106,40,13,13,12,1,0,0,0,0,0,0,100.0,0.0,0.0,0,0,0,42,12,13,12,13,0,0,0,0,0,0,0,0.0,0.0,0.0
von_neumann-x04-support,Colosseum,B,B,gavroche-v17-half-gradient,172,8.418,,,von_neumann-x04-support,gavroche-v17-half-gradient,opponents/von_neumann-x04-support/replays/Colosseum-candidate-B.log,opponents/von_neumann-x04-support/replays/Colosseum-candidate-B.replay,0,elimination,opponents/von_neumann-x04-support/stats/Colosseum-candidate-B.json,opponents/von_neumann-x04-support/stats/Colosseum-candidate-B.csv,opponents/von_neumann-x04-support/graphs/Colosseum-candidate-B.svg,32,82,4,288,104,73,49,48,20,1,4,0,0,0,0,100.0,0.0,0.0,0,0,0,141,51,52,48,49,1,1,1,0,0,0,0,0.0,0.0,0.0
von_neumann-x04-support,arena,A,B,von_neumann-x04-support,50,2.72,,,gavroche-v17-half-gradient,von_neumann-x04-support,opponents/von_neumann-x04-support/replays/arena-candidate-A.log,opponents/von_neumann-x04-support/replays/arena-candidate-A.replay,0,elimination,opponents/von_neumann-x04-support/stats/arena-candidate-A.json,opponents/von_neumann-x04-support/stats/arena-candidate-A.csv,opponents/von_neumann-x04-support/graphs/arena-candidate-A.svg,0,0,0,58,19,20,18,18,2,0,0,0,0,0,0,0.0,0.0,0.0,23,57,3,152,54,32,18,18,7,6,1,0,0,0,0,100.0,0.0,0.0
von_neumann-x04-support,arena,B,A,von_neumann-x04-support,52,2.864,,,von_neumann-x04-support,gavroche-v17-half-gradient,opponents/von_neumann-x04-support/replays/arena-candidate-B.log,opponents/von_neumann-x04-support/replays/arena-candidate-B.replay,0,elimination,opponents/von_neumann-x04-support/stats/arena-candidate-B.json,opponents/von_neumann-x04-support/stats/arena-candidate-B.csv,opponents/von_neumann-x04-support/graphs/arena-candidate-B.svg,0,0,0,74,26,27,26,26,0,0,1,0,0,0,0,0.0,0.0,0.0,18,49,4,143,47,30,26,26,1,3,0,0,0,0,0,100.0,0.0,0.0
von_neumann-x04-support,autarky,A,A,gavroche-v17-half-gradient,293,19.428,,,gavroche-v17-half-gradient,von_neumann-x04-support,opponents/von_neumann-x04-support/replays/autarky-candidate-A.log,opponents/von_neumann-x04-support/replays/autarky-candidate-A.replay,0,elimination,opponents/von_neumann-x04-support/stats/autarky-candidate-A.json,opponents/von_neumann-x04-support/stats/autarky-candidate-A.csv,opponents/von_neumann-x04-support/graphs/autarky-candidate-A.svg,54,123,5,399,165,117,15,14,9,9,85,0,0,0,0,100.0,0.0,0.0,0,0,0,110,39,45,14,15,1,0,29,0,0,0,0,0.0,0.0,0.0
von_neumann-x04-support,autarky,B,B,gavroche-v17-half-gradient,500,26.883,,,von_neumann-x04-support,gavroche-v17-half-gradient,opponents/von_neumann-x04-support/replays/autarky-candidate-B.log,opponents/von_neumann-x04-support/replays/autarky-candidate-B.replay,0,roundLimit,opponents/von_neumann-x04-support/stats/autarky-candidate-B.json,opponents/von_neumann-x04-support/stats/autarky-candidate-B.csv,opponents/von_neumann-x04-support/graphs/autarky-candidate-B.svg,10,89,38,572,168,164,32,33,7,31,93,0,0,0,0,77.36625514403292,2.674897119341564,0.0,2,5,3,278,106,110,33,32,12,7,59,0,0,0,0,19.958847736625515,2.674897119341564,0.0
von_neumann-x04-support,big_empty,A,A,gavroche-v17-half-gradient,500,93.963,,,gavroche-v17-half-gradient,von_neumann-x04-support,opponents/von_neumann-x04-support/replays/big_empty-candidate-A.log,opponents/von_neumann-x04-support/replays/big_empty-candidate-A.replay,0,roundLimit,opponents/von_neumann-x04-support/stats/big_empty-candidate-A.json,opponents/von_neumann-x04-support/stats/big_empty-candidate-A.csv,opponents/von_neumann-x04-support/graphs/big_empty-candidate-A.svg,19,412,74,1521,230,214,184,182,3,29,0,0,0,0,0,41.4306640625,5.126953125,0.0,23,382,35,1389,235,215,182,184,4,27,0,0,0,0,0,53.4423828125,5.126953125,0.0
von_neumann-x04-support,big_empty,B,B,gavroche-v17-half-gradient,500,96.038,,,von_neumann-x04-support,gavroche-v17-half-gradient,opponents/von_neumann-x04-support/replays/big_empty-candidate-B.log,opponents/von_neumann-x04-support/replays/big_empty-candidate-B.replay,0,roundLimit,opponents/von_neumann-x04-support/stats/big_empty-candidate-B.json,opponents/von_neumann-x04-support/stats/big_empty-candidate-B.csv,opponents/von_neumann-x04-support/graphs/big_empty-candidate-B.svg,26,427,48,1490,214,191,156,156,9,26,0,0,0,0,0,53.0517578125,3.466796875,0.0,18,335,31,1318,200,185,156,156,7,22,0,0,0,0,0,43.4814453125,3.466796875,0.0
von_neumann-x04-support,default,A,A,gavroche-v17-half-gradient,500,24.959,,,gavroche-v17-half-gradient,von_neumann-x04-support,opponents/von_neumann-x04-support/replays/default-candidate-A.log,opponents/von_neumann-x04-support/replays/default-candidate-A.replay,0,roundLimit,opponents/von_neumann-x04-support/stats/default-candidate-A.json,opponents/von_neumann-x04-support/stats/default-candidate-A.csv,opponents/von_neumann-x04-support/graphs/default-candidate-A.svg,5,56,35,231,57,56,32,24,7,19,6,0,0,0,0,52.05078125,7.32421875,0.0,7,61,18,287,98,95,24,32,42,14,7,0,0,0,0,40.625,7.32421875,0.0
von_neumann-x04-support,default,B,B,gavroche-v17-half-gradient,500,26.496,,,von_neumann-x04-support,gavroche-v17-half-gradient,opponents/von_neumann-x04-support/replays/default-candidate-B.log,opponents/von_neumann-x04-support/replays/default-candidate-B.replay,0,roundLimit,opponents/von_neumann-x04-support/stats/default-candidate-B.json,opponents/von_neumann-x04-support/stats/default-candidate-B.csv,opponents/von_neumann-x04-support/graphs/default-candidate-B.svg,12,108,22,389,108,100,35,30,28,32,10,0,0,0,0,93.45703125,2.83203125,0.0,2,16,13,153,55,57,30,35,15,3,4,0,0,0,0,3.7109375,2.83203125,0.0
von_neumann-x04-support,default_small,A,B,von_neumann-x04-support,61,1.418,,,gavroche-v17-half-gradient,von_neumann-x04-support,opponents/von_neumann-x04-support/replays/default_small-candidate-A.log,opponents/von_neumann-x04-support/replays/default_small-candidate-A.replay,0,elimination,opponents/von_neumann-x04-support/stats/default_small-candidate-A.json,opponents/von_neumann-x04-support/stats/default_small-candidate-A.csv,opponents/von_neumann-x04-support/graphs/default_small-candidate-A.svg,0,0,0,10,4,6,5,5,0,0,1,0,0,0,0,0.0,0.0,0.0,10,26,3,36,14,6,5,5,0,0,1,0,0,0,0,100.0,0.0,0.0
von_neumann-x04-support,default_small,B,A,von_neumann-x04-support,364,12.194,,,von_neumann-x04-support,gavroche-v17-half-gradient,opponents/von_neumann-x04-support/replays/default_small-candidate-B.log,opponents/von_neumann-x04-support/replays/default_small-candidate-B.replay,0,elimination,opponents/von_neumann-x04-support/stats/default_small-candidate-B.json,opponents/von_neumann-x04-support/stats/default_small-candidate-B.csv,opponents/von_neumann-x04-support/graphs/default_small-candidate-B.svg,0,0,0,199,66,68,45,44,6,7,11,0,0,0,0,0.0,0.0,0.0,23,55,4,239,89,68,44,45,4,6,13,0,0,0,0,100.0,0.0,0.0
von_neumann-x04-support,devil,A,A,gavroche-v17-half-gradient,423,30.465,,,gavroche-v17-half-gradient,von_neumann-x04-support,opponents/von_neumann-x04-support/replays/devil-candidate-A.log,opponents/von_neumann-x04-support/replays/devil-candidate-A.replay,0,elimination,opponents/von_neumann-x04-support/stats/devil-candidate-A.json,opponents/von_neumann-x04-support/stats/devil-candidate-A.csv,opponents/von_neumann-x04-support/graphs/devil-candidate-A.svg,29,119,7,1272,479,453,60,59,100,194,100,0,0,0,0,100.0,0.0,0.0,0,0,0,311,117,120,59,60,11,30,19,0,0,0,0,0.0,0.0,0.0
von_neumann-x04-support,devil,B,A,von_neumann-x04-support,370,25.079,,,von_neumann-x04-support,gavroche-v17-half-gradient,opponents/von_neumann-x04-support/replays/devil-candidate-B.log,opponents/von_neumann-x04-support/replays/devil-candidate-B.replay,0,elimination,opponents/von_neumann-x04-support/stats/devil-candidate-B.json,opponents/von_neumann-x04-support/stats/devil-candidate-B.csv,opponents/von_neumann-x04-support/graphs/devil-candidate-B.svg,0,0,0,296,114,117,64,65,8,26,18,0,0,0,0,0.0,0.0,0.0,38,103,7,1086,431,396,65,64,79,175,78,0,0,0,0,100.0,0.0,0.0
von_neumann-x04-support,dilemma,A,A,gavroche-v17-half-gradient,362,9.499,,,gavroche-v17-half-gradient,von_neumann-x04-support,opponents/von_neumann-x04-support/replays/dilemma-candidate-A.log,opponents/von_neumann-x04-support/replays/dilemma-candidate-A.replay,0,elimination,opponents/von_neumann-x04-support/stats/dilemma-candidate-A.json,opponents/von_neumann-x04-support/stats/dilemma-candidate-A.csv,opponents/von_neumann-x04-support/graphs/dilemma-candidate-A.svg,20,50,5,234,94,77,2,3,6,26,42,0,0,0,0,100.0,0.0,0.0,0,0,0,14,4,7,3,2,0,5,0,0,0,0,0,0.0,0.0,0.0
von_neumann-x04-support,dilemma,B,B,gavroche-v17-half-gradient,226,5.539,,,von_neumann-x04-support,gavroche-v17-half-gradient,opponents/von_neumann-x04-support/replays/dilemma-candidate-B.log,opponents/von_neumann-x04-support/replays/dilemma-candidate-B.replay,0,elimination,opponents/von_neumann-x04-support/stats/dilemma-candidate-B.json,opponents/von_neumann-x04-support/stats/dilemma-candidate-B.csv,opponents/von_neumann-x04-support/graphs/dilemma-candidate-B.svg,18,44,5,145,59,44,2,2,3,9,30,0,0,0,0,100.0,0.0,0.0,0,0,0,3,0,3,2,2,0,0,1,0,0,0,0,0.0,0.0,0.0
von_neumann-x04-support,queen_of_spades,A,B,von_neumann-x04-support,189,6.325,,,gavroche-v17-half-gradient,von_neumann-x04-support,opponents/von_neumann-x04-support/replays/queen_of_spades-candidate-A.log,opponents/von_neumann-x04-support/replays/queen_of_spades-candidate-A.replay,0,elimination,opponents/von_neumann-x04-support/stats/queen_of_spades-candidate-A.json,opponents/von_neumann-x04-support/stats/queen_of_spades-candidate-A.csv,opponents/von_neumann-x04-support/graphs/queen_of_spades-candidate-A.svg,0,0,0,7,3,5,6,5,0,0,0,0,0,0,0,0.0,0.0,20.8,24,62,4,240,99,77,5,6,28,18,25,0,0,0,0,79.2,0.0,20.8
von_neumann-x04-support,queen_of_spades,B,B,gavroche-v17-half-gradient,500,10.195,,,von_neumann-x04-support,gavroche-v17-half-gradient,opponents/von_neumann-x04-support/replays/queen_of_spades-candidate-B.log,opponents/von_neumann-x04-support/replays/queen_of_spades-candidate-B.replay,0,roundLimit,opponents/von_neumann-x04-support/stats/queen_of_spades-candidate-B.json,opponents/von_neumann-x04-support/stats/queen_of_spades-candidate-B.csv,opponents/von_neumann-x04-support/graphs/queen_of_spades-candidate-B.svg,1,22,22,264,80,81,28,30,20,12,19,0,0,0,0,25.714285714285715,3.085714285714286,20.8,2,23,12,282,95,95,30,28,28,19,20,0,0,0,0,50.4,3.085714285714286,20.8
von_neumann-x04-support,schooltime,A,A,gavroche-v17-half-gradient,405,40.445,,,gavroche-v17-half-gradient,von_neumann-x04-support,opponents/von_neumann-x04-support/replays/schooltime-candidate-A.log,opponents/von_neumann-x04-support/replays/schooltime-candidate-A.replay,0,elimination,opponents/von_neumann-x04-support/stats/schooltime-candidate-A.json,opponents/von_neumann-x04-support/stats/schooltime-candidate-A.csv,opponents/von_neumann-x04-support/graphs/schooltime-candidate-A.svg,58,334,24,1352,294,239,53,48,41,58,92,0,0,0,0,85.91666666666667,0.0,14.083333333333334,0,0,0,261,83,86,48,53,14,6,13,0,0,0,0,0.0,0.0,14.083333333333334
von_neumann-x04-support,schooltime,B,B,gavroche-v17-half-gradient,500,47.728,,,von_neumann-x04-support,gavroche-v17-half-gradient,opponents/von_neumann-x04-support/replays/schooltime-candidate-B.log,opponents/von_neumann-x04-support/replays/schooltime-candidate-B.replay,0,roundLimit,opponents/von_neumann-x04-support/stats/schooltime-candidate-B.json,opponents/von_neumann-x04-support/stats/schooltime-candidate-B.csv,opponents/von_neumann-x04-support/graphs/schooltime-candidate-B.svg,13,251,60,1692,328,318,94,88,72,78,80,0,0,0,0,71.5,2.0833333333333335,14.083333333333334,2,16,9,594,193,194,88,94,40,24,36,0,0,0,0,12.333333333333334,2.0833333333333335,14.083333333333334
von_neumann-x04-support,stronghold,A,A,gavroche-v17-half-gradient,500,42.889,,,gavroche-v17-half-gradient,von_neumann-x04-support,opponents/von_neumann-x04-support/replays/stronghold-candidate-A.log,opponents/von_neumann-x04-support/replays/stronghold-candidate-A.replay,0,roundLimit,opponents/von_neumann-x04-support/stats/stronghold-candidate-A.json,opponents/von_neumann-x04-support/stats/stronghold-candidate-A.csv,opponents/von_neumann-x04-support/graphs/stronghold-candidate-A.svg,4,59,43,537,188,186,18,15,57,69,45,0,0,0,0,61.197916666666664,0.08680555555555555,0.0,2,48,42,502,182,182,15,18,50,51,63,0,0,0,0,38.71527777777778,0.08680555555555555,0.0
von_neumann-x04-support,stronghold,B,A,von_neumann-x04-support,500,36.678,,,von_neumann-x04-support,gavroche-v17-half-gradient,opponents/von_neumann-x04-support/replays/stronghold-candidate-B.log,opponents/von_neumann-x04-support/replays/stronghold-candidate-B.replay,0,roundLimit,opponents/von_neumann-x04-support/stats/stronghold-candidate-B.json,opponents/von_neumann-x04-support/stats/stronghold-candidate-B.csv,opponents/von_neumann-x04-support/graphs/stronghold-candidate-B.svg,2,60,46,360,107,107,4,4,27,50,26,0,0,0,0,60.85069444444444,1.1284722222222223,0.0,2,61,59,436,142,142,4,4,55,53,30,0,0,0,0,38.020833333333336,1.1284722222222223,0.0
von_neumann-x04-support,trauma,A,A,gavroche-v17-half-gradient,500,20.344,,,gavroche-v17-half-gradient,von_neumann-x04-support,opponents/von_neumann-x04-support/replays/trauma-candidate-A.log,opponents/von_neumann-x04-support/replays/trauma-candidate-A.replay,0,roundLimit,opponents/von_neumann-x04-support/stats/trauma-candidate-A.json,opponents/von_neumann-x04-support/stats/trauma-candidate-A.csv,opponents/von_neumann-x04-support/graphs/trauma-candidate-A.svg,3,26,15,300,105,104,14,14,15,22,53,0,0,0,0,40.017361111111114,0.8680555555555556,0.6944444444444444,7,45,11,366,130,125,14,14,21,41,49,0,0,0,0,58.420138888888886,0.8680555555555556,0.6944444444444444
von_neumann-x04-support,trauma,B,B,gavroche-v17-half-gradient,500,36.63,,,von_neumann-x04-support,gavroche-v17-half-gradient,opponents/von_neumann-x04-support/replays/trauma-candidate-B.log,opponents/von_neumann-x04-support/replays/trauma-candidate-B.replay,0,roundLimit,opponents/von_neumann-x04-support/stats/trauma-candidate-B.json,opponents/von_neumann-x04-support/stats/trauma-candidate-B.csv,opponents/von_neumann-x04-support/graphs/trauma-candidate-B.svg,4,36,18,375,138,136,26,26,21,33,56,0,0,0,0,44.791666666666664,0.0,0.6944444444444444,4,36,16,756,287,285,26,26,58,70,131,0,0,0,0,54.513888888888886,0.0,0.6944444444444444
von_neumann-x04-support,trophy,A,A,gavroche-v17-half-gradient,288,15.363,,,gavroche-v17-half-gradient,von_neumann-x04-support,opponents/von_neumann-x04-support/replays/trophy-candidate-A.log,opponents/von_neumann-x04-support/replays/trophy-candidate-A.replay,0,elimination,opponents/von_neumann-x04-support/stats/trophy-candidate-A.json,opponents/von_neumann-x04-support/stats/trophy-candidate-A.csv,opponents/von_neumann-x04-support/graphs/trophy-candidate-A.svg,35,89,5,272,106,73,32,31,20,12,10,0,0,0,0,100.0,0.0,0.0,0,0,0,103,38,40,31,32,0,2,6,0,0,0,0,0.0,0.0,0.0
von_neumann-x04-support,trophy,B,B,gavroche-v17-half-gradient,264,10.11,,,von_neumann-x04-support,gavroche-v17-half-gradient,opponents/von_neumann-x04-support/replays/trophy-candidate-B.log,opponents/von_neumann-x04-support/replays/trophy-candidate-B.replay,0,elimination,opponents/von_neumann-x04-support/stats/trophy-candidate-B.json,opponents/von_neumann-x04-support/stats/trophy-candidate-B.csv,opponents/von_neumann-x04-support/graphs/trophy-candidate-B.svg,40,99,3,285,113,75,22,20,22,12,21,0,0,0,0,100.0,0.0,0.0,0,0,0,70,24,26,20,22,0,2,2,0,0,0,0,0.0,0.0,0.0
monte_christo-x12-remote-density,Colosseum,A,B,monte_christo-x12-remote-density,227,12.621,,,gavroche-v17-half-gradient,monte_christo-x12-remote-density,opponents/monte_christo-x12-remote-density/replays/Colosseum-candidate-A.log,opponents/monte_christo-x12-remote-density/replays/Colosseum-candidate-A.replay,0,elimination,opponents/monte_christo-x12-remote-density/stats/Colosseum-candidate-A.json,opponents/monte_christo-x12-remote-density/stats/Colosseum-candidate-A.csv,opponents/monte_christo-x12-remote-density/graphs/Colosseum-candidate-A.svg,0,0,0,73,21,22,21,19,2,1,0,0,0,0,0,0.0,0.0,0.0,34,81,3,375,152,119,19,21,77,14,7,0,0,0,0,100.0,0.0,0.0
monte_christo-x12-remote-density,Colosseum,B,B,gavroche-v17-half-gradient,137,6.945,,,monte_christo-x12-remote-density,gavroche-v17-half-gradient,opponents/monte_christo-x12-remote-density/replays/Colosseum-candidate-B.log,opponents/monte_christo-x12-remote-density/replays/Colosseum-candidate-B.replay,0,elimination,opponents/monte_christo-x12-remote-density/stats/Colosseum-candidate-B.json,opponents/monte_christo-x12-remote-density/stats/Colosseum-candidate-B.csv,opponents/monte_christo-x12-remote-density/graphs/Colosseum-candidate-B.svg,35,91,4,215,79,45,19,15,19,6,5,0,0,0,0,100.0,0.0,0.0,0,0,0,59,20,21,15,19,2,0,0,0,0,0,0,0.0,0.0,0.0
monte_christo-x12-remote-density,arena,A,A,gavroche-v17-half-gradient,131,7.088,,,gavroche-v17-half-gradient,monte_christo-x12-remote-density,opponents/monte_christo-x12-remote-density/replays/arena-candidate-A.log,opponents/monte_christo-x12-remote-density/replays/arena-candidate-A.replay,0,elimination,opponents/monte_christo-x12-remote-density/stats/arena-candidate-A.json,opponents/monte_christo-x12-remote-density/stats/arena-candidate-A.csv,opponents/monte_christo-x12-remote-density/graphs/arena-candidate-A.svg,23,60,4,358,127,105,66,67,21,17,0,0,0,0,0,100.0,0.0,0.0,0,0,0,253,80,81,67,66,9,5,1,0,0,0,0,0.0,0.0,0.0
monte_christo-x12-remote-density,arena,B,B,gavroche-v17-half-gradient,97,5.261,,,monte_christo-x12-remote-density,gavroche-v17-half-gradient,opponents/monte_christo-x12-remote-density/replays/arena-candidate-B.log,opponents/monte_christo-x12-remote-density/replays/arena-candidate-B.replay,0,elimination,opponents/monte_christo-x12-remote-density/stats/arena-candidate-B.json,opponents/monte_christo-x12-remote-density/stats/arena-candidate-B.csv,opponents/monte_christo-x12-remote-density/graphs/arena-candidate-B.svg,25,68,4,292,108,84,26,26,27,22,9,0,0,0,0,100.0,0.0,0.0,0,0,0,82,25,26,26,26,0,0,0,0,0,0,0,0.0,0.0,0.0
monte_christo-x12-remote-density,autarky,A,A,gavroche-v17-half-gradient,274,17.111,,,gavroche-v17-half-gradient,monte_christo-x12-remote-density,opponents/monte_christo-x12-remote-density/replays/autarky-candidate-A.log,opponents/monte_christo-x12-remote-density/replays/autarky-candidate-A.replay,0,elimination,opponents/monte_christo-x12-remote-density/stats/autarky-candidate-A.json,opponents/monte_christo-x12-remote-density/stats/autarky-candidate-A.csv,opponents/monte_christo-x12-remote-density/graphs/autarky-candidate-A.svg,49,121,5,389,151,108,12,10,7,6,85,0,0,0,0,100.0,0.0,0.0,0,0,0,83,32,38,10,12,5,3,18,0,0,0,0,0.0,0.0,0.0
monte_christo-x12-remote-density,autarky,B,B,gavroche-v17-half-gradient,420,27.718,,,monte_christo-x12-remote-density,gavroche-v17-half-gradient,opponents/monte_christo-x12-remote-density/replays/autarky-candidate-B.log,opponents/monte_christo-x12-remote-density/replays/autarky-candidate-B.replay,0,elimination,opponents/monte_christo-x12-remote-density/stats/autarky-candidate-B.json,opponents/monte_christo-x12-remote-density/stats/autarky-candidate-B.csv,opponents/monte_christo-x12-remote-density/graphs/autarky-candidate-B.svg,43,147,10,650,234,197,8,10,26,14,147,0,0,0,0,100.0,0.0,0.0,0,0,0,84,33,39,10,8,14,1,16,0,0,0,0,0.0,0.0,0.0
monte_christo-x12-remote-density,big_empty,A,A,gavroche-v17-half-gradient,500,94.849,,,gavroche-v17-half-gradient,monte_christo-x12-remote-density,opponents/monte_christo-x12-remote-density/replays/big_empty-candidate-A.log,opponents/monte_christo-x12-remote-density/replays/big_empty-candidate-A.replay,0,roundLimit,opponents/monte_christo-x12-remote-density/stats/big_empty-candidate-A.json,opponents/monte_christo-x12-remote-density/stats/big_empty-candidate-A.csv,opponents/monte_christo-x12-remote-density/graphs/big_empty-candidate-A.svg,15,324,64,1351,175,163,125,126,3,34,0,0,0,0,0,37.5244140625,5.126953125,0.0,20,412,51,1320,173,156,126,125,3,28,0,0,0,0,0,57.3486328125,5.126953125,0.0
monte_christo-x12-remote-density,big_empty,B,B,gavroche-v17-half-gradient,500,96.841,,,monte_christo-x12-remote-density,gavroche-v17-half-gradient,opponents/monte_christo-x12-remote-density/replays/big_empty-candidate-B.log,opponents/monte_christo-x12-remote-density/replays/big_empty-candidate-B.replay,0,roundLimit,opponents/monte_christo-x12-remote-density/stats/big_empty-candidate-B.json,opponents/monte_christo-x12-remote-density/stats/big_empty-candidate-B.csv,opponents/monte_christo-x12-remote-density/graphs/big_empty-candidate-B.svg,20,278,48,1131,166,149,122,122,2,25,0,0,0,0,0,36.3037109375,6.6650390625,0.0,29,429,28,1273,163,137,122,122,4,11,0,0,0,0,0,57.03125,6.6650390625,0.0
monte_christo-x12-remote-density,default,A,A,gavroche-v17-half-gradient,438,24.842,,,gavroche-v17-half-gradient,monte_christo-x12-remote-density,opponents/monte_christo-x12-remote-density/replays/default-candidate-A.log,opponents/monte_christo-x12-remote-density/replays/default-candidate-A.replay,0,elimination,opponents/monte_christo-x12-remote-density/stats/default-candidate-A.json,opponents/monte_christo-x12-remote-density/stats/default-candidate-A.csv,opponents/monte_christo-x12-remote-density/graphs/default-candidate-A.svg,28,97,14,263,92,68,23,20,25,16,7,0,0,0,0,100.0,0.0,0.0,0,0,0,215,78,82,20,23,40,9,10,0,0,0,0,0.0,0.0,0.0
monte_christo-x12-remote-density,default,B,B,gavroche-v17-half-gradient,500,27.303,,,monte_christo-x12-remote-density,gavroche-v17-half-gradient,opponents/monte_christo-x12-remote-density/replays/default-candidate-B.log,opponents/monte_christo-x12-remote-density/replays/default-candidate-B.replay,0,roundLimit,opponents/monte_christo-x12-remote-density/stats/default-candidate-B.json,opponents/monte_christo-x12-remote-density/stats/default-candidate-B.csv,opponents/monte_christo-x12-remote-density/graphs/default-candidate-B.svg,15,125,47,340,81,70,22,21,17,25,7,0,0,0,0,94.43359375,1.46484375,0.0,1,19,19,235,80,83,21,22,38,14,9,0,0,0,0,4.1015625,1.46484375,0.0
monte_christo-x12-remote-density,default_small,A,A,gavroche-v17-half-gradient,150,3.923,,,gavroche-v17-half-gradient,monte_christo-x12-remote-density,opponents/monte_christo-x12-remote-density/replays/default_small-candidate-A.log,opponents/monte_christo-x12-remote-density/replays/default_small-candidate-A.replay,0,elimination,opponents/monte_christo-x12-remote-density/stats/default_small-candidate-A.json,opponents/monte_christo-x12-remote-density/stats/default_small-candidate-A.csv,opponents/monte_christo-x12-remote-density/graphs/default_small-candidate-A.svg,20,47,4,93,38,20,9,9,5,3,3,0,0,0,0,100.0,0.0,0.0,0,0,0,27,8,10,9,9,0,0,1,0,0,0,0,0.0,0.0,0.0
monte_christo-x12-remote-density,default_small,B,A,monte_christo-x12-remote-density,191,6.057,,,monte_christo-x12-remote-density,gavroche-v17-half-gradient,opponents/monte_christo-x12-remote-density/replays/default_small-candidate-B.log,opponents/monte_christo-x12-remote-density/replays/default_small-candidate-B.replay,0,elimination,opponents/monte_christo-x12-remote-density/stats/default_small-candidate-B.json,opponents/monte_christo-x12-remote-density/stats/default_small-candidate-B.csv,opponents/monte_christo-x12-remote-density/graphs/default_small-candidate-B.svg,0,0,0,44,15,17,16,15,1,1,0,0,0,0,0,0.0,0.0,0.0,21,52,4,155,62,43,15,16,3,11,13,0,0,0,0,100.0,0.0,0.0
monte_christo-x12-remote-density,devil,A,B,monte_christo-x12-remote-density,500,30.659,,,gavroche-v17-half-gradient,monte_christo-x12-remote-density,opponents/monte_christo-x12-remote-density/replays/devil-candidate-A.log,opponents/monte_christo-x12-remote-density/replays/devil-candidate-A.replay,0,roundLimit,opponents/monte_christo-x12-remote-density/stats/devil-candidate-A.json,opponents/monte_christo-x12-remote-density/stats/devil-candidate-A.csv,opponents/monte_christo-x12-remote-density/graphs/devil-candidate-A.svg,1,17,17,262,84,86,56,57,6,12,11,0,0,0,0,38.4765625,1.953125,0.0,3,58,28,1450,514,514,57,56,129,214,115,0,0,0,0,59.5703125,1.953125,0.0
monte_christo-x12-remote-density,devil,B,A,monte_christo-x12-remote-density,203,13.877,,,monte_christo-x12-remote-density,gavroche-v17-half-gradient,opponents/monte_christo-x12-remote-density/replays/devil-candidate-B.log,opponents/monte_christo-x12-remote-density/replays/devil-candidate-B.replay,0,elimination,opponents/monte_christo-x12-remote-density/stats/devil-candidate-B.json,opponents/monte_christo-x12-remote-density/stats/devil-candidate-B.csv,opponents/monte_christo-x12-remote-density/graphs/devil-candidate-B.svg,0,0,0,105,41,44,26,27,3,10,4,0,0,0,0,0.0,0.0,0.0,38,100,4,574,221,186,27,26,34,72,54,0,0,0,0,100.0,0.0,0.0
monte_christo-x12-remote-density,dilemma,A,A,gavroche-v17-half-gradient,255,5.682,,,gavroche-v17-half-gradient,monte_christo-x12-remote-density,opponents/monte_christo-x12-remote-density/replays/dilemma-candidate-A.log,opponents/monte_christo-x12-remote-density/replays/dilemma-candidate-A.replay,0,elimination,opponents/monte_christo-x12-remote-density/stats/dilemma-candidate-A.json,opponents/monte_christo-x12-remote-density/stats/dilemma-candidate-A.csv,opponents/monte_christo-x12-remote-density/graphs/dilemma-candidate-A.svg,22,48,4,166,68,49,2,2,1,22,24,0,0,0,0,100.0,0.0,0.0,0,0,0,2,0,3,2,2,0,1,0,0,0,0,0,0.0,0.0,0.0
monte_christo-x12-remote-density,dilemma,B,B,gavroche-v17-half-gradient,214,5.011,,,monte_christo-x12-remote-density,gavroche-v17-half-gradient,opponents/monte_christo-x12-remote-density/replays/dilemma-candidate-B.log,opponents/monte_christo-x12-remote-density/replays/dilemma-candidate-B.replay,0,elimination,opponents/monte_christo-x12-remote-density/stats/dilemma-candidate-B.json,opponents/monte_christo-x12-remote-density/stats/dilemma-candidate-B.csv,opponents/monte_christo-x12-remote-density/graphs/dilemma-candidate-B.svg,22,53,4,179,72,53,2,2,2,17,32,0,0,0,0,100.0,0.0,0.0,0,0,0,4,0,3,2,2,0,0,1,0,0,0,0,0.0,0.0,0.0
monte_christo-x12-remote-density,queen_of_spades,A,B,monte_christo-x12-remote-density,500,11.662,,,gavroche-v17-half-gradient,monte_christo-x12-remote-density,opponents/monte_christo-x12-remote-density/replays/queen_of_spades-candidate-A.log,opponents/monte_christo-x12-remote-density/replays/queen_of_spades-candidate-A.replay,0,roundLimit,opponents/monte_christo-x12-remote-density/stats/queen_of_spades-candidate-A.json,opponents/monte_christo-x12-remote-density/stats/queen_of_spades-candidate-A.csv,opponents/monte_christo-x12-remote-density/graphs/queen_of_spades-candidate-A.svg,1,11,11,108,36,37,22,21,6,0,10,0,0,0,0,13.6,0.5714285714285714,20.8,3,46,23,408,126,125,21,22,49,28,26,0,0,0,0,65.02857142857142,0.5714285714285714,20.8
monte_christo-x12-remote-density,queen_of_spades,B,A,monte_christo-x12-remote-density,274,8.198,,,monte_christo-x12-remote-density,gavroche-v17-half-gradient,opponents/monte_christo-x12-remote-density/replays/queen_of_spades-candidate-B.log,opponents/monte_christo-x12-remote-density/replays/queen_of_spades-candidate-B.replay,0,elimination,opponents/monte_christo-x12-remote-density/stats/queen_of_spades-candidate-B.json,opponents/monte_christo-x12-remote-density/stats/queen_of_spades-candidate-B.csv,opponents/monte_christo-x12-remote-density/graphs/queen_of_spades-candidate-B.svg,0,0,0,27,9,11,12,9,0,0,2,0,0,0,0,0.0,0.0,20.8,16,39,4,321,126,112,9,12,34,29,37,0,0,0,0,79.2,0.0,20.8
monte_christo-x12-remote-density,schooltime,A,A,gavroche-v17-half-gradient,500,48.058,,,gavroche-v17-half-gradient,monte_christo-x12-remote-density,opponents/monte_christo-x12-remote-density/replays/schooltime-candidate-A.log,opponents/monte_christo-x12-remote-density/replays/schooltime-candidate-A.replay,0,roundLimit,opponents/monte_christo-x12-remote-density/stats/schooltime-candidate-A.json,opponents/monte_christo-x12-remote-density/stats/schooltime-candidate-A.csv,opponents/monte_christo-x12-remote-density/graphs/schooltime-candidate-A.svg,24,377,63,1602,284,263,49,42,64,69,88,0,0,0,0,81.16666666666667,0.5833333333333334,14.083333333333334,2,31,16,405,134,135,42,49,31,20,35,0,0,0,0,4.166666666666667,0.5833333333333334,14.083333333333334
monte_christo-x12-remote-density,schooltime,B,B,gavroche-v17-half-gradient,500,51.54,,,monte_christo-x12-remote-density,gavroche-v17-half-gradient,opponents/monte_christo-x12-remote-density/replays/schooltime-candidate-B.log,opponents/monte_christo-x12-remote-density/replays/schooltime-candidate-B.replay,0,roundLimit,opponents/monte_christo-x12-remote-density/stats/schooltime-candidate-B.json,opponents/monte_christo-x12-remote-density/stats/schooltime-candidate-B.csv,opponents/monte_christo-x12-remote-density/graphs/schooltime-candidate-B.svg,13,266,71,1501,296,286,81,64,60,74,88,0,0,0,0,67.375,1.8333333333333333,14.083333333333334,4,64,26,715,217,216,64,81,44,36,55,0,0,0,0,16.708333333333332,1.8333333333333333,14.083333333333334
monte_christo-x12-remote-density,stronghold,A,A,gavroche-v17-half-gradient,500,40.723,,,gavroche-v17-half-gradient,monte_christo-x12-remote-density,opponents/monte_christo-x12-remote-density/replays/stronghold-candidate-A.log,opponents/monte_christo-x12-remote-density/replays/stronghold-candidate-A.replay,0,roundLimit,opponents/monte_christo-x12-remote-density/stats/stronghold-candidate-A.json,opponents/monte_christo-x12-remote-density/stats/stronghold-candidate-A.csv,opponents/monte_christo-x12-remote-density/graphs/stronghold-candidate-A.svg,1,53,53,484,160,161,8,12,55,53,41,0,0,0,0,25.694444444444443,0.0,0.0,2,53,47,561,193,193,12,8,46,69,70,0,0,0,0,74.30555555555556,0.0,0.0
monte_christo-x12-remote-density,stronghold,B,A,monte_christo-x12-remote-density,500,46.549,,,monte_christo-x12-remote-density,gavroche-v17-half-gradient,opponents/monte_christo-x12-remote-density/replays/stronghold-candidate-B.log,opponents/monte_christo-x12-remote-density/replays/stronghold-candidate-B.replay,0,roundLimit,opponents/monte_christo-x12-remote-density/stats/stronghold-candidate-B.json,opponents/monte_christo-x12-remote-density/stats/stronghold-candidate-B.csv,opponents/monte_christo-x12-remote-density/graphs/stronghold-candidate-B.svg,2,48,40,515,183,183,11,10,59,58,56,0,0,0,0,30.29513888888889,0.0,0.0,4,58,49,610,217,215,10,11,72,69,63,0,0,0,0,69.70486111111111,0.0,0.0
monte_christo-x12-remote-density,trauma,A,A,gavroche-v17-half-gradient,500,25.116,,,gavroche-v17-half-gradient,monte_christo-x12-remote-density,opponents/monte_christo-x12-remote-density/replays/trauma-candidate-A.log,opponents/monte_christo-x12-remote-density/replays/trauma-candidate-A.replay,0,roundLimit,opponents/monte_christo-x12-remote-density/stats/trauma-candidate-A.json,opponents/monte_christo-x12-remote-density/stats/trauma-candidate-A.csv,opponents/monte_christo-x12-remote-density/graphs/trauma-candidate-A.svg,7,60,16,660,249,244,13,13,60,61,110,0,0,0,0,58.072916666666664,6.857638888888889,0.6944444444444444,2,13,9,201,75,75,13,13,14,16,32,0,0,0,0,34.375,6.857638888888889,0.6944444444444444
monte_christo-x12-remote-density,trauma,B,B,gavroche-v17-half-gradient,500,38.496,,,monte_christo-x12-remote-density,gavroche-v17-half-gradient,opponents/monte_christo-x12-remote-density/replays/trauma-candidate-B.log,opponents/monte_christo-x12-remote-density/replays/trauma-candidate-B.replay,0,roundLimit,opponents/monte_christo-x12-remote-density/stats/trauma-candidate-B.json,opponents/monte_christo-x12-remote-density/stats/trauma-candidate-B.csv,opponents/monte_christo-x12-remote-density/graphs/trauma-candidate-B.svg,6,38,12,527,201,197,12,12,49,48,88,0,0,0,0,62.15277777777778,0.08680555555555555,0.6944444444444444,6,37,12,678,255,251,12,12,50,62,127,0,0,0,0,37.06597222222222,0.08680555555555555,0.6944444444444444
monte_christo-x12-remote-density,trophy,A,A,gavroche-v17-half-gradient,226,11.899,,,gavroche-v17-half-gradient,monte_christo-x12-remote-density,opponents/monte_christo-x12-remote-density/replays/trophy-candidate-A.log,opponents/monte_christo-x12-remote-density/replays/trophy-candidate-A.replay,0,elimination,opponents/monte_christo-x12-remote-density/stats/trophy-candidate-A.json,opponents/monte_christo-x12-remote-density/stats/trophy-candidate-A.csv,opponents/monte_christo-x12-remote-density/graphs/trophy-candidate-A.svg,48,108,3,251,105,59,21,19,28,6,6,0,0,0,0,100.0,0.0,0.0,0,0,0,65,24,26,19,21,1,3,1,0,0,0,0,0.0,0.0,0.0
monte_christo-x12-remote-density,trophy,B,A,monte_christo-x12-remote-density,376,17.098,,,monte_christo-x12-remote-density,gavroche-v17-half-gradient,opponents/monte_christo-x12-remote-density/replays/trophy-candidate-B.log,opponents/monte_christo-x12-remote-density/replays/trophy-candidate-B.replay,0,elimination,opponents/monte_christo-x12-remote-density/stats/trophy-candidate-B.json,opponents/monte_christo-x12-remote-density/stats/trophy-candidate-B.csv,opponents/monte_christo-x12-remote-density/graphs/trophy-candidate-B.svg,0,0,0,89,29,31,26,26,1,0,4,0,0,0,0,0.0,0.0,0.0,49,117,3,509,202,155,26,26,72,26,31,0,0,0,0,100.0,0.0,0.0
