game,map,cluster,ranked,series_id,opponent,round,metric,us,opponent_value,opponent_minus_us,checkpoint_played,era,population,stability
826392,Slithery Fight,Slithery Fight singleton,True,f671f7bc-307b-4b80-9f6e-25d02c477065,841,25,bed_eats,74.0,21.0,-53.0,True,post,ranked,"insufficient: one series, one opponent; not a percentile"
826392,Slithery Fight,Slithery Fight singleton,True,f671f7bc-307b-4b80-9f6e-25d02c477065,841,25,bed_capture,0.4484848484848485,0.12727272727272726,-0.3212121212121212,True,post,ranked,"insufficient: one series, one opponent; not a percentile"
826392,Slithery Fight,Slithery Fight singleton,True,f671f7bc-307b-4b80-9f6e-25d02c477065,841,25,splits,58.0,10.0,-48.0,True,post,ranked,"insufficient: one series, one opponent; not a percentile"
826392,Slithery Fight,Slithery Fight singleton,True,f671f7bc-307b-4b80-9f6e-25d02c477065,841,25,transits,0,0,0,True,post,ranked,"insufficient: one series, one opponent; not a percentile"
826392,Slithery Fight,Slithery Fight singleton,True,f671f7bc-307b-4b80-9f6e-25d02c477065,841,25,territory,0.5247204237786933,0.4752795762213067,-0.04944084755738665,True,post,ranked,"insufficient: one series, one opponent; not a percentile"
826392,Slithery Fight,Slithery Fight singleton,True,f671f7bc-307b-4b80-9f6e-25d02c477065,841,25,units,32,9,-23,True,post,ranked,"insufficient: one series, one opponent; not a percentile"
826392,Slithery Fight,Slithery Fight singleton,True,f671f7bc-307b-4b80-9f6e-25d02c477065,841,25,total,74,51,-23,True,post,ranked,"insufficient: one series, one opponent; not a percentile"
826392,Slithery Fight,Slithery Fight singleton,True,f671f7bc-307b-4b80-9f6e-25d02c477065,841,50,bed_eats,152.0,55.0,-97.0,True,post,ranked,"insufficient: one series, one opponent; not a percentile"
826392,Slithery Fight,Slithery Fight singleton,True,f671f7bc-307b-4b80-9f6e-25d02c477065,841,50,bed_capture,0.5823754789272031,0.210727969348659,-0.3716475095785441,True,post,ranked,"insufficient: one series, one opponent; not a percentile"
826392,Slithery Fight,Slithery Fight singleton,True,f671f7bc-307b-4b80-9f6e-25d02c477065,841,50,splits,108.0,25.0,-83.0,True,post,ranked,"insufficient: one series, one opponent; not a percentile"
826392,Slithery Fight,Slithery Fight singleton,True,f671f7bc-307b-4b80-9f6e-25d02c477065,841,50,transits,2,0,-2,True,post,ranked,"insufficient: one series, one opponent; not a percentile"
826392,Slithery Fight,Slithery Fight singleton,True,f671f7bc-307b-4b80-9f6e-25d02c477065,841,50,territory,0.4958799293702178,0.5041200706297823,0.00824014125956446,True,post,ranked,"insufficient: one series, one opponent; not a percentile"
826392,Slithery Fight,Slithery Fight singleton,True,f671f7bc-307b-4b80-9f6e-25d02c477065,841,50,units,47,19,-28,True,post,ranked,"insufficient: one series, one opponent; not a percentile"
826392,Slithery Fight,Slithery Fight singleton,True,f671f7bc-307b-4b80-9f6e-25d02c477065,841,50,total,113,74,-39,True,post,ranked,"insufficient: one series, one opponent; not a percentile"
826392,Slithery Fight,Slithery Fight singleton,True,f671f7bc-307b-4b80-9f6e-25d02c477065,841,100,bed_eats,341.0,94.0,-247.0,True,post,ranked,"insufficient: one series, one opponent; not a percentile"
826392,Slithery Fight,Slithery Fight singleton,True,f671f7bc-307b-4b80-9f6e-25d02c477065,841,100,bed_capture,0.7118997912317327,0.19624217118997914,-0.5156576200417536,True,post,ranked,"insufficient: one series, one opponent; not a percentile"
826392,Slithery Fight,Slithery Fight singleton,True,f671f7bc-307b-4b80-9f6e-25d02c477065,841,100,splits,222.0,49.0,-173.0,True,post,ranked,"insufficient: one series, one opponent; not a percentile"
826392,Slithery Fight,Slithery Fight singleton,True,f671f7bc-307b-4b80-9f6e-25d02c477065,841,100,transits,4,0,-4,True,post,ranked,"insufficient: one series, one opponent; not a percentile"
826392,Slithery Fight,Slithery Fight singleton,True,f671f7bc-307b-4b80-9f6e-25d02c477065,841,100,territory,0.5959387875220719,0.4040612124779282,-0.19187757504414366,True,post,ranked,"insufficient: one series, one opponent; not a percentile"
826392,Slithery Fight,Slithery Fight singleton,True,f671f7bc-307b-4b80-9f6e-25d02c477065,841,100,units,63,15,-48,True,post,ranked,"insufficient: one series, one opponent; not a percentile"
826392,Slithery Fight,Slithery Fight singleton,True,f671f7bc-307b-4b80-9f6e-25d02c477065,841,100,total,154,65,-89,True,post,ranked,"insufficient: one series, one opponent; not a percentile"
826392,Slithery Fight,Slithery Fight singleton,True,f671f7bc-307b-4b80-9f6e-25d02c477065,841,150,bed_eats,491.0,121.0,-370.0,True,post,ranked,"insufficient: one series, one opponent; not a percentile"
826392,Slithery Fight,Slithery Fight singleton,True,f671f7bc-307b-4b80-9f6e-25d02c477065,841,150,bed_capture,0.7428139183055976,0.18305597579425115,-0.5597579425113465,True,post,ranked,"insufficient: one series, one opponent; not a percentile"
826392,Slithery Fight,Slithery Fight singleton,True,f671f7bc-307b-4b80-9f6e-25d02c477065,841,150,splits,289.0,54.0,-235.0,True,post,ranked,"insufficient: one series, one opponent; not a percentile"
826392,Slithery Fight,Slithery Fight singleton,True,f671f7bc-307b-4b80-9f6e-25d02c477065,841,150,transits,11,0,-11,True,post,ranked,"insufficient: one series, one opponent; not a percentile"
826392,Slithery Fight,Slithery Fight singleton,True,f671f7bc-307b-4b80-9f6e-25d02c477065,841,150,territory,0.6262507357268982,0.37374926427310184,-0.2525014714537963,True,post,ranked,"insufficient: one series, one opponent; not a percentile"
826392,Slithery Fight,Slithery Fight singleton,True,f671f7bc-307b-4b80-9f6e-25d02c477065,841,150,units,63,15,-48,True,post,ranked,"insufficient: one series, one opponent; not a percentile"
826392,Slithery Fight,Slithery Fight singleton,True,f671f7bc-307b-4b80-9f6e-25d02c477065,841,150,total,155,84,-71,True,post,ranked,"insufficient: one series, one opponent; not a percentile"
826392,Slithery Fight,Slithery Fight singleton,True,f671f7bc-307b-4b80-9f6e-25d02c477065,841,250,bed_eats,711.0,224.0,-487.0,True,post,ranked,"insufficient: one series, one opponent; not a percentile"
826392,Slithery Fight,Slithery Fight singleton,True,f671f7bc-307b-4b80-9f6e-25d02c477065,841,250,bed_capture,0.7247706422018348,0.22833843017329256,-0.49643221202854226,True,post,ranked,"insufficient: one series, one opponent; not a percentile"
826392,Slithery Fight,Slithery Fight singleton,True,f671f7bc-307b-4b80-9f6e-25d02c477065,841,250,splits,374.0,116.0,-258.0,True,post,ranked,"insufficient: one series, one opponent; not a percentile"
826392,Slithery Fight,Slithery Fight singleton,True,f671f7bc-307b-4b80-9f6e-25d02c477065,841,250,transits,15,0,-15,True,post,ranked,"insufficient: one series, one opponent; not a percentile"
826392,Slithery Fight,Slithery Fight singleton,True,f671f7bc-307b-4b80-9f6e-25d02c477065,841,250,territory,0.6783402001177163,0.3216597998822837,-0.3566804002354326,True,post,ranked,"insufficient: one series, one opponent; not a percentile"
826392,Slithery Fight,Slithery Fight singleton,True,f671f7bc-307b-4b80-9f6e-25d02c477065,841,250,units,63,27,-36,True,post,ranked,"insufficient: one series, one opponent; not a percentile"
826392,Slithery Fight,Slithery Fight singleton,True,f671f7bc-307b-4b80-9f6e-25d02c477065,841,250,total,181,111,-70,True,post,ranked,"insufficient: one series, one opponent; not a percentile"
826393,Devil,corridor/kelp,True,f671f7bc-307b-4b80-9f6e-25d02c477065,841,25,bed_eats,8.0,6.0,-2.0,True,post,ranked,"insufficient: one series, one opponent; not a percentile"
826393,Devil,corridor/kelp,True,f671f7bc-307b-4b80-9f6e-25d02c477065,841,25,bed_capture,0.22857142857142856,0.17142857142857143,-0.057142857142857134,True,post,ranked,"insufficient: one series, one opponent; not a percentile"
826393,Devil,corridor/kelp,True,f671f7bc-307b-4b80-9f6e-25d02c477065,841,25,splits,6.0,1.0,-5.0,True,post,ranked,"insufficient: one series, one opponent; not a percentile"
826393,Devil,corridor/kelp,True,f671f7bc-307b-4b80-9f6e-25d02c477065,841,25,transits,0,0,0,True,post,ranked,"insufficient: one series, one opponent; not a percentile"
826393,Devil,corridor/kelp,True,f671f7bc-307b-4b80-9f6e-25d02c477065,841,25,territory,0.5908203125,0.4091796875,-0.181640625,True,post,ranked,"insufficient: one series, one opponent; not a percentile"
826393,Devil,corridor/kelp,True,f671f7bc-307b-4b80-9f6e-25d02c477065,841,25,units,6,3,-3,True,post,ranked,"insufficient: one series, one opponent; not a percentile"
826393,Devil,corridor/kelp,True,f671f7bc-307b-4b80-9f6e-25d02c477065,841,25,total,18,8,-10,True,post,ranked,"insufficient: one series, one opponent; not a percentile"
826393,Devil,corridor/kelp,True,f671f7bc-307b-4b80-9f6e-25d02c477065,841,50,bed_eats,40.0,10.0,-30.0,True,post,ranked,"insufficient: one series, one opponent; not a percentile"
826393,Devil,corridor/kelp,True,f671f7bc-307b-4b80-9f6e-25d02c477065,841,50,bed_capture,0.625,0.15625,-0.46875,True,post,ranked,"insufficient: one series, one opponent; not a percentile"
826393,Devil,corridor/kelp,True,f671f7bc-307b-4b80-9f6e-25d02c477065,841,50,splits,23.0,2.0,-21.0,True,post,ranked,"insufficient: one series, one opponent; not a percentile"
826393,Devil,corridor/kelp,True,f671f7bc-307b-4b80-9f6e-25d02c477065,841,50,transits,0,0,0,True,post,ranked,"insufficient: one series, one opponent; not a percentile"
826393,Devil,corridor/kelp,True,f671f7bc-307b-4b80-9f6e-25d02c477065,841,50,territory,0.802734375,0.197265625,-0.60546875,True,post,ranked,"insufficient: one series, one opponent; not a percentile"
826393,Devil,corridor/kelp,True,f671f7bc-307b-4b80-9f6e-25d02c477065,841,50,units,21,3,-18,True,post,ranked,"insufficient: one series, one opponent; not a percentile"
826393,Devil,corridor/kelp,True,f671f7bc-307b-4b80-9f6e-25d02c477065,841,50,total,48,8,-40,True,post,ranked,"insufficient: one series, one opponent; not a percentile"
826393,Devil,corridor/kelp,True,f671f7bc-307b-4b80-9f6e-25d02c477065,841,100,bed_eats,103.0,19.0,-84.0,True,post,ranked,"insufficient: one series, one opponent; not a percentile"
826393,Devil,corridor/kelp,True,f671f7bc-307b-4b80-9f6e-25d02c477065,841,100,bed_capture,0.7803030303030303,0.14393939393939395,-0.6363636363636364,True,post,ranked,"insufficient: one series, one opponent; not a percentile"
826393,Devil,corridor/kelp,True,f671f7bc-307b-4b80-9f6e-25d02c477065,841,100,splits,59.0,7.0,-52.0,True,post,ranked,"insufficient: one series, one opponent; not a percentile"
826393,Devil,corridor/kelp,True,f671f7bc-307b-4b80-9f6e-25d02c477065,841,100,transits,0,0,0,True,post,ranked,"insufficient: one series, one opponent; not a percentile"
826393,Devil,corridor/kelp,True,f671f7bc-307b-4b80-9f6e-25d02c477065,841,100,territory,0.912109375,0.087890625,-0.82421875,True,post,ranked,"insufficient: one series, one opponent; not a percentile"
826393,Devil,corridor/kelp,True,f671f7bc-307b-4b80-9f6e-25d02c477065,841,100,units,35,5,-30,True,post,ranked,"insufficient: one series, one opponent; not a percentile"
826393,Devil,corridor/kelp,True,f671f7bc-307b-4b80-9f6e-25d02c477065,841,100,total,86,13,-73,True,post,ranked,"insufficient: one series, one opponent; not a percentile"
826393,Devil,corridor/kelp,True,f671f7bc-307b-4b80-9f6e-25d02c477065,841,150,bed_eats,181.0,21.0,-160.0,True,post,ranked,"insufficient: one series, one opponent; not a percentile"
826393,Devil,corridor/kelp,True,f671f7bc-307b-4b80-9f6e-25d02c477065,841,150,bed_capture,0.861904761904762,0.1,-0.761904761904762,True,post,ranked,"insufficient: one series, one opponent; not a percentile"
826393,Devil,corridor/kelp,True,f671f7bc-307b-4b80-9f6e-25d02c477065,841,150,splits,104.0,8.0,-96.0,True,post,ranked,"insufficient: one series, one opponent; not a percentile"
826393,Devil,corridor/kelp,True,f671f7bc-307b-4b80-9f6e-25d02c477065,841,150,transits,0,0,0,True,post,ranked,"insufficient: one series, one opponent; not a percentile"
826393,Devil,corridor/kelp,True,f671f7bc-307b-4b80-9f6e-25d02c477065,841,150,territory,0.984375,0.015625,-0.96875,True,post,ranked,"insufficient: one series, one opponent; not a percentile"
826393,Devil,corridor/kelp,True,f671f7bc-307b-4b80-9f6e-25d02c477065,841,150,units,57,1,-56,True,post,ranked,"insufficient: one series, one opponent; not a percentile"
826393,Devil,corridor/kelp,True,f671f7bc-307b-4b80-9f6e-25d02c477065,841,150,total,138,2,-136,True,post,ranked,"insufficient: one series, one opponent; not a percentile"
826393,Devil,corridor/kelp,True,f671f7bc-307b-4b80-9f6e-25d02c477065,841,250,bed_eats,245.0,21.0,-224.0,False,post,ranked,"insufficient: one series, one opponent; not a percentile"
826393,Devil,corridor/kelp,True,f671f7bc-307b-4b80-9f6e-25d02c477065,841,250,bed_capture,0.8781362007168458,0.07526881720430108,-0.8028673835125447,False,post,ranked,"insufficient: one series, one opponent; not a percentile"
826393,Devil,corridor/kelp,True,f671f7bc-307b-4b80-9f6e-25d02c477065,841,250,splits,154.0,8.0,-146.0,False,post,ranked,"insufficient: one series, one opponent; not a percentile"
826393,Devil,corridor/kelp,True,f671f7bc-307b-4b80-9f6e-25d02c477065,841,250,transits,0,0,0,False,post,ranked,"insufficient: one series, one opponent; not a percentile"
826393,Devil,corridor/kelp,True,f671f7bc-307b-4b80-9f6e-25d02c477065,841,250,territory,1.0,0.0,-1.0,False,post,ranked,"insufficient: one series, one opponent; not a percentile"
826393,Devil,corridor/kelp,True,f671f7bc-307b-4b80-9f6e-25d02c477065,841,250,units,62,0,-62,False,post,ranked,"insufficient: one series, one opponent; not a percentile"
826393,Devil,corridor/kelp,True,f671f7bc-307b-4b80-9f6e-25d02c477065,841,250,total,149,0,-149,False,post,ranked,"insufficient: one series, one opponent; not a percentile"
826394,Prisoners Dilemma,Prisoners Dilemma singleton,True,f671f7bc-307b-4b80-9f6e-25d02c477065,841,25,bed_eats,15.0,7.0,-8.0,True,post,ranked,"insufficient: one series, one opponent; not a percentile"
826394,Prisoners Dilemma,Prisoners Dilemma singleton,True,f671f7bc-307b-4b80-9f6e-25d02c477065,841,25,bed_capture,0.6,0.28,-0.31999999999999995,True,post,ranked,"insufficient: one series, one opponent; not a percentile"
826394,Prisoners Dilemma,Prisoners Dilemma singleton,True,f671f7bc-307b-4b80-9f6e-25d02c477065,841,25,splits,14.0,5.0,-9.0,True,post,ranked,"insufficient: one series, one opponent; not a percentile"
826394,Prisoners Dilemma,Prisoners Dilemma singleton,True,f671f7bc-307b-4b80-9f6e-25d02c477065,841,25,transits,0,0,0,True,post,ranked,"insufficient: one series, one opponent; not a percentile"
826394,Prisoners Dilemma,Prisoners Dilemma singleton,True,f671f7bc-307b-4b80-9f6e-25d02c477065,841,25,territory,0.73046875,0.26953125,-0.4609375,True,post,ranked,"insufficient: one series, one opponent; not a percentile"
826394,Prisoners Dilemma,Prisoners Dilemma singleton,True,f671f7bc-307b-4b80-9f6e-25d02c477065,841,25,units,11,4,-7,True,post,ranked,"insufficient: one series, one opponent; not a percentile"
826394,Prisoners Dilemma,Prisoners Dilemma singleton,True,f671f7bc-307b-4b80-9f6e-25d02c477065,841,25,total,27,12,-15,True,post,ranked,"insufficient: one series, one opponent; not a percentile"
826394,Prisoners Dilemma,Prisoners Dilemma singleton,True,f671f7bc-307b-4b80-9f6e-25d02c477065,841,50,bed_eats,22.0,7.0,-15.0,True,post,ranked,"insufficient: one series, one opponent; not a percentile"
826394,Prisoners Dilemma,Prisoners Dilemma singleton,True,f671f7bc-307b-4b80-9f6e-25d02c477065,841,50,bed_capture,0.6666666666666666,0.21212121212121213,-0.4545454545454545,True,post,ranked,"insufficient: one series, one opponent; not a percentile"
826394,Prisoners Dilemma,Prisoners Dilemma singleton,True,f671f7bc-307b-4b80-9f6e-25d02c477065,841,50,splits,18.0,5.0,-13.0,True,post,ranked,"insufficient: one series, one opponent; not a percentile"
826394,Prisoners Dilemma,Prisoners Dilemma singleton,True,f671f7bc-307b-4b80-9f6e-25d02c477065,841,50,transits,2,2,0,True,post,ranked,"insufficient: one series, one opponent; not a percentile"
826394,Prisoners Dilemma,Prisoners Dilemma singleton,True,f671f7bc-307b-4b80-9f6e-25d02c477065,841,50,territory,0.7919921875,0.2080078125,-0.583984375,True,post,ranked,"insufficient: one series, one opponent; not a percentile"
826394,Prisoners Dilemma,Prisoners Dilemma singleton,True,f671f7bc-307b-4b80-9f6e-25d02c477065,841,50,units,14,4,-10,True,post,ranked,"insufficient: one series, one opponent; not a percentile"
826394,Prisoners Dilemma,Prisoners Dilemma singleton,True,f671f7bc-307b-4b80-9f6e-25d02c477065,841,50,total,31,12,-19,True,post,ranked,"insufficient: one series, one opponent; not a percentile"
826394,Prisoners Dilemma,Prisoners Dilemma singleton,True,f671f7bc-307b-4b80-9f6e-25d02c477065,841,100,bed_eats,38.0,8.0,-30.0,True,post,ranked,"insufficient: one series, one opponent; not a percentile"
826394,Prisoners Dilemma,Prisoners Dilemma singleton,True,f671f7bc-307b-4b80-9f6e-25d02c477065,841,100,bed_capture,0.76,0.16,-0.6,True,post,ranked,"insufficient: one series, one opponent; not a percentile"
826394,Prisoners Dilemma,Prisoners Dilemma singleton,True,f671f7bc-307b-4b80-9f6e-25d02c477065,841,100,splits,26.0,6.0,-20.0,True,post,ranked,"insufficient: one series, one opponent; not a percentile"
826394,Prisoners Dilemma,Prisoners Dilemma singleton,True,f671f7bc-307b-4b80-9f6e-25d02c477065,841,100,transits,13,2,-11,True,post,ranked,"insufficient: one series, one opponent; not a percentile"
826394,Prisoners Dilemma,Prisoners Dilemma singleton,True,f671f7bc-307b-4b80-9f6e-25d02c477065,841,100,territory,0.9091796875,0.0908203125,-0.818359375,True,post,ranked,"insufficient: one series, one opponent; not a percentile"
826394,Prisoners Dilemma,Prisoners Dilemma singleton,True,f671f7bc-307b-4b80-9f6e-25d02c477065,841,100,units,20,3,-17,True,post,ranked,"insufficient: one series, one opponent; not a percentile"
826394,Prisoners Dilemma,Prisoners Dilemma singleton,True,f671f7bc-307b-4b80-9f6e-25d02c477065,841,100,total,43,9,-34,True,post,ranked,"insufficient: one series, one opponent; not a percentile"
826394,Prisoners Dilemma,Prisoners Dilemma singleton,True,f671f7bc-307b-4b80-9f6e-25d02c477065,841,150,bed_eats,54.0,10.0,-44.0,True,post,ranked,"insufficient: one series, one opponent; not a percentile"
826394,Prisoners Dilemma,Prisoners Dilemma singleton,True,f671f7bc-307b-4b80-9f6e-25d02c477065,841,150,bed_capture,0.7941176470588235,0.14705882352941177,-0.6470588235294117,True,post,ranked,"insufficient: one series, one opponent; not a percentile"
826394,Prisoners Dilemma,Prisoners Dilemma singleton,True,f671f7bc-307b-4b80-9f6e-25d02c477065,841,150,splits,32.0,9.0,-23.0,True,post,ranked,"insufficient: one series, one opponent; not a percentile"
826394,Prisoners Dilemma,Prisoners Dilemma singleton,True,f671f7bc-307b-4b80-9f6e-25d02c477065,841,150,transits,25,2,-23,True,post,ranked,"insufficient: one series, one opponent; not a percentile"
826394,Prisoners Dilemma,Prisoners Dilemma singleton,True,f671f7bc-307b-4b80-9f6e-25d02c477065,841,150,territory,0.9072265625,0.0927734375,-0.814453125,True,post,ranked,"insufficient: one series, one opponent; not a percentile"
826394,Prisoners Dilemma,Prisoners Dilemma singleton,True,f671f7bc-307b-4b80-9f6e-25d02c477065,841,150,units,21,4,-17,True,post,ranked,"insufficient: one series, one opponent; not a percentile"
826394,Prisoners Dilemma,Prisoners Dilemma singleton,True,f671f7bc-307b-4b80-9f6e-25d02c477065,841,150,total,51,9,-42,True,post,ranked,"insufficient: one series, one opponent; not a percentile"
826394,Prisoners Dilemma,Prisoners Dilemma singleton,True,f671f7bc-307b-4b80-9f6e-25d02c477065,841,250,bed_eats,87.0,13.0,-74.0,False,post,ranked,"insufficient: one series, one opponent; not a percentile"
826394,Prisoners Dilemma,Prisoners Dilemma singleton,True,f671f7bc-307b-4b80-9f6e-25d02c477065,841,250,bed_capture,0.8365384615384616,0.125,-0.7115384615384616,False,post,ranked,"insufficient: one series, one opponent; not a percentile"
826394,Prisoners Dilemma,Prisoners Dilemma singleton,True,f671f7bc-307b-4b80-9f6e-25d02c477065,841,250,splits,51.0,9.0,-42.0,False,post,ranked,"insufficient: one series, one opponent; not a percentile"
826394,Prisoners Dilemma,Prisoners Dilemma singleton,True,f671f7bc-307b-4b80-9f6e-25d02c477065,841,250,transits,35,2,-33,False,post,ranked,"insufficient: one series, one opponent; not a percentile"
826394,Prisoners Dilemma,Prisoners Dilemma singleton,True,f671f7bc-307b-4b80-9f6e-25d02c477065,841,250,territory,1.0,0.0,-1.0,False,post,ranked,"insufficient: one series, one opponent; not a percentile"
826394,Prisoners Dilemma,Prisoners Dilemma singleton,True,f671f7bc-307b-4b80-9f6e-25d02c477065,841,250,units,29,0,-29,False,post,ranked,"insufficient: one series, one opponent; not a percentile"
826394,Prisoners Dilemma,Prisoners Dilemma singleton,True,f671f7bc-307b-4b80-9f6e-25d02c477065,841,250,total,67,0,-67,False,post,ranked,"insufficient: one series, one opponent; not a percentile"
826395,Autarky,Autarky singleton,True,f671f7bc-307b-4b80-9f6e-25d02c477065,841,25,bed_eats,16.0,9.0,-7.0,True,post,ranked,"insufficient: one series, one opponent; not a percentile"
826395,Autarky,Autarky singleton,True,f671f7bc-307b-4b80-9f6e-25d02c477065,841,25,bed_capture,0.5333333333333333,0.3,-0.23333333333333334,True,post,ranked,"insufficient: one series, one opponent; not a percentile"
826395,Autarky,Autarky singleton,True,f671f7bc-307b-4b80-9f6e-25d02c477065,841,25,splits,15.0,4.0,-11.0,True,post,ranked,"insufficient: one series, one opponent; not a percentile"
826395,Autarky,Autarky singleton,True,f671f7bc-307b-4b80-9f6e-25d02c477065,841,25,transits,1,0,-1,True,post,ranked,"insufficient: one series, one opponent; not a percentile"
826395,Autarky,Autarky singleton,True,f671f7bc-307b-4b80-9f6e-25d02c477065,841,25,territory,0.6013374485596708,0.3986625514403292,-0.20267489711934156,True,post,ranked,"insufficient: one series, one opponent; not a percentile"
826395,Autarky,Autarky singleton,True,f671f7bc-307b-4b80-9f6e-25d02c477065,841,25,units,15,6,-9,True,post,ranked,"insufficient: one series, one opponent; not a percentile"
826395,Autarky,Autarky singleton,True,f671f7bc-307b-4b80-9f6e-25d02c477065,841,25,total,37,26,-11,True,post,ranked,"insufficient: one series, one opponent; not a percentile"
826395,Autarky,Autarky singleton,True,f671f7bc-307b-4b80-9f6e-25d02c477065,841,50,bed_eats,36.0,15.0,-21.0,True,post,ranked,"insufficient: one series, one opponent; not a percentile"
826395,Autarky,Autarky singleton,True,f671f7bc-307b-4b80-9f6e-25d02c477065,841,50,bed_capture,0.5901639344262295,0.2459016393442623,-0.3442622950819672,True,post,ranked,"insufficient: one series, one opponent; not a percentile"
826395,Autarky,Autarky singleton,True,f671f7bc-307b-4b80-9f6e-25d02c477065,841,50,splits,30.0,4.0,-26.0,True,post,ranked,"insufficient: one series, one opponent; not a percentile"
826395,Autarky,Autarky singleton,True,f671f7bc-307b-4b80-9f6e-25d02c477065,841,50,transits,5,0,-5,True,post,ranked,"insufficient: one series, one opponent; not a percentile"
826395,Autarky,Autarky singleton,True,f671f7bc-307b-4b80-9f6e-25d02c477065,841,50,territory,0.6651234567901234,0.33487654320987653,-0.3302469135802469,True,post,ranked,"insufficient: one series, one opponent; not a percentile"
826395,Autarky,Autarky singleton,True,f671f7bc-307b-4b80-9f6e-25d02c477065,841,50,units,22,5,-17,True,post,ranked,"insufficient: one series, one opponent; not a percentile"
826395,Autarky,Autarky singleton,True,f671f7bc-307b-4b80-9f6e-25d02c477065,841,50,total,49,34,-15,True,post,ranked,"insufficient: one series, one opponent; not a percentile"
826395,Autarky,Autarky singleton,True,f671f7bc-307b-4b80-9f6e-25d02c477065,841,100,bed_eats,75.0,24.0,-51.0,True,post,ranked,"insufficient: one series, one opponent; not a percentile"
826395,Autarky,Autarky singleton,True,f671f7bc-307b-4b80-9f6e-25d02c477065,841,100,bed_capture,0.6944444444444444,0.2222222222222222,-0.4722222222222222,True,post,ranked,"insufficient: one series, one opponent; not a percentile"
826395,Autarky,Autarky singleton,True,f671f7bc-307b-4b80-9f6e-25d02c477065,841,100,splits,56.0,10.0,-46.0,True,post,ranked,"insufficient: one series, one opponent; not a percentile"
826395,Autarky,Autarky singleton,True,f671f7bc-307b-4b80-9f6e-25d02c477065,841,100,transits,23,0,-23,True,post,ranked,"insufficient: one series, one opponent; not a percentile"
826395,Autarky,Autarky singleton,True,f671f7bc-307b-4b80-9f6e-25d02c477065,841,100,territory,0.7901234567901234,0.20987654320987653,-0.5802469135802468,True,post,ranked,"insufficient: one series, one opponent; not a percentile"
826395,Autarky,Autarky singleton,True,f671f7bc-307b-4b80-9f6e-25d02c477065,841,100,units,32,10,-22,True,post,ranked,"insufficient: one series, one opponent; not a percentile"
826395,Autarky,Autarky singleton,True,f671f7bc-307b-4b80-9f6e-25d02c477065,841,100,total,72,33,-39,True,post,ranked,"insufficient: one series, one opponent; not a percentile"
826395,Autarky,Autarky singleton,True,f671f7bc-307b-4b80-9f6e-25d02c477065,841,150,bed_eats,122.0,24.0,-98.0,True,post,ranked,"insufficient: one series, one opponent; not a percentile"
826395,Autarky,Autarky singleton,True,f671f7bc-307b-4b80-9f6e-25d02c477065,841,150,bed_capture,0.8133333333333334,0.16,-0.6533333333333333,True,post,ranked,"insufficient: one series, one opponent; not a percentile"
826395,Autarky,Autarky singleton,True,f671f7bc-307b-4b80-9f6e-25d02c477065,841,150,splits,89.0,11.0,-78.0,True,post,ranked,"insufficient: one series, one opponent; not a percentile"
826395,Autarky,Autarky singleton,True,f671f7bc-307b-4b80-9f6e-25d02c477065,841,150,transits,34,4,-30,True,post,ranked,"insufficient: one series, one opponent; not a percentile"
826395,Autarky,Autarky singleton,True,f671f7bc-307b-4b80-9f6e-25d02c477065,841,150,territory,0.9027777777777778,0.09722222222222222,-0.8055555555555556,True,post,ranked,"insufficient: one series, one opponent; not a percentile"
826395,Autarky,Autarky singleton,True,f671f7bc-307b-4b80-9f6e-25d02c477065,841,150,units,43,6,-37,True,post,ranked,"insufficient: one series, one opponent; not a percentile"
826395,Autarky,Autarky singleton,True,f671f7bc-307b-4b80-9f6e-25d02c477065,841,150,total,102,14,-88,True,post,ranked,"insufficient: one series, one opponent; not a percentile"
826395,Autarky,Autarky singleton,True,f671f7bc-307b-4b80-9f6e-25d02c477065,841,250,bed_eats,183.0,27.0,-156.0,False,post,ranked,"insufficient: one series, one opponent; not a percentile"
826395,Autarky,Autarky singleton,True,f671f7bc-307b-4b80-9f6e-25d02c477065,841,250,bed_capture,0.8551401869158879,0.1261682242990654,-0.7289719626168225,False,post,ranked,"insufficient: one series, one opponent; not a percentile"
826395,Autarky,Autarky singleton,True,f671f7bc-307b-4b80-9f6e-25d02c477065,841,250,splits,138.0,11.0,-127.0,False,post,ranked,"insufficient: one series, one opponent; not a percentile"
826395,Autarky,Autarky singleton,True,f671f7bc-307b-4b80-9f6e-25d02c477065,841,250,transits,51,8,-43,False,post,ranked,"insufficient: one series, one opponent; not a percentile"
826395,Autarky,Autarky singleton,True,f671f7bc-307b-4b80-9f6e-25d02c477065,841,250,territory,1.0,0.0,-1.0,False,post,ranked,"insufficient: one series, one opponent; not a percentile"
826395,Autarky,Autarky singleton,True,f671f7bc-307b-4b80-9f6e-25d02c477065,841,250,units,58,0,-58,False,post,ranked,"insufficient: one series, one opponent; not a percentile"
826395,Autarky,Autarky singleton,True,f671f7bc-307b-4b80-9f6e-25d02c477065,841,250,total,141,0,-141,False,post,ranked,"insufficient: one series, one opponent; not a percentile"
826396,Trophy,default/trophy,True,f671f7bc-307b-4b80-9f6e-25d02c477065,841,25,bed_eats,6.0,7.0,1.0,True,post,ranked,"insufficient: one series, one opponent; not a percentile"
826396,Trophy,default/trophy,True,f671f7bc-307b-4b80-9f6e-25d02c477065,841,25,bed_capture,0.15,0.175,0.024999999999999994,True,post,ranked,"insufficient: one series, one opponent; not a percentile"
826396,Trophy,default/trophy,True,f671f7bc-307b-4b80-9f6e-25d02c477065,841,25,splits,3.0,2.0,-1.0,True,post,ranked,"insufficient: one series, one opponent; not a percentile"
826396,Trophy,default/trophy,True,f671f7bc-307b-4b80-9f6e-25d02c477065,841,25,transits,0,0,0,True,post,ranked,"insufficient: one series, one opponent; not a percentile"
826396,Trophy,default/trophy,True,f671f7bc-307b-4b80-9f6e-25d02c477065,841,25,territory,0.5984,0.4016,-0.19680000000000003,True,post,ranked,"insufficient: one series, one opponent; not a percentile"
826396,Trophy,default/trophy,True,f671f7bc-307b-4b80-9f6e-25d02c477065,841,25,units,5,4,-1,True,post,ranked,"insufficient: one series, one opponent; not a percentile"
826396,Trophy,default/trophy,True,f671f7bc-307b-4b80-9f6e-25d02c477065,841,25,total,12,11,-1,True,post,ranked,"insufficient: one series, one opponent; not a percentile"
826396,Trophy,default/trophy,True,f671f7bc-307b-4b80-9f6e-25d02c477065,841,50,bed_eats,28.0,22.0,-6.0,True,post,ranked,"insufficient: one series, one opponent; not a percentile"
826396,Trophy,default/trophy,True,f671f7bc-307b-4b80-9f6e-25d02c477065,841,50,bed_capture,0.3888888888888889,0.3055555555555556,-0.08333333333333331,True,post,ranked,"insufficient: one series, one opponent; not a percentile"
826396,Trophy,default/trophy,True,f671f7bc-307b-4b80-9f6e-25d02c477065,841,50,splits,16.0,3.0,-13.0,True,post,ranked,"insufficient: one series, one opponent; not a percentile"
826396,Trophy,default/trophy,True,f671f7bc-307b-4b80-9f6e-25d02c477065,841,50,transits,0,0,0,True,post,ranked,"insufficient: one series, one opponent; not a percentile"
826396,Trophy,default/trophy,True,f671f7bc-307b-4b80-9f6e-25d02c477065,841,50,territory,0.9568,0.0432,-0.9136,True,post,ranked,"insufficient: one series, one opponent; not a percentile"
826396,Trophy,default/trophy,True,f671f7bc-307b-4b80-9f6e-25d02c477065,841,50,units,14,2,-12,True,post,ranked,"insufficient: one series, one opponent; not a percentile"
826396,Trophy,default/trophy,True,f671f7bc-307b-4b80-9f6e-25d02c477065,841,50,total,32,11,-21,True,post,ranked,"insufficient: one series, one opponent; not a percentile"
826396,Trophy,default/trophy,True,f671f7bc-307b-4b80-9f6e-25d02c477065,841,100,bed_eats,81.0,31.0,-50.0,True,post,ranked,"insufficient: one series, one opponent; not a percentile"
826396,Trophy,default/trophy,True,f671f7bc-307b-4b80-9f6e-25d02c477065,841,100,bed_capture,0.7168141592920354,0.2743362831858407,-0.4424778761061947,True,post,ranked,"insufficient: one series, one opponent; not a percentile"
826396,Trophy,default/trophy,True,f671f7bc-307b-4b80-9f6e-25d02c477065,841,100,splits,40.0,8.0,-32.0,True,post,ranked,"insufficient: one series, one opponent; not a percentile"
826396,Trophy,default/trophy,True,f671f7bc-307b-4b80-9f6e-25d02c477065,841,100,transits,4,0,-4,True,post,ranked,"insufficient: one series, one opponent; not a percentile"
826396,Trophy,default/trophy,True,f671f7bc-307b-4b80-9f6e-25d02c477065,841,100,territory,0.876,0.124,-0.752,True,post,ranked,"insufficient: one series, one opponent; not a percentile"
826396,Trophy,default/trophy,True,f671f7bc-307b-4b80-9f6e-25d02c477065,841,100,units,33,6,-27,True,post,ranked,"insufficient: one series, one opponent; not a percentile"
826396,Trophy,default/trophy,True,f671f7bc-307b-4b80-9f6e-25d02c477065,841,100,total,78,17,-61,True,post,ranked,"insufficient: one series, one opponent; not a percentile"
826396,Trophy,default/trophy,True,f671f7bc-307b-4b80-9f6e-25d02c477065,841,150,bed_eats,135.0,46.0,-89.0,True,post,ranked,"insufficient: one series, one opponent; not a percentile"
826396,Trophy,default/trophy,True,f671f7bc-307b-4b80-9f6e-25d02c477065,841,150,bed_capture,0.7336956521739131,0.25,-0.4836956521739131,True,post,ranked,"insufficient: one series, one opponent; not a percentile"
826396,Trophy,default/trophy,True,f671f7bc-307b-4b80-9f6e-25d02c477065,841,150,splits,72.0,18.0,-54.0,True,post,ranked,"insufficient: one series, one opponent; not a percentile"
826396,Trophy,default/trophy,True,f671f7bc-307b-4b80-9f6e-25d02c477065,841,150,transits,8,0,-8,True,post,ranked,"insufficient: one series, one opponent; not a percentile"
826396,Trophy,default/trophy,True,f671f7bc-307b-4b80-9f6e-25d02c477065,841,150,territory,0.9456,0.0544,-0.8912,True,post,ranked,"insufficient: one series, one opponent; not a percentile"
826396,Trophy,default/trophy,True,f671f7bc-307b-4b80-9f6e-25d02c477065,841,150,units,49,3,-46,True,post,ranked,"insufficient: one series, one opponent; not a percentile"
826396,Trophy,default/trophy,True,f671f7bc-307b-4b80-9f6e-25d02c477065,841,150,total,117,7,-110,True,post,ranked,"insufficient: one series, one opponent; not a percentile"
826396,Trophy,default/trophy,True,f671f7bc-307b-4b80-9f6e-25d02c477065,841,250,bed_eats,153.0,48.0,-105.0,False,post,ranked,"insufficient: one series, one opponent; not a percentile"
826396,Trophy,default/trophy,True,f671f7bc-307b-4b80-9f6e-25d02c477065,841,250,bed_capture,0.7463414634146341,0.23414634146341465,-0.5121951219512195,False,post,ranked,"insufficient: one series, one opponent; not a percentile"
826396,Trophy,default/trophy,True,f671f7bc-307b-4b80-9f6e-25d02c477065,841,250,splits,89.0,19.0,-70.0,False,post,ranked,"insufficient: one series, one opponent; not a percentile"
826396,Trophy,default/trophy,True,f671f7bc-307b-4b80-9f6e-25d02c477065,841,250,transits,13,0,-13,False,post,ranked,"insufficient: one series, one opponent; not a percentile"
826396,Trophy,default/trophy,True,f671f7bc-307b-4b80-9f6e-25d02c477065,841,250,territory,1.0,0.0,-1.0,False,post,ranked,"insufficient: one series, one opponent; not a percentile"
826396,Trophy,default/trophy,True,f671f7bc-307b-4b80-9f6e-25d02c477065,841,250,units,58,0,-58,False,post,ranked,"insufficient: one series, one opponent; not a percentile"
826396,Trophy,default/trophy,True,f671f7bc-307b-4b80-9f6e-25d02c477065,841,250,total,135,0,-135,False,post,ranked,"insufficient: one series, one opponent; not a percentile"
826777,Schooltime,Schooltime singleton,False,d430f653-3b42-400e-a706-8d3e326a3193,249,25,bed_eats,2.0,3.0,1.0,True,post,unranked,"insufficient: one series, one opponent; not a percentile"
826777,Schooltime,Schooltime singleton,False,d430f653-3b42-400e-a706-8d3e326a3193,249,25,bed_capture,0.038461538461538464,0.057692307692307696,0.019230769230769232,True,post,unranked,"insufficient: one series, one opponent; not a percentile"
826777,Schooltime,Schooltime singleton,False,d430f653-3b42-400e-a706-8d3e326a3193,249,25,splits,3.0,3.0,0.0,True,post,unranked,"insufficient: one series, one opponent; not a percentile"
826777,Schooltime,Schooltime singleton,False,d430f653-3b42-400e-a706-8d3e326a3193,249,25,transits,0,0,0,True,post,unranked,"insufficient: one series, one opponent; not a percentile"
826777,Schooltime,Schooltime singleton,False,d430f653-3b42-400e-a706-8d3e326a3193,249,25,territory,0.5092143549951503,0.49078564500484967,-0.018428709990300662,True,post,unranked,"insufficient: one series, one opponent; not a percentile"
826777,Schooltime,Schooltime singleton,False,d430f653-3b42-400e-a706-8d3e326a3193,249,25,units,6,6,0,True,post,unranked,"insufficient: one series, one opponent; not a percentile"
826777,Schooltime,Schooltime singleton,False,d430f653-3b42-400e-a706-8d3e326a3193,249,25,total,12,15,3,True,post,unranked,"insufficient: one series, one opponent; not a percentile"
826777,Schooltime,Schooltime singleton,False,d430f653-3b42-400e-a706-8d3e326a3193,249,50,bed_eats,9.0,10.0,1.0,True,post,unranked,"insufficient: one series, one opponent; not a percentile"
826777,Schooltime,Schooltime singleton,False,d430f653-3b42-400e-a706-8d3e326a3193,249,50,bed_capture,0.05660377358490566,0.06289308176100629,0.0062893081761006275,True,post,unranked,"insufficient: one series, one opponent; not a percentile"
826777,Schooltime,Schooltime singleton,False,d430f653-3b42-400e-a706-8d3e326a3193,249,50,splits,5.0,7.0,2.0,True,post,unranked,"insufficient: one series, one opponent; not a percentile"
826777,Schooltime,Schooltime singleton,False,d430f653-3b42-400e-a706-8d3e326a3193,249,50,transits,0,2,2,True,post,unranked,"insufficient: one series, one opponent; not a percentile"
826777,Schooltime,Schooltime singleton,False,d430f653-3b42-400e-a706-8d3e326a3193,249,50,territory,0.2844325897187197,0.7155674102812803,0.43113482056256064,True,post,unranked,"insufficient: one series, one opponent; not a percentile"
826777,Schooltime,Schooltime singleton,False,d430f653-3b42-400e-a706-8d3e326a3193,249,50,units,5,7,2,True,post,unranked,"insufficient: one series, one opponent; not a percentile"
826777,Schooltime,Schooltime singleton,False,d430f653-3b42-400e-a706-8d3e326a3193,249,50,total,12,18,6,True,post,unranked,"insufficient: one series, one opponent; not a percentile"
826777,Schooltime,Schooltime singleton,False,d430f653-3b42-400e-a706-8d3e326a3193,249,100,bed_eats,50.0,176.0,126.0,True,post,unranked,"insufficient: one series, one opponent; not a percentile"
826777,Schooltime,Schooltime singleton,False,d430f653-3b42-400e-a706-8d3e326a3193,249,100,bed_capture,0.16339869281045752,0.5751633986928104,0.4117647058823529,True,post,unranked,"insufficient: one series, one opponent; not a percentile"
826777,Schooltime,Schooltime singleton,False,d430f653-3b42-400e-a706-8d3e326a3193,249,100,splits,28.0,91.0,63.0,True,post,unranked,"insufficient: one series, one opponent; not a percentile"
826777,Schooltime,Schooltime singleton,False,d430f653-3b42-400e-a706-8d3e326a3193,249,100,transits,2,30,28,True,post,unranked,"insufficient: one series, one opponent; not a percentile"
826777,Schooltime,Schooltime singleton,False,d430f653-3b42-400e-a706-8d3e326a3193,249,100,territory,0.13821532492725508,0.8617846750727449,0.7235693501454898,True,post,unranked,"insufficient: one series, one opponent; not a percentile"
826777,Schooltime,Schooltime singleton,False,d430f653-3b42-400e-a706-8d3e326a3193,249,100,units,14,55,41,True,post,unranked,"insufficient: one series, one opponent; not a percentile"
826777,Schooltime,Schooltime singleton,False,d430f653-3b42-400e-a706-8d3e326a3193,249,100,total,34,134,100,True,post,unranked,"insufficient: one series, one opponent; not a percentile"
826777,Schooltime,Schooltime singleton,False,d430f653-3b42-400e-a706-8d3e326a3193,249,150,bed_eats,67.0,380.0,313.0,True,post,unranked,"insufficient: one series, one opponent; not a percentile"
826777,Schooltime,Schooltime singleton,False,d430f653-3b42-400e-a706-8d3e326a3193,249,150,bed_capture,0.13958333333333334,0.7916666666666666,0.6520833333333333,True,post,unranked,"insufficient: one series, one opponent; not a percentile"
826777,Schooltime,Schooltime singleton,False,d430f653-3b42-400e-a706-8d3e326a3193,249,150,splits,41.0,147.0,106.0,True,post,unranked,"insufficient: one series, one opponent; not a percentile"
826777,Schooltime,Schooltime singleton,False,d430f653-3b42-400e-a706-8d3e326a3193,249,150,transits,4,76,72,True,post,unranked,"insufficient: one series, one opponent; not a percentile"
826777,Schooltime,Schooltime singleton,False,d430f653-3b42-400e-a706-8d3e326a3193,249,150,territory,0.12487875848690591,0.8751212415130941,0.7502424830261882,True,post,unranked,"insufficient: one series, one opponent; not a percentile"
826777,Schooltime,Schooltime singleton,False,d430f653-3b42-400e-a706-8d3e326a3193,249,150,units,12,64,52,True,post,unranked,"insufficient: one series, one opponent; not a percentile"
826777,Schooltime,Schooltime singleton,False,d430f653-3b42-400e-a706-8d3e326a3193,249,150,total,31,270,239,True,post,unranked,"insufficient: one series, one opponent; not a percentile"
826777,Schooltime,Schooltime singleton,False,d430f653-3b42-400e-a706-8d3e326a3193,249,250,bed_eats,104.0,717.0,613.0,True,post,unranked,"insufficient: one series, one opponent; not a percentile"
826777,Schooltime,Schooltime singleton,False,d430f653-3b42-400e-a706-8d3e326a3193,249,250,bed_capture,0.11858608893956671,0.8175598631698974,0.6989737742303307,True,post,unranked,"insufficient: one series, one opponent; not a percentile"
826777,Schooltime,Schooltime singleton,False,d430f653-3b42-400e-a706-8d3e326a3193,249,250,splits,64.0,238.0,174.0,True,post,unranked,"insufficient: one series, one opponent; not a percentile"
826777,Schooltime,Schooltime singleton,False,d430f653-3b42-400e-a706-8d3e326a3193,249,250,transits,5,208,203,True,post,unranked,"insufficient: one series, one opponent; not a percentile"
826777,Schooltime,Schooltime singleton,False,d430f653-3b42-400e-a706-8d3e326a3193,249,250,territory,0.06256062075654704,0.937439379243453,0.874878758486906,True,post,unranked,"insufficient: one series, one opponent; not a percentile"
826777,Schooltime,Schooltime singleton,False,d430f653-3b42-400e-a706-8d3e326a3193,249,250,units,9,64,55,True,post,unranked,"insufficient: one series, one opponent; not a percentile"
826777,Schooltime,Schooltime singleton,False,d430f653-3b42-400e-a706-8d3e326a3193,249,250,total,22,304,282,True,post,unranked,"insufficient: one series, one opponent; not a percentile"
826778,Portals,portal-heavy,False,d430f653-3b42-400e-a706-8d3e326a3193,249,25,bed_eats,5.0,0.0,-5.0,True,post,unranked,"insufficient: one series, one opponent; not a percentile"
826778,Portals,portal-heavy,False,d430f653-3b42-400e-a706-8d3e326a3193,249,25,bed_capture,0.045871559633027525,0.0,-0.045871559633027525,True,post,unranked,"insufficient: one series, one opponent; not a percentile"
826778,Portals,portal-heavy,False,d430f653-3b42-400e-a706-8d3e326a3193,249,25,splits,2.0,0.0,-2.0,True,post,unranked,"insufficient: one series, one opponent; not a percentile"
826778,Portals,portal-heavy,False,d430f653-3b42-400e-a706-8d3e326a3193,249,25,transits,0,0,0,True,post,unranked,"insufficient: one series, one opponent; not a percentile"
826778,Portals,portal-heavy,False,d430f653-3b42-400e-a706-8d3e326a3193,249,25,territory,0.5,0.5,0.0,True,post,unranked,"insufficient: one series, one opponent; not a percentile"
826778,Portals,portal-heavy,False,d430f653-3b42-400e-a706-8d3e326a3193,249,25,units,4,3,-1,True,post,unranked,"insufficient: one series, one opponent; not a percentile"
826778,Portals,portal-heavy,False,d430f653-3b42-400e-a706-8d3e326a3193,249,25,total,10,9,-1,True,post,unranked,"insufficient: one series, one opponent; not a percentile"
826778,Portals,portal-heavy,False,d430f653-3b42-400e-a706-8d3e326a3193,249,50,bed_eats,28.0,17.0,-11.0,True,post,unranked,"insufficient: one series, one opponent; not a percentile"
826778,Portals,portal-heavy,False,d430f653-3b42-400e-a706-8d3e326a3193,249,50,bed_capture,0.21374045801526717,0.1297709923664122,-0.08396946564885496,True,post,unranked,"insufficient: one series, one opponent; not a percentile"
826778,Portals,portal-heavy,False,d430f653-3b42-400e-a706-8d3e326a3193,249,50,splits,11.0,6.0,-5.0,True,post,unranked,"insufficient: one series, one opponent; not a percentile"
826778,Portals,portal-heavy,False,d430f653-3b42-400e-a706-8d3e326a3193,249,50,transits,7,6,-1,True,post,unranked,"insufficient: one series, one opponent; not a percentile"
826778,Portals,portal-heavy,False,d430f653-3b42-400e-a706-8d3e326a3193,249,50,territory,0.5,0.5,0.0,True,post,unranked,"insufficient: one series, one opponent; not a percentile"
826778,Portals,portal-heavy,False,d430f653-3b42-400e-a706-8d3e326a3193,249,50,units,10,5,-5,True,post,unranked,"insufficient: one series, one opponent; not a percentile"
826778,Portals,portal-heavy,False,d430f653-3b42-400e-a706-8d3e326a3193,249,50,total,23,19,-4,True,post,unranked,"insufficient: one series, one opponent; not a percentile"
826778,Portals,portal-heavy,False,d430f653-3b42-400e-a706-8d3e326a3193,249,100,bed_eats,105.0,85.0,-20.0,True,post,unranked,"insufficient: one series, one opponent; not a percentile"
826778,Portals,portal-heavy,False,d430f653-3b42-400e-a706-8d3e326a3193,249,100,bed_capture,0.4117647058823529,0.3333333333333333,-0.0784313725490196,True,post,unranked,"insufficient: one series, one opponent; not a percentile"
826778,Portals,portal-heavy,False,d430f653-3b42-400e-a706-8d3e326a3193,249,100,splits,59.0,45.0,-14.0,True,post,unranked,"insufficient: one series, one opponent; not a percentile"
826778,Portals,portal-heavy,False,d430f653-3b42-400e-a706-8d3e326a3193,249,100,transits,58,35,-23,True,post,unranked,"insufficient: one series, one opponent; not a percentile"
826778,Portals,portal-heavy,False,d430f653-3b42-400e-a706-8d3e326a3193,249,100,territory,0.5,0.5,0.0,True,post,unranked,"insufficient: one series, one opponent; not a percentile"
826778,Portals,portal-heavy,False,d430f653-3b42-400e-a706-8d3e326a3193,249,100,units,19,18,-1,True,post,unranked,"insufficient: one series, one opponent; not a percentile"
826778,Portals,portal-heavy,False,d430f653-3b42-400e-a706-8d3e326a3193,249,100,total,46,51,5,True,post,unranked,"insufficient: one series, one opponent; not a percentile"
826778,Portals,portal-heavy,False,d430f653-3b42-400e-a706-8d3e326a3193,249,150,bed_eats,186.0,148.0,-38.0,True,post,unranked,"insufficient: one series, one opponent; not a percentile"
826778,Portals,portal-heavy,False,d430f653-3b42-400e-a706-8d3e326a3193,249,150,bed_capture,0.4732824427480916,0.37659033078880405,-0.09669211195928756,True,post,unranked,"insufficient: one series, one opponent; not a percentile"
826778,Portals,portal-heavy,False,d430f653-3b42-400e-a706-8d3e326a3193,249,150,splits,115.0,90.0,-25.0,True,post,unranked,"insufficient: one series, one opponent; not a percentile"
826778,Portals,portal-heavy,False,d430f653-3b42-400e-a706-8d3e326a3193,249,150,transits,130,71,-59,True,post,unranked,"insufficient: one series, one opponent; not a percentile"
826778,Portals,portal-heavy,False,d430f653-3b42-400e-a706-8d3e326a3193,249,150,territory,0.5,0.5,0.0,True,post,unranked,"insufficient: one series, one opponent; not a percentile"
826778,Portals,portal-heavy,False,d430f653-3b42-400e-a706-8d3e326a3193,249,150,units,29,24,-5,True,post,unranked,"insufficient: one series, one opponent; not a percentile"
826778,Portals,portal-heavy,False,d430f653-3b42-400e-a706-8d3e326a3193,249,150,total,68,68,0,True,post,unranked,"insufficient: one series, one opponent; not a percentile"
826778,Portals,portal-heavy,False,d430f653-3b42-400e-a706-8d3e326a3193,249,250,bed_eats,354.0,304.0,-50.0,True,post,unranked,"insufficient: one series, one opponent; not a percentile"
826778,Portals,portal-heavy,False,d430f653-3b42-400e-a706-8d3e326a3193,249,250,bed_capture,0.502127659574468,0.43120567375886526,-0.07092198581560277,True,post,unranked,"insufficient: one series, one opponent; not a percentile"
826778,Portals,portal-heavy,False,d430f653-3b42-400e-a706-8d3e326a3193,249,250,splits,265.0,205.0,-60.0,True,post,unranked,"insufficient: one series, one opponent; not a percentile"
826778,Portals,portal-heavy,False,d430f653-3b42-400e-a706-8d3e326a3193,249,250,transits,303,177,-126,True,post,unranked,"insufficient: one series, one opponent; not a percentile"
826778,Portals,portal-heavy,False,d430f653-3b42-400e-a706-8d3e326a3193,249,250,territory,0.5,0.5,0.0,True,post,unranked,"insufficient: one series, one opponent; not a percentile"
826778,Portals,portal-heavy,False,d430f653-3b42-400e-a706-8d3e326a3193,249,250,units,21,25,4,True,post,unranked,"insufficient: one series, one opponent; not a percentile"
826778,Portals,portal-heavy,False,d430f653-3b42-400e-a706-8d3e326a3193,249,250,total,53,83,30,True,post,unranked,"insufficient: one series, one opponent; not a percentile"
826779,Slithery Fight,Slithery Fight singleton,False,d430f653-3b42-400e-a706-8d3e326a3193,249,25,bed_eats,72.0,59.0,-13.0,True,post,unranked,"insufficient: one series, one opponent; not a percentile"
826779,Slithery Fight,Slithery Fight singleton,False,d430f653-3b42-400e-a706-8d3e326a3193,249,25,bed_capture,0.4161849710982659,0.34104046242774566,-0.07514450867052025,True,post,unranked,"insufficient: one series, one opponent; not a percentile"
826779,Slithery Fight,Slithery Fight singleton,False,d430f653-3b42-400e-a706-8d3e326a3193,249,25,splits,52.0,46.0,-6.0,True,post,unranked,"insufficient: one series, one opponent; not a percentile"
826779,Slithery Fight,Slithery Fight singleton,False,d430f653-3b42-400e-a706-8d3e326a3193,249,25,transits,2,0,-2,True,post,unranked,"insufficient: one series, one opponent; not a percentile"
826779,Slithery Fight,Slithery Fight singleton,False,d430f653-3b42-400e-a706-8d3e326a3193,249,25,territory,0.47292525014714537,0.5270747498528546,0.05414949970570926,True,post,unranked,"insufficient: one series, one opponent; not a percentile"
826779,Slithery Fight,Slithery Fight singleton,False,d430f653-3b42-400e-a706-8d3e326a3193,249,25,units,33,31,-2,True,post,unranked,"insufficient: one series, one opponent; not a percentile"
826779,Slithery Fight,Slithery Fight singleton,False,d430f653-3b42-400e-a706-8d3e326a3193,249,25,total,79,70,-9,True,post,unranked,"insufficient: one series, one opponent; not a percentile"
826779,Slithery Fight,Slithery Fight singleton,False,d430f653-3b42-400e-a706-8d3e326a3193,249,50,bed_eats,148.0,134.0,-14.0,True,post,unranked,"insufficient: one series, one opponent; not a percentile"
826779,Slithery Fight,Slithery Fight singleton,False,d430f653-3b42-400e-a706-8d3e326a3193,249,50,bed_capture,0.4774193548387097,0.432258064516129,-0.04516129032258065,True,post,unranked,"insufficient: one series, one opponent; not a percentile"
826779,Slithery Fight,Slithery Fight singleton,False,d430f653-3b42-400e-a706-8d3e326a3193,249,50,splits,103.0,97.0,-6.0,True,post,unranked,"insufficient: one series, one opponent; not a percentile"
826779,Slithery Fight,Slithery Fight singleton,False,d430f653-3b42-400e-a706-8d3e326a3193,249,50,transits,6,0,-6,True,post,unranked,"insufficient: one series, one opponent; not a percentile"
826779,Slithery Fight,Slithery Fight singleton,False,d430f653-3b42-400e-a706-8d3e326a3193,249,50,territory,0.43525603296056503,0.564743967039435,0.12948793407886994,True,post,unranked,"insufficient: one series, one opponent; not a percentile"
826779,Slithery Fight,Slithery Fight singleton,False,d430f653-3b42-400e-a706-8d3e326a3193,249,50,units,40,42,2,True,post,unranked,"insufficient: one series, one opponent; not a percentile"
826779,Slithery Fight,Slithery Fight singleton,False,d430f653-3b42-400e-a706-8d3e326a3193,249,50,total,94,93,-1,True,post,unranked,"insufficient: one series, one opponent; not a percentile"
826779,Slithery Fight,Slithery Fight singleton,False,d430f653-3b42-400e-a706-8d3e326a3193,249,100,bed_eats,301.0,274.0,-27.0,True,post,unranked,"insufficient: one series, one opponent; not a percentile"
826779,Slithery Fight,Slithery Fight singleton,False,d430f653-3b42-400e-a706-8d3e326a3193,249,100,bed_capture,0.5025041736227045,0.4574290484140234,-0.04507512520868112,True,post,unranked,"insufficient: one series, one opponent; not a percentile"
826779,Slithery Fight,Slithery Fight singleton,False,d430f653-3b42-400e-a706-8d3e326a3193,249,100,splits,215.0,208.0,-7.0,True,post,unranked,"insufficient: one series, one opponent; not a percentile"
826779,Slithery Fight,Slithery Fight singleton,False,d430f653-3b42-400e-a706-8d3e326a3193,249,100,transits,12,3,-9,True,post,unranked,"insufficient: one series, one opponent; not a percentile"
826779,Slithery Fight,Slithery Fight singleton,False,d430f653-3b42-400e-a706-8d3e326a3193,249,100,territory,0.4464390818128311,0.5535609181871689,0.10712183637433781,True,post,unranked,"insufficient: one series, one opponent; not a percentile"
826779,Slithery Fight,Slithery Fight singleton,False,d430f653-3b42-400e-a706-8d3e326a3193,249,100,units,55,62,7,True,post,unranked,"insufficient: one series, one opponent; not a percentile"
826779,Slithery Fight,Slithery Fight singleton,False,d430f653-3b42-400e-a706-8d3e326a3193,249,100,total,130,144,14,True,post,unranked,"insufficient: one series, one opponent; not a percentile"
826779,Slithery Fight,Slithery Fight singleton,False,d430f653-3b42-400e-a706-8d3e326a3193,249,150,bed_eats,459.0,412.0,-47.0,True,post,unranked,"insufficient: one series, one opponent; not a percentile"
826779,Slithery Fight,Slithery Fight singleton,False,d430f653-3b42-400e-a706-8d3e326a3193,249,150,bed_capture,0.5032894736842105,0.4517543859649123,-0.05153508771929821,True,post,unranked,"insufficient: one series, one opponent; not a percentile"
826779,Slithery Fight,Slithery Fight singleton,False,d430f653-3b42-400e-a706-8d3e326a3193,249,150,splits,326.0,286.0,-40.0,True,post,unranked,"insufficient: one series, one opponent; not a percentile"
826779,Slithery Fight,Slithery Fight singleton,False,d430f653-3b42-400e-a706-8d3e326a3193,249,150,transits,21,7,-14,True,post,unranked,"insufficient: one series, one opponent; not a percentile"
826779,Slithery Fight,Slithery Fight singleton,False,d430f653-3b42-400e-a706-8d3e326a3193,249,150,territory,0.46262507357268984,0.5373749264273102,0.07474985285462038,True,post,unranked,"insufficient: one series, one opponent; not a percentile"
826779,Slithery Fight,Slithery Fight singleton,False,d430f653-3b42-400e-a706-8d3e326a3193,249,150,units,53,63,10,True,post,unranked,"insufficient: one series, one opponent; not a percentile"
826779,Slithery Fight,Slithery Fight singleton,False,d430f653-3b42-400e-a706-8d3e326a3193,249,150,total,139,157,18,True,post,unranked,"insufficient: one series, one opponent; not a percentile"
826779,Slithery Fight,Slithery Fight singleton,False,d430f653-3b42-400e-a706-8d3e326a3193,249,250,bed_eats,680.0,601.0,-79.0,True,post,unranked,"insufficient: one series, one opponent; not a percentile"
826779,Slithery Fight,Slithery Fight singleton,False,d430f653-3b42-400e-a706-8d3e326a3193,249,250,bed_capture,0.5132075471698113,0.45358490566037735,-0.05962264150943397,True,post,unranked,"insufficient: one series, one opponent; not a percentile"
826779,Slithery Fight,Slithery Fight singleton,False,d430f653-3b42-400e-a706-8d3e326a3193,249,250,splits,458.0,378.0,-80.0,True,post,unranked,"insufficient: one series, one opponent; not a percentile"
826779,Slithery Fight,Slithery Fight singleton,False,d430f653-3b42-400e-a706-8d3e326a3193,249,250,transits,32,17,-15,True,post,unranked,"insufficient: one series, one opponent; not a percentile"
826779,Slithery Fight,Slithery Fight singleton,False,d430f653-3b42-400e-a706-8d3e326a3193,249,250,territory,0.5020600353148911,0.49793996468510887,-0.004120070629782202,True,post,unranked,"insufficient: one series, one opponent; not a percentile"
826779,Slithery Fight,Slithery Fight singleton,False,d430f653-3b42-400e-a706-8d3e326a3193,249,250,units,64,64,0,True,post,unranked,"insufficient: one series, one opponent; not a percentile"
826779,Slithery Fight,Slithery Fight singleton,False,d430f653-3b42-400e-a706-8d3e326a3193,249,250,total,154,167,13,True,post,unranked,"insufficient: one series, one opponent; not a percentile"
826780,Queen Of Spades,QoS,False,d430f653-3b42-400e-a706-8d3e326a3193,249,25,bed_eats,7.0,5.0,-2.0,True,post,unranked,"insufficient: one series, one opponent; not a percentile"
826780,Queen Of Spades,QoS,False,d430f653-3b42-400e-a706-8d3e326a3193,249,25,bed_capture,0.25,0.17857142857142858,-0.07142857142857142,True,post,unranked,"insufficient: one series, one opponent; not a percentile"
826780,Queen Of Spades,QoS,False,d430f653-3b42-400e-a706-8d3e326a3193,249,25,splits,3.0,2.0,-1.0,True,post,unranked,"insufficient: one series, one opponent; not a percentile"
826780,Queen Of Spades,QoS,False,d430f653-3b42-400e-a706-8d3e326a3193,249,25,transits,2,0,-2,True,post,unranked,"insufficient: one series, one opponent; not a percentile"
826780,Queen Of Spades,QoS,False,d430f653-3b42-400e-a706-8d3e326a3193,249,25,territory,0.3621933621933622,0.6378066378066378,0.27561327561327564,True,post,unranked,"insufficient: one series, one opponent; not a percentile"
826780,Queen Of Spades,QoS,False,d430f653-3b42-400e-a706-8d3e326a3193,249,25,units,4,4,0,True,post,unranked,"insufficient: one series, one opponent; not a percentile"
826780,Queen Of Spades,QoS,False,d430f653-3b42-400e-a706-8d3e326a3193,249,25,total,9,11,2,True,post,unranked,"insufficient: one series, one opponent; not a percentile"
826780,Queen Of Spades,QoS,False,d430f653-3b42-400e-a706-8d3e326a3193,249,50,bed_eats,18.0,23.0,5.0,True,post,unranked,"insufficient: one series, one opponent; not a percentile"
826780,Queen Of Spades,QoS,False,d430f653-3b42-400e-a706-8d3e326a3193,249,50,bed_capture,0.28125,0.359375,0.078125,True,post,unranked,"insufficient: one series, one opponent; not a percentile"
826780,Queen Of Spades,QoS,False,d430f653-3b42-400e-a706-8d3e326a3193,249,50,splits,9.0,11.0,2.0,True,post,unranked,"insufficient: one series, one opponent; not a percentile"
826780,Queen Of Spades,QoS,False,d430f653-3b42-400e-a706-8d3e326a3193,249,50,transits,5,3,-2,True,post,unranked,"insufficient: one series, one opponent; not a percentile"
826780,Queen Of Spades,QoS,False,d430f653-3b42-400e-a706-8d3e326a3193,249,50,territory,0.46320346320346323,0.5367965367965368,0.0735930735930736,True,post,unranked,"insufficient: one series, one opponent; not a percentile"
826780,Queen Of Spades,QoS,False,d430f653-3b42-400e-a706-8d3e326a3193,249,50,units,9,9,0,True,post,unranked,"insufficient: one series, one opponent; not a percentile"
826780,Queen Of Spades,QoS,False,d430f653-3b42-400e-a706-8d3e326a3193,249,50,total,23,21,-2,True,post,unranked,"insufficient: one series, one opponent; not a percentile"
826780,Queen Of Spades,QoS,False,d430f653-3b42-400e-a706-8d3e326a3193,249,100,bed_eats,34.0,50.0,16.0,True,post,unranked,"insufficient: one series, one opponent; not a percentile"
826780,Queen Of Spades,QoS,False,d430f653-3b42-400e-a706-8d3e326a3193,249,100,bed_capture,0.29310344827586204,0.43103448275862066,0.13793103448275862,True,post,unranked,"insufficient: one series, one opponent; not a percentile"
826780,Queen Of Spades,QoS,False,d430f653-3b42-400e-a706-8d3e326a3193,249,100,splits,18.0,30.0,12.0,True,post,unranked,"insufficient: one series, one opponent; not a percentile"
826780,Queen Of Spades,QoS,False,d430f653-3b42-400e-a706-8d3e326a3193,249,100,transits,10,9,-1,True,post,unranked,"insufficient: one series, one opponent; not a percentile"
826780,Queen Of Spades,QoS,False,d430f653-3b42-400e-a706-8d3e326a3193,249,100,territory,0.5151515151515151,0.48484848484848486,-0.030303030303030276,True,post,unranked,"insufficient: one series, one opponent; not a percentile"
826780,Queen Of Spades,QoS,False,d430f653-3b42-400e-a706-8d3e326a3193,249,100,units,11,12,1,True,post,unranked,"insufficient: one series, one opponent; not a percentile"
826780,Queen Of Spades,QoS,False,d430f653-3b42-400e-a706-8d3e326a3193,249,100,total,27,29,2,True,post,unranked,"insufficient: one series, one opponent; not a percentile"
826780,Queen Of Spades,QoS,False,d430f653-3b42-400e-a706-8d3e326a3193,249,150,bed_eats,48.0,66.0,18.0,True,post,unranked,"insufficient: one series, one opponent; not a percentile"
826780,Queen Of Spades,QoS,False,d430f653-3b42-400e-a706-8d3e326a3193,249,150,bed_capture,0.3116883116883117,0.42857142857142855,0.11688311688311687,True,post,unranked,"insufficient: one series, one opponent; not a percentile"
826780,Queen Of Spades,QoS,False,d430f653-3b42-400e-a706-8d3e326a3193,249,150,splits,30.0,46.0,16.0,True,post,unranked,"insufficient: one series, one opponent; not a percentile"
826780,Queen Of Spades,QoS,False,d430f653-3b42-400e-a706-8d3e326a3193,249,150,transits,14,18,4,True,post,unranked,"insufficient: one series, one opponent; not a percentile"
826780,Queen Of Spades,QoS,False,d430f653-3b42-400e-a706-8d3e326a3193,249,150,territory,0.48412698412698413,0.5158730158730159,0.0317460317460318,True,post,unranked,"insufficient: one series, one opponent; not a percentile"
826780,Queen Of Spades,QoS,False,d430f653-3b42-400e-a706-8d3e326a3193,249,150,units,14,14,0,True,post,unranked,"insufficient: one series, one opponent; not a percentile"
826780,Queen Of Spades,QoS,False,d430f653-3b42-400e-a706-8d3e326a3193,249,150,total,30,33,3,True,post,unranked,"insufficient: one series, one opponent; not a percentile"
826780,Queen Of Spades,QoS,False,d430f653-3b42-400e-a706-8d3e326a3193,249,250,bed_eats,75.0,126.0,51.0,True,post,unranked,"insufficient: one series, one opponent; not a percentile"
826780,Queen Of Spades,QoS,False,d430f653-3b42-400e-a706-8d3e326a3193,249,250,bed_capture,0.2964426877470356,0.4980237154150198,0.2015810276679842,True,post,unranked,"insufficient: one series, one opponent; not a percentile"
826780,Queen Of Spades,QoS,False,d430f653-3b42-400e-a706-8d3e326a3193,249,250,splits,45.0,96.0,51.0,True,post,unranked,"insufficient: one series, one opponent; not a percentile"
826780,Queen Of Spades,QoS,False,d430f653-3b42-400e-a706-8d3e326a3193,249,250,transits,26,36,10,True,post,unranked,"insufficient: one series, one opponent; not a percentile"
826780,Queen Of Spades,QoS,False,d430f653-3b42-400e-a706-8d3e326a3193,249,250,territory,0.10822510822510822,0.8917748917748918,0.7835497835497836,True,post,unranked,"insufficient: one series, one opponent; not a percentile"
826780,Queen Of Spades,QoS,False,d430f653-3b42-400e-a706-8d3e326a3193,249,250,units,2,26,24,True,post,unranked,"insufficient: one series, one opponent; not a percentile"
826780,Queen Of Spades,QoS,False,d430f653-3b42-400e-a706-8d3e326a3193,249,250,total,7,63,56,True,post,unranked,"insufficient: one series, one opponent; not a percentile"
826781,Default,default/trophy,False,d430f653-3b42-400e-a706-8d3e326a3193,249,25,bed_eats,1.0,6.0,5.0,True,post,unranked,"insufficient: one series, one opponent; not a percentile"
826781,Default,default/trophy,False,d430f653-3b42-400e-a706-8d3e326a3193,249,25,bed_capture,0.038461538461538464,0.23076923076923078,0.19230769230769232,True,post,unranked,"insufficient: one series, one opponent; not a percentile"
826781,Default,default/trophy,False,d430f653-3b42-400e-a706-8d3e326a3193,249,25,splits,5.0,6.0,1.0,True,post,unranked,"insufficient: one series, one opponent; not a percentile"
826781,Default,default/trophy,False,d430f653-3b42-400e-a706-8d3e326a3193,249,25,transits,0,2,2,True,post,unranked,"insufficient: one series, one opponent; not a percentile"
826781,Default,default/trophy,False,d430f653-3b42-400e-a706-8d3e326a3193,249,25,territory,0.375,0.625,0.25,True,post,unranked,"insufficient: one series, one opponent; not a percentile"
826781,Default,default/trophy,False,d430f653-3b42-400e-a706-8d3e326a3193,249,25,units,8,9,1,True,post,unranked,"insufficient: one series, one opponent; not a percentile"
826781,Default,default/trophy,False,d430f653-3b42-400e-a706-8d3e326a3193,249,25,total,17,20,3,True,post,unranked,"insufficient: one series, one opponent; not a percentile"
826781,Default,default/trophy,False,d430f653-3b42-400e-a706-8d3e326a3193,249,50,bed_eats,8.0,24.0,16.0,True,post,unranked,"insufficient: one series, one opponent; not a percentile"
826781,Default,default/trophy,False,d430f653-3b42-400e-a706-8d3e326a3193,249,50,bed_capture,0.17777777777777778,0.5333333333333333,0.3555555555555555,True,post,unranked,"insufficient: one series, one opponent; not a percentile"
826781,Default,default/trophy,False,d430f653-3b42-400e-a706-8d3e326a3193,249,50,splits,8.0,15.0,7.0,True,post,unranked,"insufficient: one series, one opponent; not a percentile"
826781,Default,default/trophy,False,d430f653-3b42-400e-a706-8d3e326a3193,249,50,transits,1,14,13,True,post,unranked,"insufficient: one series, one opponent; not a percentile"
826781,Default,default/trophy,False,d430f653-3b42-400e-a706-8d3e326a3193,249,50,territory,0.21240234375,0.78759765625,0.5751953125,True,post,unranked,"insufficient: one series, one opponent; not a percentile"
826781,Default,default/trophy,False,d430f653-3b42-400e-a706-8d3e326a3193,249,50,units,9,17,8,True,post,unranked,"insufficient: one series, one opponent; not a percentile"
826781,Default,default/trophy,False,d430f653-3b42-400e-a706-8d3e326a3193,249,50,total,21,38,17,True,post,unranked,"insufficient: one series, one opponent; not a percentile"
826781,Default,default/trophy,False,d430f653-3b42-400e-a706-8d3e326a3193,249,100,bed_eats,19.0,59.0,40.0,True,post,unranked,"insufficient: one series, one opponent; not a percentile"
826781,Default,default/trophy,False,d430f653-3b42-400e-a706-8d3e326a3193,249,100,bed_capture,0.2375,0.7375,0.5,True,post,unranked,"insufficient: one series, one opponent; not a percentile"
826781,Default,default/trophy,False,d430f653-3b42-400e-a706-8d3e326a3193,249,100,splits,16.0,32.0,16.0,True,post,unranked,"insufficient: one series, one opponent; not a percentile"
826781,Default,default/trophy,False,d430f653-3b42-400e-a706-8d3e326a3193,249,100,transits,6,58,52,True,post,unranked,"insufficient: one series, one opponent; not a percentile"
826781,Default,default/trophy,False,d430f653-3b42-400e-a706-8d3e326a3193,249,100,territory,0.314453125,0.685546875,0.37109375,True,post,unranked,"insufficient: one series, one opponent; not a percentile"
826781,Default,default/trophy,False,d430f653-3b42-400e-a706-8d3e326a3193,249,100,units,9,25,16,True,post,unranked,"insufficient: one series, one opponent; not a percentile"
826781,Default,default/trophy,False,d430f653-3b42-400e-a706-8d3e326a3193,249,100,total,22,60,38,True,post,unranked,"insufficient: one series, one opponent; not a percentile"
826781,Default,default/trophy,False,d430f653-3b42-400e-a706-8d3e326a3193,249,150,bed_eats,22.0,84.0,62.0,True,post,unranked,"insufficient: one series, one opponent; not a percentile"
826781,Default,default/trophy,False,d430f653-3b42-400e-a706-8d3e326a3193,249,150,bed_capture,0.205607476635514,0.7850467289719626,0.5794392523364486,True,post,unranked,"insufficient: one series, one opponent; not a percentile"
826781,Default,default/trophy,False,d430f653-3b42-400e-a706-8d3e326a3193,249,150,splits,19.0,51.0,32.0,True,post,unranked,"insufficient: one series, one opponent; not a percentile"
826781,Default,default/trophy,False,d430f653-3b42-400e-a706-8d3e326a3193,249,150,transits,12,121,109,True,post,unranked,"insufficient: one series, one opponent; not a percentile"
826781,Default,default/trophy,False,d430f653-3b42-400e-a706-8d3e326a3193,249,150,territory,0.10693359375,0.89306640625,0.7861328125,True,post,unranked,"insufficient: one series, one opponent; not a percentile"
826781,Default,default/trophy,False,d430f653-3b42-400e-a706-8d3e326a3193,249,150,units,4,32,28,True,post,unranked,"insufficient: one series, one opponent; not a percentile"
826781,Default,default/trophy,False,d430f653-3b42-400e-a706-8d3e326a3193,249,150,total,10,80,70,True,post,unranked,"insufficient: one series, one opponent; not a percentile"
826781,Default,default/trophy,False,d430f653-3b42-400e-a706-8d3e326a3193,249,250,bed_eats,29.0,158.0,129.0,False,post,unranked,"insufficient: one series, one opponent; not a percentile"
826781,Default,default/trophy,False,d430f653-3b42-400e-a706-8d3e326a3193,249,250,bed_capture,0.15508021390374332,0.8449197860962567,0.6898395721925135,False,post,unranked,"insufficient: one series, one opponent; not a percentile"
826781,Default,default/trophy,False,d430f653-3b42-400e-a706-8d3e326a3193,249,250,splits,24.0,101.0,77.0,False,post,unranked,"insufficient: one series, one opponent; not a percentile"
826781,Default,default/trophy,False,d430f653-3b42-400e-a706-8d3e326a3193,249,250,transits,22,241,219,False,post,unranked,"insufficient: one series, one opponent; not a percentile"
826781,Default,default/trophy,False,d430f653-3b42-400e-a706-8d3e326a3193,249,250,territory,0.0,1.0,1.0,False,post,unranked,"insufficient: one series, one opponent; not a percentile"
826781,Default,default/trophy,False,d430f653-3b42-400e-a706-8d3e326a3193,249,250,units,0,58,58,False,post,unranked,"insufficient: one series, one opponent; not a percentile"
826781,Default,default/trophy,False,d430f653-3b42-400e-a706-8d3e326a3193,249,250,total,0,127,127,False,post,unranked,"insufficient: one series, one opponent; not a percentile"
826782,Trophy,default/trophy,False,d430f653-3b42-400e-a706-8d3e326a3193,249,25,bed_eats,1.0,10.0,9.0,True,post,unranked,"insufficient: one series, one opponent; not a percentile"
826782,Trophy,default/trophy,False,d430f653-3b42-400e-a706-8d3e326a3193,249,25,bed_capture,0.03333333333333333,0.3333333333333333,0.3,True,post,unranked,"insufficient: one series, one opponent; not a percentile"
826782,Trophy,default/trophy,False,d430f653-3b42-400e-a706-8d3e326a3193,249,25,splits,1.0,4.0,3.0,True,post,unranked,"insufficient: one series, one opponent; not a percentile"
826782,Trophy,default/trophy,False,d430f653-3b42-400e-a706-8d3e326a3193,249,25,transits,0,1,1,True,post,unranked,"insufficient: one series, one opponent; not a percentile"
826782,Trophy,default/trophy,False,d430f653-3b42-400e-a706-8d3e326a3193,249,25,territory,0.5016,0.4984,-0.003200000000000036,True,post,unranked,"insufficient: one series, one opponent; not a percentile"
826782,Trophy,default/trophy,False,d430f653-3b42-400e-a706-8d3e326a3193,249,25,units,3,6,3,True,post,unranked,"insufficient: one series, one opponent; not a percentile"
826782,Trophy,default/trophy,False,d430f653-3b42-400e-a706-8d3e326a3193,249,25,total,7,14,7,True,post,unranked,"insufficient: one series, one opponent; not a percentile"
826782,Trophy,default/trophy,False,d430f653-3b42-400e-a706-8d3e326a3193,249,50,bed_eats,24.0,31.0,7.0,True,post,unranked,"insufficient: one series, one opponent; not a percentile"
826782,Trophy,default/trophy,False,d430f653-3b42-400e-a706-8d3e326a3193,249,50,bed_capture,0.375,0.484375,0.109375,True,post,unranked,"insufficient: one series, one opponent; not a percentile"
826782,Trophy,default/trophy,False,d430f653-3b42-400e-a706-8d3e326a3193,249,50,splits,11.0,14.0,3.0,True,post,unranked,"insufficient: one series, one opponent; not a percentile"
826782,Trophy,default/trophy,False,d430f653-3b42-400e-a706-8d3e326a3193,249,50,transits,1,2,1,True,post,unranked,"insufficient: one series, one opponent; not a percentile"
826782,Trophy,default/trophy,False,d430f653-3b42-400e-a706-8d3e326a3193,249,50,territory,0.4944,0.5056,0.011200000000000043,True,post,unranked,"insufficient: one series, one opponent; not a percentile"
826782,Trophy,default/trophy,False,d430f653-3b42-400e-a706-8d3e326a3193,249,50,units,12,14,2,True,post,unranked,"insufficient: one series, one opponent; not a percentile"
826782,Trophy,default/trophy,False,d430f653-3b42-400e-a706-8d3e326a3193,249,50,total,25,36,11,True,post,unranked,"insufficient: one series, one opponent; not a percentile"
826782,Trophy,default/trophy,False,d430f653-3b42-400e-a706-8d3e326a3193,249,100,bed_eats,72.0,65.0,-7.0,True,post,unranked,"insufficient: one series, one opponent; not a percentile"
826782,Trophy,default/trophy,False,d430f653-3b42-400e-a706-8d3e326a3193,249,100,bed_capture,0.5179856115107914,0.4676258992805755,-0.05035971223021585,True,post,unranked,"insufficient: one series, one opponent; not a percentile"
826782,Trophy,default/trophy,False,d430f653-3b42-400e-a706-8d3e326a3193,249,100,splits,36.0,38.0,2.0,True,post,unranked,"insufficient: one series, one opponent; not a percentile"
826782,Trophy,default/trophy,False,d430f653-3b42-400e-a706-8d3e326a3193,249,100,transits,1,7,6,True,post,unranked,"insufficient: one series, one opponent; not a percentile"
826782,Trophy,default/trophy,False,d430f653-3b42-400e-a706-8d3e326a3193,249,100,territory,0.5496,0.4504,-0.09919999999999995,True,post,unranked,"insufficient: one series, one opponent; not a percentile"
826782,Trophy,default/trophy,False,d430f653-3b42-400e-a706-8d3e326a3193,249,100,units,17,20,3,True,post,unranked,"insufficient: one series, one opponent; not a percentile"
826782,Trophy,default/trophy,False,d430f653-3b42-400e-a706-8d3e326a3193,249,100,total,44,44,0,True,post,unranked,"insufficient: one series, one opponent; not a percentile"
826782,Trophy,default/trophy,False,d430f653-3b42-400e-a706-8d3e326a3193,249,150,bed_eats,101.0,108.0,7.0,True,post,unranked,"insufficient: one series, one opponent; not a percentile"
826782,Trophy,default/trophy,False,d430f653-3b42-400e-a706-8d3e326a3193,249,150,bed_capture,0.48095238095238096,0.5142857142857142,0.03333333333333327,True,post,unranked,"insufficient: one series, one opponent; not a percentile"
826782,Trophy,default/trophy,False,d430f653-3b42-400e-a706-8d3e326a3193,249,150,splits,59.0,67.0,8.0,True,post,unranked,"insufficient: one series, one opponent; not a percentile"
826782,Trophy,default/trophy,False,d430f653-3b42-400e-a706-8d3e326a3193,249,150,transits,1,14,13,True,post,unranked,"insufficient: one series, one opponent; not a percentile"
826782,Trophy,default/trophy,False,d430f653-3b42-400e-a706-8d3e326a3193,249,150,territory,0.5192,0.4808,-0.03839999999999999,True,post,unranked,"insufficient: one series, one opponent; not a percentile"
826782,Trophy,default/trophy,False,d430f653-3b42-400e-a706-8d3e326a3193,249,150,units,16,22,6,True,post,unranked,"insufficient: one series, one opponent; not a percentile"
826782,Trophy,default/trophy,False,d430f653-3b42-400e-a706-8d3e326a3193,249,150,total,40,54,14,True,post,unranked,"insufficient: one series, one opponent; not a percentile"
826782,Trophy,default/trophy,False,d430f653-3b42-400e-a706-8d3e326a3193,249,250,bed_eats,122.0,191.0,69.0,False,post,unranked,"insufficient: one series, one opponent; not a percentile"
826782,Trophy,default/trophy,False,d430f653-3b42-400e-a706-8d3e326a3193,249,250,bed_capture,0.38977635782747605,0.610223642172524,0.22044728434504796,False,post,unranked,"insufficient: one series, one opponent; not a percentile"
826782,Trophy,default/trophy,False,d430f653-3b42-400e-a706-8d3e326a3193,249,250,splits,73.0,132.0,59.0,False,post,unranked,"insufficient: one series, one opponent; not a percentile"
826782,Trophy,default/trophy,False,d430f653-3b42-400e-a706-8d3e326a3193,249,250,transits,1,25,24,False,post,unranked,"insufficient: one series, one opponent; not a percentile"
826782,Trophy,default/trophy,False,d430f653-3b42-400e-a706-8d3e326a3193,249,250,territory,0.0,1.0,1.0,False,post,unranked,"insufficient: one series, one opponent; not a percentile"
826782,Trophy,default/trophy,False,d430f653-3b42-400e-a706-8d3e326a3193,249,250,units,0,42,42,False,post,unranked,"insufficient: one series, one opponent; not a percentile"
826782,Trophy,default/trophy,False,d430f653-3b42-400e-a706-8d3e326a3193,249,250,total,0,105,105,False,post,unranked,"insufficient: one series, one opponent; not a percentile"
826783,Prisoners Dilemma,Prisoners Dilemma singleton,False,d430f653-3b42-400e-a706-8d3e326a3193,249,25,bed_eats,8.0,6.0,-2.0,True,post,unranked,"insufficient: one series, one opponent; not a percentile"
826783,Prisoners Dilemma,Prisoners Dilemma singleton,False,d430f653-3b42-400e-a706-8d3e326a3193,249,25,bed_capture,0.4,0.3,-0.10000000000000003,True,post,unranked,"insufficient: one series, one opponent; not a percentile"
826783,Prisoners Dilemma,Prisoners Dilemma singleton,False,d430f653-3b42-400e-a706-8d3e326a3193,249,25,splits,9.0,10.0,1.0,True,post,unranked,"insufficient: one series, one opponent; not a percentile"
826783,Prisoners Dilemma,Prisoners Dilemma singleton,False,d430f653-3b42-400e-a706-8d3e326a3193,249,25,transits,0,0,0,True,post,unranked,"insufficient: one series, one opponent; not a percentile"
826783,Prisoners Dilemma,Prisoners Dilemma singleton,False,d430f653-3b42-400e-a706-8d3e326a3193,249,25,territory,0.2412109375,0.7587890625,0.517578125,True,post,unranked,"insufficient: one series, one opponent; not a percentile"
826783,Prisoners Dilemma,Prisoners Dilemma singleton,False,d430f653-3b42-400e-a706-8d3e326a3193,249,25,units,2,3,1,True,post,unranked,"insufficient: one series, one opponent; not a percentile"
826783,Prisoners Dilemma,Prisoners Dilemma singleton,False,d430f653-3b42-400e-a706-8d3e326a3193,249,25,total,5,9,4,True,post,unranked,"insufficient: one series, one opponent; not a percentile"
826783,Prisoners Dilemma,Prisoners Dilemma singleton,False,d430f653-3b42-400e-a706-8d3e326a3193,249,50,bed_eats,11.0,14.0,3.0,True,post,unranked,"insufficient: one series, one opponent; not a percentile"
826783,Prisoners Dilemma,Prisoners Dilemma singleton,False,d430f653-3b42-400e-a706-8d3e326a3193,249,50,bed_capture,0.4074074074074074,0.5185185185185185,0.1111111111111111,True,post,unranked,"insufficient: one series, one opponent; not a percentile"
826783,Prisoners Dilemma,Prisoners Dilemma singleton,False,d430f653-3b42-400e-a706-8d3e326a3193,249,50,splits,11.0,18.0,7.0,True,post,unranked,"insufficient: one series, one opponent; not a percentile"
826783,Prisoners Dilemma,Prisoners Dilemma singleton,False,d430f653-3b42-400e-a706-8d3e326a3193,249,50,transits,0,1,1,True,post,unranked,"insufficient: one series, one opponent; not a percentile"
826783,Prisoners Dilemma,Prisoners Dilemma singleton,False,d430f653-3b42-400e-a706-8d3e326a3193,249,50,territory,0.16015625,0.83984375,0.6796875,True,post,unranked,"insufficient: one series, one opponent; not a percentile"
826783,Prisoners Dilemma,Prisoners Dilemma singleton,False,d430f653-3b42-400e-a706-8d3e326a3193,249,50,units,1,6,5,True,post,unranked,"insufficient: one series, one opponent; not a percentile"
826783,Prisoners Dilemma,Prisoners Dilemma singleton,False,d430f653-3b42-400e-a706-8d3e326a3193,249,50,total,2,17,15,True,post,unranked,"insufficient: one series, one opponent; not a percentile"
826783,Prisoners Dilemma,Prisoners Dilemma singleton,False,d430f653-3b42-400e-a706-8d3e326a3193,249,100,bed_eats,18.0,27.0,9.0,True,post,unranked,"insufficient: one series, one opponent; not a percentile"
826783,Prisoners Dilemma,Prisoners Dilemma singleton,False,d430f653-3b42-400e-a706-8d3e326a3193,249,100,bed_capture,0.3829787234042553,0.574468085106383,0.19148936170212771,True,post,unranked,"insufficient: one series, one opponent; not a percentile"
826783,Prisoners Dilemma,Prisoners Dilemma singleton,False,d430f653-3b42-400e-a706-8d3e326a3193,249,100,splits,18.0,31.0,13.0,True,post,unranked,"insufficient: one series, one opponent; not a percentile"
826783,Prisoners Dilemma,Prisoners Dilemma singleton,False,d430f653-3b42-400e-a706-8d3e326a3193,249,100,transits,0,2,2,True,post,unranked,"insufficient: one series, one opponent; not a percentile"
826783,Prisoners Dilemma,Prisoners Dilemma singleton,False,d430f653-3b42-400e-a706-8d3e326a3193,249,100,territory,0.0078125,0.9921875,0.984375,True,post,unranked,"insufficient: one series, one opponent; not a percentile"
826783,Prisoners Dilemma,Prisoners Dilemma singleton,False,d430f653-3b42-400e-a706-8d3e326a3193,249,100,units,1,8,7,True,post,unranked,"insufficient: one series, one opponent; not a percentile"
826783,Prisoners Dilemma,Prisoners Dilemma singleton,False,d430f653-3b42-400e-a706-8d3e326a3193,249,100,total,5,17,12,True,post,unranked,"insufficient: one series, one opponent; not a percentile"
826783,Prisoners Dilemma,Prisoners Dilemma singleton,False,d430f653-3b42-400e-a706-8d3e326a3193,249,150,bed_eats,20.0,47.0,27.0,True,post,unranked,"insufficient: one series, one opponent; not a percentile"
826783,Prisoners Dilemma,Prisoners Dilemma singleton,False,d430f653-3b42-400e-a706-8d3e326a3193,249,150,bed_capture,0.2898550724637681,0.6811594202898551,0.391304347826087,True,post,unranked,"insufficient: one series, one opponent; not a percentile"
826783,Prisoners Dilemma,Prisoners Dilemma singleton,False,d430f653-3b42-400e-a706-8d3e326a3193,249,150,splits,20.0,50.0,30.0,True,post,unranked,"insufficient: one series, one opponent; not a percentile"
826783,Prisoners Dilemma,Prisoners Dilemma singleton,False,d430f653-3b42-400e-a706-8d3e326a3193,249,150,transits,0,2,2,True,post,unranked,"insufficient: one series, one opponent; not a percentile"
826783,Prisoners Dilemma,Prisoners Dilemma singleton,False,d430f653-3b42-400e-a706-8d3e326a3193,249,150,territory,0.1796875,0.8203125,0.640625,True,post,unranked,"insufficient: one series, one opponent; not a percentile"
826783,Prisoners Dilemma,Prisoners Dilemma singleton,False,d430f653-3b42-400e-a706-8d3e326a3193,249,150,units,1,7,6,True,post,unranked,"insufficient: one series, one opponent; not a percentile"
826783,Prisoners Dilemma,Prisoners Dilemma singleton,False,d430f653-3b42-400e-a706-8d3e326a3193,249,150,total,2,17,15,True,post,unranked,"insufficient: one series, one opponent; not a percentile"
826783,Prisoners Dilemma,Prisoners Dilemma singleton,False,d430f653-3b42-400e-a706-8d3e326a3193,249,250,bed_eats,20.0,63.0,43.0,False,post,unranked,"insufficient: one series, one opponent; not a percentile"
826783,Prisoners Dilemma,Prisoners Dilemma singleton,False,d430f653-3b42-400e-a706-8d3e326a3193,249,250,bed_capture,0.2247191011235955,0.7078651685393258,0.4831460674157303,False,post,unranked,"insufficient: one series, one opponent; not a percentile"
826783,Prisoners Dilemma,Prisoners Dilemma singleton,False,d430f653-3b42-400e-a706-8d3e326a3193,249,250,splits,20.0,60.0,40.0,False,post,unranked,"insufficient: one series, one opponent; not a percentile"
826783,Prisoners Dilemma,Prisoners Dilemma singleton,False,d430f653-3b42-400e-a706-8d3e326a3193,249,250,transits,0,2,2,False,post,unranked,"insufficient: one series, one opponent; not a percentile"
826783,Prisoners Dilemma,Prisoners Dilemma singleton,False,d430f653-3b42-400e-a706-8d3e326a3193,249,250,territory,0.0,1.0,1.0,False,post,unranked,"insufficient: one series, one opponent; not a percentile"
826783,Prisoners Dilemma,Prisoners Dilemma singleton,False,d430f653-3b42-400e-a706-8d3e326a3193,249,250,units,0,10,10,False,post,unranked,"insufficient: one series, one opponent; not a percentile"
826783,Prisoners Dilemma,Prisoners Dilemma singleton,False,d430f653-3b42-400e-a706-8d3e326a3193,249,250,total,0,23,23,False,post,unranked,"insufficient: one series, one opponent; not a percentile"
826784,Autarky,Autarky singleton,False,d430f653-3b42-400e-a706-8d3e326a3193,249,25,bed_eats,15.0,14.0,-1.0,True,post,unranked,"insufficient: one series, one opponent; not a percentile"
826784,Autarky,Autarky singleton,False,d430f653-3b42-400e-a706-8d3e326a3193,249,25,bed_capture,0.4411764705882353,0.4117647058823529,-0.02941176470588236,True,post,unranked,"insufficient: one series, one opponent; not a percentile"
826784,Autarky,Autarky singleton,False,d430f653-3b42-400e-a706-8d3e326a3193,249,25,splits,14.0,14.0,0.0,True,post,unranked,"insufficient: one series, one opponent; not a percentile"
826784,Autarky,Autarky singleton,False,d430f653-3b42-400e-a706-8d3e326a3193,249,25,transits,0,3,3,True,post,unranked,"insufficient: one series, one opponent; not a percentile"
826784,Autarky,Autarky singleton,False,d430f653-3b42-400e-a706-8d3e326a3193,249,25,territory,0.46296296296296297,0.5370370370370371,0.07407407407407413,True,post,unranked,"insufficient: one series, one opponent; not a percentile"
826784,Autarky,Autarky singleton,False,d430f653-3b42-400e-a706-8d3e326a3193,249,25,units,11,12,1,True,post,unranked,"insufficient: one series, one opponent; not a percentile"
826784,Autarky,Autarky singleton,False,d430f653-3b42-400e-a706-8d3e326a3193,249,25,total,29,28,-1,True,post,unranked,"insufficient: one series, one opponent; not a percentile"
826784,Autarky,Autarky singleton,False,d430f653-3b42-400e-a706-8d3e326a3193,249,50,bed_eats,22.0,24.0,2.0,True,post,unranked,"insufficient: one series, one opponent; not a percentile"
826784,Autarky,Autarky singleton,False,d430f653-3b42-400e-a706-8d3e326a3193,249,50,bed_capture,0.44,0.48,0.03999999999999998,True,post,unranked,"insufficient: one series, one opponent; not a percentile"
826784,Autarky,Autarky singleton,False,d430f653-3b42-400e-a706-8d3e326a3193,249,50,splits,21.0,24.0,3.0,True,post,unranked,"insufficient: one series, one opponent; not a percentile"
826784,Autarky,Autarky singleton,False,d430f653-3b42-400e-a706-8d3e326a3193,249,50,transits,0,12,12,True,post,unranked,"insufficient: one series, one opponent; not a percentile"
826784,Autarky,Autarky singleton,False,d430f653-3b42-400e-a706-8d3e326a3193,249,50,territory,0.4655349794238683,0.5344650205761317,0.06893004115226337,True,post,unranked,"insufficient: one series, one opponent; not a percentile"
826784,Autarky,Autarky singleton,False,d430f653-3b42-400e-a706-8d3e326a3193,249,50,units,14,15,1,True,post,unranked,"insufficient: one series, one opponent; not a percentile"
826784,Autarky,Autarky singleton,False,d430f653-3b42-400e-a706-8d3e326a3193,249,50,total,31,36,5,True,post,unranked,"insufficient: one series, one opponent; not a percentile"
826784,Autarky,Autarky singleton,False,d430f653-3b42-400e-a706-8d3e326a3193,249,100,bed_eats,41.0,52.0,11.0,True,post,unranked,"insufficient: one series, one opponent; not a percentile"
826784,Autarky,Autarky singleton,False,d430f653-3b42-400e-a706-8d3e326a3193,249,100,bed_capture,0.41836734693877553,0.5306122448979592,0.11224489795918369,True,post,unranked,"insufficient: one series, one opponent; not a percentile"
826784,Autarky,Autarky singleton,False,d430f653-3b42-400e-a706-8d3e326a3193,249,100,splits,34.0,45.0,11.0,True,post,unranked,"insufficient: one series, one opponent; not a percentile"
826784,Autarky,Autarky singleton,False,d430f653-3b42-400e-a706-8d3e326a3193,249,100,transits,6,22,16,True,post,unranked,"insufficient: one series, one opponent; not a percentile"
826784,Autarky,Autarky singleton,False,d430f653-3b42-400e-a706-8d3e326a3193,249,100,territory,0.5313786008230452,0.4686213991769547,-0.0627572016460905,True,post,unranked,"insufficient: one series, one opponent; not a percentile"
826784,Autarky,Autarky singleton,False,d430f653-3b42-400e-a706-8d3e326a3193,249,100,units,15,20,5,True,post,unranked,"insufficient: one series, one opponent; not a percentile"
826784,Autarky,Autarky singleton,False,d430f653-3b42-400e-a706-8d3e326a3193,249,100,total,37,48,11,True,post,unranked,"insufficient: one series, one opponent; not a percentile"
826784,Autarky,Autarky singleton,False,d430f653-3b42-400e-a706-8d3e326a3193,249,150,bed_eats,60.0,85.0,25.0,True,post,unranked,"insufficient: one series, one opponent; not a percentile"
826784,Autarky,Autarky singleton,False,d430f653-3b42-400e-a706-8d3e326a3193,249,150,bed_capture,0.38961038961038963,0.551948051948052,0.16233766233766234,True,post,unranked,"insufficient: one series, one opponent; not a percentile"
826784,Autarky,Autarky singleton,False,d430f653-3b42-400e-a706-8d3e326a3193,249,150,splits,49.0,69.0,20.0,True,post,unranked,"insufficient: one series, one opponent; not a percentile"
826784,Autarky,Autarky singleton,False,d430f653-3b42-400e-a706-8d3e326a3193,249,150,transits,12,32,20,True,post,unranked,"insufficient: one series, one opponent; not a percentile"
826784,Autarky,Autarky singleton,False,d430f653-3b42-400e-a706-8d3e326a3193,249,150,territory,0.4403292181069959,0.5596707818930041,0.11934156378600824,True,post,unranked,"insufficient: one series, one opponent; not a percentile"
826784,Autarky,Autarky singleton,False,d430f653-3b42-400e-a706-8d3e326a3193,249,150,units,11,26,15,True,post,unranked,"insufficient: one series, one opponent; not a percentile"
826784,Autarky,Autarky singleton,False,d430f653-3b42-400e-a706-8d3e326a3193,249,150,total,23,64,41,True,post,unranked,"insufficient: one series, one opponent; not a percentile"
826784,Autarky,Autarky singleton,False,d430f653-3b42-400e-a706-8d3e326a3193,249,250,bed_eats,82.0,139.0,57.0,True,post,unranked,"insufficient: one series, one opponent; not a percentile"
826784,Autarky,Autarky singleton,False,d430f653-3b42-400e-a706-8d3e326a3193,249,250,bed_capture,0.3565217391304348,0.6043478260869565,0.2478260869565217,True,post,unranked,"insufficient: one series, one opponent; not a percentile"
826784,Autarky,Autarky singleton,False,d430f653-3b42-400e-a706-8d3e326a3193,249,250,splits,63.0,114.0,51.0,True,post,unranked,"insufficient: one series, one opponent; not a percentile"
826784,Autarky,Autarky singleton,False,d430f653-3b42-400e-a706-8d3e326a3193,249,250,transits,21,80,59,True,post,unranked,"insufficient: one series, one opponent; not a percentile"
826784,Autarky,Autarky singleton,False,d430f653-3b42-400e-a706-8d3e326a3193,249,250,territory,0.1558641975308642,0.8441358024691358,0.6882716049382716,True,post,unranked,"insufficient: one series, one opponent; not a percentile"
826784,Autarky,Autarky singleton,False,d430f653-3b42-400e-a706-8d3e326a3193,249,250,units,6,46,40,True,post,unranked,"insufficient: one series, one opponent; not a percentile"
826784,Autarky,Autarky singleton,False,d430f653-3b42-400e-a706-8d3e326a3193,249,250,total,15,105,90,True,post,unranked,"insufficient: one series, one opponent; not a percentile"
826785,Devil,corridor/kelp,False,d430f653-3b42-400e-a706-8d3e326a3193,249,25,bed_eats,4.0,8.0,4.0,True,post,unranked,"insufficient: one series, one opponent; not a percentile"
826785,Devil,corridor/kelp,False,d430f653-3b42-400e-a706-8d3e326a3193,249,25,bed_capture,0.10256410256410256,0.20512820512820512,0.10256410256410256,True,post,unranked,"insufficient: one series, one opponent; not a percentile"
826785,Devil,corridor/kelp,False,d430f653-3b42-400e-a706-8d3e326a3193,249,25,splits,4.0,6.0,2.0,True,post,unranked,"insufficient: one series, one opponent; not a percentile"
826785,Devil,corridor/kelp,False,d430f653-3b42-400e-a706-8d3e326a3193,249,25,transits,0,0,0,True,post,unranked,"insufficient: one series, one opponent; not a percentile"
826785,Devil,corridor/kelp,False,d430f653-3b42-400e-a706-8d3e326a3193,249,25,territory,0.439453125,0.560546875,0.12109375,True,post,unranked,"insufficient: one series, one opponent; not a percentile"
826785,Devil,corridor/kelp,False,d430f653-3b42-400e-a706-8d3e326a3193,249,25,units,3,5,2,True,post,unranked,"insufficient: one series, one opponent; not a percentile"
826785,Devil,corridor/kelp,False,d430f653-3b42-400e-a706-8d3e326a3193,249,25,total,7,12,5,True,post,unranked,"insufficient: one series, one opponent; not a percentile"
826785,Devil,corridor/kelp,False,d430f653-3b42-400e-a706-8d3e326a3193,249,50,bed_eats,14.0,34.0,20.0,True,post,unranked,"insufficient: one series, one opponent; not a percentile"
826785,Devil,corridor/kelp,False,d430f653-3b42-400e-a706-8d3e326a3193,249,50,bed_capture,0.19444444444444445,0.4722222222222222,0.2777777777777778,True,post,unranked,"insufficient: one series, one opponent; not a percentile"
826785,Devil,corridor/kelp,False,d430f653-3b42-400e-a706-8d3e326a3193,249,50,splits,10.0,23.0,13.0,True,post,unranked,"insufficient: one series, one opponent; not a percentile"
826785,Devil,corridor/kelp,False,d430f653-3b42-400e-a706-8d3e326a3193,249,50,transits,0,0,0,True,post,unranked,"insufficient: one series, one opponent; not a percentile"
826785,Devil,corridor/kelp,False,d430f653-3b42-400e-a706-8d3e326a3193,249,50,territory,0.34375,0.65625,0.3125,True,post,unranked,"insufficient: one series, one opponent; not a percentile"
826785,Devil,corridor/kelp,False,d430f653-3b42-400e-a706-8d3e326a3193,249,50,units,3,14,11,True,post,unranked,"insufficient: one series, one opponent; not a percentile"
826785,Devil,corridor/kelp,False,d430f653-3b42-400e-a706-8d3e326a3193,249,50,total,7,31,24,True,post,unranked,"insufficient: one series, one opponent; not a percentile"
826785,Devil,corridor/kelp,False,d430f653-3b42-400e-a706-8d3e326a3193,249,100,bed_eats,20.0,92.0,72.0,False,post,unranked,"insufficient: one series, one opponent; not a percentile"
826785,Devil,corridor/kelp,False,d430f653-3b42-400e-a706-8d3e326a3193,249,100,bed_capture,0.15625,0.71875,0.5625,False,post,unranked,"insufficient: one series, one opponent; not a percentile"
826785,Devil,corridor/kelp,False,d430f653-3b42-400e-a706-8d3e326a3193,249,100,splits,15.0,58.0,43.0,False,post,unranked,"insufficient: one series, one opponent; not a percentile"
826785,Devil,corridor/kelp,False,d430f653-3b42-400e-a706-8d3e326a3193,249,100,transits,0,0,0,False,post,unranked,"insufficient: one series, one opponent; not a percentile"
826785,Devil,corridor/kelp,False,d430f653-3b42-400e-a706-8d3e326a3193,249,100,territory,0.0,1.0,1.0,False,post,unranked,"insufficient: one series, one opponent; not a percentile"
826785,Devil,corridor/kelp,False,d430f653-3b42-400e-a706-8d3e326a3193,249,100,units,0,24,24,False,post,unranked,"insufficient: one series, one opponent; not a percentile"
826785,Devil,corridor/kelp,False,d430f653-3b42-400e-a706-8d3e326a3193,249,100,total,0,55,55,False,post,unranked,"insufficient: one series, one opponent; not a percentile"
826785,Devil,corridor/kelp,False,d430f653-3b42-400e-a706-8d3e326a3193,249,150,bed_eats,20.0,92.0,72.0,False,post,unranked,"insufficient: one series, one opponent; not a percentile"
826785,Devil,corridor/kelp,False,d430f653-3b42-400e-a706-8d3e326a3193,249,150,bed_capture,0.15625,0.71875,0.5625,False,post,unranked,"insufficient: one series, one opponent; not a percentile"
826785,Devil,corridor/kelp,False,d430f653-3b42-400e-a706-8d3e326a3193,249,150,splits,15.0,58.0,43.0,False,post,unranked,"insufficient: one series, one opponent; not a percentile"
826785,Devil,corridor/kelp,False,d430f653-3b42-400e-a706-8d3e326a3193,249,150,transits,0,0,0,False,post,unranked,"insufficient: one series, one opponent; not a percentile"
826785,Devil,corridor/kelp,False,d430f653-3b42-400e-a706-8d3e326a3193,249,150,territory,0.0,1.0,1.0,False,post,unranked,"insufficient: one series, one opponent; not a percentile"
826785,Devil,corridor/kelp,False,d430f653-3b42-400e-a706-8d3e326a3193,249,150,units,0,24,24,False,post,unranked,"insufficient: one series, one opponent; not a percentile"
826785,Devil,corridor/kelp,False,d430f653-3b42-400e-a706-8d3e326a3193,249,150,total,0,55,55,False,post,unranked,"insufficient: one series, one opponent; not a percentile"
826785,Devil,corridor/kelp,False,d430f653-3b42-400e-a706-8d3e326a3193,249,250,bed_eats,20.0,92.0,72.0,False,post,unranked,"insufficient: one series, one opponent; not a percentile"
826785,Devil,corridor/kelp,False,d430f653-3b42-400e-a706-8d3e326a3193,249,250,bed_capture,0.15625,0.71875,0.5625,False,post,unranked,"insufficient: one series, one opponent; not a percentile"
826785,Devil,corridor/kelp,False,d430f653-3b42-400e-a706-8d3e326a3193,249,250,splits,15.0,58.0,43.0,False,post,unranked,"insufficient: one series, one opponent; not a percentile"
826785,Devil,corridor/kelp,False,d430f653-3b42-400e-a706-8d3e326a3193,249,250,transits,0,0,0,False,post,unranked,"insufficient: one series, one opponent; not a percentile"
826785,Devil,corridor/kelp,False,d430f653-3b42-400e-a706-8d3e326a3193,249,250,territory,0.0,1.0,1.0,False,post,unranked,"insufficient: one series, one opponent; not a percentile"
826785,Devil,corridor/kelp,False,d430f653-3b42-400e-a706-8d3e326a3193,249,250,units,0,24,24,False,post,unranked,"insufficient: one series, one opponent; not a percentile"
826785,Devil,corridor/kelp,False,d430f653-3b42-400e-a706-8d3e326a3193,249,250,total,0,55,55,False,post,unranked,"insufficient: one series, one opponent; not a percentile"
826786,Trauma,corridor/kelp,False,d430f653-3b42-400e-a706-8d3e326a3193,249,25,bed_eats,9.0,2.0,-7.0,True,post,unranked,"insufficient: one series, one opponent; not a percentile"
826786,Trauma,corridor/kelp,False,d430f653-3b42-400e-a706-8d3e326a3193,249,25,bed_capture,0.225,0.05,-0.175,True,post,unranked,"insufficient: one series, one opponent; not a percentile"
826786,Trauma,corridor/kelp,False,d430f653-3b42-400e-a706-8d3e326a3193,249,25,splits,4.0,3.0,-1.0,True,post,unranked,"insufficient: one series, one opponent; not a percentile"
826786,Trauma,corridor/kelp,False,d430f653-3b42-400e-a706-8d3e326a3193,249,25,transits,1,0,-1,True,post,unranked,"insufficient: one series, one opponent; not a percentile"
826786,Trauma,corridor/kelp,False,d430f653-3b42-400e-a706-8d3e326a3193,249,25,territory,0.5,0.5,0.0,True,post,unranked,"insufficient: one series, one opponent; not a percentile"
826786,Trauma,corridor/kelp,False,d430f653-3b42-400e-a706-8d3e326a3193,249,25,units,6,5,-1,True,post,unranked,"insufficient: one series, one opponent; not a percentile"
826786,Trauma,corridor/kelp,False,d430f653-3b42-400e-a706-8d3e326a3193,249,25,total,16,10,-6,True,post,unranked,"insufficient: one series, one opponent; not a percentile"
826786,Trauma,corridor/kelp,False,d430f653-3b42-400e-a706-8d3e326a3193,249,50,bed_eats,24.0,4.0,-20.0,True,post,unranked,"insufficient: one series, one opponent; not a percentile"
826786,Trauma,corridor/kelp,False,d430f653-3b42-400e-a706-8d3e326a3193,249,50,bed_capture,0.36363636363636365,0.06060606060606061,-0.30303030303030304,True,post,unranked,"insufficient: one series, one opponent; not a percentile"
826786,Trauma,corridor/kelp,False,d430f653-3b42-400e-a706-8d3e326a3193,249,50,splits,13.0,4.0,-9.0,True,post,unranked,"insufficient: one series, one opponent; not a percentile"
826786,Trauma,corridor/kelp,False,d430f653-3b42-400e-a706-8d3e326a3193,249,50,transits,5,2,-3,True,post,unranked,"insufficient: one series, one opponent; not a percentile"
826786,Trauma,corridor/kelp,False,d430f653-3b42-400e-a706-8d3e326a3193,249,50,territory,0.5,0.5,0.0,True,post,unranked,"insufficient: one series, one opponent; not a percentile"
826786,Trauma,corridor/kelp,False,d430f653-3b42-400e-a706-8d3e326a3193,249,50,units,12,6,-6,True,post,unranked,"insufficient: one series, one opponent; not a percentile"
826786,Trauma,corridor/kelp,False,d430f653-3b42-400e-a706-8d3e326a3193,249,50,total,27,12,-15,True,post,unranked,"insufficient: one series, one opponent; not a percentile"
826786,Trauma,corridor/kelp,False,d430f653-3b42-400e-a706-8d3e326a3193,249,100,bed_eats,58.0,16.0,-42.0,True,post,unranked,"insufficient: one series, one opponent; not a percentile"
826786,Trauma,corridor/kelp,False,d430f653-3b42-400e-a706-8d3e326a3193,249,100,bed_capture,0.4915254237288136,0.13559322033898305,-0.35593220338983056,True,post,unranked,"insufficient: one series, one opponent; not a percentile"
826786,Trauma,corridor/kelp,False,d430f653-3b42-400e-a706-8d3e326a3193,249,100,splits,31.0,5.0,-26.0,True,post,unranked,"insufficient: one series, one opponent; not a percentile"
826786,Trauma,corridor/kelp,False,d430f653-3b42-400e-a706-8d3e326a3193,249,100,transits,22,7,-15,True,post,unranked,"insufficient: one series, one opponent; not a percentile"
826786,Trauma,corridor/kelp,False,d430f653-3b42-400e-a706-8d3e326a3193,249,100,territory,0.5026223776223776,0.4973776223776224,-0.005244755244755206,True,post,unranked,"insufficient: one series, one opponent; not a percentile"
826786,Trauma,corridor/kelp,False,d430f653-3b42-400e-a706-8d3e326a3193,249,100,units,22,7,-15,True,post,unranked,"insufficient: one series, one opponent; not a percentile"
826786,Trauma,corridor/kelp,False,d430f653-3b42-400e-a706-8d3e326a3193,249,100,total,50,17,-33,True,post,unranked,"insufficient: one series, one opponent; not a percentile"
826786,Trauma,corridor/kelp,False,d430f653-3b42-400e-a706-8d3e326a3193,249,150,bed_eats,119.0,68.0,-51.0,True,post,unranked,"insufficient: one series, one opponent; not a percentile"
826786,Trauma,corridor/kelp,False,d430f653-3b42-400e-a706-8d3e326a3193,249,150,bed_capture,0.5920398009950248,0.3383084577114428,-0.25373134328358204,True,post,unranked,"insufficient: one series, one opponent; not a percentile"
826786,Trauma,corridor/kelp,False,d430f653-3b42-400e-a706-8d3e326a3193,249,150,splits,70.0,36.0,-34.0,True,post,unranked,"insufficient: one series, one opponent; not a percentile"
826786,Trauma,corridor/kelp,False,d430f653-3b42-400e-a706-8d3e326a3193,249,150,transits,47,16,-31,True,post,unranked,"insufficient: one series, one opponent; not a percentile"
826786,Trauma,corridor/kelp,False,d430f653-3b42-400e-a706-8d3e326a3193,249,150,territory,0.4833916083916084,0.5166083916083916,0.033216783216783174,True,post,unranked,"insufficient: one series, one opponent; not a percentile"
826786,Trauma,corridor/kelp,False,d430f653-3b42-400e-a706-8d3e326a3193,249,150,units,37,20,-17,True,post,unranked,"insufficient: one series, one opponent; not a percentile"
826786,Trauma,corridor/kelp,False,d430f653-3b42-400e-a706-8d3e326a3193,249,150,total,83,46,-37,True,post,unranked,"insufficient: one series, one opponent; not a percentile"
826786,Trauma,corridor/kelp,False,d430f653-3b42-400e-a706-8d3e326a3193,249,250,bed_eats,233.0,163.0,-70.0,True,post,unranked,"insufficient: one series, one opponent; not a percentile"
826786,Trauma,corridor/kelp,False,d430f653-3b42-400e-a706-8d3e326a3193,249,250,bed_capture,0.5587529976019184,0.3908872901678657,-0.1678657074340527,True,post,unranked,"insufficient: one series, one opponent; not a percentile"
826786,Trauma,corridor/kelp,False,d430f653-3b42-400e-a706-8d3e326a3193,249,250,splits,152.0,98.0,-54.0,True,post,unranked,"insufficient: one series, one opponent; not a percentile"
826786,Trauma,corridor/kelp,False,d430f653-3b42-400e-a706-8d3e326a3193,249,250,transits,100,43,-57,True,post,unranked,"insufficient: one series, one opponent; not a percentile"
826786,Trauma,corridor/kelp,False,d430f653-3b42-400e-a706-8d3e326a3193,249,250,territory,0.5965909090909091,0.4034090909090909,-0.19318181818181818,True,post,unranked,"insufficient: one series, one opponent; not a percentile"
826786,Trauma,corridor/kelp,False,d430f653-3b42-400e-a706-8d3e326a3193,249,250,units,58,34,-24,True,post,unranked,"insufficient: one series, one opponent; not a percentile"
826786,Trauma,corridor/kelp,False,d430f653-3b42-400e-a706-8d3e326a3193,249,250,total,130,73,-57,True,post,unranked,"insufficient: one series, one opponent; not a percentile"
