feature,map,result,n,mean,p10,p25,p50,p75,p90,p5,p95
units@25,Portals,win,56,6.321428571428571,5.0,5.0,6.0,8.0,9.0,,
units@25,Portals,loss,56,5.428571428571429,3.0,5.0,6.0,6.0,7.0,,
units@25,Portals,all,112,5.875,4.0,5.0,6.0,6.0,8.0,,
units@25,Prisoners Dilemma,win,56,7.892857142857143,3.5,5.75,8.0,10.0,11.0,,
units@25,Prisoners Dilemma,loss,56,3.4642857142857144,1.0,2.0,2.0,6.0,7.0,,
units@25,Prisoners Dilemma,all,112,5.678571428571429,1.1000000000000014,2.0,6.0,9.0,11.0,,
units@25,Devil,win,56,8.714285714285714,7.0,7.75,9.0,10.0,11.0,,
units@25,Devil,loss,56,6.892857142857143,5.0,6.0,7.0,8.0,8.0,,
units@25,Devil,all,112,7.803571428571429,5.100000000000001,7.0,8.0,9.0,10.0,,
units@25,Trophy,win,56,5.75,4.0,5.0,5.0,7.0,7.5,,
units@25,Trophy,loss,56,4.732142857142857,3.0,4.0,5.0,5.0,7.0,,
units@25,Trophy,all,112,5.241071428571429,3.0,5.0,5.0,6.0,7.0,,
units@25,Autarky,win,56,13.089285714285714,9.5,11.0,13.5,15.0,16.5,,
units@25,Autarky,loss,56,11.339285714285714,8.0,8.75,12.0,13.25,15.0,,
units@25,Autarky,all,112,12.214285714285714,8.0,10.0,12.0,15.0,16.0,,
units@25,Default,win,56,7.482142857142857,7.0,7.0,8.0,8.0,8.0,,
units@25,Default,loss,56,7.071428571428571,6.0,6.0,7.0,8.0,8.0,,
units@25,Default,all,112,7.276785714285714,6.0,7.0,8.0,8.0,8.0,,
units@25,Queen Of Spades,win,56,2.4107142857142856,2.0,2.0,2.0,3.0,3.0,,
units@25,Queen Of Spades,loss,56,2.25,2.0,2.0,2.0,2.25,3.0,,
units@25,Queen Of Spades,all,112,2.330357142857143,2.0,2.0,2.0,3.0,3.0,,
units@25,Schooltime,win,56,6.125,5.0,6.0,6.0,7.0,7.0,,
units@25,Schooltime,loss,56,5.767857142857143,5.0,6.0,6.0,6.0,6.0,,
units@25,Schooltime,all,112,5.946428571428571,5.0,6.0,6.0,6.0,7.0,,
units@25,Slithery Fight,win,56,28.071428571428573,24.5,27.0,29.0,30.0,31.0,,
units@25,Slithery Fight,loss,56,28.571428571428573,20.0,27.0,29.0,32.0,34.0,,
units@25,Slithery Fight,all,112,28.321428571428573,20.0,27.0,29.0,30.0,33.0,,
units@25,Trauma,win,55,4.127272727272727,4.0,4.0,4.0,4.0,5.0,,
units@25,Trauma,loss,55,4.0,4.0,4.0,4.0,4.0,4.0,,
units@25,Trauma,all,112,4.0625,4.0,4.0,4.0,4.0,4.0,,
units@25,ALL,win,559,9.007155635062611,,5.0,7.0,10.0,,2.0,29.0
units@25,ALL,loss,559,7.958855098389982,,4.0,6.0,8.0,,2.0,29.0
units@25,ALL,all,1120,8.475,,4.0,6.0,9.0,,2.0,29.0
units_share@25,Portals,win,56,0.5363108034589127,0.42857142857142855,0.4636363636363636,0.5454545454545454,0.6153846153846154,0.6547619047619048,,
units_share@25,Portals,loss,56,0.4636891965410873,0.34523809523809523,0.38461538461538464,0.45454545454545453,0.5363636363636364,0.5714285714285714,,
units_share@25,Portals,all,112,0.5,0.37596153846153846,0.42857142857142855,0.5,0.5714285714285714,0.6240384615384615,,
units_share@25,Prisoners Dilemma,win,56,0.709854031939116,0.48333333333333334,0.5714285714285714,0.7595238095238095,0.8461538461538461,0.9090909090909091,,
units_share@25,Prisoners Dilemma,loss,56,0.29014596806088394,0.09090909090909091,0.15384615384615385,0.24047619047619045,0.42857142857142855,0.5166666666666666,,
units_share@25,Prisoners Dilemma,all,112,0.5,0.11250000000000002,0.21428571428571427,0.5,0.7857142857142857,0.8875000000000001,,
units_share@25,Devil,win,56,0.5587657949942338,0.4666666666666667,0.5294117647058824,0.5625,0.6,0.6428571428571429,,
units_share@25,Devil,loss,56,0.44123420500576627,0.35714285714285715,0.4,0.4375,0.47058823529411764,0.5333333333333333,,
units_share@25,Devil,all,112,0.5,0.3888888888888889,0.43526785714285715,0.5,0.5647321428571428,0.6111111111111112,,
units_share@25,Trophy,win,56,0.5454590548340548,0.4166666666666667,0.5,0.5454545454545454,0.6038461538461538,0.6833333333333333,,
units_share@25,Trophy,loss,56,0.4545409451659451,0.31666666666666665,0.3961538461538462,0.45454545454545453,0.5,0.5833333333333334,,
units_share@25,Trophy,all,112,0.5,0.33636363636363636,0.4166666666666667,0.5,0.5833333333333334,0.6636363636363638,,
units_share@25,Autarky,win,56,0.5376978294456013,0.40824915824915825,0.46279761904761907,0.52,0.6430434782608696,0.68,,
units_share@25,Autarky,loss,56,0.46230217055439876,0.32,0.3569565217391304,0.48,0.5372023809523809,0.5917508417508417,,
units_share@25,Autarky,all,112,0.5,0.34782608695652173,0.4225708502024291,0.5,0.5774291497975708,0.6521739130434783,,
units_share@25,Default,win,56,0.5158250304783918,0.4666666666666667,0.5,0.5,0.5384615384615384,0.5714285714285714,,
units_share@25,Default,loss,56,0.48417496952160816,0.42857142857142855,0.46153846153846156,0.5,0.5,0.5333333333333333,,
units_share@25,Default,all,112,0.5,0.46153846153846156,0.4666666666666667,0.5,0.5333333333333333,0.5384615384615384,,
units_share@25,Queen Of Spades,win,56,0.5142857142857142,0.4,0.5,0.5,0.6,0.6,,
units_share@25,Queen Of Spades,loss,56,0.48571428571428577,0.4,0.4,0.5,0.5,0.6,,
units_share@25,Queen Of Spades,all,112,0.5,0.4,0.4,0.5,0.6,0.6,,
units_share@25,Schooltime,win,56,0.5149350649350649,0.46153846153846156,0.5,0.5,0.5384615384615384,0.5419580419580419,,
units_share@25,Schooltime,loss,56,0.4850649350649351,0.458041958041958,0.46153846153846156,0.5,0.5,0.5384615384615384,,
units_share@25,Schooltime,all,112,0.5,0.46153846153846156,0.46153846153846156,0.5,0.5384615384615384,0.5384615384615384,,
units_share@25,Slithery Fight,win,56,0.4973769359013757,0.4300958861738323,0.46849798387096775,0.49179445789615284,0.519748789346247,0.5811403508771931,,
units_share@25,Slithery Fight,loss,56,0.5026230640986243,0.41885964912280704,0.48025121065375304,0.5082055421038472,0.5315020161290323,0.5699041138261676,,
units_share@25,Slithery Fight,all,112,0.5,0.425531914893617,0.46875,0.5,0.53125,0.574468085106383,,
units_share@25,Trauma,win,55,0.5070707070707072,0.5,0.5,0.5,0.5,0.5555555555555556,,
units_share@25,Trauma,loss,55,0.4929292929292927,0.4444444444444444,0.5,0.5,0.5,0.5,,
units_share@25,Trauma,all,112,0.5,0.5,0.5,0.5,0.5,0.5,,
units_share@25,ALL,win,559,0.5438237271272753,,0.5,0.5081967213114754,0.5833333333333334,,0.4,0.7857142857142857
units_share@25,ALL,loss,559,0.4561762728727246,,0.4166666666666667,0.4918032786885246,0.5,,0.21428571428571427,0.6
units_share@25,ALL,all,1120,0.5,,0.45454545454545453,0.5,0.5454545454545454,,0.3333333333333333,0.6666666666666666
total@25,Portals,win,56,15.482142857142858,12.0,13.0,15.0,19.0,21.0,,
total@25,Portals,loss,56,14.071428571428571,9.0,13.0,14.0,15.25,17.5,,
total@25,Portals,all,112,14.776785714285714,11.0,13.0,14.5,16.0,19.0,,
total@25,Prisoners Dilemma,win,56,19.767857142857142,13.0,16.75,20.5,24.0,25.0,,
total@25,Prisoners Dilemma,loss,56,9.392857142857142,4.0,6.0,7.5,14.25,16.5,,
total@25,Prisoners Dilemma,all,112,14.580357142857142,6.0,7.75,16.0,21.0,24.0,,
total@25,Devil,win,56,20.714285714285715,16.0,18.0,21.0,23.0,26.5,,
total@25,Devil,loss,56,15.482142857142858,12.0,14.0,15.0,17.0,18.0,,
total@25,Devil,all,112,18.098214285714285,13.0,15.0,18.0,21.25,24.0,,
total@25,Trophy,win,56,14.553571428571429,11.0,12.0,13.0,18.0,20.0,,
total@25,Trophy,loss,56,11.125,7.5,8.0,11.0,13.0,16.0,,
total@25,Trophy,all,112,12.839285714285714,8.0,11.0,12.0,15.0,18.0,,
total@25,Autarky,win,56,35.17857142857143,27.0,32.75,36.0,38.0,41.0,,
total@25,Autarky,loss,56,28.214285714285715,20.0,22.0,28.0,34.25,37.0,,
total@25,Autarky,all,112,31.696428571428573,20.1,27.0,33.5,37.25,39.0,,
total@25,Default,win,56,16.946428571428573,15.0,16.0,17.0,18.0,19.0,,
total@25,Default,loss,56,15.660714285714286,13.0,14.0,16.0,17.0,18.5,,
total@25,Default,all,112,16.303571428571427,13.0,16.0,17.0,18.0,19.0,,
total@25,Queen Of Spades,win,56,6.785714285714286,6.0,6.0,7.0,7.0,8.0,,
total@25,Queen Of Spades,loss,56,6.321428571428571,6.0,6.0,6.0,7.0,7.0,,
total@25,Queen Of Spades,all,112,6.553571428571429,6.0,6.0,6.0,7.0,7.0,,
total@25,Schooltime,win,56,13.517857142857142,10.0,13.0,14.0,15.0,16.0,,
total@25,Schooltime,loss,56,12.607142857142858,11.0,12.0,13.0,14.0,14.0,,
total@25,Schooltime,all,112,13.0625,10.100000000000001,12.0,13.0,14.0,15.0,,
total@25,Slithery Fight,win,56,71.73214285714286,66.0,68.0,73.0,75.0,79.0,,
total@25,Slithery Fight,loss,56,75.53571428571429,68.0,71.75,76.0,79.0,83.0,,
total@25,Slithery Fight,all,112,73.63392857142857,67.0,69.0,73.0,79.0,80.0,,
total@25,Trauma,win,55,8.636363636363637,8.0,8.0,8.0,8.0,13.0,,
total@25,Trauma,loss,55,8.0,8.0,8.0,8.0,8.0,8.0,,
total@25,Trauma,all,112,8.3125,8.0,8.0,8.0,8.0,8.0,,
total@25,ALL,win,559,22.355992844364938,,12.0,16.0,23.5,,7.0,73.0
total@25,ALL,loss,559,19.661896243291594,,8.0,14.0,18.0,,6.0,76.0
total@25,ALL,all,1120,20.985714285714284,,9.0,15.0,21.0,,6.0,73.0
total_share@25,Portals,win,56,0.5222727422357646,0.4258241758241758,0.4660714285714286,0.5144747725392886,0.59375,0.6111111111111112,,
total_share@25,Portals,loss,56,0.4777272577642354,0.3888888888888889,0.40625,0.48552522746071136,0.5339285714285714,0.5741758241758241,,
total_share@25,Portals,all,112,0.5,0.3921739130434783,0.44650101419878296,0.5,0.553498985801217,0.6078260869565218,,
total_share@25,Prisoners Dilemma,win,56,0.6944330722722987,0.47853535353535354,0.5675675675675675,0.7289402173913043,0.8,0.8585526315789473,,
total_share@25,Prisoners Dilemma,loss,56,0.3055669277277013,0.14144736842105263,0.2,0.2710597826086957,0.43243243243243246,0.5214646464646464,,
total_share@25,Prisoners Dilemma,all,112,0.5,0.18810483870967742,0.27615489130434784,0.5,0.7238451086956521,0.8118951612903226,,
total_share@25,Devil,win,56,0.5708611173139676,0.5067567567567568,0.5512931034482759,0.5759615384615384,0.6,0.6258741258741258,,
total_share@25,Devil,loss,56,0.42913888268603223,0.37412587412587417,0.4,0.42403846153846153,0.44870689655172413,0.49324324324324326,,
total_share@25,Devil,all,112,0.5,0.39526315789473687,0.42395104895104896,0.5,0.576048951048951,0.6047368421052631,,
total_share@25,Trophy,win,56,0.5626742057935213,0.40824915824915825,0.4707646176911544,0.6,0.6428571428571429,0.6870629370629371,,
total_share@25,Trophy,loss,56,0.43732579420647866,0.3129370629370629,0.35714285714285715,0.4,0.5292353823088456,0.5917508417508417,,
total_share@25,Trophy,all,112,0.5,0.34335403726708075,0.4,0.5,0.6,0.6566459627329193,,
total_share@25,Autarky,win,56,0.5583804495904362,0.47512285012285016,0.5069483568075117,0.5461647727272727,0.634090909090909,0.6641025641025641,,
total_share@25,Autarky,loss,56,0.44161955040956385,0.3358974358974359,0.3659090909090909,0.4538352272727273,0.4930516431924883,0.5248771498771498,,
total_share@25,Autarky,all,112,0.5,0.34855699855699857,0.44981884057971017,0.5,0.5501811594202899,0.6514430014430014,,
total_share@25,Default,win,56,0.5213178426713413,0.4714052287581699,0.5,0.5151515151515151,0.5461876832844574,0.5666666666666667,,
total_share@25,Default,loss,56,0.47868215732865865,0.43333333333333335,0.4538123167155425,0.48484848484848486,0.5,0.5285947712418301,,
total_share@25,Default,all,112,0.5,0.44860956618464964,0.47058823529411764,0.5,0.5294117647058824,0.5513904338153504,,
total_share@25,Queen Of Spades,win,56,0.5166535845107274,0.46153846153846156,0.5,0.5192307692307692,0.5384615384615384,0.5714285714285714,,
total_share@25,Queen Of Spades,loss,56,0.48334641548927265,0.42857142857142855,0.46153846153846156,0.4807692307692308,0.5,0.5384615384615384,,
total_share@25,Queen Of Spades,all,112,0.5,0.46153846153846156,0.46153846153846156,0.5,0.5384615384615384,0.5384615384615384,,
total_share@25,Schooltime,win,56,0.5171658122671455,0.46726190476190477,0.48148148148148145,0.5178799489144317,0.5357142857142857,0.5634920634920635,,
total_share@25,Schooltime,loss,56,0.48283418773285447,0.4365079365079365,0.4642857142857143,0.4821200510855683,0.5185185185185185,0.5327380952380952,,
total_share@25,Schooltime,all,112,0.5,0.4489028213166144,0.47619047619047616,0.5,0.5238095238095238,0.5510971786833856,,
total_share@25,Slithery Fight,win,56,0.48732973546220826,0.45517241379310347,0.4676178838412881,0.484893230349841,0.5032814238042269,0.5200035561877667,,
total_share@25,Slithery Fight,loss,56,0.5126702645377917,0.4799964438122333,0.4967185761957731,0.515106769650159,0.5323821161587119,0.5448275862068965,,
total_share@25,Slithery Fight,all,112,0.5,0.45901369863013697,0.48026315789473684,0.5,0.5197368421052632,0.540986301369863,,
total_share@25,Trauma,win,55,0.5151515151515154,0.5,0.5,0.5,0.5,0.6190476190476191,,
total_share@25,Trauma,loss,55,0.4848484848484847,0.38095238095238093,0.5,0.5,0.5,0.5,,
total_share@25,Trauma,all,112,0.5,0.5,0.5,0.5,0.5,0.5,,
total_share@25,ALL,win,559,0.5466803091447375,,0.5,0.5205479452054794,0.5897435897435898,,0.43478260869565216,0.7427419354838711
total_share@25,ALL,loss,559,0.4533196908552623,,0.41025641025641024,0.4794520547945205,0.5,,0.25725806451612904,0.5652173913043478
total_share@25,ALL,all,1120,0.5,,0.46153846153846156,0.5,0.5384615384615384,,0.3333333333333333,0.6666666666666666
longest@25,Portals,win,56,3.3214285714285716,3.0,3.0,3.0,4.0,4.0,,
longest@25,Portals,loss,56,3.4642857142857144,3.0,3.0,3.0,4.0,4.0,,
longest@25,Portals,all,112,3.392857142857143,3.0,3.0,3.0,4.0,4.0,,
longest@25,Prisoners Dilemma,win,56,4.303571428571429,3.0,3.0,3.0,4.25,6.0,,
longest@25,Prisoners Dilemma,loss,56,3.482142857142857,2.5,3.0,3.0,3.0,5.5,,
longest@25,Prisoners Dilemma,all,112,3.892857142857143,3.0,3.0,3.0,4.0,6.0,,
longest@25,Devil,win,56,3.8392857142857144,2.5,3.0,3.0,6.0,6.0,,
longest@25,Devil,loss,56,2.9107142857142856,2.0,3.0,3.0,3.0,3.5,,
longest@25,Devil,all,112,3.375,2.0,3.0,3.0,4.0,6.0,,
longest@25,Trophy,win,56,3.1607142857142856,3.0,3.0,3.0,3.0,4.0,,
longest@25,Trophy,loss,56,2.857142857142857,2.0,3.0,3.0,3.0,3.0,,
longest@25,Trophy,all,112,3.0089285714285716,3.0,3.0,3.0,3.0,3.0,,
longest@25,Autarky,win,56,5.982142857142857,3.0,3.0,4.0,6.0,13.0,,
longest@25,Autarky,loss,56,3.517857142857143,3.0,3.0,3.0,4.0,4.0,,
longest@25,Autarky,all,112,4.75,3.0,3.0,4.0,4.0,13.0,,
longest@25,Default,win,56,2.982142857142857,3.0,3.0,3.0,3.0,3.0,,
longest@25,Default,loss,56,2.9285714285714284,3.0,3.0,3.0,3.0,3.0,,
longest@25,Default,all,112,2.955357142857143,3.0,3.0,3.0,3.0,3.0,,
longest@25,Queen Of Spades,win,56,3.267857142857143,3.0,3.0,3.0,4.0,4.0,,
longest@25,Queen Of Spades,loss,56,3.0357142857142856,3.0,3.0,3.0,3.0,3.0,,
longest@25,Queen Of Spades,all,112,3.1517857142857144,3.0,3.0,3.0,3.0,4.0,,
longest@25,Schooltime,win,56,2.982142857142857,2.0,3.0,3.0,3.0,4.0,,
longest@25,Schooltime,loss,56,2.7857142857142856,2.0,2.0,3.0,3.0,3.0,,
longest@25,Schooltime,all,112,2.8839285714285716,2.0,2.0,3.0,3.0,4.0,,
longest@25,Slithery Fight,win,56,6.589285714285714,5.0,5.0,5.0,5.0,5.0,,
longest@25,Slithery Fight,loss,56,7.660714285714286,4.0,5.0,5.0,5.0,23.0,,
longest@25,Slithery Fight,all,112,7.125,4.0,5.0,5.0,5.0,23.0,,
longest@25,Trauma,win,55,2.381818181818182,2.0,2.0,2.0,2.0,5.0,,
longest@25,Trauma,loss,55,2.0,2.0,2.0,2.0,2.0,2.0,,
longest@25,Trauma,all,112,2.1875,2.0,2.0,2.0,2.0,2.0,,
longest@25,ALL,win,559,3.883720930232558,,3.0,3.0,4.0,,2.0,6.0
longest@25,ALL,loss,559,3.4669051878354202,,3.0,3.0,3.0,,2.0,5.0
longest@25,ALL,all,1120,3.6723214285714287,,3.0,3.0,4.0,,2.0,6.0
longest_share@25,Portals,win,56,0.489795918367347,0.42857142857142855,0.42857142857142855,0.5,0.5,0.5714285714285714,,
longest_share@25,Portals,loss,56,0.5102040816326531,0.42857142857142855,0.5,0.5,0.5714285714285714,0.5714285714285714,,
longest_share@25,Portals,all,112,0.5,0.42857142857142855,0.42857142857142855,0.5,0.5714285714285714,0.5714285714285714,,
longest_share@25,Prisoners Dilemma,win,56,0.5608243297318928,0.3875,0.5,0.5,0.625,0.7857142857142857,,
longest_share@25,Prisoners Dilemma,loss,56,0.4391756702681072,0.21428571428571427,0.375,0.5,0.5,0.6125,,
longest_share@25,Prisoners Dilemma,all,112,0.5,0.29047619047619055,0.42857142857142855,0.5,0.5714285714285714,0.7095238095238098,,
longest_share@25,Devil,win,56,0.5551445578231292,0.42857142857142855,0.5,0.5357142857142857,0.6666666666666666,0.6666666666666666,,
longest_share@25,Devil,loss,56,0.44485544217687073,0.3333333333333333,0.3333333333333333,0.4642857142857143,0.5,0.5714285714285714,,
longest_share@25,Devil,all,112,0.5,0.3333333333333333,0.42857142857142855,0.5,0.5714285714285714,0.6666666666666666,,
longest_share@25,Trophy,win,56,0.5261054421768707,0.5,0.5,0.5,0.5714285714285714,0.6,,
longest_share@25,Trophy,loss,56,0.4738945578231292,0.4,0.42857142857142855,0.5,0.5,0.5,,
longest_share@25,Trophy,all,112,0.5,0.42857142857142855,0.5,0.5,0.5,0.5714285714285714,,
longest_share@25,Autarky,win,56,0.5848976981143333,0.5,0.5,0.5714285714285714,0.6354166666666666,0.8125,,
longest_share@25,Autarky,loss,56,0.4151023018856665,0.1875,0.3645833333333333,0.42857142857142855,0.5,0.5,,
longest_share@25,Autarky,all,112,0.5,0.23843137254901964,0.42857142857142855,0.5,0.5714285714285714,0.7615686274509805,,
longest_share@25,Default,win,56,0.5053571428571428,0.5,0.5,0.5,0.5,0.5,,
longest_share@25,Default,loss,56,0.4946428571428572,0.5,0.5,0.5,0.5,0.5,,
longest_share@25,Default,all,112,0.5,0.5,0.5,0.5,0.5,0.5,,
longest_share@25,Queen Of Spades,win,56,0.5165816326530611,0.5,0.5,0.5,0.5178571428571428,0.5714285714285714,,
longest_share@25,Queen Of Spades,loss,56,0.4834183673469387,0.42857142857142855,0.48214285714285715,0.5,0.5,0.5,,
longest_share@25,Queen Of Spades,all,112,0.5,0.42857142857142855,0.5,0.5,0.5,0.5714285714285714,,
longest_share@25,Schooltime,win,56,0.5160714285714285,0.4,0.5,0.5,0.6,0.6,,
longest_share@25,Schooltime,loss,56,0.4839285714285714,0.4,0.4,0.5,0.5,0.6,,
longest_share@25,Schooltime,all,112,0.5,0.4,0.42857142857142855,0.5,0.5714285714285714,0.6,,
longest_share@25,Slithery Fight,win,56,0.48804799697656837,0.17857142857142858,0.5,0.5,0.5555555555555556,0.5555555555555556,,
longest_share@25,Slithery Fight,loss,56,0.5119520030234316,0.4444444444444444,0.4444444444444444,0.5,0.5,0.8214285714285714,,
longest_share@25,Slithery Fight,all,112,0.5,0.17857142857142858,0.5,0.5,0.5,0.8214285714285714,,
longest_share@25,Trauma,win,55,0.5272727272727274,0.5,0.5,0.5,0.5,0.7142857142857143,,
longest_share@25,Trauma,loss,55,0.4727272727272726,0.2857142857142857,0.5,0.5,0.5,0.5,,
longest_share@25,Trauma,all,112,0.5,0.5,0.5,0.5,0.5,0.5,,
longest_share@25,ALL,win,559,0.5270094172579952,,0.5,0.5,0.5714285714285714,,0.4,0.7161904761904766
longest_share@25,ALL,loss,559,0.4729905827420047,,0.42857142857142855,0.5,0.5,,0.28380952380952384,0.6
longest_share@25,ALL,all,1120,0.5,,0.5,0.5,0.5,,0.3333333333333333,0.6666666666666666
top1_share@25,Portals,win,56,0.22426779700040975,0.15789473684210525,0.19687500000000002,0.21428571428571427,0.25,0.2857142857142857,,
top1_share@25,Portals,loss,56,0.25683061716896305,0.2,0.2,0.23076923076923078,0.2857142857142857,0.3333333333333333,,
top1_share@25,Portals,all,112,0.2405492070846864,0.18181818181818182,0.2,0.23076923076923078,0.25,0.30692307692307697,,
top1_share@25,Prisoners Dilemma,win,56,0.24430974927692065,0.125,0.13488142292490118,0.1715686274509804,0.3076923076923077,0.45833333333333337,,
top1_share@25,Prisoners Dilemma,loss,52,0.45268458219500524,0.1775735294117647,0.2,0.5,0.5,1.0,,
top1_share@25,Prisoners Dilemma,all,108,0.34463837253377627,0.13043478260869565,0.15947368421052632,0.22252747252747251,0.5,0.6470588235294118,,
top1_share@25,Devil,win,56,0.18397245077374108,0.11555555555555555,0.1412337662337662,0.1875,0.21428571428571427,0.2608695652173913,,
top1_share@25,Devil,loss,56,0.19365610202491007,0.14285714285714285,0.16666666666666666,0.1875,0.23076923076923078,0.2583333333333333,,
top1_share@25,Devil,all,112,0.18881427639932555,0.12050000000000001,0.15789473684210525,0.1875,0.2222222222222222,0.2608695652173913,,
top1_share@25,Trophy,win,56,0.23734838224867646,0.15789473684210525,0.16666666666666666,0.25,0.2727272727272727,0.3333333333333333,,
top1_share@25,Trophy,loss,56,0.2736198794939396,0.1875,0.21071428571428572,0.25,0.3333333333333333,0.375,,
top1_share@25,Trophy,all,112,0.25548413087130806,0.16666666666666666,0.2,0.25,0.2727272727272727,0.37386363636363645,,
top1_share@25,Autarky,win,56,0.16809856593392083,0.08571428571428572,0.09736428009441385,0.1188235294117647,0.17805383022774326,0.34210526315789475,,
top1_share@25,Autarky,loss,56,0.13137459209148195,0.08571428571428572,0.09375,0.1176923076923077,0.15,0.19090909090909092,,
top1_share@25,Autarky,all,112,0.1497365790127014,0.08571428571428572,0.09639016897081412,0.1188235294117647,0.1525,0.34122807017543866,,
top1_share@25,Default,win,56,0.17832459768964634,0.15789473684210525,0.16666666666666666,0.17647058823529413,0.1875,0.2,,
top1_share@25,Default,loss,56,0.19136765904374262,0.15789473684210525,0.17401960784313725,0.1875,0.21428571428571427,0.23076923076923078,,
top1_share@25,Default,all,112,0.18484612836669448,0.15789473684210525,0.16666666666666666,0.17647058823529413,0.1875,0.21428571428571427,,
top1_share@25,Queen Of Spades,win,56,0.48561507936507936,0.42857142857142855,0.42857142857142855,0.5,0.5,0.5714285714285714,,
top1_share@25,Queen Of Spades,loss,56,0.48278061224489793,0.42857142857142855,0.48214285714285715,0.5,0.5,0.5,,
top1_share@25,Queen Of Spades,all,112,0.48419784580498865,0.42857142857142855,0.42857142857142855,0.5,0.5,0.5714285714285714,,
top1_share@25,Schooltime,win,56,0.22096046023304425,0.1715686274509804,0.2,0.21428571428571427,0.25,0.2857142857142857,,
top1_share@25,Schooltime,loss,56,0.22203481042766757,0.16666666666666666,0.21428571428571427,0.23076923076923078,0.23557692307692307,0.2727272727272727,,
top1_share@25,Schooltime,all,112,0.22149763533035594,0.16666666666666666,0.2,0.22252747252747251,0.25,0.2727272727272727,,
top1_share@25,Slithery Fight,win,56,0.09021583964532662,0.06666666666666667,0.06756756756756757,0.07092555331991951,0.07490954319312527,0.08066614623991672,,
top1_share@25,Slithery Fight,loss,56,0.10033734560197738,0.0484866294446077,0.05988660524450744,0.0684931506849315,0.07352941176470588,0.2911392405063291,,
top1_share@25,Slithery Fight,all,112,0.095276592623652,0.05069782538136969,0.06666666666666667,0.06944444444444445,0.07380377524143986,0.2911392405063291,,
top1_share@25,Trauma,win,55,0.26713286713286716,0.25,0.25,0.25,0.25,0.38461538461538464,,
top1_share@25,Trauma,loss,55,0.25,0.25,0.25,0.25,0.25,0.25,,
top1_share@25,Trauma,all,112,0.25841346153846156,0.25,0.25,0.25,0.25,0.25,,
top1_share@25,ALL,win,559,0.22995819558791866,,0.15,0.2,0.2608695652173913,,0.07132796780684104,0.5
top1_share@25,ALL,loss,555,0.25405709709478336,,0.16666666666666666,0.23076923076923078,0.2727272727272727,,0.0684931506849315,0.5
top1_share@25,ALL,all,1116,0.241978781560261,,0.15789473684210525,0.21428571428571427,0.2727272727272727,,0.06944444444444445,0.5
len_gini@25,Portals,win,56,0.10582131379828745,0.08055555555555549,0.09230769230769242,0.09999999999999987,0.125,0.14434523809523803,,
len_gini@25,Portals,loss,56,0.11332695169631256,0.09230769230769242,0.09782268170426056,0.09999999999999987,0.1436011904761904,0.1469907407407407,,
len_gini@25,Portals,all,112,0.1095741327473,0.09230769230769242,0.09230769230769242,0.09999999999999987,0.13419913419913415,0.14583333333333326,,
len_gini@25,Prisoners Dilemma,win,56,0.12050986688986422,0.04716386554621843,0.06818181818181834,0.0993421052631579,0.1495726495726496,0.2060185185185185,,
len_gini@25,Prisoners Dilemma,loss,56,0.04912920984031065,0.0,0.0,0.0,0.09523809523809534,0.10084033613445387,,
len_gini@25,Prisoners Dilemma,all,112,0.08481953836508745,0.0,0.0,0.08727272727272739,0.1014272186147186,0.16562500000000013,,
len_gini@25,Devil,win,56,0.1054193591442035,0.018333333333333424,0.06818181818181834,0.09523809523809512,0.13285984848484844,0.19875776397515543,,
len_gini@25,Devil,loss,56,0.0729675060737091,0.0,0.05147058823529416,0.08928571428571441,0.09999999999999987,0.10084033613445387,,
len_gini@25,Devil,all,112,0.08919343260895629,0.0,0.05572478991596641,0.08928571428571441,0.10088277735336565,0.18181818181818188,,
len_gini@25,Trophy,win,56,0.08651240644866016,0.01902173913043481,0.07272727272727275,0.09523809523809534,0.10000000000000009,0.14067460317460312,,
len_gini@25,Trophy,loss,56,0.0648273718762441,0.0,0.04807692307692307,0.08333333333333326,0.0930402930402931,0.10000000000000009,,
len_gini@25,Trophy,all,112,0.07566988916245213,0.0,0.06716200466200462,0.08333333333333348,0.10000000000000009,0.10000000000000009,,
len_gini@25,Autarky,win,56,0.16632297781000904,0.09229187953096873,0.10072115384615393,0.12251461988304091,0.1697409007600526,0.3301435406698565,,
len_gini@25,Autarky,loss,56,0.10947742772412769,0.08480392156862737,0.09523809523809534,0.10000000000000009,0.11993950923392616,0.1336328502415458,,
len_gini@25,Autarky,all,112,0.13790020276706838,0.08711389961389958,0.09740259740259738,0.11229260935143293,0.13528386182848423,0.3223290598290598,,
len_gini@25,Default,win,56,0.08097273690484662,0.05147058823529416,0.08194444444444438,0.08630952380952384,0.09523809523809512,0.10042016806722698,,
len_gini@25,Default,loss,56,0.0701811361889867,0.04912710698314415,0.05147058823529416,0.08333333333333326,0.08928571428571441,0.09696115288220541,,
len_gini@25,Default,all,112,0.07557693654691665,0.05147058823529416,0.05572478991596641,0.08333333333333326,0.0930402930402931,0.09868421052631571,,
len_gini@25,Queen Of Spades,win,56,0.05175264550264552,0.0,0.0,0.0714285714285714,0.09523809523809534,0.09523809523809534,,
len_gini@25,Queen Of Spades,loss,56,0.02593537414965989,0.0,0.0,0.0,0.07440476190476192,0.09523809523809534,,
len_gini@25,Queen Of Spades,all,112,0.03884400982615271,0.0,0.0,0.0,0.08333333333333348,0.09523809523809534,,
len_gini@25,Schooltime,win,56,0.06725376922330704,0.0,0.05714285714285716,0.0641025641025641,0.09999999999999992,0.11904761904761907,,
len_gini@25,Schooltime,loss,56,0.05915433772576627,0.0,0.0,0.0641025641025641,0.09523809523809512,0.09523809523809512,,
len_gini@25,Schooltime,all,112,0.06320405347453666,0.0,0.0,0.0641025641025641,0.09523809523809512,0.11904761904761907,,
len_gini@25,Slithery Fight,win,56,0.1606148226974133,0.1201944321696864,0.12990409764603306,0.14130434782608692,0.14661538461538454,0.16036837879047605,,
len_gini@25,Slithery Fight,loss,56,0.17946443372653492,0.1167604469866198,0.13240149187729827,0.14298245614035077,0.15203652014603924,0.3968354430379746,,
len_gini@25,Slithery Fight,all,112,0.17003962821197408,0.1201944321696864,0.13210665906559782,0.14176245210727956,0.15042998648336375,0.3968354430379746,,
len_gini@25,Trauma,win,55,0.023496503496503496,0.0,0.0,0.0,0.0,0.18461538461538463,,
len_gini@25,Trauma,loss,55,0.0,0.0,0.0,0.0,0.0,0.0,,
len_gini@25,Trauma,all,112,0.011538461538461539,0.0,0.0,0.0,0.0,0.0,,
len_gini@25,ALL,win,559,0.09699889446115377,,0.0641025641025641,0.09523809523809512,0.12746908264149637,,0.0,0.20370370370370372
len_gini@25,ALL,loss,559,0.07457955267279517,,0.0,0.08928571428571441,0.10000000000000009,,0.0,0.14814814814814814
len_gini@25,ALL,all,1120,0.08563602852489058,,0.042857142857142705,0.09180602006688954,0.11904761904761907,,0.0,0.18461538461538463
seen_share@25,Portals,win,56,0.7767159598214286,0.66796875,0.68212890625,0.7890625,0.86328125,0.91015625,,
seen_share@25,Portals,loss,56,0.7091238839285714,0.6328125,0.646484375,0.67578125,0.802734375,0.869140625,,
seen_share@25,Portals,all,112,0.742919921875,0.6341796875,0.6640625,0.73828125,0.81103515625,0.8906250000000001,,
seen_share@25,Prisoners Dilemma,win,56,0.8223702566964286,0.6845703125,0.736328125,0.87109375,0.91845703125,0.939453125,,
seen_share@25,Prisoners Dilemma,loss,56,0.6700962611607143,0.486328125,0.53564453125,0.6767578125,0.7626953125,0.8818359375,,
seen_share@25,Prisoners Dilemma,all,112,0.7462332589285714,0.5234375,0.66845703125,0.7421875,0.89306640625,0.93359375,,
seen_share@25,Devil,win,56,0.6717354910714286,0.595703125,0.65234375,0.685546875,0.7109375,0.716796875,,
seen_share@25,Devil,loss,56,0.6005161830357143,0.53515625,0.546875,0.599609375,0.64697265625,0.68359375,,
seen_share@25,Devil,all,112,0.6361258370535714,0.535546875,0.58984375,0.65234375,0.68994140625,0.71484375,,
seen_share@25,Trophy,win,56,0.6108000000000001,0.5327999999999999,0.5584,0.6048,0.6536,0.7128,,
seen_share@25,Trophy,loss,56,0.5603428571428571,0.4816,0.512,0.5624,0.6052,0.64,,
seen_share@25,Trophy,all,112,0.5855714285714286,0.49472,0.5372,0.5728,0.6292,0.6833600000000001,,
seen_share@25,Autarky,win,56,0.7414204879482656,0.6553497942386831,0.6872427983539094,0.7170781893004115,0.7584876543209876,0.9248971193415638,,
seen_share@25,Autarky,loss,56,0.6977145796590241,0.5390946502057613,0.5938786008230452,0.6661522633744856,0.7996399176954733,0.8801440329218106,,
seen_share@25,Autarky,all,112,0.719567533803645,0.5588477366255143,0.6435185185185185,0.7098765432098766,0.7680041152263374,0.9132716049382715,,
seen_share@25,Default,win,56,0.6736537388392857,0.5712890625,0.618896484375,0.67236328125,0.73876953125,0.7841796875,,
seen_share@25,Default,loss,56,0.6227504185267857,0.525390625,0.57421875,0.60400390625,0.6982421875,0.73974609375,,
seen_share@25,Default,all,112,0.6482020786830357,0.55009765625,0.582275390625,0.63720703125,0.724609375,0.765234375,,
seen_share@25,Queen Of Spades,win,56,0.4010816326530612,0.37714285714285717,0.386,0.404,0.41828571428571426,0.4268571428571428,,
seen_share@25,Queen Of Spades,loss,56,0.3746938775510204,0.2531428571428571,0.3682857142857143,0.3965714285714286,0.4225714285714286,0.45257142857142857,,
seen_share@25,Queen Of Spades,all,112,0.3878877551020408,0.26034285714285715,0.38371428571428573,0.3965714285714286,0.41828571428571426,0.44834285714285715,,
seen_share@25,Schooltime,win,56,0.28518601190476195,0.238125,0.2707291666666667,0.28708333333333336,0.3119791666666667,0.31895833333333334,,
seen_share@25,Schooltime,loss,56,0.2789360119047619,0.21479166666666666,0.2425,0.28625,0.30916666666666665,0.3258333333333333,,
seen_share@25,Schooltime,all,112,0.2820610119047619,0.22775,0.2677083333333333,0.286875,0.30916666666666665,0.31995833333333334,,
seen_share@25,Slithery Fight,win,56,0.5445431258923322,0.5311581422692534,0.5454144620811288,0.5526161081716637,0.5645208700764256,0.569077013521458,,
seen_share@25,Slithery Fight,loss,56,0.5270009238263207,0.43974132863021753,0.5283656672545561,0.543503821281599,0.5492357436801881,0.5564373897707231,,
seen_share@25,Slithery Fight,all,112,0.5357720248593265,0.43974132863021753,0.533068783068783,0.5464432686654909,0.558641975308642,0.5679012345679012,,
seen_share@25,Trauma,win,55,0.3250789141414141,0.2725694444444444,0.27994791666666663,0.3090277777777778,0.3559027777777778,0.4149305555555556,,
seen_share@25,Trauma,loss,55,0.32446338383838386,0.2630208333333333,0.2764756944444444,0.3090277777777778,0.3576388888888889,0.4157986111111111,,
seen_share@25,Trauma,all,112,0.32422650049603174,0.2638020833333333,0.2795138888888889,0.3090277777777778,0.3576388888888889,0.4157986111111111,,
seen_share@25,ALL,win,559,0.585723999549355,,0.4125714285714286,0.6128,0.716796875,,0.27758333333333335,0.9138237847222223
seen_share@25,ALL,loss,559,0.5369432664191668,,0.4157986111111111,0.546875,0.654296875,,0.2537142857142857,0.828125
seen_share@25,ALL,all,1120,0.5608567351277413,,0.4134285714285714,0.5665658528071722,0.691650390625,,0.2695416666666667,0.8888671874999998
visited_share@25,Portals,win,56,0.13291713169642858,0.1171875,0.12353515625,0.1328125,0.14306640625,0.150390625,,
visited_share@25,Portals,loss,56,0.126220703125,0.091796875,0.1162109375,0.1298828125,0.14453125,0.1484375,,
visited_share@25,Portals,all,112,0.12956891741071427,0.101953125,0.1171875,0.1328125,0.14453125,0.1484375,,
visited_share@25,Prisoners Dilemma,win,56,0.22356305803571427,0.0947265625,0.2060546875,0.2421875,0.28125,0.30078125,,
visited_share@25,Prisoners Dilemma,loss,56,0.12939453125,0.0458984375,0.080078125,0.087890625,0.21142578125,0.2353515625,,
visited_share@25,Prisoners Dilemma,all,112,0.17647879464285715,0.0625,0.0859375,0.20703125,0.25439453125,0.290625,,
visited_share@25,Devil,win,56,0.20856584821428573,0.1923828125,0.19921875,0.208984375,0.212890625,0.232421875,,
visited_share@25,Devil,loss,56,0.18673270089285715,0.16796875,0.171875,0.1884765625,0.197265625,0.2041015625,,
visited_share@25,Devil,all,112,0.19764927455357142,0.1701171875,0.181640625,0.197265625,0.2109375,0.22265625,,
visited_share@25,Trophy,win,56,0.1227142857142857,0.1104,0.1164,0.1216,0.1296,0.1376,,
visited_share@25,Trophy,loss,56,0.11122857142857143,0.092,0.1036,0.112,0.1204,0.1256,,
visited_share@25,Trophy,all,112,0.11697142857142857,0.1008,0.1104,0.1184,0.1264,0.1312,,
visited_share@25,Autarky,win,56,0.20965608465608465,0.16152263374485598,0.16949588477366256,0.22788065843621397,0.23791152263374485,0.24382716049382716,,
visited_share@25,Autarky,loss,56,0.18494635508524396,0.12808641975308643,0.1388888888888889,0.19547325102880658,0.2227366255144033,0.23405349794238683,,
visited_share@25,Autarky,all,112,0.19730121987066432,0.1368312757201646,0.16718106995884774,0.21707818930041153,0.23353909465020575,0.24063786008230453,,
visited_share@25,Default,win,56,0.14756556919642858,0.123046875,0.137451171875,0.1455078125,0.1611328125,0.17138671875,,
visited_share@25,Default,loss,56,0.13575962611607142,0.107421875,0.123046875,0.1337890625,0.145751953125,0.162109375,,
visited_share@25,Default,all,112,0.14166259765625,0.1162109375,0.129638671875,0.142578125,0.155517578125,0.16796875,,
visited_share@25,Queen Of Spades,win,56,0.05448979591836734,0.05142857142857143,0.05342857142857143,0.054857142857142854,0.056,0.05714285714285714,,
visited_share@25,Queen Of Spades,loss,56,0.05389795918367346,0.04685714285714286,0.05028571428571429,0.054857142857142854,0.057428571428571426,0.05942857142857143,,
visited_share@25,Queen Of Spades,all,112,0.054193877551020404,0.05028571428571429,0.052571428571428575,0.054857142857142854,0.056,0.05931428571428572,,
visited_share@25,Schooltime,win,56,0.05321428571428572,0.0475,0.051666666666666666,0.05375,0.056666666666666664,0.058333333333333334,,
visited_share@25,Schooltime,loss,56,0.0512202380952381,0.04541666666666667,0.04822916666666667,0.050833333333333335,0.05510416666666667,0.058124999999999996,,
visited_share@25,Schooltime,all,112,0.052217261904761905,0.04629166666666667,0.049479166666666664,0.05229166666666667,0.0559375,0.058333333333333334,,
visited_share@25,Slithery Fight,win,56,0.16550138573948095,0.15167548500881833,0.16387419165196943,0.1728395061728395,0.17827748383303937,0.18253968253968253,,
visited_share@25,Slithery Fight,loss,56,0.15822625346434868,0.08818342151675485,0.16078777189888302,0.1693121693121693,0.17871840094062316,0.18165784832451498,,
visited_share@25,Slithery Fight,all,112,0.16186381960191484,0.08818342151675485,0.16211052322163433,0.17225161669606115,0.17871840094062316,0.18165784832451498,,
visited_share@25,Trauma,win,55,0.07013888888888888,0.06336805555555555,0.06770833333333333,0.0703125,0.0720486111111111,0.0763888888888889,,
visited_share@25,Trauma,loss,55,0.06916035353535353,0.06163194444444445,0.06336805555555555,0.0703125,0.0720486111111111,0.0763888888888889,,
visited_share@25,Trauma,all,112,0.06965370783730158,0.06336805555555555,0.06770833333333333,0.0703125,0.0720486111111111,0.0763888888888889,,
visited_share@25,ALL,win,559,0.1389555202190861,,0.06944444444444445,0.1376,0.18371546149323925,,0.052083333333333336,0.24701646090534982
visited_share@25,ALL,loss,559,0.12077089089148599,,0.06770833333333333,0.1183127572016461,0.1675485008818342,,0.0475,0.22129629629629632
visited_share@25,ALL,all,1120,0.12975608996004845,,0.0685763888888889,0.128,0.1763668430335097,,0.05,0.23768566743827158
pearls@25,Portals,win,56,18.321428571428573,10.0,11.0,13.5,28.0,30.0,,
pearls@25,Portals,loss,56,12.482142857142858,7.0,8.0,10.0,15.0,29.0,,
pearls@25,Portals,all,112,15.401785714285714,8.0,10.0,11.5,21.25,29.900000000000006,,
pearls@25,Prisoners Dilemma,win,56,18.5,11.0,13.75,17.0,23.0,26.0,,
pearls@25,Prisoners Dilemma,loss,56,8.392857142857142,2.0,2.0,5.0,14.0,21.0,,
pearls@25,Prisoners Dilemma,all,112,13.446428571428571,2.0,5.0,14.0,19.25,24.900000000000006,,
pearls@25,Devil,win,56,13.857142857142858,9.0,10.75,12.0,18.25,20.0,,
pearls@25,Devil,loss,56,8.107142857142858,2.5,6.0,8.0,10.0,13.0,,
pearls@25,Devil,all,112,10.982142857142858,6.0,8.0,10.0,13.25,19.0,,
pearls@25,Trophy,win,56,11.428571428571429,8.0,8.75,11.0,13.0,16.5,,
pearls@25,Trophy,loss,56,7.339285714285714,2.0,5.0,9.0,10.0,10.5,,
pearls@25,Trophy,all,112,9.383928571428571,4.0,8.0,9.0,12.0,14.0,,
pearls@25,Autarky,win,56,23.178571428571427,16.0,17.0,22.0,28.0,34.5,,
pearls@25,Autarky,loss,56,19.053571428571427,10.5,14.0,19.0,23.0,27.0,,
pearls@25,Autarky,all,112,21.116071428571427,12.100000000000001,17.0,20.0,26.0,30.900000000000006,,
pearls@25,Default,win,56,4.089285714285714,1.5,2.0,4.0,5.25,7.0,,
pearls@25,Default,loss,56,3.107142857142857,1.0,1.0,3.0,4.25,5.0,,
pearls@25,Default,all,112,3.5982142857142856,1.0,2.0,3.0,5.0,6.0,,
pearls@25,Queen Of Spades,win,56,0.9285714285714286,0.0,0.0,1.0,1.0,2.0,,
pearls@25,Queen Of Spades,loss,56,0.5535714285714286,0.0,0.0,0.0,1.0,1.0,,
pearls@25,Queen Of Spades,all,112,0.7410714285714286,0.0,0.0,1.0,1.0,2.0,,
pearls@25,Schooltime,win,56,2.732142857142857,1.0,2.0,3.0,4.0,4.0,,
pearls@25,Schooltime,loss,56,1.7142857142857142,0.5,1.0,2.0,2.0,3.0,,
pearls@25,Schooltime,all,112,2.2232142857142856,1.0,1.0,2.0,3.0,4.0,,
pearls@25,Slithery Fight,win,56,90.82142857142857,82.0,84.0,89.0,97.0,101.0,,
pearls@25,Slithery Fight,loss,56,101.07142857142857,83.0,87.75,99.0,105.0,132.5,,
pearls@25,Slithery Fight,all,112,95.94642857142857,82.0,85.0,91.0,101.0,118.0,,
pearls@25,Trauma,win,55,0.8727272727272727,0.0,0.0,0.0,0.0,6.600000000000001,,
pearls@25,Trauma,loss,55,0.0,0.0,0.0,0.0,0.0,0.0,,
pearls@25,Trauma,all,112,0.42857142857142855,0.0,0.0,0.0,0.0,0.0,,
pearls@25,ALL,win,559,18.504472271914132,,2.0,11.0,20.0,,0.0,89.0
pearls@25,ALL,loss,559,16.211091234347048,,1.0,5.0,14.0,,0.0,99.0
pearls@25,ALL,all,1120,17.326785714285716,,2.0,8.0,17.0,,0.0,91.0
bed_pearls@25,Portals,win,56,14.821428571428571,8.0,9.0,11.0,23.0,24.0,,
bed_pearls@25,Portals,loss,56,10.446428571428571,7.0,8.0,9.0,11.0,22.5,,
bed_pearls@25,Portals,all,112,12.633928571428571,7.0,8.0,10.0,16.75,24.0,,
bed_pearls@25,Prisoners Dilemma,win,56,10.107142857142858,7.0,7.0,10.0,13.0,15.0,,
bed_pearls@25,Prisoners Dilemma,loss,56,5.446428571428571,2.0,2.0,5.0,8.0,11.0,,
bed_pearls@25,Prisoners Dilemma,all,112,7.776785714285714,2.0,4.75,7.0,11.0,13.0,,
bed_pearls@25,Devil,win,56,12.5,8.0,9.0,11.0,16.25,18.5,,
bed_pearls@25,Devil,loss,56,6.892857142857143,2.5,4.75,6.0,9.25,11.5,,
bed_pearls@25,Devil,all,112,9.696428571428571,3.0,6.0,9.0,12.0,17.0,,
bed_pearls@25,Trophy,win,56,11.071428571428571,7.5,8.0,10.0,13.0,16.5,,
bed_pearls@25,Trophy,loss,56,6.607142857142857,2.0,2.75,8.0,9.0,10.0,,
bed_pearls@25,Trophy,all,112,8.839285714285714,2.0,7.75,8.5,10.25,14.0,,
bed_pearls@25,Autarky,win,56,15.303571428571429,12.0,13.75,15.0,18.0,19.5,,
bed_pearls@25,Autarky,loss,56,12.75,8.0,9.75,13.0,16.0,18.5,,
bed_pearls@25,Autarky,all,112,14.026785714285714,9.0,12.0,14.0,16.0,19.0,,
bed_pearls@25,Default,win,56,2.5,1.0,1.75,2.0,3.25,4.0,,
bed_pearls@25,Default,loss,56,1.75,0.0,1.0,1.0,3.0,4.0,,
bed_pearls@25,Default,all,112,2.125,0.0,1.0,2.0,3.0,4.0,,
bed_pearls@25,Queen Of Spades,win,56,0.9285714285714286,0.0,0.0,1.0,1.0,2.0,,
bed_pearls@25,Queen Of Spades,loss,56,0.5535714285714286,0.0,0.0,0.0,1.0,1.0,,
bed_pearls@25,Queen Of Spades,all,112,0.7410714285714286,0.0,0.0,1.0,1.0,2.0,,
bed_pearls@25,Schooltime,win,56,2.6785714285714284,1.0,2.0,3.0,4.0,4.0,,
bed_pearls@25,Schooltime,loss,56,1.5535714285714286,0.5,1.0,2.0,2.0,3.0,,
bed_pearls@25,Schooltime,all,112,2.1160714285714284,1.0,1.0,2.0,3.0,4.0,,
bed_pearls@25,Slithery Fight,win,56,67.57142857142857,62.5,64.0,66.5,70.25,75.0,,
bed_pearls@25,Slithery Fight,loss,56,71.78571428571429,63.0,66.75,72.0,76.0,82.0,,
bed_pearls@25,Slithery Fight,all,112,69.67857142857143,63.0,65.0,69.0,74.25,76.0,,
bed_pearls@25,Trauma,win,55,0.7636363636363637,0.0,0.0,0.0,0.0,6.0,,
bed_pearls@25,Trauma,loss,55,0.0,0.0,0.0,0.0,0.0,0.0,,
bed_pearls@25,Trauma,all,112,0.375,0.0,0.0,0.0,0.0,0.0,,
bed_pearls@25,ALL,win,559,13.847942754919499,,2.0,8.0,15.0,,0.0,66.10000000000002
bed_pearls@25,ALL,loss,559,11.79964221824687,,1.0,5.0,10.0,,0.0,72.0
bed_pearls@25,ALL,all,1120,12.800892857142857,,1.0,7.0,13.0,,0.0,69.0
births@25,Portals,win,56,7.714285714285714,4.0,5.0,7.0,11.25,13.0,,
births@25,Portals,loss,56,5.375,3.0,3.0,4.0,7.0,12.0,,
births@25,Portals,all,112,6.544642857142857,3.0,4.0,5.0,9.5,12.0,,
births@25,Prisoners Dilemma,win,56,11.589285714285714,7.0,10.0,12.0,14.0,16.0,,
births@25,Prisoners Dilemma,loss,56,4.785714285714286,0.0,0.0,3.0,10.0,11.0,,
births@25,Prisoners Dilemma,all,112,8.1875,0.0,2.75,10.0,12.0,15.0,,
births@25,Devil,win,56,7.803571428571429,6.0,7.0,7.0,9.0,10.5,,
births@25,Devil,loss,56,5.553571428571429,4.0,4.0,6.0,6.0,7.0,,
births@25,Devil,all,112,6.678571428571429,4.0,6.0,6.0,8.0,9.0,,
births@25,Trophy,win,56,4.410714285714286,3.0,4.0,4.0,5.0,6.0,,
births@25,Trophy,loss,56,3.3035714285714284,1.0,3.0,4.0,4.0,5.0,,
births@25,Trophy,all,112,3.857142857142857,1.1000000000000014,3.0,4.0,5.0,5.0,,
births@25,Autarky,win,56,13.160714285714286,8.0,10.0,13.5,16.0,18.5,,
births@25,Autarky,loss,56,10.482142857142858,3.5,6.0,11.0,14.0,16.0,,
births@25,Autarky,all,112,11.821428571428571,5.0,9.0,12.0,15.0,17.0,,
births@25,Default,win,56,4.767857142857143,4.0,4.0,5.0,5.0,6.0,,
births@25,Default,loss,56,4.357142857142857,4.0,4.0,4.0,5.0,5.0,,
births@25,Default,all,112,4.5625,4.0,4.0,4.0,5.0,6.0,,
births@25,Queen Of Spades,win,56,0.7142857142857143,0.0,0.0,1.0,1.0,1.0,,
births@25,Queen Of Spades,loss,56,0.32142857142857145,0.0,0.0,0.0,1.0,1.0,,
births@25,Queen Of Spades,all,112,0.5178571428571429,0.0,0.0,0.0,1.0,1.0,,
births@25,Schooltime,win,56,3.642857142857143,3.0,3.0,4.0,4.0,4.0,,
births@25,Schooltime,loss,56,3.2142857142857144,3.0,3.0,3.0,3.0,4.0,,
births@25,Schooltime,all,112,3.4285714285714284,3.0,3.0,3.0,4.0,4.0,,
births@25,Slithery Fight,win,56,48.767857142857146,46.0,46.0,48.5,51.0,52.0,,
births@25,Slithery Fight,loss,56,51.17857142857143,43.5,46.0,48.5,55.0,64.5,,
births@25,Slithery Fight,all,112,49.973214285714285,46.0,46.0,48.5,52.0,57.0,,
births@25,Trauma,win,55,2.1272727272727274,2.0,2.0,2.0,2.0,3.0,,
births@25,Trauma,loss,55,2.0,2.0,2.0,2.0,2.0,2.0,,
births@25,Trauma,all,112,2.0625,2.0,2.0,2.0,2.0,2.0,,
births@25,ALL,win,559,10.48479427549195,,3.0,5.0,12.0,,1.0,48.10000000000002
births@25,ALL,loss,559,9.069767441860465,,2.0,4.0,7.0,,0.0,48.10000000000002
births@25,ALL,all,1120,9.763392857142858,,3.0,4.0,10.0,,0.0,48.049999999999955
deaths@25,Portals,win,56,4.25,1.0,2.0,3.0,6.25,9.0,,
deaths@25,Portals,loss,56,2.8035714285714284,1.0,1.0,1.5,4.25,6.5,,
deaths@25,Portals,all,112,3.5267857142857144,1.0,1.0,3.0,6.0,8.900000000000006,,
deaths@25,Prisoners Dilemma,win,56,6.553571428571429,4.0,6.0,7.0,8.0,8.5,,
deaths@25,Prisoners Dilemma,loss,56,4.357142857142857,1.0,1.0,5.0,7.0,8.5,,
deaths@25,Prisoners Dilemma,all,112,5.455357142857143,1.0,3.5,6.0,7.0,8.900000000000006,,
deaths@25,Devil,win,56,1.6607142857142858,0.0,1.0,2.0,2.25,3.0,,
deaths@25,Devil,loss,56,1.6607142857142858,0.0,1.0,2.0,2.0,3.0,,
deaths@25,Devil,all,112,1.6607142857142858,0.0,1.0,2.0,2.0,3.0,,
deaths@25,Trophy,win,56,0.5,0.0,0.0,0.0,1.0,1.0,,
deaths@25,Trophy,loss,56,0.5714285714285714,0.0,0.0,1.0,1.0,1.0,,
deaths@25,Trophy,all,112,0.5357142857142857,0.0,0.0,0.5,1.0,1.0,,
deaths@25,Autarky,win,56,5.660714285714286,4.0,4.0,5.0,7.0,7.5,,
deaths@25,Autarky,loss,56,4.946428571428571,1.0,3.0,5.0,7.0,8.0,,
deaths@25,Autarky,all,112,5.303571428571429,2.0,4.0,5.0,7.0,8.0,,
deaths@25,Default,win,56,1.2857142857142858,0.0,0.0,1.0,2.0,3.0,,
deaths@25,Default,loss,56,1.2857142857142858,0.0,0.0,1.0,2.0,3.0,,
deaths@25,Default,all,112,1.2857142857142858,0.0,0.0,1.0,2.0,3.0,,
deaths@25,Queen Of Spades,win,56,0.03571428571428571,0.0,0.0,0.0,0.0,0.0,,
deaths@25,Queen Of Spades,loss,56,0.03571428571428571,0.0,0.0,0.0,0.0,0.0,,
deaths@25,Queen Of Spades,all,112,0.03571428571428571,0.0,0.0,0.0,0.0,0.0,,
deaths@25,Schooltime,win,56,0.32142857142857145,0.0,0.0,0.0,1.0,1.0,,
deaths@25,Schooltime,loss,56,0.39285714285714285,0.0,0.0,0.0,1.0,1.0,,
deaths@25,Schooltime,all,112,0.35714285714285715,0.0,0.0,0.0,1.0,1.0,,
deaths@25,Slithery Fight,win,56,27.571428571428573,23.0,24.75,26.5,31.0,33.0,,
deaths@25,Slithery Fight,loss,56,29.410714285714285,22.5,23.75,31.0,34.0,37.0,,
deaths@25,Slithery Fight,all,112,28.491071428571427,23.0,24.0,27.0,32.0,34.0,,
deaths@25,Trauma,win,55,0.10909090909090909,0.0,0.0,0.0,0.0,0.6000000000000014,,
deaths@25,Trauma,loss,55,0.0,0.0,0.0,0.0,0.0,0.0,,
deaths@25,Trauma,all,112,0.05357142857142857,0.0,0.0,0.0,0.0,0.0,,
deaths@25,ALL,win,559,4.803220035778176,,0.0,1.0,6.0,,0.0,26.100000000000023
deaths@25,ALL,loss,559,4.554561717352415,,0.0,1.0,4.0,,0.0,31.0
deaths@25,ALL,all,1120,4.670535714285714,,0.0,1.0,5.0,,0.0,27.0
kills@25,Portals,win,56,0.0,0.0,0.0,0.0,0.0,0.0,,
kills@25,Portals,loss,56,0.0,0.0,0.0,0.0,0.0,0.0,,
kills@25,Portals,all,112,0.0,0.0,0.0,0.0,0.0,0.0,,
kills@25,Prisoners Dilemma,win,56,0.6964285714285714,0.0,0.0,0.0,1.25,2.0,,
kills@25,Prisoners Dilemma,loss,56,0.6964285714285714,0.0,0.0,0.0,1.25,2.0,,
kills@25,Prisoners Dilemma,all,112,0.6964285714285714,0.0,0.0,0.0,1.25,2.0,,
kills@25,Devil,win,56,0.625,0.0,0.0,0.0,1.0,2.0,,
kills@25,Devil,loss,56,0.625,0.0,0.0,0.0,1.0,2.0,,
kills@25,Devil,all,112,0.625,0.0,0.0,0.0,1.0,2.0,,
kills@25,Trophy,win,56,0.23214285714285715,0.0,0.0,0.0,0.0,1.0,,
kills@25,Trophy,loss,56,0.23214285714285715,0.0,0.0,0.0,0.0,1.0,,
kills@25,Trophy,all,112,0.23214285714285715,0.0,0.0,0.0,0.0,1.0,,
kills@25,Autarky,win,56,0.9821428571428571,0.0,0.0,1.0,2.0,2.0,,
kills@25,Autarky,loss,56,0.9821428571428571,0.0,0.0,1.0,2.0,2.0,,
kills@25,Autarky,all,112,0.9821428571428571,0.0,0.0,1.0,2.0,2.0,,
kills@25,Default,win,56,1.2857142857142858,0.0,0.0,1.0,2.0,3.0,,
kills@25,Default,loss,56,1.2857142857142858,0.0,0.0,1.0,2.0,3.0,,
kills@25,Default,all,112,1.2857142857142858,0.0,0.0,1.0,2.0,3.0,,
kills@25,Queen Of Spades,win,56,0.0,0.0,0.0,0.0,0.0,0.0,,
kills@25,Queen Of Spades,loss,56,0.0,0.0,0.0,0.0,0.0,0.0,,
kills@25,Queen Of Spades,all,112,0.0,0.0,0.0,0.0,0.0,0.0,,
kills@25,Schooltime,win,56,0.21428571428571427,0.0,0.0,0.0,0.0,1.0,,
kills@25,Schooltime,loss,56,0.23214285714285715,0.0,0.0,0.0,0.0,1.0,,
kills@25,Schooltime,all,112,0.22321428571428573,0.0,0.0,0.0,0.0,1.0,,
kills@25,Slithery Fight,win,56,0.0,0.0,0.0,0.0,0.0,0.0,,
kills@25,Slithery Fight,loss,56,0.0,0.0,0.0,0.0,0.0,0.0,,
kills@25,Slithery Fight,all,112,0.0,0.0,0.0,0.0,0.0,0.0,,
kills@25,Trauma,win,55,0.0,0.0,0.0,0.0,0.0,0.0,,
kills@25,Trauma,loss,55,0.0,0.0,0.0,0.0,0.0,0.0,,
kills@25,Trauma,all,112,0.0,0.0,0.0,0.0,0.0,0.0,,
kills@25,ALL,win,559,0.40429338103756707,,0.0,0.0,0.0,,0.0,2.0
kills@25,ALL,loss,559,0.40608228980322003,,0.0,0.0,0.0,,0.0,2.0
kills@25,ALL,all,1120,0.4044642857142857,,0.0,0.0,0.0,,0.0,2.0
units@50,Portals,win,56,9.375,6.0,7.0,9.0,11.25,13.0,,
units@50,Portals,loss,56,10.107142857142858,7.0,9.0,10.0,11.0,14.0,,
units@50,Portals,all,112,9.741071428571429,6.0,8.0,10.0,11.0,14.0,,
units@50,Prisoners Dilemma,win,56,8.071428571428571,4.0,6.0,8.0,10.0,11.0,,
units@50,Prisoners Dilemma,loss,56,3.0,0.0,1.0,2.0,4.25,6.5,,
units@50,Prisoners Dilemma,all,112,5.535714285714286,1.0,2.0,5.0,8.0,11.0,,
units@50,Devil,win,56,16.946428571428573,11.0,15.0,17.0,20.0,21.0,,
units@50,Devil,loss,56,9.214285714285714,6.0,7.0,9.0,10.0,12.5,,
units@50,Devil,all,112,13.080357142857142,7.0,9.0,12.0,17.25,20.0,,
units@50,Trophy,win,56,15.839285714285714,11.0,13.0,14.0,17.25,24.0,,
units@50,Trophy,loss,56,9.732142857142858,5.0,7.0,9.5,11.0,17.0,,
units@50,Trophy,all,112,12.785714285714286,6.0,9.0,12.0,16.0,19.900000000000006,,
units@50,Autarky,win,56,16.535714285714285,12.0,14.0,16.0,19.0,21.0,,
units@50,Autarky,loss,56,12.660714285714286,7.0,10.75,13.0,15.0,17.0,,
units@50,Autarky,all,112,14.598214285714286,9.0,12.0,15.0,17.0,20.0,,
units@50,Default,win,56,9.357142857142858,7.0,8.0,9.0,10.25,12.0,,
units@50,Default,loss,56,8.017857142857142,5.5,7.0,8.0,9.25,11.0,,
units@50,Default,all,112,8.6875,7.0,7.0,9.0,10.0,11.0,,
units@50,Queen Of Spades,win,56,5.517857142857143,3.0,3.75,5.0,7.0,8.5,,
units@50,Queen Of Spades,loss,56,3.4642857142857144,1.5,2.0,3.0,4.0,5.5,,
units@50,Queen Of Spades,all,112,4.491071428571429,2.0,3.0,4.0,6.0,8.0,,
units@50,Schooltime,win,56,14.357142857142858,10.0,12.0,15.0,16.25,18.5,,
units@50,Schooltime,loss,56,10.339285714285714,6.0,7.0,10.0,13.0,16.5,,
units@50,Schooltime,all,112,12.348214285714286,7.0,9.75,12.0,16.0,17.0,,
units@50,Slithery Fight,win,56,39.589285714285715,32.0,35.75,39.5,44.0,46.5,,
units@50,Slithery Fight,loss,56,40.375,27.0,36.0,41.0,46.25,49.0,,
units@50,Slithery Fight,all,112,39.982142857142854,31.0,36.0,40.0,45.0,49.0,,
units@50,Trauma,win,55,4.8,4.0,4.0,4.0,5.0,7.0,,
units@50,Trauma,loss,55,4.163636363636364,4.0,4.0,4.0,4.0,4.600000000000001,,
units@50,Trauma,all,112,4.473214285714286,4.0,4.0,4.0,4.0,6.800000000000011,,
units@50,ALL,win,559,14.05545617173524,,7.0,11.0,17.0,,4.0,39.10000000000002
units@50,ALL,loss,559,11.119856887298747,,4.0,8.0,12.0,,2.0,41.0
units@50,ALL,all,1120,12.572321428571428,,6.0,10.0,15.0,,2.0,40.0
units_share@50,Portals,win,56,0.4806887949981377,0.3405797101449275,0.4117647058823529,0.47368421052631576,0.5454545454545454,0.6150793650793651,,
units_share@50,Portals,loss,56,0.5193112050018623,0.3849206349206349,0.45454545454545453,0.5263157894736842,0.5882352941176471,0.6594202898550725,,
units_share@50,Portals,all,112,0.5,0.3483375959079284,0.4375,0.5,0.5625,0.6516624040920717,,
units_share@50,Prisoners Dilemma,win,56,0.7410890696604981,0.5,0.6153846153846154,0.7555555555555555,0.8916666666666666,1.0,,
units_share@50,Prisoners Dilemma,loss,56,0.25891093033950174,0.0,0.10833333333333334,0.24444444444444444,0.38461538461538464,0.5,,
units_share@50,Prisoners Dilemma,all,112,0.5,0.09090909090909091,0.2222222222222222,0.5,0.7777777777777778,0.9090909090909091,,
units_share@50,Devil,win,56,0.6450982010525175,0.47916666666666663,0.625,0.6666666666666666,0.7108294930875576,0.75,,
units_share@50,Devil,loss,56,0.3549017989474827,0.25,0.2891705069124424,0.3333333333333333,0.375,0.5208333333333333,,
units_share@50,Devil,all,112,0.5,0.269893899204244,0.3333333333333333,0.5,0.6666666666666666,0.730106100795756,,
units_share@50,Trophy,win,56,0.6147684199503367,0.4365079365079365,0.5185714285714286,0.6035714285714285,0.7098214285714286,0.7867965367965368,,
units_share@50,Trophy,loss,56,0.38523158004966324,0.2132034632034632,0.29017857142857145,0.39642857142857146,0.48142857142857143,0.5634920634920635,,
units_share@50,Trophy,all,112,0.5,0.2522727272727273,0.3698830409356725,0.5,0.6301169590643275,0.7477272727272729,,
units_share@50,Autarky,win,56,0.56976866096386,0.4330357142857143,0.5,0.5517241379310345,0.6456356736242884,0.7192118226600985,,
units_share@50,Autarky,loss,56,0.43023133903613997,0.28078817733990147,0.3543643263757116,0.4482758620689655,0.5,0.5669642857142857,,
units_share@50,Autarky,all,112,0.5,0.334375,0.42395104895104896,0.5,0.576048951048951,0.665625,,
units_share@50,Default,win,56,0.5414916455786093,0.4330357142857143,0.4934210526315789,0.5333333333333333,0.5882352941176471,0.6393188854489165,,
units_share@50,Default,loss,56,0.4585083544213907,0.3606811145510836,0.4117647058823529,0.4666666666666667,0.506578947368421,0.5669642857142857,,
units_share@50,Default,all,112,0.5,0.3888888888888889,0.4375,0.5,0.5625,0.6111111111111112,,
units_share@50,Queen Of Spades,win,56,0.6164062623884051,0.3693181818181818,0.4861111111111111,0.6306818181818181,0.7569444444444444,0.8397435897435898,,
units_share@50,Queen Of Spades,loss,56,0.38359373761159477,0.16025641025641024,0.24305555555555555,0.3693181818181818,0.5138888888888888,0.6306818181818181,,
units_share@50,Queen Of Spades,all,112,0.5,0.2222222222222222,0.3333333333333333,0.5,0.6666666666666666,0.7777777777777778,,
units_share@50,Schooltime,win,56,0.5869580193179456,0.4549731182795699,0.5,0.582010582010582,0.6810526315789474,0.7220689655172414,,
units_share@50,Schooltime,loss,56,0.41304198068205455,0.27793103448275863,0.31894736842105265,0.41798941798941797,0.5,0.54502688172043,,
units_share@50,Schooltime,all,112,0.5,0.2883928571428572,0.3924689440993789,0.5,0.6075310559006211,0.711607142857143,,
units_share@50,Slithery Fight,win,56,0.4981118160407072,0.4161255411255411,0.4553030303030303,0.4864766081871345,0.5382601351351352,0.5861522198731501,,
units_share@50,Slithery Fight,loss,56,0.5018881839592928,0.4138477801268499,0.4617398648648649,0.5135233918128654,0.5446969696969697,0.5838744588744589,,
units_share@50,Slithery Fight,all,112,0.5,0.4156926406926407,0.4588235294117647,0.5,0.5411764705882353,0.5843073593073593,,
units_share@50,Trauma,win,55,0.5280850462668645,0.5,0.5,0.5,0.5555555555555556,0.6363636363636364,,
units_share@50,Trauma,loss,55,0.4719149537331355,0.36363636363636365,0.4444444444444444,0.5,0.5,0.5,,
units_share@50,Trauma,all,112,0.5,0.3905982905982907,0.5,0.5,0.5,0.6094017094017098,,
units_share@50,ALL,win,559,0.5823434836886128,,0.4864766081871345,0.5555555555555556,0.6720430107526881,,0.375,0.8461538461538461
units_share@50,ALL,loss,559,0.4176565163113873,,0.3279569892473118,0.4444444444444444,0.5135233918128654,,0.15384615384615385,0.625
units_share@50,ALL,all,1120,0.5,,0.4086700336700337,0.5,0.5913299663299664,,0.22702020202020204,0.7729797979797978
total@50,Portals,win,56,23.5,16.0,19.0,23.5,27.0,31.5,,
total@50,Portals,loss,56,24.910714285714285,16.0,22.0,25.0,28.25,32.5,,
total@50,Portals,all,112,24.205357142857142,16.0,21.0,24.0,28.0,32.0,,
total@50,Prisoners Dilemma,win,56,19.589285714285715,13.0,16.0,18.5,24.0,25.5,,
total@50,Prisoners Dilemma,loss,56,7.696428571428571,0.0,5.0,7.0,10.0,16.0,,
total@50,Prisoners Dilemma,all,112,13.642857142857142,4.0,7.5,13.0,19.0,24.0,,
total@50,Devil,win,56,41.30357142857143,28.5,34.75,43.5,47.25,50.5,,
total@50,Devil,loss,56,22.375,14.5,18.0,21.0,24.5,31.5,,
total@50,Devil,all,112,31.839285714285715,18.0,21.0,29.0,43.25,49.0,,
total@50,Trophy,win,56,38.964285714285715,25.0,31.75,34.0,45.25,63.0,,
total@50,Trophy,loss,56,23.642857142857142,12.0,16.75,23.0,27.0,41.0,,
total@50,Trophy,all,112,31.303571428571427,15.0,22.0,29.0,39.0,49.80000000000001,,
total@50,Autarky,win,56,42.660714285714285,30.5,36.0,44.0,49.0,52.5,,
total@50,Autarky,loss,56,31.25,18.5,25.0,33.0,37.25,42.0,,
total@50,Autarky,all,112,36.955357142857146,24.1,30.0,36.0,45.25,50.80000000000001,,
total@50,Default,win,56,22.071428571428573,17.5,19.0,21.0,25.0,28.5,,
total@50,Default,loss,56,19.125,13.0,17.0,18.0,22.0,24.5,,
total@50,Default,all,112,20.598214285714285,16.0,18.0,20.5,23.0,27.900000000000006,,
total@50,Queen Of Spades,win,56,13.285714285714286,7.0,8.0,11.0,16.0,21.5,,
total@50,Queen Of Spades,loss,56,10.160714285714286,3.5,6.0,8.5,12.0,22.5,,
total@50,Queen Of Spades,all,112,11.723214285714286,6.0,7.0,10.0,15.0,21.900000000000006,,
total@50,Schooltime,win,56,35.32142857142857,25.5,28.0,35.5,41.25,45.5,,
total@50,Schooltime,loss,56,25.875,14.0,17.75,25.0,32.5,39.0,,
total@50,Schooltime,all,112,30.598214285714285,17.0,24.0,30.0,38.25,43.0,,
total@50,Slithery Fight,win,56,101.07142857142857,83.0,92.0,102.0,109.25,115.5,,
total@50,Slithery Fight,loss,56,105.85714285714286,91.5,98.75,106.5,113.0,118.0,,
total@50,Slithery Fight,all,112,103.46428571428571,87.1,94.0,105.0,111.25,118.0,,
total@50,Trauma,win,55,10.945454545454545,8.0,8.0,9.0,12.0,18.0,,
total@50,Trauma,loss,55,9.054545454545455,8.0,8.0,9.0,9.0,10.200000000000003,,
total@50,Trauma,all,112,9.973214285714286,8.0,8.0,9.0,9.0,17.700000000000017,,
total@50,ALL,win,559,34.914132379248656,,18.0,28.0,43.0,,8.0,101.20000000000005
total@50,ALL,loss,559,28.028622540250446,,11.0,21.0,29.0,,5.900000000000002,106.10000000000002
total@50,ALL,all,1120,31.430357142857144,,15.0,24.0,36.0,,7.0,105.0
total_share@50,Portals,win,56,0.4858853647647012,0.3512471655328798,0.43135011441647597,0.48908400569530136,0.5257142857142857,0.6274179983179142,,
total_share@50,Portals,loss,56,0.5141146352352989,0.3725820016820858,0.47428571428571425,0.5109159943046986,0.568649885583524,0.6487528344671202,,
total_share@50,Portals,all,112,0.5,0.3563636363636364,0.44557149925779316,0.5,0.5544285007422068,0.6436363636363637,,
total_share@50,Prisoners Dilemma,win,56,0.7310774639119254,0.5,0.6206896551724138,0.7391304347826086,0.8245436105476673,1.0,,
total_share@50,Prisoners Dilemma,loss,56,0.2689225360880747,0.0,0.17545638945233266,0.2608695652173913,0.3793103448275862,0.5,,
total_share@50,Prisoners Dilemma,all,112,0.5,0.14327731092436974,0.2608695652173913,0.5,0.7391304347826086,0.8567226890756302,,
total_share@50,Devil,win,56,0.6461653811896093,0.46164021164021163,0.618766846361186,0.6712328767123288,0.712296195652174,0.7500743383883437,,
total_share@50,Devil,loss,56,0.3538346188103908,0.24992566161165625,0.2877038043478261,0.3287671232876712,0.38123315363881405,0.5383597883597884,,
total_share@50,Devil,all,112,0.5,0.27863291139240504,0.3287671232876712,0.5,0.6712328767123288,0.7213670886075949,,
total_share@50,Trophy,win,56,0.6174949510584735,0.42541666666666667,0.5375936145053213,0.613662456946039,0.7225158562367864,0.8074606116774792,,
total_share@50,Trophy,loss,56,0.38250504894152654,0.19253938832252088,0.2774841437632135,0.38633754305396095,0.4624063854946788,0.5745833333333333,,
total_share@50,Trophy,all,112,0.5,0.2592850915431561,0.3684437543133195,0.5,0.6315562456866805,0.7407149084568441,,
total_share@50,Autarky,win,56,0.5802318847614243,0.471675845790716,0.5200405885337391,0.5818466730954677,0.6480776551199087,0.7043875322612667,,
total_share@50,Autarky,loss,56,0.41976811523857577,0.2956124677387334,0.35192234488009133,0.41815332690453233,0.47995941146626075,0.528324154209284,,
total_share@50,Autarky,all,112,0.5,0.3468314606741573,0.40454373701114676,0.5,0.5954562629888531,0.6531685393258427,,
total_share@50,Default,win,56,0.5374620170857753,0.43961352657004826,0.48238636363636367,0.5361498257839721,0.5808327081770444,0.6267857142857143,,
total_share@50,Default,loss,56,0.46253798291422477,0.3732142857142857,0.41916729182295576,0.4638501742160279,0.5176136363636363,0.5603864734299517,,
total_share@50,Default,all,112,0.5,0.40102564102564103,0.4437984496124031,0.5,0.5562015503875969,0.598974358974359,,
total_share@50,Queen Of Spades,win,56,0.5857666867108992,0.26050420168067223,0.4572649572649573,0.5904139433551199,0.7354545454545455,0.8260504201680672,,
total_share@50,Queen Of Spades,loss,56,0.4142333132891009,0.17394957983193277,0.26454545454545453,0.4095860566448801,0.5427350427350427,0.7394957983193278,,
total_share@50,Queen Of Spades,all,112,0.5,0.19078341013824884,0.31184210526315786,0.5,0.6881578947368421,0.8092165898617512,,
total_share@50,Schooltime,win,56,0.5814267001168706,0.4645840294019379,0.49281383337076123,0.584148224395265,0.6734123434704831,0.7153846153846154,,
total_share@50,Schooltime,loss,56,0.4185732998831296,0.2846153846153846,0.326587656529517,0.41585177560473496,0.5071861666292388,0.5354159705980621,,
total_share@50,Schooltime,all,112,0.5,0.31621052631578944,0.3960084033613445,0.5,0.6039915966386554,0.6837894736842106,,
total_share@50,Slithery Fight,win,56,0.488248746175708,0.4438629604209563,0.4625405062696661,0.4814919019425552,0.5199375450396349,0.5373171275094686,,
total_share@50,Slithery Fight,loss,56,0.5117512538242919,0.46268287249053147,0.48006245496036515,0.5185080980574448,0.5374594937303339,0.5561370395790437,,
total_share@50,Slithery Fight,all,112,0.5,0.4486618325642716,0.4690265486725664,0.5,0.5309734513274337,0.5513381674357285,,
total_share@50,Trauma,win,55,0.535779339339711,0.47058823529411764,0.5,0.5,0.6,0.6785714285714286,,
total_share@50,Trauma,loss,55,0.464220660660289,0.32142857142857145,0.4,0.5,0.5,0.5294117647058824,,
total_share@50,Trauma,all,112,0.5,0.34782608695652173,0.47058823529411764,0.5,0.5294117647058824,0.6521739130434783,,
total_share@50,ALL,win,559,0.5790310887783645,,0.4811605347214007,0.5510204081632653,0.6785714285714286,,0.3820486815415821,0.8150406504065041
total_share@50,ALL,loss,559,0.4209689112216355,,0.32142857142857145,0.4489795918367347,0.5188394652785993,,0.18495934959349594,0.617951318458418
total_share@50,ALL,all,1120,0.5,,0.4101923076923077,0.5,0.5898076923076923,,0.22825396825396826,0.7717460317460315
longest@50,Portals,win,56,3.6964285714285716,3.0,3.0,4.0,4.0,4.0,,
longest@50,Portals,loss,56,3.8214285714285716,3.0,3.0,4.0,4.0,4.0,,
longest@50,Portals,all,112,3.7589285714285716,3.0,3.0,4.0,4.0,4.0,,
longest@50,Prisoners Dilemma,win,56,4.142857142857143,3.0,3.0,3.0,5.0,6.0,,
longest@50,Prisoners Dilemma,loss,56,3.0892857142857144,0.0,2.0,3.0,3.0,5.5,,
longest@50,Prisoners Dilemma,all,112,3.6160714285714284,2.0,3.0,3.0,4.0,6.0,,
longest@50,Devil,win,56,3.607142857142857,3.0,3.0,4.0,4.0,4.0,,
longest@50,Devil,loss,56,3.357142857142857,3.0,3.0,3.0,4.0,4.0,,
longest@50,Devil,all,112,3.482142857142857,3.0,3.0,3.0,4.0,4.0,,
longest@50,Trophy,win,56,3.5,3.0,3.0,3.5,4.0,4.0,,
longest@50,Trophy,loss,56,3.1785714285714284,3.0,3.0,3.0,3.0,4.0,,
longest@50,Trophy,all,112,3.3392857142857144,3.0,3.0,3.0,4.0,4.0,,
longest@50,Autarky,win,56,6.178571428571429,3.0,3.0,4.0,5.25,13.0,,
longest@50,Autarky,loss,56,3.607142857142857,3.0,3.0,3.0,4.0,4.0,,
longest@50,Autarky,all,112,4.892857142857143,3.0,3.0,4.0,4.0,13.0,,
longest@50,Default,win,56,3.1607142857142856,3.0,3.0,3.0,3.0,4.0,,
longest@50,Default,loss,56,3.0892857142857144,3.0,3.0,3.0,3.0,3.0,,
longest@50,Default,all,112,3.125,3.0,3.0,3.0,3.0,4.0,,
longest@50,Queen Of Spades,win,56,2.9464285714285716,2.0,3.0,3.0,3.0,4.0,,
longest@50,Queen Of Spades,loss,56,3.642857142857143,3.0,3.0,3.0,3.0,4.0,,
longest@50,Queen Of Spades,all,112,3.294642857142857,2.0,3.0,3.0,3.0,4.0,,
longest@50,Schooltime,win,56,3.4642857142857144,3.0,3.0,3.0,4.0,4.0,,
longest@50,Schooltime,loss,56,3.4642857142857144,3.0,3.0,3.0,4.0,4.0,,
longest@50,Schooltime,all,112,3.4642857142857144,3.0,3.0,3.0,4.0,4.0,,
longest@50,Slithery Fight,win,56,7.714285714285714,6.0,6.0,6.0,6.0,7.0,,
longest@50,Slithery Fight,loss,56,8.625,4.0,6.0,6.0,6.0,25.0,,
longest@50,Slithery Fight,all,112,8.169642857142858,4.100000000000001,6.0,6.0,6.0,25.0,,
longest@50,Trauma,win,55,2.963636363636364,2.0,2.0,3.0,3.5,4.0,,
longest@50,Trauma,loss,55,2.672727272727273,2.0,2.0,3.0,3.0,3.0,,
longest@50,Trauma,all,112,2.8125,2.0,2.0,3.0,3.0,4.0,,
longest@50,ALL,win,559,4.1395348837209305,,3.0,3.0,4.0,,2.0,6.0
longest@50,ALL,loss,559,3.856887298747764,,3.0,3.0,4.0,,2.0,6.0
longest@50,ALL,all,1120,3.9955357142857144,,3.0,3.0,4.0,,2.0,6.0
longest_share@50,Portals,win,56,0.4937712585034014,0.42857142857142855,0.42857142857142855,0.5,0.5595238095238095,0.5714285714285714,,
longest_share@50,Portals,loss,56,0.5062287414965986,0.42857142857142855,0.44047619047619047,0.5,0.5714285714285714,0.5714285714285714,,
longest_share@50,Portals,all,112,0.5,0.42857142857142855,0.42857142857142855,0.5,0.5714285714285714,0.5714285714285714,,
longest_share@50,Prisoners Dilemma,win,56,0.6002279277095454,0.42857142857142855,0.5,0.5857142857142856,0.6519607843137255,1.0,,
longest_share@50,Prisoners Dilemma,loss,56,0.3997720722904546,0.0,0.3480392156862745,0.41428571428571426,0.5,0.5714285714285714,,
longest_share@50,Prisoners Dilemma,all,112,0.5,0.23626373626373634,0.4,0.5,0.6,0.7637362637362641,,
longest_share@50,Devil,win,56,0.5178571428571428,0.4642857142857143,0.5,0.5,0.5714285714285714,0.5714285714285714,,
longest_share@50,Devil,loss,56,0.48214285714285715,0.42857142857142855,0.42857142857142855,0.5,0.5,0.5357142857142857,,
longest_share@50,Devil,all,112,0.5,0.42857142857142855,0.5,0.5,0.5,0.5714285714285714,,
longest_share@50,Trophy,win,56,0.524234693877551,0.5,0.5,0.5,0.5714285714285714,0.5714285714285714,,
longest_share@50,Trophy,loss,56,0.4757653061224489,0.42857142857142855,0.42857142857142855,0.5,0.5,0.5,,
longest_share@50,Trophy,all,112,0.5,0.42857142857142855,0.5,0.5,0.5,0.5714285714285714,,
longest_share@50,Autarky,win,56,0.5832238005804916,0.42857142857142855,0.5,0.5714285714285714,0.625,0.8125,,
longest_share@50,Autarky,loss,56,0.41677619941950844,0.1875,0.375,0.42857142857142855,0.5,0.5714285714285714,,
longest_share@50,Autarky,all,112,0.5,0.23529411764705882,0.42857142857142855,0.5,0.5714285714285714,0.7647058823529411,,
longest_share@50,Default,win,56,0.5059311224489795,0.5,0.5,0.5,0.5,0.5714285714285714,,
longest_share@50,Default,loss,56,0.4940688775510204,0.42857142857142855,0.5,0.5,0.5,0.5,,
longest_share@50,Default,all,112,0.5,0.5,0.5,0.5,0.5,0.5,,
longest_share@50,Queen Of Spades,win,56,0.4957908163265306,0.3666666666666667,0.5,0.5,0.5,0.5714285714285714,,
longest_share@50,Queen Of Spades,loss,56,0.5042091836734693,0.42857142857142855,0.5,0.5,0.5,0.6333333333333333,,
longest_share@50,Queen Of Spades,all,112,0.5,0.4,0.5,0.5,0.5,0.6,,
longest_share@50,Schooltime,win,56,0.500829081632653,0.42857142857142855,0.48214285714285715,0.5,0.5714285714285714,0.5714285714285714,,
longest_share@50,Schooltime,loss,56,0.4991709183673469,0.42857142857142855,0.42857142857142855,0.5,0.5178571428571428,0.5714285714285714,,
longest_share@50,Schooltime,all,112,0.5,0.42857142857142855,0.42857142857142855,0.5,0.5714285714285714,0.5714285714285714,,
longest_share@50,Slithery Fight,win,56,0.49845242817990315,0.1935483870967742,0.5,0.5,0.6,0.6363636363636364,,
longest_share@50,Slithery Fight,loss,56,0.5015475718200968,0.36363636363636365,0.4,0.5,0.5,0.8064516129032258,,
longest_share@50,Slithery Fight,all,112,0.5,0.1935483870967742,0.5,0.5,0.5,0.8064516129032258,,
longest_share@50,Trauma,win,55,0.5230303030303032,0.4,0.5,0.5,0.6,0.6666666666666666,,
longest_share@50,Trauma,loss,55,0.47696969696969677,0.3333333333333333,0.4,0.5,0.5,0.6,,
longest_share@50,Trauma,all,112,0.5,0.4,0.42142857142857143,0.5,0.5785714285714285,0.6,,
longest_share@50,ALL,win,559,0.5243371912436026,,0.5,0.5,0.5714285714285714,,0.375,0.7647058823529411
longest_share@50,ALL,loss,559,0.4756628087563975,,0.42857142857142855,0.5,0.5,,0.23529411764705882,0.625
longest_share@50,ALL,all,1120,0.5,,0.42857142857142855,0.5,0.5714285714285714,,0.33095238095238105,0.6690476190476169
top1_share@50,Portals,win,56,0.1669788535057555,0.11324786324786325,0.13488142292490118,0.16666666666666666,0.19047619047619047,0.2330316742081448,,
top1_share@50,Portals,loss,56,0.1643329252386587,0.10172413793103449,0.13488142292490118,0.16,0.18181818181818182,0.22714285714285715,,
top1_share@50,Portals,all,112,0.1656558893722071,0.10840840840840842,0.13488142292490118,0.16,0.1875,0.23484162895927604,,
top1_share@50,Prisoners Dilemma,win,56,0.23072643732633863,0.125,0.13636363636363635,0.17752100840336135,0.25,0.375,,
top1_share@50,Prisoners Dilemma,loss,49,0.4786739244833008,0.2177777777777778,0.25,0.5,0.6,1.0,,
top1_share@50,Prisoners Dilemma,all,105,0.34643526466625435,0.13043478260869565,0.17647058823529413,0.25,0.5,0.6326797385620918,,
top1_share@50,Devil,win,56,0.09182278976415745,0.061224489795918366,0.07384823848238482,0.08759590792838876,0.10597439544807966,0.13068181818181818,,
top1_share@50,Devil,loss,56,0.15961093262938247,0.11483516483516484,0.13043478260869565,0.15,0.18398268398268397,0.21825396825396826,,
top1_share@50,Devil,all,112,0.12571686119676997,0.071602787456446,0.08695652173913043,0.12121212121212122,0.15,0.1990476190476191,,
top1_share@50,Trophy,win,56,0.09972371500165889,0.06350806451612903,0.07844129554655871,0.0919661733615222,0.11764705882352941,0.1297335203366059,,
top1_share@50,Trophy,loss,56,0.1734617670755459,0.0782520325203252,0.1111111111111111,0.1455026455026455,0.18824404761904762,0.25,,
top1_share@50,Trophy,all,112,0.1365927410386024,0.06868070953436807,0.08872549019607844,0.11324786324786325,0.15384615384615385,0.20947368421052637,,
top1_share@50,Autarky,win,56,0.14118335425683234,0.07106812447434818,0.08163265306122448,0.10344827586206896,0.1501736111111111,0.2653061224489796,,
top1_share@50,Autarky,loss,56,0.12518642971731467,0.08633540372670807,0.09356831395348837,0.10960960960960961,0.1367554858934169,0.2,,
top1_share@50,Autarky,all,112,0.1331848919870735,0.07326106594399277,0.08823529411764706,0.10471491228070176,0.13988095238095238,0.2539400665926748,,
top1_share@50,Default,win,56,0.1466070933451844,0.11538461538461539,0.13333333333333333,0.14285714285714285,0.15789473684210525,0.18198529411764708,,
top1_share@50,Default,loss,56,0.17032794155936484,0.1225,0.1412337662337662,0.16666666666666666,0.1875,0.23076923076923078,,
top1_share@50,Default,all,112,0.15846751745227458,0.11584615384615386,0.13636363636363635,0.15,0.17647058823529413,0.20947368421052637,,
top1_share@50,Queen Of Spades,win,56,0.2624843420494519,0.14907407407407408,0.1875,0.25,0.3333333333333333,0.375,,
top1_share@50,Queen Of Spades,loss,53,0.4073590560383013,0.23461538461538464,0.2857142857142857,0.375,0.5,0.5,,
top1_share@50,Queen Of Spades,all,109,0.33292801031925945,0.17450980392156865,0.21428571428571427,0.3,0.42857142857142855,0.5,,
top1_share@50,Schooltime,win,56,0.10309834368618923,0.07146908678389109,0.08556231003039513,0.1,0.1159502262443439,0.1371473354231975,,
top1_share@50,Schooltime,loss,56,0.14818067574902274,0.09565548780487805,0.11036036036036036,0.14039408866995073,0.17647058823529413,0.21428571428571427,,
top1_share@50,Schooltime,all,112,0.12563950971760598,0.07894736842105263,0.09356831395348837,0.11428571428571428,0.14814814814814814,0.18693181818181823,,
top1_share@50,Slithery Fight,win,56,0.07561541603153925,0.05217391304347826,0.055944963655244026,0.06186224489795918,0.06837774294670845,0.07407407407407407,,
top1_share@50,Slithery Fight,loss,56,0.08253396657623593,0.034940494354592615,0.05084745762711865,0.058823529411764705,0.06593406593406594,0.2325631706472828,,
top1_share@50,Slithery Fight,all,112,0.07907469130388758,0.03675886621936191,0.05357142857142857,0.06060606060606061,0.06818181818181818,0.22321428571428573,,
top1_share@50,Trauma,win,55,0.27803682760620546,0.2222222222222222,0.25,0.25,0.3333333333333333,0.3333333333333333,,
top1_share@50,Trauma,loss,55,0.2923401478903871,0.25,0.25,0.2727272727272727,0.3333333333333333,0.3333333333333333,,
top1_share@50,Trauma,all,112,0.28530416951469584,0.22500000000000003,0.25,0.25,0.3333333333333333,0.3333333333333333,,
top1_share@50,ALL,win,559,0.15941589416189506,,0.08823529411764706,0.13636363636363635,0.21052631578947367,,0.05970149253731343,0.3333333333333333
top1_share@50,ALL,loss,549,0.21575100211699896,,0.11538461538461539,0.16666666666666666,0.25,,0.058823529411764705,0.5
top1_share@50,ALL,all,1110,0.18751722372258114,,0.1,0.15,0.2357103218645949,,0.05953893896852372,0.42857142857142855
len_gini@50,Portals,win,56,0.11476895967014855,0.06938502673796798,0.08928571428571441,0.12328954570333883,0.13690476190476186,0.1586021505376345,,
len_gini@50,Portals,loss,56,0.11442915151179844,0.07272727272727253,0.09777722277722278,0.12200569883125667,0.13131313131313127,0.15740740740740744,,
len_gini@50,Portals,all,112,0.1145990555909735,0.07080213903743311,0.09432692307692309,0.12328954570333883,0.1367521367521367,0.1584826762246118,,
len_gini@50,Prisoners Dilemma,win,56,0.11855814910913379,0.05147058823529416,0.07159090909090898,0.08973569533914372,0.14837499999999992,0.18241028295376127,,
len_gini@50,Prisoners Dilemma,loss,56,0.04697691131721983,0.0,0.0,0.0,0.0935363247863249,0.12184873949579844,,
len_gini@50,Prisoners Dilemma,all,112,0.08276753021317682,0.0,0.0,0.07525252525252524,0.10084033613445387,0.16837662337662354,,
len_gini@50,Devil,win,56,0.10820110640250112,0.08767430401576748,0.09523809523809512,0.11064616483068146,0.12091790833240895,0.13346042120551926,,
len_gini@50,Devil,loss,56,0.10306962071648516,0.06818181818181823,0.09130434782608687,0.09999999999999998,0.12225958990664876,0.13988095238095244,,
len_gini@50,Devil,all,112,0.10563536355949313,0.07808080808080804,0.09523809523809512,0.10050256435627236,0.12225958990664876,0.13689417627516118,,
len_gini@50,Trophy,win,56,0.10662721953049749,0.0882792207792209,0.09740259740259738,0.10093121968121976,0.12217194570135748,0.13264013118664275,,
len_gini@50,Trophy,loss,56,0.09595320177718188,0.07272727272727264,0.09079968944099376,0.09999999999999998,0.101010101010101,0.13019943019943014,,
len_gini@50,Trophy,all,112,0.1012902106538397,0.08333333333333326,0.09379086748038373,0.10043041606886649,0.11906238922367957,0.1321176207513416,,
len_gini@50,Autarky,win,56,0.15132661470388506,0.08570460704607041,0.10065855230279608,0.12008995784402288,0.1534598214285715,0.2796007058978758,,
len_gini@50,Autarky,loss,56,0.1060641375607655,0.07738178337089419,0.09079968944099376,0.09999999999999998,0.12039398501885146,0.13433583959899753,,
len_gini@50,Autarky,all,112,0.1286953761323253,0.07995137046861195,0.09523809523809529,0.11112044817927169,0.12803196438064868,0.25680602509202916,,
len_gini@50,Default,win,56,0.09396663174246957,0.06841491841491831,0.08333333333333326,0.09523809523809512,0.10064111851637214,0.12658481365377916,,
len_gini@50,Default,loss,56,0.09020995222748172,0.05024509803921562,0.08628787878787886,0.09523809523809523,0.10014367816091962,0.101010101010101,,
len_gini@50,Default,all,112,0.09208829198497566,0.05714285714285716,0.08333333333333326,0.09523809523809512,0.10057471264367823,0.12485632183908048,,
len_gini@50,Queen Of Spades,win,56,0.07473177265773413,0.0,0.06236263736263736,0.08333333333333348,0.10000000000000009,0.11439323204029095,,
len_gini@50,Queen Of Spades,loss,56,0.08343638504352792,0.0,0.0,0.08333333333333326,0.10000000000000009,0.14017857142857137,,
len_gini@50,Queen Of Spades,all,112,0.07908407885063104,0.0,0.0,0.08333333333333348,0.10000000000000009,0.13125874125874123,,
len_gini@50,Schooltime,win,56,0.1083206663249063,0.0914027149321267,0.09749373433583969,0.101010101010101,0.12345322554033983,0.13581466842336398,,
len_gini@50,Schooltime,loss,56,0.10434902778740776,0.05714285714285716,0.09155219780219792,0.10095550095550099,0.12533602150537637,0.1418367346938777,,
len_gini@50,Schooltime,all,112,0.10633484705615703,0.0729733424470265,0.09523809523809534,0.101010101010101,0.12509796238244514,0.13738636363636358,,
len_gini@50,Slithery Fight,win,56,0.1596626061282129,0.1256276901004305,0.13140662772714307,0.14099593311733916,0.15017679080179092,0.17389924743729213,,
len_gini@50,Slithery Fight,loss,56,0.1784461583911765,0.11421125458392523,0.13013945415564593,0.13997198147806678,0.15336632453567944,0.4036296544462772,,
len_gini@50,Slithery Fight,all,112,0.16905438225969469,0.1205495430495432,0.13013945415564593,0.1402288406880151,0.15151004789532302,0.3684171028325124,,
len_gini@50,Trauma,win,55,0.07033097205824479,0.0,0.0,0.08333333333333326,0.11250000000000004,0.14285714285714302,,
len_gini@50,Trauma,loss,55,0.05133057851239665,0.0,0.0,0.07272727272727275,0.08333333333333326,0.08333333333333326,,
len_gini@50,Trauma,all,112,0.06048855905998761,0.0,0.0,0.08333333333333326,0.08333333333333326,0.125,,
len_gini@50,ALL,win,559,0.1107215959468602,,0.08530303030303044,0.10084033613445387,0.13131313131313127,,0.0,0.17281746031746043
len_gini@50,ALL,loss,559,0.09750897390488787,,0.07518796992481214,0.09868421052631571,0.12356321839080464,,0.0,0.16240759240759248
len_gini@50,ALL,all,1120,0.10400376953612545,,0.08333333333333326,0.10000000000000009,0.12780264279624892,,0.0,0.16666666666666652
seen_share@50,Portals,win,56,0.905517578125,0.783203125,0.86083984375,0.931640625,0.970703125,0.986328125,,
seen_share@50,Portals,loss,56,0.8009556361607143,0.6669921875,0.671875,0.826171875,0.9453125,0.978515625,,
seen_share@50,Portals,all,112,0.8532366071428571,0.669921875,0.71728515625,0.90625,0.9580078125,0.982421875,,
seen_share@50,Prisoners Dilemma,win,56,0.9266531808035714,0.8017578125,0.88427734375,0.978515625,1.0,1.0,,
seen_share@50,Prisoners Dilemma,loss,56,0.7893415178571429,0.5712890625,0.677734375,0.7939453125,0.90625,0.9775390625,,
seen_share@50,Prisoners Dilemma,all,112,0.8579973493303571,0.6546875,0.765625,0.896484375,0.98681640625,1.0,,
seen_share@50,Devil,win,56,0.8046875,0.7470703125,0.78125,0.802734375,0.82470703125,0.865234375,,
seen_share@50,Devil,loss,56,0.6961146763392857,0.626953125,0.65380859375,0.69921875,0.72314453125,0.7841796875,,
seen_share@50,Devil,all,112,0.7504010881696429,0.6466796875,0.69873046875,0.7568359375,0.8046875,0.8367187500000001,,
seen_share@50,Trophy,win,56,0.9062,0.804,0.8503999999999999,0.9272,0.9628,0.9967999999999999,,
seen_share@50,Trophy,loss,56,0.8054,0.6928,0.7524000000000001,0.8,0.8655999999999999,0.9088,,
seen_share@50,Trophy,all,112,0.8558000000000001,0.73312,0.7879999999999999,0.8592,0.9284,0.9771200000000001,,
seen_share@50,Autarky,win,56,0.8916629923574367,0.7731481481481481,0.8405349794238683,0.9012345679012346,0.9673353909465021,0.9830246913580247,,
seen_share@50,Autarky,loss,56,0.8535787771898883,0.7150205761316872,0.7872942386831276,0.8621399176954733,0.9421296296296295,0.9691358024691358,,
seen_share@50,Autarky,all,112,0.8726208847736626,0.7390946502057614,0.8155864197530864,0.8827160493827161,0.9575617283950617,0.9804526748971193,,
seen_share@50,Default,win,56,0.879638671875,0.78125,0.827880859375,0.896484375,0.9365234375,0.96630859375,,
seen_share@50,Default,loss,56,0.8165108816964286,0.69677734375,0.76708984375,0.833984375,0.88818359375,0.91015625,,
seen_share@50,Default,all,112,0.8480747767857143,0.735546875,0.782958984375,0.85986328125,0.91552734375,0.9451171875,,
seen_share@50,Queen Of Spades,win,56,0.6177959183673468,0.49542857142857144,0.5294285714285714,0.5874285714285714,0.7002857142857143,0.7571428571428571,,
seen_share@50,Queen Of Spades,loss,56,0.5660612244897959,0.4908571428571429,0.5051428571428571,0.5525714285714285,0.6388571428571428,0.6954285714285715,,
seen_share@50,Queen Of Spades,all,112,0.5919285714285714,0.4894857142857143,0.5171428571428571,0.5702857142857143,0.6697142857142857,0.7347428571428571,,
seen_share@50,Schooltime,win,56,0.4558779761904762,0.370625,0.42645833333333333,0.45875,0.48791666666666667,0.5314583333333334,,
seen_share@50,Schooltime,loss,56,0.4211160714285715,0.3277083333333333,0.3905208333333333,0.4164583333333334,0.4678125,0.494375,,
seen_share@50,Schooltime,all,112,0.43849702380952377,0.354375,0.40260416666666665,0.44333333333333336,0.47781250000000003,0.513625,,
seen_share@50,Slithery Fight,win,56,0.6178718400940623,0.5814226925338037,0.6036155202821869,0.6193415637860082,0.6355085243974132,0.6516754850088183,,
seen_share@50,Slithery Fight,loss,56,0.6141345427059713,0.5699588477366255,0.592445620223398,0.6181657848324515,0.6355085243974132,0.6487360376249265,,
seen_share@50,Slithery Fight,all,112,0.6160031914000168,0.5720752498530276,0.6017048794826573,0.6187536743092299,0.6355085243974132,0.6501469723691946,,
seen_share@50,Trauma,win,55,0.43888888888888905,0.328125,0.3984375,0.4322916666666667,0.5164930555555556,0.5277777777777778,,
seen_share@50,Trauma,loss,55,0.40536616161616174,0.3203125,0.3211805555555556,0.4114583333333333,0.4852430555555556,0.5008680555555556,,
seen_share@50,Trauma,all,112,0.4213324652777778,0.3203125,0.3402777777777778,0.4114583333333333,0.5008680555555556,0.5277777777777778,,
seen_share@50,ALL,win,559,0.7450261283120052,,0.5720000000000001,0.7942386831275721,0.926162962962963,,0.40711458333333334,1.0
seen_share@50,ALL,loss,559,0.6773436229865574,,0.5494179894179894,0.677734375,0.82470703125,,0.35941666666666666,0.9642722800925927
seen_share@50,ALL,all,1120,0.7105891958118123,,0.5562857142857143,0.7236328125,0.8785265624999999,,0.3874826388888889,0.986328125
visited_share@50,Portals,win,56,0.23102678571428573,0.181640625,0.20703125,0.224609375,0.2548828125,0.291015625,,
visited_share@50,Portals,loss,56,0.22750418526785715,0.16796875,0.193359375,0.2392578125,0.25634765625,0.2705078125,,
visited_share@50,Portals,all,112,0.22926548549107142,0.1740234375,0.19921875,0.2275390625,0.25634765625,0.2791015625,,
visited_share@50,Prisoners Dilemma,win,56,0.36610630580357145,0.1875,0.3095703125,0.392578125,0.46337890625,0.49609375,,
visited_share@50,Prisoners Dilemma,loss,56,0.20546177455357142,0.06640625,0.1201171875,0.1611328125,0.326171875,0.3818359375,,
visited_share@50,Prisoners Dilemma,all,112,0.28578404017857145,0.084375,0.14404296875,0.3173828125,0.404296875,0.4724609375,,
visited_share@50,Devil,win,56,0.40848214285714285,0.359375,0.3916015625,0.4140625,0.43994140625,0.4541015625,,
visited_share@50,Devil,loss,56,0.31229073660714285,0.2734375,0.28662109375,0.3046875,0.33056640625,0.373046875,,
visited_share@50,Devil,all,112,0.36038643973214285,0.2833984375,0.30126953125,0.3671875,0.4130859375,0.444921875,,
visited_share@50,Trophy,win,56,0.34877142857142857,0.26239999999999997,0.30279999999999996,0.33599999999999997,0.38120000000000004,0.4688,,
visited_share@50,Trophy,loss,56,0.26465714285714287,0.19840000000000002,0.2444,0.26959999999999995,0.29000000000000004,0.3152,,
visited_share@50,Trophy,all,112,0.3067142857142858,0.2112,0.25839999999999996,0.29200000000000004,0.34640000000000004,0.38688,,
visited_share@50,Autarky,win,56,0.38205467372134033,0.31121399176954734,0.3500514403292181,0.38580246913580246,0.4228395061728395,0.440843621399177,,
visited_share@50,Autarky,loss,56,0.31466784244562024,0.23816872427983538,0.2579732510288066,0.3251028806584362,0.356738683127572,0.4017489711934156,,
visited_share@50,Autarky,all,112,0.34836125808348023,0.2501028806584362,0.2978395061728395,0.3523662551440329,0.4038065843621399,0.43559670781893006,,
visited_share@50,Default,win,56,0.28519112723214285,0.25244140625,0.270263671875,0.28857421875,0.30419921875,0.32568359375,,
visited_share@50,Default,loss,56,0.24583217075892858,0.19140625,0.204833984375,0.2470703125,0.278564453125,0.30322265625,,
visited_share@50,Default,all,112,0.2655116489955357,0.19921875,0.239013671875,0.27294921875,0.294921875,0.31884765625,,
visited_share@50,Queen Of Spades,win,56,0.121,0.08742857142857142,0.10171428571428572,0.11828571428571429,0.13485714285714287,0.1542857142857143,,
visited_share@50,Queen Of Spades,loss,56,0.10348979591836735,0.08571428571428572,0.09371428571428571,0.10342857142857143,0.11457142857142857,0.12228571428571429,,
visited_share@50,Queen Of Spades,all,112,0.11224489795918366,0.08685714285714285,0.09457142857142857,0.10914285714285714,0.12457142857142857,0.13714285714285715,,
visited_share@50,Schooltime,win,56,0.11189732142857144,0.095625,0.105,0.11229166666666666,0.12020833333333333,0.12645833333333334,,
visited_share@50,Schooltime,loss,56,0.09761904761904762,0.074375,0.0840625,0.101875,0.11052083333333333,0.11583333333333334,,
visited_share@50,Schooltime,all,112,0.10475818452380951,0.08,0.094375,0.10833333333333334,0.11541666666666667,0.12325000000000001,,
visited_share@50,Slithery Fight,win,56,0.29315738641135464,0.2613168724279835,0.2871840094062316,0.3027630805408583,0.31466784244562024,0.3274544385655497,,
visited_share@50,Slithery Fight,loss,56,0.289021164021164,0.19929453262786595,0.27454438565549677,0.29894179894179895,0.3246619635508524,0.33921222810111695,,
visited_share@50,Slithery Fight,all,112,0.2910892752162594,0.20005878894767784,0.2811581422692534,0.30217519106408,0.3184891240446796,0.3343915343915344,,
visited_share@50,Trauma,win,55,0.11682449494949496,0.10399305555555555,0.11284722222222222,0.1171875,0.12065972222222222,0.1296875,,
visited_share@50,Trauma,loss,55,0.10905934343434345,0.09635416666666667,0.10416666666666667,0.11197916666666667,0.11371527777777778,0.1189236111111111,,
visited_share@50,Trauma,all,112,0.11302548363095237,0.09809027777777778,0.10503472222222222,0.11371527777777778,0.11827256944444445,0.12395833333333335,,
visited_share@50,ALL,win,559,0.2667188351335477,,0.1268154761904762,0.2863021751910641,0.3641975308641975,,0.09889107142857143,0.45907359182098767
visited_share@50,ALL,loss,559,0.21715334535174247,,0.11371527777777778,0.23828125,0.29296875,,0.08533333333333333,0.37037037037037035
visited_share@50,ALL,all,1120,0.24171409995252924,,0.12,0.255859375,0.322265625,,0.09142857142857143,0.4382716049382716
pearls@50,Portals,win,56,49.589285714285715,21.0,29.75,38.0,77.25,84.0,,
pearls@50,Portals,loss,56,37.535714285714285,22.5,25.0,32.0,48.25,65.5,,
pearls@50,Portals,all,112,43.5625,22.0,27.0,34.5,61.25,82.9,,
pearls@50,Prisoners Dilemma,win,56,31.214285714285715,13.5,19.0,29.0,40.25,53.0,,
pearls@50,Prisoners Dilemma,loss,56,13.589285714285714,2.0,2.0,10.0,17.25,33.0,,
pearls@50,Prisoners Dilemma,all,112,22.401785714285715,2.0,9.5,18.0,32.25,46.0,,
pearls@50,Devil,win,56,59.0,41.5,54.75,61.0,67.0,71.5,,
pearls@50,Devil,loss,56,25.982142857142858,12.5,17.0,23.0,34.0,43.0,,
pearls@50,Devil,all,112,42.49107142857143,17.0,23.0,42.0,61.0,68.0,,
pearls@50,Trophy,win,56,41.839285714285715,21.5,33.0,40.0,49.0,66.0,,
pearls@50,Trophy,loss,56,25.178571428571427,9.0,19.75,24.0,30.25,42.0,,
pearls@50,Trophy,all,112,33.50892857142857,19.0,22.0,32.5,42.5,51.900000000000006,,
pearls@50,Autarky,win,56,50.160714285714285,39.0,42.0,49.5,58.0,67.0,,
pearls@50,Autarky,loss,56,37.19642857142857,14.5,25.0,39.5,46.25,55.0,,
pearls@50,Autarky,all,112,43.67857142857143,22.0,35.5,44.0,54.0,64.70000000000002,,
pearls@50,Default,win,56,11.678571428571429,4.0,7.75,12.0,15.25,19.0,,
pearls@50,Default,loss,56,9.017857142857142,4.0,6.0,8.0,12.0,15.0,,
pearls@50,Default,all,112,10.348214285714286,4.0,7.0,9.0,14.0,18.0,,
pearls@50,Queen Of Spades,win,56,11.232142857142858,2.0,4.0,8.0,16.25,26.0,,
pearls@50,Queen Of Spades,loss,56,7.267857142857143,0.0,0.0,3.0,13.75,23.0,,
pearls@50,Queen Of Spades,all,112,9.25,0.0,2.0,5.5,16.0,24.0,,
pearls@50,Schooltime,win,56,29.125,19.0,23.0,28.0,35.25,43.5,,
pearls@50,Schooltime,loss,56,17.875,5.5,8.0,18.5,26.5,32.0,,
pearls@50,Schooltime,all,112,23.5,7.0,15.0,23.5,32.0,36.900000000000006,,
pearls@50,Slithery Fight,win,56,224.76785714285714,198.5,211.5,224.0,236.25,247.5,,
pearls@50,Slithery Fight,loss,56,248.05357142857142,196.0,217.0,236.5,260.25,321.5,,
pearls@50,Slithery Fight,all,112,236.41071428571428,196.2,213.0,229.0,246.0,316.5,,
pearls@50,Trauma,win,55,5.527272727272727,0.0,0.0,1.0,7.0,21.600000000000016,,
pearls@50,Trauma,loss,55,1.309090909090909,0.0,0.0,1.0,1.0,4.000000000000007,,
pearls@50,Trauma,all,112,3.3660714285714284,0.0,0.0,1.0,1.0,15.0,,
pearls@50,ALL,win,559,51.49552772808587,,15.0,33.0,59.0,,1.0,224.0
pearls@50,ALL,loss,559,42.37388193202147,,7.0,20.0,35.5,,0.0,236.10000000000002
pearls@50,ALL,all,1120,46.85178571428571,,9.0,25.0,46.0,,0.0,229.0
bed_pearls@50,Portals,win,56,35.17857142857143,17.5,22.0,31.5,50.0,55.0,,
bed_pearls@50,Portals,loss,56,28.732142857142858,19.0,20.0,24.0,37.25,46.0,,
bed_pearls@50,Portals,all,112,31.955357142857142,18.1,22.0,26.0,44.0,54.0,,
bed_pearls@50,Prisoners Dilemma,win,56,15.267857142857142,7.0,10.0,15.0,19.5,23.0,,
bed_pearls@50,Prisoners Dilemma,loss,56,7.446428571428571,2.0,2.0,6.5,10.25,17.0,,
bed_pearls@50,Prisoners Dilemma,all,112,11.357142857142858,2.0,6.0,10.0,17.0,21.0,,
bed_pearls@50,Devil,win,56,43.464285714285715,29.5,39.75,44.5,51.0,54.0,,
bed_pearls@50,Devil,loss,56,21.125,12.5,15.0,19.0,27.0,31.0,,
bed_pearls@50,Devil,all,112,32.294642857142854,14.0,19.0,31.0,44.25,51.0,,
bed_pearls@50,Trophy,win,56,38.25,21.5,30.75,36.5,44.0,61.5,,
bed_pearls@50,Trophy,loss,56,22.982142857142858,9.0,18.0,21.0,25.75,37.0,,
bed_pearls@50,Trophy,all,112,30.616071428571427,17.0,20.0,29.0,38.0,50.0,,
bed_pearls@50,Autarky,win,56,29.589285714285715,22.0,25.0,30.0,34.0,37.5,,
bed_pearls@50,Autarky,loss,56,22.446428571428573,12.0,16.0,24.0,28.0,32.5,,
bed_pearls@50,Autarky,all,112,26.017857142857142,15.0,21.0,27.0,32.0,35.0,,
bed_pearls@50,Default,win,56,9.232142857142858,4.0,6.0,8.0,13.0,16.0,,
bed_pearls@50,Default,loss,56,6.910714285714286,3.0,4.0,5.0,9.25,13.0,,
bed_pearls@50,Default,all,112,8.071428571428571,3.0,4.0,7.0,12.0,14.0,,
bed_pearls@50,Queen Of Spades,win,56,9.821428571428571,2.0,4.0,7.5,14.25,22.0,,
bed_pearls@50,Queen Of Spades,loss,56,6.267857142857143,0.0,0.0,3.0,12.0,18.5,,
bed_pearls@50,Queen Of Spades,all,112,8.044642857142858,0.0,2.0,5.0,13.0,20.0,,
bed_pearls@50,Schooltime,win,56,27.892857142857142,16.0,22.0,26.5,33.25,42.5,,
bed_pearls@50,Schooltime,loss,56,17.0,5.0,7.0,16.5,24.75,32.0,,
bed_pearls@50,Schooltime,all,112,22.446428571428573,6.100000000000001,15.0,23.0,31.0,35.0,,
bed_pearls@50,Slithery Fight,win,56,149.91071428571428,136.5,143.5,149.0,155.25,162.5,,
bed_pearls@50,Slithery Fight,loss,56,159.01785714285714,137.5,149.75,157.0,167.5,189.0,,
bed_pearls@50,Slithery Fight,all,112,154.46428571428572,137.0,144.75,153.0,159.0,178.60000000000002,,
bed_pearls@50,Trauma,win,55,4.581818181818182,0.0,0.0,1.0,7.0,17.000000000000007,,
bed_pearls@50,Trauma,loss,55,1.2727272727272727,0.0,0.0,1.0,1.0,4.000000000000007,,
bed_pearls@50,Trauma,all,112,2.8839285714285716,0.0,0.0,1.0,1.0,13.600000000000023,,
bed_pearls@50,ALL,win,559,36.37567084078712,,12.0,25.0,42.0,,1.0,149.0
bed_pearls@50,ALL,loss,559,29.37030411449016,,5.0,16.0,27.0,,0.0,157.0
bed_pearls@50,ALL,all,1120,32.81517857142857,,7.0,20.0,34.0,,0.0,153.0
births@50,Portals,win,56,20.321428571428573,9.0,12.0,16.0,30.25,35.0,,
births@50,Portals,loss,56,15.821428571428571,10.5,11.0,13.0,21.0,27.0,,
births@50,Portals,all,112,18.071428571428573,10.0,11.0,14.5,26.0,33.0,,
births@50,Prisoners Dilemma,win,56,16.5,10.0,13.0,16.0,19.25,24.0,,
births@50,Prisoners Dilemma,loss,56,6.732142857142857,0.0,0.0,4.0,12.0,16.5,,
births@50,Prisoners Dilemma,all,112,11.616071428571429,0.0,4.0,12.0,17.0,22.0,,
births@50,Devil,win,56,25.821428571428573,19.0,24.0,26.0,29.25,32.0,,
births@50,Devil,loss,56,12.482142857142858,7.0,9.75,12.0,14.25,18.5,,
births@50,Devil,all,112,19.151785714285715,8.100000000000001,12.0,19.0,26.0,30.0,,
births@50,Trophy,win,56,17.267857142857142,10.0,14.0,16.5,20.0,27.0,,
births@50,Trophy,loss,56,10.714285714285714,4.5,9.0,10.5,12.0,17.0,,
births@50,Trophy,all,112,13.991071428571429,8.0,10.0,13.5,17.0,21.80000000000001,,
births@50,Autarky,win,56,23.660714285714285,16.0,20.75,23.5,27.25,31.5,,
births@50,Autarky,loss,56,17.232142857142858,4.5,9.75,20.5,23.0,27.0,,
births@50,Autarky,all,112,20.446428571428573,9.0,16.0,22.0,26.0,28.0,,
births@50,Default,win,56,7.803571428571429,5.0,6.0,7.5,9.0,10.5,,
births@50,Default,loss,56,6.321428571428571,4.0,5.0,6.0,8.0,9.0,,
births@50,Default,all,112,7.0625,5.0,5.0,7.0,9.0,10.0,,
births@50,Queen Of Spades,win,56,4.875,1.0,2.0,4.0,6.0,10.5,,
births@50,Queen Of Spades,loss,56,2.5357142857142856,0.0,0.0,2.0,4.0,7.0,,
births@50,Queen Of Spades,all,112,3.705357142857143,0.0,1.0,2.5,6.0,8.0,,
births@50,Schooltime,win,56,13.553571428571429,9.0,11.0,13.0,16.25,18.5,,
births@50,Schooltime,loss,56,9.089285714285714,3.5,5.0,10.0,12.0,15.0,,
births@50,Schooltime,all,112,11.321428571428571,5.0,8.0,11.5,14.25,17.0,,
births@50,Slithery Fight,win,56,103.07142857142857,92.5,98.0,102.0,109.25,112.5,,
births@50,Slithery Fight,loss,56,111.375,88.5,98.75,106.0,120.75,142.0,,
births@50,Slithery Fight,all,112,107.22321428571429,91.1,98.0,103.5,110.25,138.9,,
births@50,Trauma,win,55,4.036363636363636,2.0,2.0,2.0,4.0,11.000000000000007,,
births@50,Trauma,loss,55,2.290909090909091,2.0,2.0,2.0,2.0,3.200000000000003,,
births@50,Trauma,all,112,3.142857142857143,2.0,2.0,2.0,2.0,8.0,,
births@50,ALL,win,559,23.726296958855098,,8.0,15.0,26.0,,2.0,102.0
births@50,ALL,loss,559,19.49016100178891,,4.0,10.0,16.0,,0.0,106.0
births@50,ALL,all,1120,21.573214285714286,,5.75,12.0,22.0,,1.9500000000000028,103.04999999999995
deaths@50,Portals,win,56,13.75,3.5,6.75,9.5,22.25,28.0,,
deaths@50,Portals,loss,56,8.589285714285714,4.0,4.0,5.0,11.0,19.5,,
deaths@50,Portals,all,112,11.169642857142858,4.0,5.0,7.0,17.0,25.900000000000006,,
deaths@50,Prisoners Dilemma,win,56,11.428571428571429,6.0,8.0,11.0,14.0,17.5,,
deaths@50,Prisoners Dilemma,loss,56,6.732142857142857,1.0,2.0,6.0,10.0,14.0,,
deaths@50,Prisoners Dilemma,all,112,9.080357142857142,2.0,6.0,9.0,12.0,16.900000000000006,,
deaths@50,Devil,win,56,11.589285714285714,8.0,10.0,11.5,14.0,15.0,,
deaths@50,Devil,loss,56,6.125,3.0,4.0,5.0,8.0,10.0,,
deaths@50,Devil,all,112,8.857142857142858,4.0,5.0,9.0,12.0,14.0,,
deaths@50,Trophy,win,56,2.7857142857142856,1.0,2.0,3.0,4.0,5.0,,
deaths@50,Trophy,loss,56,2.767857142857143,0.0,1.0,2.5,4.0,6.0,,
deaths@50,Trophy,all,112,2.7767857142857144,1.0,1.0,3.0,4.0,5.0,,
deaths@50,Autarky,win,56,13.071428571428571,8.5,10.0,12.0,15.25,20.0,,
deaths@50,Autarky,loss,56,10.589285714285714,3.0,4.75,12.0,15.0,17.0,,
deaths@50,Autarky,all,112,11.830357142857142,4.0,9.0,12.0,15.0,18.0,,
deaths@50,Default,win,56,2.3214285714285716,0.0,1.0,2.0,4.0,5.0,,
deaths@50,Default,loss,56,2.3214285714285716,1.0,1.0,2.0,3.25,5.0,,
deaths@50,Default,all,112,2.3214285714285716,0.0,1.0,2.0,4.0,5.0,,
deaths@50,Queen Of Spades,win,56,1.3571428571428572,0.0,0.0,1.0,2.0,4.0,,
deaths@50,Queen Of Spades,loss,56,0.9821428571428571,0.0,0.0,0.0,1.0,2.5,,
deaths@50,Queen Of Spades,all,112,1.1696428571428572,0.0,0.0,1.0,1.25,3.9000000000000057,,
deaths@50,Schooltime,win,56,1.6785714285714286,0.5,1.0,2.0,2.0,3.0,,
deaths@50,Schooltime,loss,56,1.2857142857142858,0.0,1.0,1.0,2.0,3.0,,
deaths@50,Schooltime,all,112,1.4821428571428572,0.0,1.0,1.0,2.0,3.0,,
deaths@50,Slithery Fight,win,56,69.5,56.5,60.75,71.0,76.25,83.5,,
deaths@50,Slithery Fight,loss,56,77.17857142857143,57.5,63.0,79.0,86.5,102.5,,
deaths@50,Slithery Fight,all,112,73.33928571428571,57.0,61.0,71.0,82.25,94.9,,
deaths@50,Trauma,win,55,1.0909090909090908,0.0,0.0,0.0,1.0,6.200000000000003,,
deaths@50,Trauma,loss,55,0.09090909090909091,0.0,0.0,0.0,0.0,0.0,,
deaths@50,Trauma,all,112,0.5803571428571429,0.0,0.0,0.0,0.0,2.0,,
deaths@50,ALL,win,559,12.878354203935599,,1.5,5.0,13.0,,0.0,71.0
deaths@50,ALL,loss,559,11.686940966010733,,1.0,4.0,9.0,,0.0,79.0
deaths@50,ALL,all,1120,12.260714285714286,,1.0,4.0,12.0,,0.0,71.0
kills@50,Portals,win,56,0.0,0.0,0.0,0.0,0.0,0.0,,
kills@50,Portals,loss,56,0.0,0.0,0.0,0.0,0.0,0.0,,
kills@50,Portals,all,112,0.0,0.0,0.0,0.0,0.0,0.0,,
kills@50,Prisoners Dilemma,win,56,1.4285714285714286,0.0,0.0,1.0,2.0,4.0,,
kills@50,Prisoners Dilemma,loss,56,1.4285714285714286,0.0,0.0,1.0,2.0,4.0,,
kills@50,Prisoners Dilemma,all,112,1.4285714285714286,0.0,0.0,1.0,2.0,4.0,,
kills@50,Devil,win,56,3.4285714285714284,1.0,2.0,3.0,4.25,6.5,,
kills@50,Devil,loss,56,3.3392857142857144,1.0,2.0,3.0,4.25,6.0,,
kills@50,Devil,all,112,3.3839285714285716,1.0,2.0,3.0,4.25,6.0,,
kills@50,Trophy,win,56,1.4464285714285714,0.0,0.75,1.0,2.0,3.0,,
kills@50,Trophy,loss,56,1.4642857142857142,0.0,1.0,1.0,2.0,3.0,,
kills@50,Trophy,all,112,1.4553571428571428,0.0,1.0,1.0,2.0,3.0,,
kills@50,Autarky,win,56,2.732142857142857,1.0,1.0,3.0,4.0,5.0,,
kills@50,Autarky,loss,56,2.732142857142857,1.0,1.0,3.0,4.0,5.0,,
kills@50,Autarky,all,112,2.732142857142857,1.0,1.0,3.0,4.0,5.0,,
kills@50,Default,win,56,1.8928571428571428,0.0,1.0,1.5,3.0,4.0,,
kills@50,Default,loss,56,1.8928571428571428,0.0,1.0,1.5,3.0,4.0,,
kills@50,Default,all,112,1.8928571428571428,0.0,1.0,1.5,3.0,4.0,,
kills@50,Queen Of Spades,win,56,0.3392857142857143,0.0,0.0,0.0,1.0,1.0,,
kills@50,Queen Of Spades,loss,56,0.32142857142857145,0.0,0.0,0.0,1.0,1.0,,
kills@50,Queen Of Spades,all,112,0.33035714285714285,0.0,0.0,0.0,1.0,1.0,,
kills@50,Schooltime,win,56,0.75,0.0,0.0,1.0,1.0,2.0,,
kills@50,Schooltime,loss,56,0.7678571428571429,0.0,0.0,1.0,1.0,2.0,,
kills@50,Schooltime,all,112,0.7589285714285714,0.0,0.0,1.0,1.0,2.0,,
kills@50,Slithery Fight,win,56,2.232142857142857,0.0,1.0,2.0,3.0,4.0,,
kills@50,Slithery Fight,loss,56,2.1785714285714284,0.0,1.0,2.0,3.0,4.0,,
kills@50,Slithery Fight,all,112,2.205357142857143,0.0,1.0,2.0,3.0,4.0,,
kills@50,Trauma,win,55,0.0,0.0,0.0,0.0,0.0,0.0,,
kills@50,Trauma,loss,55,0.0,0.0,0.0,0.0,0.0,0.0,,
kills@50,Trauma,all,112,0.0,0.0,0.0,0.0,0.0,0.0,,
kills@50,ALL,win,559,1.4275491949910555,,0.0,1.0,2.0,,0.0,5.0
kills@50,ALL,loss,559,1.4150268336314848,,0.0,1.0,2.0,,0.0,5.0
kills@50,ALL,all,1120,1.41875,,0.0,1.0,2.0,,0.0,5.0
units@100,Portals,win,56,16.625,12.0,13.75,16.0,19.0,21.5,,
units@100,Portals,loss,56,17.0,12.0,15.0,18.0,19.0,21.0,,
units@100,Portals,all,112,16.8125,12.0,14.0,17.0,19.0,21.0,,
units@100,Prisoners Dilemma,win,56,8.517857142857142,4.5,7.0,8.5,10.0,12.0,,
units@100,Prisoners Dilemma,loss,56,2.1785714285714284,0.0,0.0,1.5,4.0,5.0,,
units@100,Prisoners Dilemma,all,112,5.348214285714286,0.0,1.75,5.0,9.0,10.900000000000006,,
units@100,Devil,win,56,27.553571428571427,19.0,23.75,27.5,33.0,36.0,,
units@100,Devil,loss,56,8.357142857142858,2.5,5.0,7.5,10.0,14.0,,
units@100,Devil,all,112,17.955357142857142,4.0,7.0,18.0,27.25,33.900000000000006,,
units@100,Trophy,win,56,27.964285714285715,17.0,22.75,27.5,31.25,41.0,,
units@100,Trophy,loss,56,9.857142857142858,1.0,6.0,7.5,13.25,19.5,,
units@100,Trophy,all,112,18.910714285714285,5.0,7.75,19.0,28.0,33.0,,
units@100,Autarky,win,56,20.678571428571427,15.0,17.0,19.5,23.25,27.5,,
units@100,Autarky,loss,56,11.821428571428571,5.5,9.0,12.0,15.0,17.0,,
units@100,Autarky,all,112,16.25,8.0,12.0,16.0,21.0,24.900000000000006,,
units@100,Default,win,56,14.571428571428571,10.0,12.0,14.5,16.0,20.5,,
units@100,Default,loss,56,9.196428571428571,4.0,7.0,9.0,11.25,15.0,,
units@100,Default,all,112,11.883928571428571,6.0,9.0,12.0,15.0,17.0,,
units@100,Queen Of Spades,win,56,8.464285714285714,3.0,5.0,8.0,11.25,14.5,,
units@100,Queen Of Spades,loss,56,4.857142857142857,1.0,2.0,4.0,7.0,10.0,,
units@100,Queen Of Spades,all,112,6.660714285714286,1.1000000000000014,3.0,6.0,9.25,13.0,,
units@100,Schooltime,win,56,42.339285714285715,30.0,32.75,43.0,49.25,57.5,,
units@100,Schooltime,loss,56,22.25,6.0,13.0,22.5,31.5,37.0,,
units@100,Schooltime,all,112,32.294642857142854,12.0,22.0,32.5,43.0,52.900000000000006,,
units@100,Slithery Fight,win,56,50.892857142857146,44.0,47.0,51.0,55.0,58.5,,
units@100,Slithery Fight,loss,56,51.94642857142857,40.5,45.75,52.0,60.25,62.0,,
units@100,Slithery Fight,all,112,51.419642857142854,42.0,46.0,51.0,58.0,62.0,,
units@100,Trauma,win,55,10.709090909090909,5.0,6.0,8.0,16.5,22.400000000000006,,
units@100,Trauma,loss,55,6.418181818181818,4.0,4.5,5.0,7.0,10.0,,
units@100,Trauma,all,112,8.544642857142858,4.0,5.0,6.5,8.0,19.80000000000001,,
units@100,ALL,win,559,22.853309481216456,,11.0,19.0,31.0,,5.0,54.10000000000002
units@100,ALL,loss,559,14.402504472271914,,5.0,9.0,18.0,,1.0,52.0
units@100,ALL,all,1120,18.608035714285716,,7.0,14.0,25.0,,2.0,53.0
units_share@100,Portals,win,56,0.4965334033413485,0.403125,0.4331081081081081,0.48267622461170845,0.5286458333333334,0.5883458646616542,,
units_share@100,Portals,loss,56,0.5034665966586516,0.41165413533834583,0.47135416666666663,0.5173237753882916,0.5668918918918919,0.596875,,
units_share@100,Portals,all,112,0.5,0.400625,0.44731800766283525,0.5,0.5526819923371648,0.599375,,
units_share@100,Prisoners Dilemma,win,56,0.810997335997336,0.5,0.6916666666666667,0.8708333333333333,1.0,1.0,,
units_share@100,Prisoners Dilemma,loss,56,0.189002664002664,0.0,0.0,0.12916666666666665,0.30833333333333335,0.5,,
units_share@100,Prisoners Dilemma,all,112,0.5,0.0,0.13125,0.5,0.86875,1.0,,
units_share@100,Devil,win,56,0.765737734267294,0.6066433566433567,0.7202380952380952,0.7921727395411606,0.8738461538461538,0.9274475524475525,,
units_share@100,Devil,loss,56,0.23426226573270617,0.07255244755244755,0.12615384615384614,0.2078272604588394,0.27976190476190477,0.39335664335664333,,
units_share@100,Devil,all,112,0.5,0.11176470588235295,0.20917678812415652,0.5,0.7908232118758435,0.888235294117647,,
units_share@100,Trophy,win,56,0.7384480546261074,0.4464285714285714,0.6058612440191388,0.7878787878787878,0.8482456140350877,0.972953216374269,,
units_share@100,Trophy,loss,56,0.26155194537389254,0.027046783625730993,0.15175438596491228,0.21212121212121213,0.39413875598086123,0.5535714285714286,,
units_share@100,Trophy,all,112,0.5,0.1078947368421053,0.21212121212121213,0.5,0.7878787878787878,0.8921052631578948,,
units_share@100,Autarky,win,56,0.6410419241479787,0.48316498316498313,0.5277777777777778,0.6363636363636364,0.7342105263157894,0.818111455108359,,
units_share@100,Autarky,loss,56,0.3589580758520214,0.18188854489164086,0.2657894736842105,0.36363636363636365,0.4722222222222222,0.5168350168350169,,
units_share@100,Autarky,all,112,0.5,0.25,0.36363636363636365,0.5,0.6363636363636364,0.75,,
units_share@100,Default,win,56,0.617107826142252,0.44727272727272727,0.5351190476190476,0.6228448275862069,0.7035573122529644,0.7836257309941521,,
units_share@100,Default,loss,56,0.38289217385774804,0.21637426900584794,0.2964426877470356,0.3771551724137931,0.4648809523809524,0.5527272727272727,,
units_share@100,Default,all,112,0.5,0.25092592592592594,0.3684210526315789,0.5,0.631578947368421,0.7490740740740741,,
units_share@100,Queen Of Spades,win,56,0.6496244943965809,0.23076923076923078,0.525,0.6583333333333333,0.8616071428571428,0.9330357142857143,,
units_share@100,Queen Of Spades,loss,56,0.3503755056034192,0.06696428571428571,0.13839285714285715,0.3416666666666667,0.475,0.7692307692307693,,
units_share@100,Queen Of Spades,all,112,0.5,0.1111111111111111,0.2451923076923077,0.5,0.7548076923076923,0.8888888888888888,,
units_share@100,Schooltime,win,56,0.6592563782043516,0.45044309701492535,0.5363869863013698,0.6284018264840183,0.7877445795875198,0.9071428571428571,,
units_share@100,Schooltime,loss,56,0.3407436217956484,0.09285714285714286,0.21225542041248016,0.37159817351598173,0.4636130136986301,0.5495569029850746,,
units_share@100,Schooltime,all,112,0.5,0.19010117582718078,0.36694949907994273,0.5,0.6330505009200572,0.8098988241728193,,
units_share@100,Slithery Fight,win,56,0.496600127083806,0.4308686091258933,0.45493712156497434,0.49250413564929696,0.5454545454545454,0.5685051546391753,,
units_share@100,Slithery Fight,loss,56,0.503399872916194,0.4314948453608247,0.45454545454545453,0.507495864350703,0.5450628784350257,0.5691313908741067,,
units_share@100,Slithery Fight,all,112,0.5,0.43029896907216497,0.45454545454545453,0.5,0.5454545454545454,0.569701030927835,,
units_share@100,Trauma,win,55,0.5982671145465864,0.4444444444444444,0.5,0.6153846153846154,0.7165775401069518,0.7951515151515152,,
units_share@100,Trauma,loss,55,0.4017328854534135,0.20484848484848486,0.28342245989304815,0.38461538461538464,0.5,0.5555555555555556,,
units_share@100,Trauma,all,112,0.5,0.25942028985507243,0.375,0.5,0.625,0.7405797101449275,,
units_share@100,ALL,win,559,0.6474492645432153,,0.5,0.631578947368421,0.7936105476673427,,0.37453703703703706,0.9715079365079365
units_share@100,ALL,loss,559,0.3525507354567847,,0.2063894523326572,0.3684210526315789,0.5,,0.028492063492063492,0.6254629629629631
units_share@100,ALL,all,1120,0.5,,0.3510135135135135,0.5,0.6489864864864865,,0.09064935064935066,0.9093506493506491
total@100,Portals,win,56,40.732142857142854,29.0,35.0,39.5,47.0,52.5,,
total@100,Portals,loss,56,41.214285714285715,30.5,35.75,44.0,48.0,52.0,,
total@100,Portals,all,112,40.973214285714285,30.0,35.0,40.0,47.25,52.0,,
total@100,Prisoners Dilemma,win,56,20.178571428571427,13.5,16.0,19.0,23.25,27.5,,
total@100,Prisoners Dilemma,loss,56,5.232142857142857,0.0,0.0,4.0,9.0,12.5,,
total@100,Prisoners Dilemma,all,112,12.705357142857142,0.0,4.0,13.0,19.0,24.0,,
total@100,Devil,win,56,68.08928571428571,46.0,58.0,68.5,78.5,91.5,,
total@100,Devil,loss,56,20.178571428571427,5.5,11.75,18.0,25.0,32.0,,
total@100,Devil,all,112,44.13392857142857,9.100000000000001,17.75,42.0,68.25,80.0,,
total@100,Trophy,win,56,68.14285714285714,43.5,55.0,67.5,76.25,99.0,,
total@100,Trophy,loss,56,23.803571428571427,2.5,13.5,19.0,33.75,49.0,,
total@100,Trophy,all,112,45.973214285714285,11.0,19.0,45.0,69.0,81.80000000000001,,
total@100,Autarky,win,56,52.482142857142854,38.0,42.75,49.5,60.25,71.0,,
total@100,Autarky,loss,56,29.285714285714285,14.0,21.0,28.5,36.25,47.0,,
total@100,Autarky,all,112,40.88392857142857,20.0,28.75,40.5,51.0,63.70000000000002,,
total@100,Default,win,56,34.642857142857146,23.0,28.0,34.0,39.0,48.0,,
total@100,Default,loss,56,23.089285714285715,13.5,17.0,22.5,27.0,35.5,,
total@100,Default,all,112,28.866071428571427,16.0,21.75,27.5,36.0,41.900000000000006,,
total@100,Queen Of Spades,win,56,20.357142857142858,8.0,13.5,18.5,27.25,34.5,,
total@100,Queen Of Spades,loss,56,12.339285714285714,3.0,6.0,11.0,17.25,26.5,,
total@100,Queen Of Spades,all,112,16.348214285714285,3.3000000000000043,8.0,16.0,24.0,32.0,,
total@100,Schooltime,win,56,105.85714285714286,73.0,81.5,104.0,122.75,145.0,,
total@100,Schooltime,loss,56,55.607142857142854,16.0,33.5,57.0,78.0,91.5,,
total@100,Schooltime,all,112,80.73214285714286,29.1,55.5,80.0,106.5,130.70000000000002,,
total@100,Slithery Fight,win,56,129.25,113.0,117.75,128.0,140.5,148.0,,
total@100,Slithery Fight,loss,56,136.19642857142858,110.5,121.0,142.0,151.0,157.0,,
total@100,Slithery Fight,all,112,132.72321428571428,112.1,119.75,132.5,147.0,156.9,,
total@100,Trauma,win,55,24.418181818181818,11.0,14.0,18.0,36.5,50.000000000000014,,
total@100,Trauma,loss,55,14.654545454545454,9.0,9.5,12.0,15.0,24.0,,
total@100,Trauma,all,112,19.491071428571427,9.0,11.0,15.0,20.0,43.70000000000002,,
total@100,ALL,win,559,56.47227191413238,,25.5,45.0,75.5,,12.0,136.0
total@100,ALL,loss,559,36.19856887298748,,11.0,23.0,44.0,,2.0,141.20000000000005
total@100,ALL,all,1120,46.28303571428572,,16.75,34.0,62.0,,4.0,136.0
total_share@100,Portals,win,56,0.4987638135679729,0.4048303622771708,0.4363339552238806,0.48518718017775386,0.5306122448979592,0.5898876404494382,,
total_share@100,Portals,loss,56,0.501236186432027,0.4101123595505618,0.46938775510204084,0.5148128198222461,0.5636660447761194,0.5951696377228293,,
total_share@100,Portals,all,112,0.5,0.4043703277745831,0.45297805642633227,0.5,0.5470219435736676,0.5956296722254169,,
total_share@100,Prisoners Dilemma,win,56,0.8046038195882959,0.4913793103448276,0.6858974358974359,0.8633540372670807,1.0,1.0,,
total_share@100,Prisoners Dilemma,loss,56,0.19539618041170415,0.0,0.0,0.13664596273291924,0.3141025641025641,0.5086206896551724,,
total_share@100,Prisoners Dilemma,all,112,0.5,0.0,0.13975155279503104,0.5,0.860248447204969,1.0,,
total_share@100,Devil,win,56,0.7696593275809371,0.6094169543536632,0.726351752822341,0.794634489222118,0.8692225283134374,0.932498373454782,,
total_share@100,Devil,loss,56,0.23034067241906292,0.06750162654521796,0.1307774716865626,0.2053655107778819,0.2736482471776589,0.3905830456463368,,
total_share@100,Devil,all,112,0.5,0.11428571428571428,0.20577553889409558,0.5,0.7942244611059044,0.8857142857142857,,
total_share@100,Trophy,win,56,0.7411693882774825,0.4530729833546735,0.6233277591973244,0.7801601653319555,0.8638565891472869,0.9713639301874596,,
total_share@100,Trophy,loss,56,0.2588306117225175,0.028636069812540403,0.1361434108527132,0.21983983466804444,0.3766722408026756,0.5469270166453265,,
total_share@100,Trophy,all,112,0.5,0.10199328107502804,0.2221648152932059,0.5,0.7778351847067941,0.8980067189249721,,
total_share@100,Autarky,win,56,0.6450692697060422,0.4623376623376623,0.5547078203572048,0.6527536231884058,0.7409488139825218,0.8121309715512615,,
total_share@100,Autarky,loss,56,0.35493073029395766,0.1878690284487386,0.2590511860174781,0.3472463768115942,0.4452921796427952,0.5376623376623376,,
total_share@100,Autarky,all,112,0.5,0.2578014595158114,0.34753623188405797,0.5,0.652463768115942,0.7421985404841887,,
total_share@100,Default,win,56,0.6007998529884665,0.4220699779789576,0.5359637980311209,0.6032786885245902,0.6752461033634126,0.7616161616161616,,
total_share@100,Default,loss,56,0.39920014701153356,0.23838383838383836,0.3247538966365874,0.39672131147540984,0.464036201968879,0.5779300220210424,,
total_share@100,Default,all,112,0.5,0.29891987431264727,0.3770491803278688,0.5,0.6229508196721312,0.7010801256873528,,
total_share@100,Queen Of Spades,win,56,0.6458411863909453,0.23928571428571427,0.5113636363636364,0.6608159392789374,0.8471153846153846,0.9186813186813187,,
total_share@100,Queen Of Spades,loss,56,0.3541588136090547,0.08131868131868132,0.1528846153846154,0.33918406072106266,0.48863636363636365,0.7607142857142857,,
total_share@100,Queen Of Spades,all,112,0.5,0.14357142857142857,0.25815217391304346,0.5,0.7418478260869565,0.8564285714285714,,
total_share@100,Schooltime,win,56,0.6555408244689931,0.4454097939091143,0.5411112421847352,0.6378536431168009,0.7822923816060399,0.9047230981823335,,
total_share@100,Schooltime,loss,56,0.34445917553100686,0.09527690181766643,0.2177076183939602,0.36214635688319896,0.45888875781526484,0.5545902060908857,,
total_share@100,Schooltime,all,112,0.5,0.20093023255813955,0.35562676120352693,0.5,0.644373238796473,0.7990697674418605,,
total_share@100,Slithery Fight,win,56,0.48758497163043135,0.43013179742631796,0.45695496939667735,0.48031750129065565,0.5117380025940337,0.5700714179437584,,
total_share@100,Slithery Fight,loss,56,0.5124150283695685,0.4299285820562416,0.48826199740596626,0.5196824987093444,0.5430450306033225,0.5698682025736821,,
total_share@100,Slithery Fight,all,112,0.5,0.42981550364529086,0.46107320099255583,0.5,0.5389267990074441,0.5701844963547091,,
total_share@100,Trauma,win,55,0.6022085322215848,0.43492063492063493,0.5217391304347826,0.6206896551724138,0.7128205128205127,0.7962790697674419,,
total_share@100,Trauma,loss,55,0.39779146777841523,0.20372093023255816,0.28717948717948716,0.3793103448275862,0.4782608695652174,0.5650793650793651,,
total_share@100,Trauma,all,112,0.5,0.24324137931034487,0.36,0.5,0.64,0.7567586206896553,,
total_share@100,ALL,win,559,0.6452008706750678,,0.5,0.6296296296296297,0.7936014313708784,,0.3722597091018144,0.9659625668449201
total_share@100,ALL,loss,559,0.3547991293249322,,0.2063985686291216,0.37037037037037035,0.5,,0.03403743315508024,0.6277402908981857
total_share@100,ALL,all,1120,0.5,,0.350470035252644,0.5,0.649529964747356,,0.09080150618612158,0.9091984938138783
longest@100,Portals,win,56,3.75,3.0,3.0,4.0,4.0,4.0,,
longest@100,Portals,loss,56,3.6964285714285716,3.0,3.0,4.0,4.0,4.5,,
longest@100,Portals,all,112,3.7232142857142856,3.0,3.0,4.0,4.0,4.0,,
longest@100,Prisoners Dilemma,win,56,3.9285714285714284,2.0,3.0,3.0,4.0,6.0,,
longest@100,Prisoners Dilemma,loss,56,2.142857142857143,0.0,0.0,2.0,3.0,4.0,,
longest@100,Prisoners Dilemma,all,112,3.0357142857142856,0.0,2.0,3.0,4.0,5.0,,
longest@100,Devil,win,56,3.892857142857143,3.0,4.0,4.0,4.0,4.0,,
longest@100,Devil,loss,56,3.0714285714285716,2.0,3.0,3.0,3.0,4.0,,
longest@100,Devil,all,112,3.482142857142857,3.0,3.0,3.5,4.0,4.0,,
longest@100,Trophy,win,56,3.5892857142857144,3.0,3.0,4.0,4.0,4.0,,
longest@100,Trophy,loss,56,2.982142857142857,2.0,3.0,3.0,3.0,4.0,,
longest@100,Trophy,all,112,3.2857142857142856,3.0,3.0,3.0,4.0,4.0,,
longest@100,Autarky,win,56,5.660714285714286,3.0,3.0,4.0,5.0,13.0,,
longest@100,Autarky,loss,56,3.9464285714285716,3.0,3.0,3.0,4.0,6.0,,
longest@100,Autarky,all,112,4.803571428571429,3.0,3.0,4.0,5.0,6.0,,
longest@100,Default,win,56,3.0714285714285716,3.0,3.0,3.0,3.0,3.0,,
longest@100,Default,loss,56,3.9642857142857144,3.0,3.0,3.0,4.0,6.5,,
longest@100,Default,all,112,3.517857142857143,3.0,3.0,3.0,3.0,4.0,,
longest@100,Queen Of Spades,win,56,3.1964285714285716,3.0,3.0,3.0,4.0,4.0,,
longest@100,Queen Of Spades,loss,56,3.0,2.0,3.0,3.0,3.0,4.0,,
longest@100,Queen Of Spades,all,112,3.0982142857142856,3.0,3.0,3.0,3.0,4.0,,
longest@100,Schooltime,win,56,4.25,3.0,4.0,4.0,4.0,5.5,,
longest@100,Schooltime,loss,56,3.892857142857143,3.0,3.0,4.0,4.0,5.0,,
longest@100,Schooltime,all,112,4.071428571428571,3.0,4.0,4.0,4.0,5.0,,
longest@100,Slithery Fight,win,56,7.785714285714286,6.0,6.0,6.0,6.0,7.5,,
longest@100,Slithery Fight,loss,56,9.160714285714286,4.0,5.75,6.0,6.0,27.5,,
longest@100,Slithery Fight,all,112,8.473214285714286,5.0,6.0,6.0,6.0,26.0,,
longest@100,Trauma,win,55,3.5090909090909093,3.0,3.0,3.0,4.0,5.0,,
longest@100,Trauma,loss,55,3.1272727272727274,3.0,3.0,3.0,3.0,4.0,,
longest@100,Trauma,all,112,3.3035714285714284,3.0,3.0,3.0,3.0,4.0,,
longest@100,ALL,win,559,4.264758497316637,,3.0,4.0,4.0,,3.0,6.0
longest@100,ALL,loss,559,3.8998211091234345,,3.0,3.0,4.0,,2.0,6.0
longest@100,ALL,all,1120,4.079464285714286,,3.0,3.0,4.0,,2.0,6.0
longest_share@100,Portals,win,56,0.5053784013605441,0.42857142857142855,0.4861111111111111,0.5,0.5714285714285714,0.5714285714285714,,
longest_share@100,Portals,loss,56,0.49462159863945576,0.42857142857142855,0.42857142857142855,0.5,0.5138888888888888,0.5714285714285714,,
longest_share@100,Portals,all,112,0.5,0.42857142857142855,0.44047619047619047,0.5,0.5595238095238095,0.5714285714285714,,
longest_share@100,Prisoners Dilemma,win,56,0.6754218995290425,0.4,0.5,0.6,1.0,1.0,,
longest_share@100,Prisoners Dilemma,loss,56,0.3245781004709576,0.0,0.0,0.4,0.5,0.6,,
longest_share@100,Prisoners Dilemma,all,112,0.5,0.0,0.3333333333333333,0.5,0.6666666666666666,1.0,,
longest_share@100,Devil,win,56,0.5594954648526077,0.5,0.5,0.5714285714285714,0.5714285714285714,0.6666666666666666,,
longest_share@100,Devil,loss,56,0.44050453514739224,0.3333333333333333,0.42857142857142855,0.42857142857142855,0.5,0.5,,
longest_share@100,Devil,all,112,0.5,0.42857142857142855,0.42857142857142855,0.5,0.5714285714285714,0.5714285714285714,,
longest_share@100,Trophy,win,56,0.5583333333333332,0.42857142857142855,0.5,0.5714285714285714,0.5714285714285714,0.6666666666666666,,
longest_share@100,Trophy,loss,56,0.4416666666666666,0.3333333333333333,0.42857142857142855,0.42857142857142855,0.5,0.5714285714285714,,
longest_share@100,Trophy,all,112,0.5,0.42857142857142855,0.42857142857142855,0.5,0.5714285714285714,0.5714285714285714,,
longest_share@100,Autarky,win,56,0.5577946554342507,0.4017857142857143,0.45454545454545453,0.5555555555555556,0.625,0.7908653846153846,,
longest_share@100,Autarky,loss,56,0.44220534456574917,0.2091346153846154,0.375,0.4444444444444444,0.5454545454545454,0.5982142857142857,,
longest_share@100,Autarky,all,112,0.5,0.3333333333333333,0.42857142857142855,0.5,0.5714285714285714,0.6666666666666666,,
longest_share@100,Default,win,56,0.4576946119356834,0.3333333333333333,0.42857142857142855,0.5,0.5,0.5,,
longest_share@100,Default,loss,56,0.5423053880643166,0.5,0.5,0.5,0.5714285714285714,0.6666666666666666,,
longest_share@100,Default,all,112,0.5,0.4028571428571429,0.5,0.5,0.5,0.5971428571428573,,
longest_share@100,Queen Of Spades,win,56,0.5404710368996083,0.4444444444444444,0.5,0.5,0.5714285714285714,0.6,,
longest_share@100,Queen Of Spades,loss,56,0.45952896310039165,0.4,0.42857142857142855,0.5,0.5,0.5555555555555556,,
longest_share@100,Queen Of Spades,all,112,0.5,0.42857142857142855,0.5,0.5,0.5,0.5714285714285714,,
longest_share@100,Schooltime,win,56,0.5222985843521558,0.4444444444444444,0.5,0.5,0.5714285714285714,0.6,,
longest_share@100,Schooltime,loss,56,0.47770141564784424,0.4,0.42857142857142855,0.5,0.5,0.5555555555555556,,
longest_share@100,Schooltime,all,112,0.5,0.42857142857142855,0.4444444444444444,0.5,0.5555555555555556,0.5714285714285714,,
longest_share@100,Slithery Fight,win,56,0.49052819380440343,0.17946428571428572,0.5,0.5,0.5454545454545454,0.6,,
longest_share@100,Slithery Fight,loss,56,0.5094718061955966,0.4,0.45454545454545453,0.5,0.5,0.8205357142857144,,
longest_share@100,Slithery Fight,all,112,0.5,0.1875,0.45454545454545453,0.5,0.5454545454545454,0.8125,,
longest_share@100,Trauma,win,55,0.5260966810966812,0.5,0.5,0.5,0.5714285714285714,0.625,,
longest_share@100,Trauma,loss,55,0.4739033189033187,0.375,0.42857142857142855,0.5,0.5,0.5,,
longest_share@100,Trauma,all,112,0.5,0.42857142857142855,0.5,0.5,0.5,0.5714285714285714,,
longest_share@100,ALL,win,559,0.5393749975391927,,0.5,0.5,0.5714285714285714,,0.36060606060606065,0.8436090225563913
longest_share@100,ALL,loss,559,0.46062500246080734,,0.42857142857142855,0.5,0.5,,0.15639097744360905,0.6393939393939401
longest_share@100,ALL,all,1120,0.5,,0.42857142857142855,0.5,0.5714285714285714,,0.2850649350649351,0.7149350649350643
top1_share@100,Portals,win,56,0.09678836736461859,0.06594202898550725,0.07535377358490566,0.09663865546218486,0.11428571428571428,0.1324561403508772,,
top1_share@100,Portals,loss,56,0.1002368577881118,0.0625,0.06818181818181818,0.08759590792838876,0.1067251461988304,0.13100686498855835,,
top1_share@100,Portals,all,112,0.09851261257636519,0.06382978723404255,0.07407407407407407,0.08856209150326798,0.1111111111111111,0.13157894736842105,,
top1_share@100,Prisoners Dilemma,win,56,0.20020962339054332,0.11555555555555555,0.13636363636363635,0.16666666666666666,0.21507352941176472,0.330316742081448,,
top1_share@100,Prisoners Dilemma,loss,40,0.552050172050172,0.21285714285714286,0.3057692307692308,0.4365079365079365,1.0,1.0,,
top1_share@100,Prisoners Dilemma,all,96,0.34680985199872194,0.125,0.15789473684210525,0.22875816993464052,0.42857142857142855,1.0,,
top1_share@100,Devil,win,56,0.06292036515853865,0.041166501906510375,0.049127906976744184,0.05714285714285714,0.06543255131964809,0.07619738751814223,,
top1_share@100,Devil,loss,56,0.22722442302840357,0.09375,0.13008415147265076,0.1751918158567775,0.25416666666666665,0.4642857142857143,,
top1_share@100,Devil,all,112,0.1450723940934711,0.0449438202247191,0.05714285714285714,0.0860906862745098,0.1792279411764706,0.3272727272727276,,
top1_share@100,Trophy,win,56,0.05686293750489565,0.03744158878504673,0.043478260869565216,0.05406392694063927,0.06818181818181818,0.0824829931972789,,
top1_share@100,Trophy,loss,53,0.22371533770726448,0.07042606516290727,0.1111111111111111,0.15,0.21428571428571427,0.32666666666666677,,
top1_share@100,Trophy,all,109,0.13799300365834102,0.0410958904109589,0.05194805194805195,0.07317073170731707,0.14285714285714285,0.25333333333333335,,
top1_share@100,Autarky,win,56,0.10418650212317455,0.05508760107816711,0.06548467569493942,0.08759590792838876,0.11363636363636363,0.1600341476228001,,
top1_share@100,Autarky,loss,55,0.15388537378153305,0.08133333333333333,0.10208333333333333,0.13043478260869565,0.16904761904761906,0.23630769230769233,,
top1_share@100,Autarky,all,111,0.12881206916109994,0.061224489795918366,0.08333333333333333,0.10869565217391304,0.14760348583877997,0.23076923076923078,,
top1_share@100,Default,win,56,0.09525952079340093,0.06666666666666667,0.07692307692307693,0.08823529411764706,0.11217948717948717,0.13043478260869565,,
top1_share@100,Default,loss,56,0.2055803525642351,0.093841642228739,0.125,0.14907407407407408,0.23557692307692307,0.40454545454545454,,
top1_share@100,Default,all,112,0.150419936678818,0.071602787456446,0.08333333333333333,0.11538461538461539,0.15,0.29500000000000026,,
top1_share@100,Queen Of Spades,win,56,0.20064141454886616,0.08957219251336898,0.12259615384615385,0.16666666666666666,0.25,0.35416666666666663,,
top1_share@100,Queen Of Spades,loss,52,0.38281420325310705,0.14814814814814814,0.17401960784313725,0.2727272727272727,0.5,1.0,,
top1_share@100,Queen Of Spades,all,108,0.28835423873979693,0.1060344827586207,0.14814814814814814,0.2,0.3333333333333333,0.5,,
top1_share@100,Schooltime,win,56,0.04223337227392737,0.027799227799227798,0.03286777394305436,0.041166501906510375,0.04908536585365854,0.05517503805175038,,
top1_share@100,Schooltime,loss,56,0.09885935956824243,0.04067843353557639,0.04804934021801492,0.07124842370744011,0.11512605042016806,0.19090909090909092,,
top1_share@100,Schooltime,all,112,0.0705463659210849,0.03060591603053435,0.03836996336996337,0.04854368932038835,0.07818411097099622,0.12440476190476193,,
top1_share@100,Slithery Fight,win,56,0.058762313561993115,0.04138127853881278,0.04445165476963011,0.0485837922895358,0.05219013627514601,0.06460869565217392,,
top1_share@100,Slithery Fight,loss,56,0.0661217784894814,0.02739854562514661,0.03712429954151809,0.04724702380952381,0.05637254901960784,0.17240223904131188,,
top1_share@100,Slithery Fight,all,112,0.06244204602573727,0.03166572603402403,0.04195804195804196,0.048,0.05263157894736842,0.1631207315661535,,
top1_share@100,Trauma,win,55,0.17720584361815064,0.0876876876876877,0.11931818181818182,0.16666666666666666,0.22252747252747251,0.2727272727272727,,
top1_share@100,Trauma,loss,55,0.24208217987923214,0.15,0.19375,0.23076923076923078,0.303030303030303,0.3333333333333333,,
top1_share@100,Trauma,all,112,0.20851516460011782,0.11363636363636363,0.15,0.2,0.2727272727272727,0.3333333333333333,,
top1_share@100,ALL,win,559,0.10938591902560992,,0.05217391304347826,0.08163265306122448,0.1371473354231975,,0.03666388657214346,0.2727272727272727
top1_share@100,ALL,loss,535,0.21441635327392547,,0.08695652173913043,0.15,0.25,,0.04216487737614498,0.6
top1_share@100,ALL,all,1096,0.160722933284419,,0.06153846153846154,0.1111111111111111,0.1875,,0.038461538461538464,0.4325396825396825
len_gini@100,Portals,win,56,0.11587270598067852,0.09180602006688965,0.09857456140350873,0.11657907310081228,0.12635003885003881,0.1492518059855521,,
len_gini@100,Portals,loss,56,0.10689880218660633,0.06820775607540308,0.09363785885167464,0.10786967418546367,0.12070050692341716,0.1423379878267097,,
len_gini@100,Portals,all,112,0.11138575408364242,0.08167560099474983,0.09718137254901965,0.11303259005145794,0.12587412587412583,0.14643399943709548,,
len_gini@100,Prisoners Dilemma,win,56,0.09239621781442871,0.0,0.042857142857142705,0.08055555555555549,0.12885154061624648,0.15625,,
len_gini@100,Prisoners Dilemma,loss,56,0.03249605883534456,0.0,0.0,0.0,0.08333333333333326,0.10000000000000009,,
len_gini@100,Prisoners Dilemma,all,112,0.06244613832488664,0.0,0.0,0.04912710698314415,0.09523809523809534,0.14814814814814814,,
len_gini@100,Devil,win,56,0.11706608082875901,0.09614845938375338,0.1061235945427122,0.11787041574777424,0.12663933627210744,0.13740337971107197,,
len_gini@100,Devil,loss,56,0.08705135696121433,0.0,0.08333333333333326,0.09180602006688965,0.10000000000000009,0.131827427594018,,
len_gini@100,Devil,all,112,0.10205871889498666,0.07833333333333328,0.08928571428571441,0.10100115256033049,0.12368443754313313,0.13547923277020252,,
len_gini@100,Trophy,win,56,0.1060272515136202,0.09280456385719549,0.09829951360389111,0.10635285702031705,0.11466420807453409,0.12143978310502279,,
len_gini@100,Trophy,loss,56,0.08520453742707665,0.0,0.07272727272727275,0.09523809523809523,0.101010101010101,0.13260423786739584,,
len_gini@100,Trophy,all,112,0.09561589447034843,0.06863636363636377,0.09305299963194702,0.10000000000000009,0.11421236441130328,0.12492454728370223,,
len_gini@100,Autarky,win,56,0.13517009647800857,0.08472222222222214,0.0969962453066332,0.11490980799426342,0.14469127363864204,0.23559258576989073,,
len_gini@100,Autarky,loss,56,0.11503380000511787,0.07777777777777772,0.09205685618729104,0.10069597726520252,0.13093406593406592,0.1652067669172933,,
len_gini@100,Autarky,all,112,0.1251019482415632,0.08333333333333326,0.09523809523809512,0.10954452983725127,0.13805832410483582,0.17680495356037154,,
len_gini@100,Default,win,56,0.0922005126686286,0.07957559681697624,0.08702317290552591,0.09642254800207573,0.1008403361344537,0.101010101010101,,
len_gini@100,Default,loss,56,0.12081835177560632,0.06818181818181834,0.08931159420289847,0.09999999999999987,0.12461734693877546,0.2277121374865736,,
len_gini@100,Default,all,112,0.10650943222211746,0.06863636363636379,0.08702317290552591,0.0982456140350878,0.10096153846153855,0.13682692307692307,,
len_gini@100,Queen Of Spades,win,56,0.09142475638496975,0.0559550743374273,0.08333333333333326,0.09523809523809534,0.10087063671622504,0.125,,
len_gini@100,Queen Of Spades,loss,56,0.06860069347242255,0.0,0.0,0.09377289377289388,0.10000000000000009,0.1297268907563025,,
len_gini@100,Queen Of Spades,all,112,0.08001272492869616,0.0,0.07061688311688313,0.09523809523809534,0.10021008403361353,0.125,,
len_gini@100,Schooltime,win,56,0.11913527573629078,0.10067354644560533,0.10826700659122002,0.11370309080232754,0.1251336475199905,0.14167416291854074,,
len_gini@100,Schooltime,loss,56,0.11050740804669869,0.08428912783751497,0.09765770110597694,0.11076015291110974,0.12310016111707839,0.13787836099296313,,
len_gini@100,Schooltime,all,112,0.11482134189149473,0.09333333333333338,0.10090884179758858,0.11209762966313419,0.12406161695447415,0.14134405749978612,,
len_gini@100,Slithery Fight,win,56,0.1509883729540737,0.1179310781384515,0.12712102672866188,0.13495612159422843,0.1471993910467413,0.17796601177784555,,
len_gini@100,Slithery Fight,loss,56,0.17096461862102455,0.12296469049694858,0.12968181525483757,0.13887450495167664,0.15332656205848078,0.32851878689789005,,
len_gini@100,Slithery Fight,all,112,0.16097649578754908,0.12081780479336882,0.12777587365591397,0.13822522870765086,0.1505856174476864,0.3066566063324816,,
len_gini@100,Trauma,win,55,0.09076039163900615,0.07272727272727275,0.08333333333333326,0.08928571428571441,0.09999999999999998,0.11533613445378157,,
len_gini@100,Trauma,loss,55,0.08087899412879848,0.0641025641025641,0.07272727272727275,0.08333333333333326,0.0976190476190475,0.10194327731092438,,
len_gini@100,Trauma,all,112,0.0851800555109755,0.0641025641025641,0.07272727272727275,0.08371212121212124,0.09999999999999987,0.10249474789915966,,
len_gini@100,ALL,win,559,0.11114055935648476,,0.09260654885654895,0.10383275261324054,0.12587412587412583,,0.05147058823529416,0.15895696779709315
len_gini@100,ALL,loss,559,0.09787581360934916,,0.07777777777777772,0.09868421052631593,0.12346730042104515,,0.0,0.16758000380391283
len_gini@100,ALL,all,1120,0.10441085043562603,,0.084090909090909,0.10000000000000009,0.125,,0.0,0.16666666666666652
seen_share@100,Portals,win,56,0.9754115513392857,0.9521484375,0.9794921875,1.0,1.0,1.0,,
seen_share@100,Portals,loss,56,0.8536900111607143,0.6796875,0.701171875,0.94921875,1.0,1.0,,
seen_share@100,Portals,all,112,0.91455078125,0.6888671875,0.83154296875,0.994140625,1.0,1.0,,
seen_share@100,Prisoners Dilemma,win,56,0.9609375,0.8828125,0.97802734375,1.0,1.0,1.0,,
seen_share@100,Prisoners Dilemma,loss,56,0.8530622209821429,0.59765625,0.7861328125,0.876953125,0.97802734375,1.0,,
seen_share@100,Prisoners Dilemma,all,112,0.9069998604910714,0.738671875,0.83447265625,0.9775390625,1.0,1.0,,
seen_share@100,Devil,win,56,0.9212123325892857,0.8046875,0.8701171875,0.9375,0.99267578125,1.0,,
seen_share@100,Devil,loss,56,0.7287248883928571,0.6513671875,0.671875,0.7177734375,0.77001953125,0.8125,,
seen_share@100,Devil,all,112,0.8249686104910714,0.6623046875,0.71826171875,0.8115234375,0.9384765625,0.9978515625,,
seen_share@100,Trophy,win,56,0.9993714285714285,0.9992,1.0,1.0,1.0,1.0,,
seen_share@100,Trophy,loss,56,0.947342857142857,0.8311999999999999,0.9248,0.9768,1.0,1.0,,
seen_share@100,Trophy,all,112,0.9733571428571428,0.91376,0.9772000000000001,1.0,1.0,1.0,,
seen_share@100,Autarky,win,56,0.9861478542034098,0.9521604938271605,0.9904835390946501,1.0,1.0,1.0,,
seen_share@100,Autarky,loss,56,0.9647633744855967,0.8935185185185186,0.9542181069958848,0.9825102880658436,0.9989711934156379,1.0,,
seen_share@100,Autarky,all,112,0.9754556143445033,0.9076131687242799,0.9709362139917695,0.9963991769547325,1.0,1.0,,
seen_share@100,Default,win,56,0.9659423828125,0.916015625,0.94384765625,0.97509765625,1.0,1.0,,
seen_share@100,Default,loss,56,0.9215436662946429,0.83154296875,0.8828125,0.93896484375,0.968017578125,1.0,,
seen_share@100,Default,all,112,0.9437430245535714,0.8583984375,0.919189453125,0.95751953125,0.9951171875,1.0,,
seen_share@100,Queen Of Spades,win,56,0.8594489795918367,0.6331428571428572,0.8011428571428572,0.8971428571428571,0.9522857142857143,0.9885714285714287,,
seen_share@100,Queen Of Spades,loss,56,0.7689387755102042,0.5702857142857143,0.6757142857142857,0.7811428571428571,0.9091428571428571,0.9571428571428571,,
seen_share@100,Queen Of Spades,all,112,0.8141938775510204,0.588,0.7251428571428572,0.8565714285714285,0.9334285714285715,0.9780571428571428,,
seen_share@100,Schooltime,win,56,0.7723660714285715,0.686875,0.7192708333333333,0.7741666666666667,0.8227083333333334,0.8635416666666667,,
seen_share@100,Schooltime,loss,56,0.6712425595238095,0.5566666666666666,0.6019791666666667,0.6685416666666666,0.7498958333333333,0.7902083333333334,,
seen_share@100,Schooltime,all,112,0.7218043154761905,0.5944166666666666,0.6557291666666667,0.73375,0.7870833333333334,0.8297083333333333,,
seen_share@100,Slithery Fight,win,56,0.7123120853279582,0.6578483245149911,0.6882716049382717,0.7098765432098766,0.7344209288653734,0.770135214579659,,
seen_share@100,Slithery Fight,loss,56,0.6888175023095658,0.6225749559082893,0.6593180482069372,0.6863609641387419,0.7172251616696061,0.7336860670194003,,
seen_share@100,Slithery Fight,all,112,0.700564793818762,0.6252204585537918,0.6740152851263963,0.7013521457965902,0.7267783656672545,0.7582010582010582,,
seen_share@100,Trauma,win,55,0.5608270202020201,0.4895833333333333,0.5277777777777778,0.5555555555555556,0.6223958333333334,0.6345486111111112,,
seen_share@100,Trauma,loss,55,0.4924242424242424,0.3472222222222222,0.4058159722222222,0.5095486111111112,0.5598958333333334,0.59375,,
seen_share@100,Trauma,all,112,0.5269097222222222,0.3489583333333333,0.5,0.5425347222222223,0.5870225694444444,0.6284722222222222,,
seen_share@100,ALL,win,559,0.8719533032549384,,0.7593599353321576,0.953125,1.0,,0.5493435515873016,1.0
seen_share@100,ALL,loss,559,0.7895856552026246,,0.6731381540270429,0.79296875,0.9609375,,0.5095486111111112,1.0
seen_share@100,ALL,all,1120,0.8302547743055555,,0.6995884773662552,0.8792679398148149,0.9944282774838331,,0.5396631944444444,1.0
visited_share@100,Portals,win,56,0.35386439732142855,0.27734375,0.32373046875,0.357421875,0.39306640625,0.4140625,,
visited_share@100,Portals,loss,56,0.34957449776785715,0.2587890625,0.2919921875,0.3701171875,0.404296875,0.4208984375,,
visited_share@100,Portals,all,112,0.35171944754464285,0.2658203125,0.3095703125,0.3623046875,0.39697265625,0.419921875,,
visited_share@100,Prisoners Dilemma,win,56,0.48427036830357145,0.3291015625,0.431640625,0.52734375,0.59521484375,0.62109375,,
visited_share@100,Prisoners Dilemma,loss,56,0.27036830357142855,0.1083984375,0.16748046875,0.234375,0.384765625,0.46875,,
visited_share@100,Prisoners Dilemma,all,112,0.3773193359375,0.11777343750000001,0.20458984375,0.423828125,0.541015625,0.6033203125,,
visited_share@100,Devil,win,56,0.6045968191964286,0.515625,0.55712890625,0.603515625,0.65869140625,0.7177734375,,
visited_share@100,Devil,loss,56,0.39906529017857145,0.3251953125,0.3359375,0.3828125,0.43310546875,0.501953125,,
visited_share@100,Devil,all,112,0.5018310546875,0.3322265625,0.384765625,0.5107421875,0.60595703125,0.6640625,,
visited_share@100,Trophy,win,56,0.7766000000000001,0.636,0.71,0.7856,0.858,0.8999999999999999,,
visited_share@100,Trophy,loss,56,0.5098857142857143,0.3328,0.4176,0.5104,0.6084,0.664,,
visited_share@100,Trophy,all,112,0.6432428571428572,0.3776,0.5112,0.6464,0.7944,0.86704,,
visited_share@100,Autarky,win,56,0.6249265138154028,0.5118312757201646,0.5928497942386831,0.6337448559670782,0.6828703703703705,0.7103909465020576,,
visited_share@100,Autarky,loss,56,0.4684009406231629,0.3585390946502058,0.3924897119341564,0.47016460905349794,0.537037037037037,0.5895061728395061,,
visited_share@100,Autarky,all,112,0.5466637272192827,0.37880658436213993,0.4591049382716049,0.558641975308642,0.6352880658436214,0.6862139917695473,,
visited_share@100,Default,win,56,0.49509974888392855,0.4169921875,0.445556640625,0.494140625,0.537109375,0.5732421875,,
visited_share@100,Default,loss,56,0.4002685546875,0.28955078125,0.3193359375,0.39990234375,0.47802734375,0.50634765625,,
visited_share@100,Default,all,112,0.4476841517857143,0.31748046875,0.392578125,0.466796875,0.510009765625,0.55234375,,
visited_share@100,Queen Of Spades,win,56,0.26912244897959187,0.152,0.21257142857142858,0.27885714285714286,0.32657142857142857,0.38171428571428573,,
visited_share@100,Queen Of Spades,loss,56,0.2124285714285714,0.11599999999999999,0.15514285714285714,0.22914285714285715,0.27114285714285713,0.2937142857142857,,
visited_share@100,Queen Of Spades,all,112,0.24077551020408164,0.11702857142857144,0.18514285714285714,0.2502857142857143,0.2937142857142857,0.33908571428571427,,
visited_share@100,Schooltime,win,56,0.3057142857142857,0.24979166666666666,0.2657291666666667,0.2939583333333333,0.3433333333333334,0.37395833333333334,,
visited_share@100,Schooltime,loss,56,0.21641369047619047,0.14104166666666668,0.17572916666666666,0.2214583333333333,0.2578125,0.29270833333333335,,
visited_share@100,Schooltime,all,112,0.26106398809523806,0.17295833333333333,0.21947916666666667,0.2633333333333333,0.3059375,0.35570833333333335,,
visited_share@100,Slithery Fight,win,56,0.41343327454438566,0.36684303350970016,0.39800117577895355,0.4194591416813639,0.43562610229276894,0.4641387419165197,,
visited_share@100,Slithery Fight,loss,56,0.4145250692869741,0.30834803057025284,0.4009406231628454,0.42210464432686656,0.4484126984126984,0.479129923574368,,
visited_share@100,Slithery Fight,all,112,0.41397917191567984,0.3145796590241035,0.39800117577895355,0.421222810111699,0.4435626102292769,0.470840681951793,,
visited_share@100,Trauma,win,55,0.20366161616161618,0.15798611111111113,0.1736111111111111,0.1918402777777778,0.21961805555555555,0.2822916666666667,,
visited_share@100,Trauma,loss,55,0.16196338383838385,0.12760416666666666,0.13585069444444445,0.1657986111111111,0.18359375,0.19444444444444445,,
visited_share@100,Trauma,all,112,0.1829349578373016,0.1293402777777778,0.1423611111111111,0.18272569444444442,0.20399305555555555,0.2426215277777778,,
visited_share@100,ALL,win,559,0.4535752215874672,,0.3016493055555556,0.4297472075249853,0.5966796875,,0.1753472222222222,0.793031875
visited_share@100,ALL,loss,559,0.34060841059077895,,0.22528125,0.34765625,0.4388623649691358,,0.12760416666666666,0.5842279128086421
visited_share@100,ALL,all,1120,0.39672142023697976,,0.26557291666666666,0.38852145796590243,0.5071845662937242,,0.1423611111111111,0.7119341563786008
pearls@100,Portals,win,56,143.05357142857142,70.0,84.75,150.0,194.5,208.0,,
pearls@100,Portals,loss,56,110.33928571428571,49.5,65.5,82.5,162.25,192.0,,
pearls@100,Portals,all,112,126.69642857142857,55.1,73.75,128.5,184.0,204.9,,
pearls@100,Prisoners Dilemma,win,56,52.214285714285715,20.5,27.0,49.0,67.0,95.0,,
pearls@100,Prisoners Dilemma,loss,56,22.714285714285715,2.0,2.0,15.0,32.25,53.5,,
pearls@100,Prisoners Dilemma,all,112,37.464285714285715,2.0,11.0,30.0,54.0,85.00000000000006,,
pearls@100,Devil,win,56,187.75,147.0,170.5,197.5,215.25,228.5,,
pearls@100,Devil,loss,56,61.57142857142857,28.0,36.0,51.0,76.75,99.0,,
pearls@100,Devil,all,112,124.66071428571429,36.0,51.0,123.0,197.25,216.9,,
pearls@100,Trophy,win,56,112.5,66.5,97.0,114.0,130.0,148.0,,
pearls@100,Trophy,loss,56,52.32142857142857,16.0,39.0,49.0,65.5,87.5,,
pearls@100,Trophy,all,112,82.41071428571429,37.2,49.0,81.5,114.0,134.8,,
pearls@100,Autarky,win,56,106.76785714285714,73.5,92.75,111.0,123.0,141.0,,
pearls@100,Autarky,loss,56,74.98214285714286,29.0,56.5,77.0,91.75,118.5,,
pearls@100,Autarky,all,112,90.875,51.2,67.0,92.5,116.25,133.9,,
pearls@100,Default,win,56,38.964285714285715,15.5,26.75,42.0,51.0,59.5,,
pearls@100,Default,loss,56,23.375,12.0,14.0,21.0,30.0,37.5,,
pearls@100,Default,all,112,31.169642857142858,13.0,18.0,28.0,45.0,52.900000000000006,,
pearls@100,Queen Of Spades,win,56,40.25,4.5,11.75,39.0,65.25,86.0,,
pearls@100,Queen Of Spades,loss,56,23.071428571428573,0.0,0.75,10.5,40.0,70.0,,
pearls@100,Queen Of Spades,all,112,31.660714285714285,0.0,4.75,25.0,51.5,77.0,,
pearls@100,Schooltime,win,56,176.19642857142858,119.5,137.25,171.0,203.75,240.5,,
pearls@100,Schooltime,loss,56,93.67857142857143,11.5,59.5,93.5,134.75,162.0,,
pearls@100,Schooltime,all,112,134.9375,51.2,93.75,136.5,179.25,213.0,,
pearls@100,Slithery Fight,win,56,534.0178571428571,489.5,497.75,524.0,557.0,582.5,,
pearls@100,Slithery Fight,loss,56,589.5535714285714,467.0,509.75,554.5,628.0,793.5,,
pearls@100,Slithery Fight,all,112,561.7857142857143,478.5,501.75,536.0,582.25,742.6,,
pearls@100,Trauma,win,55,26.6,5.0,10.0,16.0,45.0,66.80000000000004,,
pearls@100,Trauma,loss,55,10.345454545454546,1.0,2.5,5.0,11.0,29.0,,
pearls@100,Trauma,all,112,18.348214285714285,1.0,5.0,10.0,22.0,53.0,,
pearls@100,ALL,win,559,142.03756708407872,,47.5,100.0,178.0,,10.0,523.2
pearls@100,ALL,loss,559,106.36672629695886,,16.0,48.0,93.5,,1.0,550.1000000000003
pearls@100,ALL,all,1120,124.00089285714286,,27.0,68.0,145.0,,3.0,536.0
bed_pearls@100,Portals,win,56,87.82142857142857,49.0,58.5,96.0,109.0,119.5,,
bed_pearls@100,Portals,loss,56,72.05357142857143,37.5,46.0,57.5,102.75,117.5,,
bed_pearls@100,Portals,all,112,79.9375,42.0,52.0,87.0,106.0,118.9,,
bed_pearls@100,Prisoners Dilemma,win,56,22.857142857142858,8.0,13.0,21.0,28.0,38.5,,
bed_pearls@100,Prisoners Dilemma,loss,56,10.482142857142858,2.0,2.0,8.0,14.25,22.0,,
bed_pearls@100,Prisoners Dilemma,all,112,16.669642857142858,2.0,7.0,14.0,23.0,35.0,,
bed_pearls@100,Devil,win,56,113.94642857142857,88.0,101.75,119.0,130.0,140.0,,
bed_pearls@100,Devil,loss,56,41.125,21.0,28.0,34.0,48.25,68.0,,
bed_pearls@100,Devil,all,112,77.53571428571429,26.1,34.0,84.5,119.0,133.9,,
bed_pearls@100,Trophy,win,56,81.30357142857143,53.5,67.75,83.0,91.5,108.5,,
bed_pearls@100,Trophy,loss,56,40.910714285714285,13.0,31.75,38.0,53.25,68.0,,
bed_pearls@100,Trophy,all,112,61.107142857142854,29.1,38.0,60.5,83.0,94.9,,
bed_pearls@100,Autarky,win,56,56.267857142857146,41.5,47.0,56.0,64.25,75.5,,
bed_pearls@100,Autarky,loss,56,39.660714285714285,20.5,30.0,39.5,50.0,57.5,,
bed_pearls@100,Autarky,all,112,47.964285714285715,27.300000000000004,37.0,48.5,59.0,69.70000000000002,,
bed_pearls@100,Default,win,56,28.821428571428573,11.5,18.75,30.5,37.0,45.0,,
bed_pearls@100,Default,loss,56,17.446428571428573,8.0,10.75,15.0,22.5,31.0,,
bed_pearls@100,Default,all,112,23.133928571428573,9.0,12.0,21.0,32.0,38.900000000000006,,
bed_pearls@100,Queen Of Spades,win,56,27.946428571428573,4.0,9.75,27.5,45.75,55.5,,
bed_pearls@100,Queen Of Spades,loss,56,16.196428571428573,0.0,0.75,7.0,26.0,48.0,,
bed_pearls@100,Queen Of Spades,all,112,22.071428571428573,0.0,4.0,20.5,36.0,52.0,,
bed_pearls@100,Schooltime,win,56,134.60714285714286,90.5,108.0,131.5,159.25,181.5,,
bed_pearls@100,Schooltime,loss,56,70.44642857142857,10.0,46.0,71.5,102.0,116.5,,
bed_pearls@100,Schooltime,all,112,102.52678571428571,39.400000000000006,70.75,102.0,132.5,164.70000000000002,,
bed_pearls@100,Slithery Fight,win,56,313.75,290.5,297.75,307.5,325.0,342.5,,
bed_pearls@100,Slithery Fight,loss,56,335.89285714285717,287.0,302.75,324.0,365.5,418.5,,
bed_pearls@100,Slithery Fight,all,112,324.82142857142856,290.1,299.0,312.5,337.5,388.80000000000007,,
bed_pearls@100,Trauma,win,55,22.854545454545455,5.0,9.0,14.0,39.0,56.200000000000024,,
bed_pearls@100,Trauma,loss,55,9.218181818181819,1.0,2.5,5.0,10.0,23.0,,
bed_pearls@100,Trauma,all,112,15.955357142857142,1.0,5.0,10.0,18.25,45.70000000000002,,
bed_pearls@100,ALL,win,559,89.13595706618962,,29.0,61.0,112.0,,7.900000000000002,305.5000000000001
bed_pearls@100,ALL,loss,559,65.44364937388193,,10.5,34.0,60.5,,1.0,320.8000000000002
bed_pearls@100,ALL,all,1120,77.17232142857142,,17.0,44.5,96.25,,3.0,312.04999999999995
births@100,Portals,win,56,57.57142857142857,27.5,36.5,60.5,79.0,84.5,,
births@100,Portals,loss,56,45.142857142857146,23.0,28.0,33.0,65.75,76.5,,
births@100,Portals,all,112,51.357142857142854,27.0,30.0,50.0,73.25,82.80000000000001,,
births@100,Prisoners Dilemma,win,56,24.982142857142858,14.0,17.75,24.0,30.25,38.0,,
births@100,Prisoners Dilemma,loss,56,10.017857142857142,0.0,0.0,7.5,15.25,23.5,,
births@100,Prisoners Dilemma,all,112,17.5,0.0,7.0,17.0,25.25,34.0,,
births@100,Devil,win,56,77.21428571428571,57.0,69.75,80.5,88.0,95.5,,
births@100,Devil,loss,56,25.767857142857142,12.5,16.75,22.0,32.0,39.0,,
births@100,Devil,all,112,51.49107142857143,16.0,22.0,47.0,79.75,90.80000000000001,,
births@100,Trophy,win,56,45.714285714285715,28.0,37.5,45.0,54.0,61.0,,
births@100,Trophy,loss,56,20.785714285714285,7.0,15.0,20.0,25.0,34.0,,
births@100,Trophy,all,112,33.25,14.0,20.0,31.5,45.0,55.900000000000006,,
births@100,Autarky,win,56,45.839285714285715,32.0,40.0,46.0,55.0,58.0,,
births@100,Autarky,loss,56,31.196428571428573,11.5,22.5,33.0,41.0,48.5,,
births@100,Autarky,all,112,38.517857142857146,20.0,29.0,40.5,51.0,56.0,,
births@100,Default,win,56,18.357142857142858,9.0,13.0,19.0,23.25,26.0,,
births@100,Default,loss,56,11.410714285714286,6.0,7.0,11.0,14.25,17.0,,
births@100,Default,all,112,14.883928571428571,7.0,9.0,14.0,20.0,24.0,,
births@100,Queen Of Spades,win,56,16.660714285714285,2.5,5.0,15.0,26.5,33.5,,
births@100,Queen Of Spades,loss,56,9.160714285714286,0.0,0.75,5.0,16.25,27.0,,
births@100,Queen Of Spades,all,112,12.910714285714286,0.0,2.0,10.0,21.25,31.900000000000006,,
births@100,Schooltime,win,56,71.91071428571429,50.5,58.5,70.0,85.5,97.5,,
births@100,Schooltime,loss,56,38.982142857142854,5.5,24.75,37.5,54.75,68.0,,
births@100,Schooltime,all,112,55.44642857142857,20.400000000000006,37.75,57.0,72.25,89.0,,
births@100,Slithery Fight,win,56,225.67857142857142,206.5,211.75,222.5,234.25,246.5,,
births@100,Slithery Fight,loss,56,246.82142857142858,194.0,212.75,233.0,277.5,327.0,,
births@100,Slithery Fight,all,112,236.25,200.2,212.0,225.0,247.25,312.9000000000001,,
births@100,Trauma,win,55,13.254545454545454,3.0,5.0,8.0,22.0,33.20000000000002,,
births@100,Trauma,loss,55,5.709090909090909,2.0,2.5,3.0,6.0,13.0,,
births@100,Trauma,all,112,9.428571428571429,2.0,3.0,5.0,10.75,26.0,,
births@100,ALL,win,559,59.80143112701252,,22.0,42.0,72.5,,5.0,222.10000000000002
births@100,ALL,loss,559,44.56887298747764,,7.5,20.0,38.0,,0.0,233.0
births@100,ALL,all,1120,52.10357142857143,,13.0,29.0,59.0,,2.0,225.0
deaths@100,Portals,win,56,43.714285714285715,16.5,23.5,44.5,64.0,70.0,,
deaths@100,Portals,loss,56,30.946428571428573,12.0,14.0,21.0,50.25,61.0,,
deaths@100,Portals,all,112,37.330357142857146,13.0,16.0,34.0,57.25,66.0,,
deaths@100,Prisoners Dilemma,win,56,19.392857142857142,9.5,13.0,18.5,24.0,31.5,,
deaths@100,Prisoners Dilemma,loss,56,10.803571428571429,2.0,3.0,8.5,14.0,21.5,,
deaths@100,Prisoners Dilemma,all,112,15.098214285714286,3.0,6.75,13.0,21.0,27.900000000000006,,
deaths@100,Devil,win,56,52.214285714285715,36.0,47.75,54.5,59.25,64.0,,
deaths@100,Devil,loss,56,20.267857142857142,9.0,13.5,18.5,26.0,31.0,,
deaths@100,Devil,all,112,36.24107142857143,12.0,18.75,32.5,54.25,60.0,,
deaths@100,Trophy,win,56,19.303571428571427,11.5,15.0,18.0,22.25,28.0,,
deaths@100,Trophy,loss,56,13.0,5.0,9.0,13.0,16.25,18.0,,
deaths@100,Trophy,all,112,16.151785714285715,8.0,12.0,16.0,20.0,24.900000000000006,,
deaths@100,Autarky,win,56,30.964285714285715,20.0,27.75,32.0,36.0,39.5,,
deaths@100,Autarky,loss,56,25.232142857142858,7.5,17.0,27.0,33.5,38.5,,
deaths@100,Autarky,all,112,28.098214285714285,9.100000000000001,23.75,30.0,35.25,39.0,,
deaths@100,Default,win,56,7.875,2.0,4.0,8.0,11.0,12.5,,
deaths@100,Default,loss,56,6.178571428571429,3.5,4.0,6.0,7.0,10.0,,
deaths@100,Default,all,112,7.026785714285714,3.0,4.0,7.0,9.25,12.0,,
deaths@100,Queen Of Spades,win,56,10.071428571428571,1.0,1.0,8.5,16.0,24.5,,
deaths@100,Queen Of Spades,loss,56,6.339285714285714,0.0,0.75,2.5,11.25,19.0,,
deaths@100,Queen Of Spades,all,112,8.205357142857142,0.0,1.0,4.0,15.0,21.900000000000006,,
deaths@100,Schooltime,win,56,31.607142857142858,19.5,24.75,31.5,39.0,45.0,,
deaths@100,Schooltime,loss,56,19.5,3.5,10.75,19.0,29.25,36.0,,
deaths@100,Schooltime,all,112,25.553571428571427,9.100000000000001,17.0,25.0,34.0,42.900000000000006,,
deaths@100,Slithery Fight,win,56,180.75,159.5,167.5,175.0,191.25,203.0,,
deaths@100,Slithery Fight,loss,56,201.05357142857142,148.0,164.0,189.0,231.25,271.0,,
deaths@100,Slithery Fight,all,112,190.90178571428572,155.1,165.75,179.5,203.75,257.00000000000006,,
deaths@100,Trauma,win,55,4.2727272727272725,0.0,0.0,2.0,7.5,11.600000000000001,,
deaths@100,Trauma,loss,55,1.2545454545454546,0.0,0.0,0.0,1.0,5.0,,
deaths@100,Trauma,all,112,2.732142857142857,0.0,0.0,0.0,5.0,8.0,,
deaths@100,ALL,win,559,40.08050089445438,,11.0,24.0,44.0,,1.0,175.0
deaths@100,ALL,loss,559,33.51520572450805,,5.0,13.0,27.0,,0.0,188.20000000000005
deaths@100,ALL,all,1120,36.73392857142857,,7.0,17.0,35.25,,0.0,179.04999999999995
kills@100,Portals,win,56,0.0,0.0,0.0,0.0,0.0,0.0,,
kills@100,Portals,loss,56,0.0,0.0,0.0,0.0,0.0,0.0,,
kills@100,Portals,all,112,0.0,0.0,0.0,0.0,0.0,0.0,,
kills@100,Prisoners Dilemma,win,56,2.607142857142857,1.0,1.0,2.0,4.0,6.0,,
kills@100,Prisoners Dilemma,loss,56,2.5535714285714284,1.0,1.0,2.0,4.0,5.5,,
kills@100,Prisoners Dilemma,all,112,2.580357142857143,1.0,1.0,2.0,4.0,6.0,,
kills@100,Devil,win,56,12.660714285714286,7.0,8.75,11.0,16.0,21.0,,
kills@100,Devil,loss,56,12.321428571428571,6.5,9.0,11.0,15.25,20.5,,
kills@100,Devil,all,112,12.491071428571429,7.0,9.0,11.0,16.0,21.0,,
kills@100,Trophy,win,56,9.678571428571429,4.0,6.0,9.5,12.0,14.5,,
kills@100,Trophy,loss,56,9.678571428571429,4.0,6.0,9.5,12.0,14.5,,
kills@100,Trophy,all,112,9.678571428571429,4.0,6.0,9.5,12.0,14.900000000000006,,
kills@100,Autarky,win,56,7.5,3.5,5.0,7.5,9.0,11.0,,
kills@100,Autarky,loss,56,7.589285714285714,4.0,5.0,7.5,10.0,11.5,,
kills@100,Autarky,all,112,7.544642857142857,4.0,5.0,7.5,9.25,11.0,,
kills@100,Default,win,56,4.178571428571429,2.0,3.0,4.0,6.0,7.0,,
kills@100,Default,loss,56,4.178571428571429,1.0,3.0,4.0,6.0,7.0,,
kills@100,Default,all,112,4.178571428571429,1.1000000000000014,3.0,4.0,6.0,7.0,,
kills@100,Queen Of Spades,win,56,1.0535714285714286,0.0,0.0,1.0,2.0,3.0,,
kills@100,Queen Of Spades,loss,56,1.0178571428571428,0.0,0.0,1.0,2.0,2.0,,
kills@100,Queen Of Spades,all,112,1.0357142857142858,0.0,0.0,1.0,2.0,2.0,,
kills@100,Schooltime,win,56,4.982142857142857,2.0,3.0,5.0,6.0,8.5,,
kills@100,Schooltime,loss,56,4.821428571428571,2.0,3.0,5.0,6.0,8.5,,
kills@100,Schooltime,all,112,4.901785714285714,2.0,3.0,5.0,6.0,8.900000000000006,,
kills@100,Slithery Fight,win,56,12.357142857142858,7.0,10.75,13.0,15.0,16.0,,
kills@100,Slithery Fight,loss,56,12.196428571428571,6.5,10.0,13.0,15.0,16.0,,
kills@100,Slithery Fight,all,112,12.276785714285714,7.0,10.0,13.0,15.0,16.0,,
kills@100,Trauma,win,55,0.0,0.0,0.0,0.0,0.0,0.0,,
kills@100,Trauma,loss,55,0.0,0.0,0.0,0.0,0.0,0.0,,
kills@100,Trauma,all,112,0.0,0.0,0.0,0.0,0.0,0.0,,
kills@100,ALL,win,559,5.511627906976744,,0.5,4.0,9.0,,0.0,16.0
kills@100,ALL,loss,559,5.445438282647585,,1.0,4.0,9.0,,0.0,15.0
kills@100,ALL,all,1120,5.46875,,0.0,4.0,9.0,,0.0,16.0
units@150,Portals,win,56,19.982142857142858,15.0,18.0,20.0,23.0,24.5,,
units@150,Portals,loss,56,20.392857142857142,13.5,18.0,21.0,24.0,26.0,,
units@150,Portals,all,112,20.1875,14.100000000000001,18.0,20.0,23.25,25.0,,
units@150,Prisoners Dilemma,win,56,8.696428571428571,4.0,6.0,9.0,10.0,12.0,,
units@150,Prisoners Dilemma,loss,56,1.8214285714285714,0.0,0.0,1.0,3.0,4.5,,
units@150,Prisoners Dilemma,all,112,5.258928571428571,0.0,1.0,4.0,9.0,11.0,,
units@150,Devil,win,56,35.42857142857143,23.0,29.75,35.0,42.25,48.0,,
units@150,Devil,loss,56,8.035714285714286,1.0,2.0,6.0,10.0,14.5,,
units@150,Devil,all,112,21.732142857142858,1.1000000000000014,6.0,18.5,35.25,43.900000000000006,,
units@150,Trophy,win,56,35.5,21.0,28.0,35.0,42.25,49.0,,
units@150,Trophy,loss,56,7.0,0.0,1.0,3.0,9.0,18.5,,
units@150,Trophy,all,112,21.25,1.0,3.0,21.0,35.0,44.0,,
units@150,Autarky,win,56,25.089285714285715,16.0,18.0,23.0,31.0,35.5,,
units@150,Autarky,loss,56,10.464285714285714,3.0,5.75,10.0,14.0,19.5,,
units@150,Autarky,all,112,17.776785714285715,5.0,10.0,16.5,23.0,32.0,,
units@150,Default,win,56,20.589285714285715,12.5,16.0,19.0,25.0,29.5,,
units@150,Default,loss,56,9.464285714285714,3.0,5.0,10.0,13.0,15.5,,
units@150,Default,all,112,15.026785714285714,5.0,10.0,14.0,19.0,26.900000000000006,,
units@150,Queen Of Spades,win,56,12.392857142857142,5.5,8.0,13.0,16.0,20.0,,
units@150,Queen Of Spades,loss,56,5.732142857142857,0.0,1.75,6.0,8.0,11.5,,
units@150,Queen Of Spades,all,112,9.0625,1.0,5.0,8.0,13.0,17.900000000000006,,
units@150,Schooltime,win,56,56.357142857142854,41.5,50.75,62.0,64.0,64.0,,
units@150,Schooltime,loss,56,28.178571428571427,4.0,14.0,28.5,43.0,50.5,,
units@150,Schooltime,all,112,42.267857142857146,12.100000000000001,27.25,45.0,62.0,64.0,,
units@150,Slithery Fight,win,56,57.785714285714285,48.5,54.75,59.0,63.0,63.5,,
units@150,Slithery Fight,loss,56,55.142857142857146,45.5,50.75,55.0,62.0,63.0,,
units@150,Slithery Fight,all,112,56.464285714285715,47.1,52.75,58.0,62.0,63.0,,
units@150,Trauma,win,55,19.490909090909092,9.0,10.0,15.0,29.0,36.800000000000004,,
units@150,Trauma,loss,55,10.909090909090908,4.0,5.5,9.0,11.5,25.400000000000006,,
units@150,Trauma,all,112,15.116071428571429,5.0,9.0,11.0,20.0,31.900000000000006,,
units@150,ALL,win,559,29.148479427549194,,15.0,24.0,42.0,,7.0,63.0
units@150,ALL,loss,559,15.722719141323793,,4.0,10.0,21.0,,0.0,57.0
units@150,ALL,all,1120,22.414285714285715,,8.0,17.0,33.25,,1.0,62.0
units_share@150,Portals,win,56,0.5005850995856086,0.4124040920716112,0.4444444444444444,0.4883468834688347,0.5270833333333333,0.5952006294256491,,
units_share@150,Portals,loss,56,0.49941490041439135,0.4047993705743509,0.47291666666666665,0.5116531165311653,0.5555555555555556,0.5875959079283888,,
units_share@150,Portals,all,112,0.5,0.4118925831202046,0.45400432900432897,0.5,0.545995670995671,0.5881074168797954,,
units_share@150,Prisoners Dilemma,win,56,0.8280679403361628,0.5727272727272728,0.7204545454545455,0.8944444444444444,1.0,1.0,,
units_share@150,Prisoners Dilemma,loss,56,0.17193205966383715,0.0,0.0,0.10555555555555556,0.27954545454545454,0.42727272727272725,,
units_share@150,Prisoners Dilemma,all,112,0.5,0.0,0.10833333333333334,0.5,0.8916666666666666,1.0,,
units_share@150,Devil,win,56,0.8163252099260017,0.6690340909090908,0.7567567567567568,0.8620553359683794,0.9470009157509157,0.9764412416851441,,
units_share@150,Devil,loss,56,0.1836747900739983,0.023558758314855877,0.05299908424908425,0.13794466403162053,0.24324324324324326,0.33096590909090906,,
units_share@150,Devil,all,112,0.5,0.03162055335968381,0.141699604743083,0.5,0.8583003952569169,0.9683794466403163,,
units_share@150,Trophy,win,56,0.8349158057569197,0.5663461538461538,0.7637468030690537,0.9199857752489331,0.9757549361207898,1.0,,
units_share@150,Trophy,loss,56,0.1650841942430803,0.0,0.024245063879210223,0.08001422475106686,0.2362531969309463,0.43365384615384617,,
units_share@150,Trophy,all,112,0.5,0.02137115839243499,0.08054765291607396,0.5,0.9194523470839261,0.978628841607565,,
units_share@150,Autarky,win,56,0.7000438470393787,0.4875,0.5825123152709359,0.7145299145299145,0.8296703296703296,0.9133291614518148,,
units_share@150,Autarky,loss,56,0.2999561529606214,0.08667083854818523,0.17032967032967034,0.28547008547008546,0.41748768472906406,0.5125,,
units_share@150,Autarky,all,112,0.5,0.13551051051051052,0.28717948717948716,0.5,0.7128205128205128,0.8644894894894896,,
units_share@150,Default,win,56,0.6784700262490613,0.47181467181467185,0.566304347826087,0.6666666666666666,0.7976973684210527,0.9014008620689655,,
units_share@150,Default,loss,56,0.3215299737509386,0.09859913793103448,0.20230263157894737,0.3333333333333333,0.43369565217391304,0.5281853281853282,,
units_share@150,Default,all,112,0.5,0.15198863636363638,0.3333333333333333,0.5,0.6666666666666666,0.8480113636363636,,
units_share@150,Queen Of Spades,win,56,0.7051931446224382,0.350383631713555,0.5645380434782609,0.7019927536231885,0.8872727272727272,1.0,,
units_share@150,Queen Of Spades,loss,56,0.2948068553775616,0.0,0.11272727272727273,0.29800724637681164,0.43546195652173914,0.6496163682864451,,
units_share@150,Queen Of Spades,all,112,0.5,0.07197802197802199,0.26454545454545453,0.5,0.7354545454545455,0.9280219780219781,,
units_share@150,Schooltime,win,56,0.686049839113169,0.47590011614401856,0.5277083333333333,0.6881720430107527,0.8205128205128205,0.9411764705882353,,
units_share@150,Schooltime,loss,56,0.31395016088683103,0.058823529411764705,0.1794871794871795,0.3118279569892473,0.47229166666666667,0.5240998838559814,,
units_share@150,Schooltime,all,112,0.5,0.16110526315789475,0.30740037950664134,0.5,0.6925996204933587,0.8388947368421052,,
units_share@150,Slithery Fight,win,56,0.5123329372021961,0.45093705799151346,0.47181372549019607,0.5140629107158503,0.5441200390370853,0.5787104518562977,,
units_share@150,Slithery Fight,loss,56,0.4876670627978039,0.42128954814370234,0.4558799609629148,0.48593708928414964,0.5281862745098039,0.5490629420084866,,
units_share@150,Slithery Fight,all,112,0.5,0.4339018503620274,0.4637284583139264,0.5,0.5362715416860736,0.5660981496379727,,
units_share@150,Trauma,win,55,0.6338411944146516,0.4101604278074866,0.5263157894736842,0.6666666666666666,0.7561561561561562,0.8051063829787234,,
units_share@150,Trauma,loss,55,0.36615880558534836,0.1948936170212766,0.24384384384384383,0.3333333333333333,0.47368421052631576,0.5898395721925134,,
units_share@150,Trauma,all,112,0.5,0.23529411764705882,0.328125,0.5,0.671875,0.7647058823529411,,
units_share@150,ALL,win,559,0.6896822205426445,,0.5208333333333334,0.6842105263157895,0.8689931350114417,,0.3902439024390244,1.0
units_share@150,ALL,loss,559,0.3103177794573555,,0.13100686498855835,0.3157894736842105,0.4791666666666667,,0.0,0.6097560975609756
units_share@150,ALL,all,1120,0.5,,0.3052536231884058,0.5,0.6947463768115942,,0.026991465149359888,0.9730085348506401
total@150,Portals,win,56,49.482142857142854,37.5,44.75,49.5,56.0,60.5,,
total@150,Portals,loss,56,50.267857142857146,35.0,43.0,52.5,58.0,63.5,,
total@150,Portals,all,112,49.875,36.1,44.0,51.0,57.0,61.0,,
total@150,Prisoners Dilemma,win,56,20.607142857142858,12.5,16.0,19.5,22.0,27.0,,
total@150,Prisoners Dilemma,loss,56,4.232142857142857,0.0,0.0,3.5,7.0,10.0,,
total@150,Prisoners Dilemma,all,112,12.419642857142858,0.0,3.75,11.5,20.0,23.0,,
total@150,Devil,win,56,87.05357142857143,59.0,71.75,87.5,104.25,121.0,,
total@150,Devil,loss,56,18.857142857142858,2.0,5.75,13.5,22.25,35.5,,
total@150,Devil,all,112,52.955357142857146,3.1000000000000014,13.75,48.5,87.25,107.9,,
total@150,Trophy,win,56,85.98214285714286,53.0,68.5,85.5,103.0,116.0,,
total@150,Trophy,loss,56,16.767857142857142,0.0,2.75,9.0,23.0,43.0,,
total@150,Trophy,all,112,51.375,2.0,9.5,51.0,86.25,105.80000000000001,,
total@150,Autarky,win,56,61.714285714285715,38.0,43.0,54.5,77.0,91.0,,
total@150,Autarky,loss,56,25.946428571428573,9.5,16.0,25.5,35.0,50.5,,
total@150,Autarky,all,112,43.830357142857146,12.300000000000004,25.75,40.0,56.0,77.9,,
total@150,Default,win,56,48.964285714285715,30.0,38.5,44.5,61.25,70.0,,
total@150,Default,loss,56,23.625,10.0,16.75,24.0,30.0,37.5,,
total@150,Default,all,112,36.294642857142854,13.200000000000003,23.75,34.0,45.0,63.0,,
total@150,Queen Of Spades,win,56,30.25,12.5,20.5,30.5,40.0,50.5,,
total@150,Queen Of Spades,loss,56,14.821428571428571,0.0,4.75,15.0,19.0,35.0,,
total@150,Queen Of Spades,all,112,22.535714285714285,3.0,12.0,19.0,32.25,42.0,,
total@150,Schooltime,win,56,172.91071428571428,102.5,120.75,167.0,212.25,251.0,,
total@150,Schooltime,loss,56,73.48214285714286,15.5,38.75,67.0,103.75,130.0,,
total@150,Schooltime,all,112,123.19642857142857,29.500000000000007,63.75,111.0,174.0,222.30000000000004,,
total@150,Slithery Fight,win,56,148.57142857142858,121.0,136.75,149.0,159.25,167.0,,
total@150,Slithery Fight,loss,56,147.28571428571428,121.0,135.75,152.0,157.25,170.0,,
total@150,Slithery Fight,all,112,147.92857142857142,121.0,136.0,150.5,158.25,167.9,,
total@150,Trauma,win,55,45.472727272727276,20.4,24.0,37.0,65.5,85.20000000000002,,
total@150,Trauma,loss,55,25.272727272727273,9.0,13.0,21.0,26.5,56.80000000000002,,
total@150,Trauma,all,112,35.1875,10.0,20.0,26.0,46.0,74.9,,
total@150,ALL,win,559,75.15384615384616,,36.0,59.0,102.5,,16.0,182.10000000000002
total@150,ALL,loss,559,40.082289803220036,,10.0,23.0,54.0,,0.0,154.0
total@150,ALL,all,1120,57.55982142857143,,19.0,41.0,81.0,,2.0,161.0
total_share@150,Portals,win,56,0.5014081366181762,0.4132270985719262,0.4488036593947924,0.4832318966588002,0.5296675191815857,0.5936468646864687,,
total_share@150,Portals,loss,56,0.49859186338182376,0.40635313531353134,0.47033248081841433,0.5167681033411998,0.5511963406052076,0.5867729014280738,,
total_share@150,Portals,all,112,0.5,0.40530303030303033,0.4635989010989011,0.5,0.5364010989010989,0.5946969696969697,,
total_share@150,Prisoners Dilemma,win,56,0.8235847459707814,0.5603864734299517,0.6902834008097166,0.8849462365591398,1.0,1.0,,
total_share@150,Prisoners Dilemma,loss,56,0.1764152540292187,0.0,0.0,0.11505376344086021,0.3097165991902834,0.43961352657004826,,
total_share@150,Prisoners Dilemma,all,112,0.5,0.0,0.12419354838709677,0.5,0.8758064516129033,1.0,,
total_share@150,Devil,win,56,0.8236361432778566,0.6832219613509121,0.7664416104026006,0.8724208079046789,0.9556652222757182,0.9802836052836053,,
total_share@150,Devil,loss,56,0.17636385672214344,0.01971639471639472,0.044334777724281814,0.12757919209532112,0.23355838959739936,0.31677803864908793,,
total_share@150,Devil,all,112,0.5,0.03293850806451614,0.1283057250799186,0.5,0.8716942749200813,0.967061491935484,,
total_share@150,Trophy,win,56,0.8364240056328338,0.5708382526564344,0.7689669569366575,0.9111965306524739,0.9749338563999634,1.0,,
total_share@150,Trophy,loss,56,0.16357599436716613,0.0,0.025066143600036492,0.08880346934752611,0.2310330430633425,0.4291617473435655,,
total_share@150,Trophy,all,112,0.5,0.018666666666666668,0.08934555489848216,0.5,0.9106544451015178,0.9813333333333334,,
total_share@150,Autarky,win,56,0.6971160493900411,0.4743830053108404,0.5595880069025021,0.72144578313253,0.8165946413137424,0.9133610292146878,,
total_share@150,Autarky,loss,56,0.30288395060995876,0.08663897078531226,0.18340535868625757,0.2785542168674699,0.44041199309749784,0.5256169946891596,,
total_share@150,Autarky,all,112,0.5,0.1380638063806381,0.279277108433735,0.5,0.720722891566265,0.861936193619362,,
total_share@150,Default,win,56,0.6663141852741831,0.4633273703041145,0.5573853856986387,0.6613908275174476,0.7886075949367088,0.8795326349717969,,
total_share@150,Default,loss,56,0.333685814725817,0.12046736502820306,0.21139240506329116,0.33860917248255235,0.4426146143013613,0.5366726296958855,,
total_share@150,Default,all,112,0.5,0.16922925290754978,0.33700980392156865,0.5,0.6629901960784313,0.8307707470924502,,
total_share@150,Queen Of Spades,win,56,0.6975147090191515,0.33823953823953823,0.5336890243902439,0.7136363636363636,0.89378078817734,1.0,,
total_share@150,Queen Of Spades,loss,56,0.30248529098084864,0.0,0.10621921182266009,0.2863636363636364,0.4663109756097561,0.6617604617604618,,
total_share@150,Queen Of Spades,all,112,0.5,0.09437500000000001,0.2686480186480186,0.5,0.7313519813519813,0.905625,,
total_share@150,Schooltime,win,56,0.6959716409717809,0.47306259762105013,0.514053574519647,0.7276443536024527,0.844258417833682,0.9363588809017582,,
total_share@150,Schooltime,loss,56,0.30402835902821906,0.0636411190982417,0.155741582166318,0.2723556463975473,0.48594642548035316,0.5269374023789499,,
total_share@150,Schooltime,all,112,0.5,0.12808645151804748,0.2629024016351558,0.5,0.7370975983648441,0.8719135484819526,,
total_share@150,Slithery Fight,win,56,0.5027047459461949,0.4472624798711755,0.46988466022651565,0.4957158363934502,0.527603974972396,0.5586914623144428,,
total_share@150,Slithery Fight,loss,56,0.4972952540538052,0.44130853768555733,0.47239602502760397,0.5042841636065498,0.5301153397734844,0.5527375201288245,,
total_share@150,Slithery Fight,all,112,0.5,0.4420829366338729,0.46992891976444606,0.5,0.5300710802355539,0.5579170633661272,,
total_share@150,Trauma,win,55,0.6386712600561121,0.40835035171318357,0.5227610094012864,0.6666666666666666,0.7564271588661833,0.808135971022569,,
total_share@150,Trauma,loss,55,0.36132873994388814,0.19186402897743104,0.24357284113381675,0.3333333333333333,0.4772389905987135,0.5916496482868164,,
total_share@150,Trauma,all,112,0.5,0.21602787456445993,0.3169354838709677,0.5,0.6830645161290322,0.7839721254355402,,
total_share@150,ALL,win,559,0.6884234053322756,,0.5094951923076922,0.6842105263157895,0.8691881047911258,,0.37964876033057854,1.0
total_share@150,ALL,loss,559,0.3115765946677243,,0.1308118952088742,0.3157894736842105,0.49050480769230764,,0.0,0.6203512396694216
total_share@150,ALL,all,1120,0.5,,0.3,0.5,0.7,,0.026487061722863227,0.9735129382771367
longest@150,Portals,win,56,3.9464285714285716,3.0,4.0,4.0,4.0,5.0,,
longest@150,Portals,loss,56,4.017857142857143,3.0,3.0,4.0,4.0,5.5,,
longest@150,Portals,all,112,3.982142857142857,3.0,4.0,4.0,4.0,5.0,,
longest@150,Prisoners Dilemma,win,56,3.875,2.0,3.0,3.0,4.0,6.0,,
longest@150,Prisoners Dilemma,loss,56,1.7678571428571428,0.0,0.0,2.0,3.0,3.0,,
longest@150,Prisoners Dilemma,all,112,2.8214285714285716,0.0,2.0,3.0,3.0,4.0,,
longest@150,Devil,win,56,4.0,3.0,4.0,4.0,4.0,4.5,,
longest@150,Devil,loss,56,2.75,2.0,2.0,3.0,3.0,4.0,,
longest@150,Devil,all,112,3.375,2.0,3.0,3.0,4.0,4.0,,
longest@150,Trophy,win,56,3.607142857142857,3.0,3.0,4.0,4.0,4.0,,
longest@150,Trophy,loss,56,2.4107142857142856,0.0,2.0,3.0,3.0,4.0,,
longest@150,Trophy,all,112,3.0089285714285716,2.0,3.0,3.0,4.0,4.0,,
longest@150,Autarky,win,56,4.946428571428571,3.0,3.0,4.0,5.0,6.0,,
longest@150,Autarky,loss,56,3.6607142857142856,3.0,3.0,3.0,4.0,5.5,,
longest@150,Autarky,all,112,4.303571428571429,3.0,3.0,3.5,5.0,6.0,,
longest@150,Default,win,56,3.125,3.0,3.0,3.0,3.0,4.0,,
longest@150,Default,loss,56,3.857142857142857,3.0,3.0,3.0,3.25,5.5,,
longest@150,Default,all,112,3.4910714285714284,3.0,3.0,3.0,3.0,4.0,,
longest@150,Queen Of Spades,win,56,3.3214285714285716,3.0,3.0,3.0,4.0,4.0,,
longest@150,Queen Of Spades,loss,56,3.0892857142857144,0.0,3.0,3.0,3.0,4.5,,
longest@150,Queen Of Spades,all,112,3.205357142857143,2.1000000000000014,3.0,3.0,3.0,4.0,,
longest@150,Schooltime,win,56,8.678571428571429,4.0,4.0,7.0,13.0,17.0,,
longest@150,Schooltime,loss,56,4.946428571428571,3.0,3.75,4.0,6.0,8.0,,
longest@150,Schooltime,all,112,6.8125,3.0,4.0,4.0,8.0,13.900000000000006,,
longest@150,Slithery Fight,win,56,7.410714285714286,4.5,5.0,6.0,6.0,7.5,,
longest@150,Slithery Fight,loss,56,8.946428571428571,4.0,5.0,6.0,7.0,27.0,,
longest@150,Slithery Fight,all,112,8.178571428571429,4.0,5.0,6.0,6.0,24.900000000000006,,
longest@150,Trauma,win,55,3.5636363636363635,3.0,3.0,4.0,4.0,4.0,,
longest@150,Trauma,loss,55,3.2545454545454544,2.0,3.0,3.0,4.0,4.0,,
longest@150,Trauma,all,112,3.4107142857142856,3.0,3.0,3.0,4.0,4.0,,
longest@150,ALL,win,559,4.649373881932021,,3.0,4.0,4.0,,3.0,12.0
longest@150,ALL,loss,559,3.8711985688729875,,3.0,3.0,4.0,,0.0,7.100000000000023
longest@150,ALL,all,1120,4.258928571428571,,3.0,3.5,4.0,,2.0,9.0
longest_share@150,Portals,win,56,0.4980178056070913,0.41428571428571426,0.45454545454545453,0.5,0.5555555555555556,0.5714285714285714,,
longest_share@150,Portals,loss,56,0.5019821943929087,0.42857142857142855,0.4444444444444444,0.5,0.5454545454545454,0.5857142857142856,,
longest_share@150,Portals,all,112,0.5,0.42857142857142855,0.452020202020202,0.5,0.547979797979798,0.5714285714285714,,
longest_share@150,Prisoners Dilemma,win,56,0.7086685635792779,0.4,0.5,0.625,1.0,1.0,,
longest_share@150,Prisoners Dilemma,loss,56,0.2913314364207221,0.0,0.0,0.375,0.5,0.6,,
longest_share@150,Prisoners Dilemma,all,112,0.5,0.0,0.375,0.5,0.625,1.0,,
longest_share@150,Devil,win,56,0.5999787414965986,0.5,0.5,0.5714285714285714,0.6666666666666666,0.6666666666666666,,
longest_share@150,Devil,loss,56,0.40002125850340137,0.3333333333333333,0.3333333333333333,0.42857142857142855,0.5,0.5,,
longest_share@150,Devil,all,112,0.5,0.3333333333333333,0.42857142857142855,0.5,0.5714285714285714,0.6666666666666666,,
longest_share@150,Trophy,win,56,0.6379747732426304,0.5,0.5,0.5714285714285714,0.6666666666666666,1.0,,
longest_share@150,Trophy,loss,56,0.36202522675736964,0.0,0.3333333333333333,0.42857142857142855,0.5,0.5,,
longest_share@150,Trophy,all,112,0.5,0.3333333333333333,0.42857142857142855,0.5,0.5714285714285714,0.6666666666666666,,
longest_share@150,Autarky,win,56,0.5452187445491017,0.375,0.44047619047619047,0.5,0.625,0.6904761904761905,,
longest_share@150,Autarky,loss,56,0.4547812554508983,0.30952380952380953,0.375,0.5,0.5595238095238095,0.625,,
longest_share@150,Autarky,all,112,0.5,0.3333333333333333,0.42857142857142855,0.5,0.5714285714285714,0.6666666666666666,,
longest_share@150,Default,win,56,0.4738769633727617,0.36428571428571427,0.48214285714285715,0.5,0.5,0.5714285714285714,,
longest_share@150,Default,loss,56,0.5261230366272384,0.42857142857142855,0.5,0.5,0.5178571428571428,0.6357142857142857,,
longest_share@150,Default,all,112,0.5,0.42857142857142855,0.5,0.5,0.5,0.5714285714285714,,
longest_share@150,Queen Of Spades,win,56,0.5643636621315192,0.41428571428571426,0.5,0.5,0.5714285714285714,1.0,,
longest_share@150,Queen Of Spades,loss,56,0.43563633786848077,0.0,0.42857142857142855,0.5,0.5,0.5857142857142856,,
longest_share@150,Queen Of Spades,all,112,0.5,0.3333333333333333,0.44047619047619047,0.5,0.5595238095238095,0.6666666666666666,,
longest_share@150,Schooltime,win,56,0.6007945025524758,0.3904761904761905,0.4903846153846154,0.5857142857142856,0.7347826086956522,0.8348457350272231,,
longest_share@150,Schooltime,loss,56,0.3992054974475242,0.16515426497277677,0.26521739130434785,0.41428571428571426,0.5096153846153846,0.6095238095238096,,
longest_share@150,Schooltime,all,112,0.5,0.25,0.34782608695652173,0.5,0.6521739130434783,0.75,,
longest_share@150,Slithery Fight,win,56,0.4818263355750226,0.17142857142857143,0.4375,0.5,0.5590909090909091,0.6306818181818181,,
longest_share@150,Slithery Fight,loss,56,0.5181736644249775,0.3693181818181818,0.4409090909090909,0.5,0.5625,0.8285714285714286,,
longest_share@150,Slithery Fight,all,112,0.5,0.22820512820512828,0.4375,0.5,0.5625,0.7717948717948722,,
longest_share@150,Trauma,win,55,0.5262337662337663,0.42857142857142855,0.5,0.5,0.5714285714285714,0.6,,
longest_share@150,Trauma,loss,55,0.4737662337662337,0.4,0.42857142857142855,0.5,0.5,0.5714285714285714,,
longest_share@150,Trauma,all,112,0.5,0.4028571428571429,0.42857142857142855,0.5,0.5714285714285714,0.5971428571428573,,
longest_share@150,ALL,win,559,0.5637624012537029,,0.5,0.5,0.6,,0.36205533596837947,1.0
longest_share@150,ALL,loss,559,0.436237598746297,,0.4,0.5,0.5,,0.0,0.6379446640316209
longest_share@150,ALL,all,1120,0.5,,0.42857142857142855,0.5,0.5714285714285714,,0.16129032258064516,0.8387096774193549
top1_share@150,Portals,win,56,0.08193218289698348,0.0641729581331503,0.06876959247648903,0.08,0.08898809523809524,0.10724554341575618,,
top1_share@150,Portals,loss,56,0.09187564650655757,0.05358851674641148,0.06349206349206349,0.07407407407407407,0.0927002583979328,0.14791666666666667,,
top1_share@150,Portals,all,112,0.08690391470177052,0.05772017837235229,0.06666666666666667,0.07692307692307693,0.08969155844155845,0.11764705882352941,,
top1_share@150,Prisoners Dilemma,win,56,0.19970869000205965,0.11405405405405405,0.1412337662337662,0.1715686274509804,0.23076923076923078,0.3333333333333333,,
top1_share@150,Prisoners Dilemma,loss,36,0.5586551565718233,0.25,0.3333333333333333,0.5,0.75,1.0,,
top1_share@150,Prisoners Dilemma,all,92,0.34016600300761934,0.13043478260869565,0.15789473684210525,0.23443223443223443,0.42857142857142855,0.6647058823529413,,
top1_share@150,Devil,win,56,0.05098098826644496,0.032018442622950824,0.037946428571428575,0.0449438202247191,0.05695940347970174,0.07317073170731707,,
top1_share@150,Devil,loss,54,0.34909109305824326,0.09176470588235296,0.13636363636363635,0.19375,0.3333333333333333,1.0,,
top1_share@150,Devil,all,110,0.1973259488006005,0.03654128709961798,0.044444444444444446,0.07317073170731707,0.1875,0.5100000000000009,,
top1_share@150,Trophy,win,56,0.04590636924221023,0.0319518170681911,0.03550664451827242,0.04040816326530612,0.05179487179487179,0.07080200501253132,,
top1_share@150,Trophy,loss,45,0.3501250460533586,0.0643097643097643,0.125,0.25,0.4,1.0,,
top1_share@150,Trophy,all,101,0.1814493440590584,0.033707865168539325,0.038461538461538464,0.05970149253731343,0.1875,0.5,,
top1_share@150,Autarky,win,56,0.0803515657290234,0.04293600490697198,0.05700808625336927,0.06904761904761905,0.09302325581395349,0.11762360446570973,,
top1_share@150,Autarky,loss,55,0.19443099657789145,0.0877922077922078,0.10714285714285714,0.14285714285714285,0.19615384615384618,0.375,,
top1_share@150,Autarky,all,111,0.13687740984332739,0.05454545454545454,0.06904761904761905,0.1,0.15192307692307694,0.24719101123595505,,
top1_share@150,Default,win,56,0.07022778007334196,0.0428921568627451,0.0504306751875521,0.06818181818181818,0.08634453781512605,0.1,,
top1_share@150,Default,loss,56,0.2288822475225662,0.08957219251336898,0.10344827586206896,0.13043478260869565,0.27954545454545454,0.4642857142857143,,
top1_share@150,Default,all,112,0.14955501379795405,0.047619047619047616,0.06808551617873651,0.09449404761904762,0.13191699604743082,0.3307692307692309,,
top1_share@150,Queen Of Spades,win,56,0.13443767294675785,0.07345013477088949,0.09024064171122995,0.10344827586206896,0.17647058823529413,0.2426470588235294,,
top1_share@150,Queen Of Spades,loss,49,0.3377441015768035,0.10957854406130269,0.16666666666666666,0.2,0.375,1.0,,
top1_share@150,Queen Of Spades,all,105,0.22931400630744583,0.07936842105263157,0.1,0.16666666666666666,0.23529411764705882,0.42857142857142855,,
top1_share@150,Schooltime,win,56,0.04675851994405883,0.030731093098292278,0.03278688524590164,0.04266697007623165,0.05690273309923139,0.06897989060816169,,
top1_share@150,Schooltime,loss,55,0.1265103111672791,0.03610747051114024,0.04293394777265745,0.05405405405405406,0.13553113553113552,0.2800000000000001,,
top1_share@150,Schooltime,all,111,0.08627517325286167,0.03125,0.03669724770642202,0.047619047619047616,0.07236363636363635,0.15,,
top1_share@150,Slithery Fight,win,56,0.0480867628628072,0.030237235452758603,0.03289473684210526,0.04040449845818973,0.0454624934429096,0.0513763197586727,,
top1_share@150,Slithery Fight,loss,56,0.05829901479498483,0.02631578947368421,0.03236346986346986,0.042709494376329926,0.05311004784688995,0.15060961032751613,,
top1_share@150,Slithery Fight,all,112,0.05319288882889601,0.027857142857142858,0.032679738562091505,0.041666666666666664,0.049768698996829355,0.13181357649442757,,
top1_share@150,Trauma,win,55,0.09900957708961909,0.04464419475655431,0.06400409626216078,0.09375,0.1297335203366059,0.15384615384615385,,
top1_share@150,Trauma,loss,55,0.16905166327360197,0.07136273864384464,0.12310606060606061,0.15,0.2,0.3333333333333333,,
top1_share@150,Trauma,all,112,0.13412691405199387,0.05090295358649789,0.08695652173913043,0.125,0.15789473684210525,0.2,,
top1_share@150,ALL,win,559,0.08571627286206718,,0.04361413043478261,0.06666666666666667,0.1,,0.03125,0.21428571428571427
top1_share@150,ALL,loss,517,0.23103364218873856,,0.07407407407407407,0.14285714285714285,0.2727272727272727,,0.03565107458912768,1.0
top1_share@150,ALL,all,1078,0.1555089384928753,,0.05084745762711865,0.08908730158730159,0.16666666666666666,,0.032467532467532464,0.5027777777777773
len_gini@150,Portals,win,56,0.1216038765321319,0.09895104895104889,0.10652276251661497,0.11889678421936489,0.13333557107053345,0.14666542242130154,,
len_gini@150,Portals,loss,56,0.11763882872245236,0.09507836990595608,0.10095160945734222,0.11605182257356172,0.13266987829614602,0.15142888725128956,,
len_gini@150,Portals,all,112,0.11962135262729214,0.09707516339869268,0.101010101010101,0.11821052631578943,0.1332977610281862,0.1487474107639052,,
len_gini@150,Prisoners Dilemma,win,56,0.08843992206875825,0.0,0.04678362573099415,0.07979797979797976,0.11007742257742265,0.15625,,
len_gini@150,Prisoners Dilemma,loss,56,0.03666267594839027,0.0,0.0,0.0,0.09523809523809534,0.10000000000000009,,
len_gini@150,Prisoners Dilemma,all,112,0.06255129900857424,0.0,0.0,0.0641025641025641,0.09901315789473675,0.13809210526315782,,
len_gini@150,Devil,win,56,0.114600094290537,0.09696934163397575,0.10084243592489461,0.1108723300789285,0.12482993197278924,0.13450980392156875,,
len_gini@150,Devil,loss,56,0.05742756257600217,0.0,0.0,0.08055555555555549,0.10000000000000009,0.11507352941176474,,
len_gini@150,Devil,all,112,0.08601382843326959,0.0,0.07912614205717661,0.10046151345315257,0.11658588755691052,0.12767192263481436,,
len_gini@150,Trophy,win,56,0.10733787297205374,0.09747611437605253,0.09932915379866303,0.10638660856052151,0.1125914994096811,0.12078499776372109,,
len_gini@150,Trophy,loss,56,0.05321971077230931,0.0,0.0,0.07045454545454555,0.09769338303821068,0.11981946624803763,,
len_gini@150,Trophy,all,112,0.08027879187218152,0.0,0.07159090909090915,0.09920294411165242,0.10985569600974726,0.122645888441633,,
len_gini@150,Autarky,win,56,0.12095391627281682,0.08124113475177297,0.09523809523809529,0.10469545957918047,0.13261513743106207,0.1612926479889868,,
len_gini@150,Autarky,loss,56,0.10180883542794773,0.021428571428571352,0.08333333333333326,0.09765234765234765,0.1322344322344322,0.16175281608590375,,
len_gini@150,Autarky,all,112,0.11138137585038226,0.06863636363636359,0.08910714285714277,0.10064728480657992,0.13261513743106207,0.162636277502895,,
len_gini@150,Default,win,56,0.09686469943845352,0.08677361853832444,0.0911026952587054,0.09642254800207573,0.10086317135549877,0.1025785061499348,,
len_gini@150,Default,loss,56,0.10162601257870081,0.021428571428571352,0.07159090909090898,0.09765234765234765,0.10060265919671751,0.14829545454545456,,
len_gini@150,Default,all,112,0.09924535600857716,0.057566137566137585,0.08764890282131665,0.09710555402044763,0.1008403361344537,0.12299498746867168,,
len_gini@150,Queen Of Spades,win,56,0.0967410322997863,0.07272727272727275,0.08828535594839954,0.09999999999999987,0.10289710289710297,0.125,,
len_gini@150,Queen Of Spades,loss,56,0.07590690408962153,0.0,0.0,0.08853000447828041,0.10000000000000009,0.12252747252747254,,
len_gini@150,Queen Of Spades,all,112,0.08632396819470389,0.0,0.07518796992481214,0.09523809523809523,0.10085547732606565,0.125,,
len_gini@150,Schooltime,win,56,0.18711863412689228,0.10646984722567476,0.1156585156585157,0.1721203461386529,0.2501950854533668,0.29491735133020347,,
len_gini@150,Schooltime,loss,56,0.12915794774614983,0.08679460342948908,0.10057471264367818,0.11649217432558845,0.15582074175824184,0.206085055376647,,
len_gini@150,Schooltime,all,112,0.15813829093652107,0.0999999999999999,0.1080062099497156,0.12269981772140437,0.20337911169712636,0.26958943965517246,,
len_gini@150,Slithery Fight,win,56,0.14906013824774086,0.11286326040036843,0.1229981041561925,0.13394911785086816,0.1498431452907915,0.19664303664178573,,
len_gini@150,Slithery Fight,loss,56,0.17323175335006663,0.11981686240086142,0.12936237032760883,0.14345621792747576,0.19248232732583492,0.3217613031869313,,
len_gini@150,Slithery Fight,all,112,0.16114594579890376,0.11359793777690046,0.12411956436465627,0.13790162759318603,0.16107628811779479,0.2900777909432798,,
len_gini@150,Trauma,win,55,0.09839898395897134,0.0896258503401361,0.0933175595819723,0.09999999999999987,0.10236900780379043,0.12075192359822343,,
len_gini@150,Trauma,loss,55,0.0850806715480757,0.0,0.07777777777777772,0.08928571428571441,0.10070752438906605,0.12532039389182242,,
len_gini@150,Trauma,all,112,0.0920559122479349,0.04778405641432776,0.08333333333333326,0.09523809523809512,0.10217391304347823,0.12245514421985018,,
len_gini@150,ALL,win,559,0.11814718165956527,,0.09603658536585358,0.1064814814814814,0.12742640916015535,,0.0641025641025641,0.23826186216191095
len_gini@150,ALL,loss,559,0.0931905722414956,,0.05714285714285716,0.09868421052631571,0.12275882012724115,,0.0,0.21887500000000001
len_gini@150,ALL,all,1120,0.10567561209783403,,0.08712990399431086,0.10084033613445387,0.12588134259960881,,0.0,0.22229035639413
seen_share@150,Portals,win,56,0.9909319196428571,0.9833984375,1.0,1.0,1.0,1.0,,
seen_share@150,Portals,loss,56,0.8824288504464286,0.701171875,0.78369140625,0.998046875,1.0,1.0,,
seen_share@150,Portals,all,112,0.9366803850446429,0.7330078125,0.95458984375,1.0,1.0,1.0,,
seen_share@150,Prisoners Dilemma,win,56,0.9666573660714286,0.9287109375,0.9990234375,1.0,1.0,1.0,,
seen_share@150,Prisoners Dilemma,loss,56,0.8656180245535714,0.59765625,0.79443359375,0.8984375,0.9921875,1.0,,
seen_share@150,Prisoners Dilemma,all,112,0.9161376953125,0.7443359375,0.84228515625,0.9970703125,1.0,1.0,,
seen_share@150,Devil,win,56,0.9694126674107143,0.890625,0.9765625,1.0,1.0,1.0,,
seen_share@150,Devil,loss,56,0.7390834263392857,0.6552734375,0.67236328125,0.7177734375,0.771484375,0.828125,,
seen_share@150,Devil,all,112,0.854248046875,0.6642578125,0.71826171875,0.8701171875,1.0,1.0,,
seen_share@150,Trophy,win,56,1.0,1.0,1.0,1.0,1.0,1.0,,
seen_share@150,Trophy,loss,56,0.9606857142857143,0.8640000000000001,0.9464,0.996,1.0,1.0,,
seen_share@150,Trophy,all,112,0.9803428571428573,0.93376,0.9964,1.0,1.0,1.0,,
seen_share@150,Autarky,win,56,0.9963808054085831,0.9943415637860082,1.0,1.0,1.0,1.0,,
seen_share@150,Autarky,loss,56,0.9807833627278073,0.9429012345679013,0.981224279835391,0.9974279835390947,1.0,1.0,,
seen_share@150,Autarky,all,112,0.9885820840681953,0.9636831275720165,0.9907407407407407,1.0,1.0,1.0,,
seen_share@150,Default,win,56,0.9858921595982143,0.95458984375,0.974365234375,1.0,1.0,1.0,,
seen_share@150,Default,loss,56,0.9527587890625,0.8896484375,0.92919921875,0.962890625,1.0,1.0,,
seen_share@150,Default,all,112,0.9693254743303571,0.9162109375,0.953125,0.99365234375,1.0,1.0,,
seen_share@150,Queen Of Spades,win,56,0.9401020408163266,0.8925714285714286,0.9168571428571428,0.9874285714285714,1.0,1.0,,
seen_share@150,Queen Of Spades,loss,56,0.8415102040816327,0.6182857142857143,0.7885714285714286,0.8851428571428572,0.956,0.9948571428571429,,
seen_share@150,Queen Of Spades,all,112,0.8908061224489796,0.6701714285714286,0.8745714285714286,0.9348571428571428,0.9931428571428571,1.0,,
seen_share@150,Schooltime,win,56,0.9193749999999999,0.855,0.8807291666666667,0.9329166666666666,0.9558333333333333,0.9808333333333333,,
seen_share@150,Schooltime,loss,56,0.7967931547619048,0.6625,0.7179166666666668,0.805625,0.8654166666666667,0.913125,,
seen_share@150,Schooltime,all,112,0.8580840773809525,0.7087083333333334,0.7970833333333334,0.8754166666666667,0.9434375,0.9678333333333333,,
seen_share@150,Slithery Fight,win,56,0.7761715797430083,0.7081128747795414,0.7394179894179894,0.7660199882422105,0.8323045267489712,0.8630217519106408,,
seen_share@150,Slithery Fight,loss,56,0.7332241538590745,0.6384479717813051,0.6956202233980012,0.7248677248677249,0.769106407995297,0.8057025279247501,,
seen_share@150,Slithery Fight,all,112,0.7546978668010412,0.6611992945326279,0.7159024103468548,0.7489711934156378,0.791005291005291,0.8556143445032334,,
seen_share@150,Trauma,win,55,0.6465119949494951,0.5668402777777778,0.5985243055555556,0.6423611111111112,0.6961805555555556,0.7470486111111111,,
seen_share@150,Trauma,loss,55,0.5488320707070707,0.34965277777777776,0.43880208333333337,0.5789930555555556,0.6488715277777778,0.6944444444444444,,
seen_share@150,Trauma,all,112,0.5975167410714286,0.3541666666666667,0.5442708333333334,0.6046006944444444,0.6573350694444444,0.7368055555555556,,
seen_share@150,ALL,win,559,0.9196312663487042,,0.8821309523809524,0.99609375,1.0,,0.6131944444444445,1.0
seen_share@150,ALL,loss,559,0.8306750661457825,,0.716358024691358,0.856,0.9889443479938271,,0.5442708333333334,1.0
seen_share@150,ALL,all,1120,0.8746421350475954,,0.765625,0.9510145089285714,1.0,,0.584765625,1.0
visited_share@150,Portals,win,56,0.41162109375,0.3447265625,0.388671875,0.4248046875,0.4375,0.4501953125,,
visited_share@150,Portals,loss,56,0.39111328125,0.3115234375,0.38037109375,0.408203125,0.439453125,0.455078125,,
visited_share@150,Portals,all,112,0.4013671875,0.32421875,0.38427734375,0.4150390625,0.43798828125,0.4529296875,,
visited_share@150,Prisoners Dilemma,win,56,0.5447823660714286,0.380859375,0.47998046875,0.5908203125,0.66015625,0.70703125,,
visited_share@150,Prisoners Dilemma,loss,56,0.29286411830357145,0.1083984375,0.1796875,0.25390625,0.396484375,0.490234375,,
visited_share@150,Prisoners Dilemma,all,112,0.4188232421875,0.11777343750000001,0.22607421875,0.4453125,0.59765625,0.6708984375,,
visited_share@150,Devil,win,56,0.7388392857142857,0.578125,0.693359375,0.7431640625,0.78955078125,0.8935546875,,
visited_share@150,Devil,loss,56,0.42515345982142855,0.337890625,0.357421875,0.3994140625,0.447265625,0.568359375,,
visited_share@150,Devil,all,112,0.5819963727678571,0.3537109375,0.40185546875,0.568359375,0.74267578125,0.8052734375000001,,
visited_share@150,Trophy,win,56,0.9062285714285715,0.7968,0.8668,0.9328,0.9536,0.972,,
visited_share@150,Trophy,loss,56,0.6001428571428572,0.3648,0.48,0.612,0.7203999999999999,0.8288,,
visited_share@150,Trophy,all,112,0.7531857142857142,0.45616000000000007,0.6124,0.8152,0.9332,0.9616,,
visited_share@150,Autarky,win,56,0.7465645208700763,0.6327160493827161,0.6949588477366255,0.7608024691358024,0.8063271604938271,0.8307613168724279,,
visited_share@150,Autarky,loss,56,0.5447530864197531,0.3940329218106996,0.4619341563786008,0.5529835390946503,0.6358024691358024,0.6692386831275721,,
visited_share@150,Autarky,all,112,0.6456588036449148,0.4521604938271605,0.5493827160493827,0.6574074074074074,0.76440329218107,0.8166666666666667,,
visited_share@150,Default,win,56,0.6720145089285714,0.5576171875,0.602294921875,0.6767578125,0.75048828125,0.7919921875,,
visited_share@150,Default,loss,56,0.5129743303571429,0.33740234375,0.40283203125,0.541015625,0.60498046875,0.64208984375,,
visited_share@150,Default,all,112,0.5924944196428571,0.3892578125,0.529296875,0.60302734375,0.680908203125,0.75673828125,,
visited_share@150,Queen Of Spades,win,56,0.38791836734693874,0.2582857142857143,0.3314285714285714,0.392,0.4551428571428571,0.5297142857142857,,
visited_share@150,Queen Of Spades,loss,56,0.28744897959183674,0.14857142857142858,0.19485714285714284,0.29085714285714287,0.3742857142857143,0.40628571428571425,,
visited_share@150,Queen Of Spades,all,112,0.3376836734693877,0.17382857142857142,0.25942857142857145,0.3542857142857143,0.4134285714285714,0.48262857142857146,,
visited_share@150,Schooltime,win,56,0.49731398809523814,0.39645833333333336,0.4452083333333333,0.504375,0.5558333333333334,0.591875,,
visited_share@150,Schooltime,loss,56,0.32819196428571434,0.18416666666666667,0.2523958333333334,0.323125,0.40302083333333333,0.4458333333333333,,
visited_share@150,Schooltime,all,112,0.4127529761904762,0.24633333333333332,0.3196875,0.4272916666666667,0.5144791666666666,0.5655416666666666,,
visited_share@150,Slithery Fight,win,56,0.49278785588309393,0.43974132863021753,0.4620811287477954,0.4964726631393298,0.5211640211640212,0.5390946502057614,,
visited_share@150,Slithery Fight,loss,56,0.4846728814982783,0.40593768371546146,0.4584068195179306,0.49088771310993534,0.5271898883009994,0.5402704291593181,,
visited_share@150,Slithery Fight,all,112,0.4887303686906862,0.42604350382128164,0.45958259847148736,0.49382716049382713,0.524103468547913,0.5405643738977073,,
visited_share@150,Trauma,win,55,0.3024936868686869,0.2125,0.2456597222222222,0.2977430555555556,0.34505208333333337,0.40642361111111114,,
visited_share@150,Trauma,loss,55,0.22373737373737373,0.13211805555555556,0.16319444444444445,0.21961805555555555,0.26779513888888884,0.3013888888888889,,
visited_share@150,Trauma,all,112,0.26309058779761907,0.14331597222222223,0.2074652777777778,0.2612847222222222,0.3020833333333333,0.37734375000000003,,
visited_share@150,ALL,win,559,0.5705350698223921,,0.427734375,0.5391666666666667,0.7397119341563786,,0.26015625000000003,0.9345600000000001
visited_share@150,ALL,loss,559,0.4094368394295317,,0.30057361111111114,0.404296875,0.5155790711346266,,0.14322916666666666,0.67843109375
visited_share@150,ALL,all,1120,0.4895783346177012,,0.357421875,0.4609375,0.6143580981775426,,0.18281845238095237,0.8674399999999998
pearls@150,Portals,win,56,286.75,145.5,202.25,320.5,367.0,392.0,,
pearls@150,Portals,loss,56,211.10714285714286,75.0,114.5,148.5,336.0,361.0,,
pearls@150,Portals,all,112,248.92857142857142,101.70000000000002,134.5,264.0,350.25,381.9,,
pearls@150,Prisoners Dilemma,win,56,68.55357142857143,23.5,34.0,54.0,84.25,143.0,,
pearls@150,Prisoners Dilemma,loss,56,30.107142857142858,2.0,2.0,15.5,44.25,80.0,,
pearls@150,Prisoners Dilemma,all,112,49.330357142857146,2.0,11.0,36.0,76.0,103.60000000000002,,
pearls@150,Devil,win,56,344.35714285714283,288.0,323.5,351.5,392.25,422.0,,
pearls@150,Devil,loss,56,91.26785714285714,34.0,48.0,75.5,106.25,132.5,,
pearls@150,Devil,all,112,217.8125,44.0,75.75,219.5,351.25,395.9,,
pearls@150,Trophy,win,56,170.35714285714286,117.5,146.75,173.0,195.5,208.5,,
pearls@150,Trophy,loss,56,69.80357142857143,18.0,46.0,62.5,90.5,133.0,,
pearls@150,Trophy,all,112,120.08035714285714,45.1,62.75,120.5,173.0,199.9,,
pearls@150,Autarky,win,56,165.44642857142858,112.0,143.25,171.0,195.25,216.0,,
pearls@150,Autarky,loss,56,104.85714285714286,34.0,82.75,98.0,128.0,175.5,,
pearls@150,Autarky,all,112,135.15178571428572,63.30000000000002,94.0,134.0,176.25,213.50000000000003,,
pearls@150,Default,win,56,75.75,37.5,53.75,82.5,93.0,105.5,,
pearls@150,Default,loss,56,39.875,16.5,23.0,39.0,51.0,69.0,,
pearls@150,Default,all,112,57.8125,22.0,33.75,51.0,85.0,99.40000000000003,,
pearls@150,Queen Of Spades,win,56,78.23214285714286,13.5,33.0,70.0,130.25,146.0,,
pearls@150,Queen Of Spades,loss,56,39.214285714285715,0.0,4.5,17.5,71.0,103.0,,
pearls@150,Queen Of Spades,all,112,58.723214285714285,3.0,13.0,55.5,87.25,136.70000000000002,,
pearls@150,Schooltime,win,56,356.10714285714283,240.0,291.75,377.5,413.75,461.5,,
pearls@150,Schooltime,loss,56,175.48214285714286,16.5,101.5,162.0,248.25,302.0,,
pearls@150,Schooltime,all,112,265.79464285714283,93.5,163.5,273.5,378.5,425.5,,
pearls@150,Slithery Fight,win,56,881.6607142857143,790.5,818.25,867.0,927.25,980.0,,
pearls@150,Slithery Fight,loss,56,948.75,726.5,828.25,897.0,1028.25,1273.5,,
pearls@150,Slithery Fight,all,112,915.2053571428571,771.1,820.75,885.5,951.0,1186.7,,
pearls@150,Trauma,win,55,69.63636363636364,18.4,32.0,48.0,106.0,142.4,,
pearls@150,Trauma,loss,55,28.636363636363637,1.0,7.0,17.0,35.5,81.0,,
pearls@150,Trauma,all,112,48.82142857142857,2.0,17.0,33.5,72.0,125.9,,
pearls@150,ALL,win,559,250.00715563506262,,81.5,168.0,341.5,,26.900000000000002,866.2
pearls@150,ALL,loss,559,174.16994633273703,,23.5,75.0,138.5,,2.0,897.0
pearls@150,ALL,all,1120,211.76607142857142,,46.0,108.5,269.5,,6.950000000000003,884.1499999999999
bed_pearls@150,Portals,win,56,156.71428571428572,88.5,123.25,171.5,187.5,206.0,,
bed_pearls@150,Portals,loss,56,121.01785714285714,57.5,74.0,92.0,181.25,197.5,,
bed_pearls@150,Portals,all,112,138.86607142857142,69.0,85.75,150.5,186.25,200.0,,
bed_pearls@150,Prisoners Dilemma,win,56,29.446428571428573,10.0,13.75,23.5,35.0,61.0,,
bed_pearls@150,Prisoners Dilemma,loss,56,13.0,2.0,2.0,8.0,19.25,30.0,,
bed_pearls@150,Prisoners Dilemma,all,112,21.223214285714285,2.0,7.0,17.0,29.0,40.80000000000001,,
bed_pearls@150,Devil,win,56,192.85714285714286,160.5,179.0,195.0,216.5,237.5,,
bed_pearls@150,Devil,loss,56,55.75,24.0,34.0,48.5,59.5,80.0,,
bed_pearls@150,Devil,all,112,124.30357142857143,30.0,48.75,132.5,196.25,220.9,,
bed_pearls@150,Trophy,win,56,113.30357142857143,83.5,96.25,115.0,127.5,143.5,,
bed_pearls@150,Trophy,loss,56,50.357142857142854,13.0,34.75,46.0,66.25,85.5,,
bed_pearls@150,Trophy,all,112,81.83035714285714,33.0,46.0,85.5,115.25,133.8,,
bed_pearls@150,Autarky,win,56,84.32142857142857,59.0,65.5,82.0,95.0,120.5,,
bed_pearls@150,Autarky,loss,56,52.607142857142854,23.5,41.0,49.5,65.5,82.5,,
bed_pearls@150,Autarky,all,112,68.46428571428571,37.1,48.0,65.5,86.25,103.80000000000001,,
bed_pearls@150,Default,win,56,51.07142857142857,26.0,38.25,52.0,64.25,75.0,,
bed_pearls@150,Default,loss,56,26.875,12.5,16.0,22.0,34.25,48.5,,
bed_pearls@150,Default,all,112,38.973214285714285,16.0,20.75,35.5,54.0,67.0,,
bed_pearls@150,Queen Of Spades,win,56,50.464285714285715,10.0,27.25,47.0,79.0,86.0,,
bed_pearls@150,Queen Of Spades,loss,56,25.446428571428573,0.0,2.75,14.5,42.5,66.0,,
bed_pearls@150,Queen Of Spades,all,112,37.955357142857146,1.0,10.0,38.0,62.25,81.9,,
bed_pearls@150,Schooltime,win,56,253.57142857142858,168.5,200.5,258.5,305.25,333.0,,
bed_pearls@150,Schooltime,loss,56,121.875,14.5,73.5,108.5,166.25,207.0,,
bed_pearls@150,Schooltime,all,112,187.72321428571428,60.60000000000001,108.75,190.0,261.75,315.30000000000007,,
bed_pearls@150,Slithery Fight,win,56,490.26785714285717,436.5,459.75,491.0,511.0,538.0,,
bed_pearls@150,Slithery Fight,loss,56,513.4642857142857,429.0,462.25,502.5,567.75,628.0,,
bed_pearls@150,Slithery Fight,all,112,501.86607142857144,433.1,460.0,496.5,526.0,591.8,,
bed_pearls@150,Trauma,win,55,56.25454545454546,16.4,27.5,42.0,83.5,114.4,,
bed_pearls@150,Trauma,loss,55,24.6,1.0,7.0,16.0,30.0,66.4,,
bed_pearls@150,Trauma,all,112,40.1875,2.0,16.0,28.5,57.0,101.70000000000002,,
bed_pearls@150,ALL,win,559,147.99105545617172,,52.0,98.0,194.0,,14.900000000000002,490.20000000000005
bed_pearls@150,ALL,loss,559,100.6350626118068,,17.0,45.0,89.5,,2.0,502.1
bed_pearls@150,ALL,all,1120,124.13928571428572,,30.0,67.0,167.0,,5.0,495.14999999999986
births@150,Portals,win,56,114.23214285714286,59.0,80.75,127.5,142.5,155.5,,
births@150,Portals,loss,56,85.0,33.5,50.75,59.5,134.0,145.5,,
births@150,Portals,all,112,99.61607142857143,46.0,55.0,106.0,138.5,151.8,,
births@150,Prisoners Dilemma,win,56,31.125,16.5,19.0,25.5,36.0,60.0,,
births@150,Prisoners Dilemma,loss,56,12.517857142857142,0.0,0.0,9.0,19.0,33.5,,
births@150,Prisoners Dilemma,all,112,21.821428571428573,0.0,7.0,19.0,32.25,41.0,,
births@150,Devil,win,56,141.67857142857142,109.5,132.5,143.5,160.0,180.5,,
births@150,Devil,loss,56,37.410714285714285,15.5,19.0,30.0,43.25,53.5,,
births@150,Devil,all,112,89.54464285714286,18.1,30.0,84.5,143.25,164.9,,
births@150,Trophy,win,56,68.78571428571429,47.0,57.5,71.5,80.25,84.5,,
births@150,Trophy,loss,56,26.535714285714285,7.5,18.0,23.0,34.25,49.5,,
births@150,Trophy,all,112,47.660714285714285,17.1,23.5,48.5,71.25,81.0,,
births@150,Autarky,win,56,69.46428571428571,47.0,57.75,71.0,79.0,96.5,,
births@150,Autarky,loss,56,42.160714285714285,14.0,33.75,41.0,53.0,70.0,,
births@150,Autarky,all,112,55.8125,25.1,39.0,55.5,74.5,85.0,,
births@150,Default,win,56,33.482142857142854,17.0,24.5,35.5,40.25,47.0,,
births@150,Default,loss,56,17.732142857142858,7.5,10.75,16.5,23.0,30.0,,
births@150,Default,all,112,25.607142857142858,9.0,15.0,23.0,37.0,43.900000000000006,,
births@150,Queen Of Spades,win,56,31.285714285714285,6.0,15.0,28.0,52.0,57.5,,
births@150,Queen Of Spades,loss,56,15.017857142857142,0.0,2.0,7.5,28.0,37.0,,
births@150,Queen Of Spades,all,112,23.151785714285715,1.0,6.0,21.5,35.25,53.900000000000006,,
births@150,Schooltime,win,56,124.32142857142857,98.0,111.5,124.5,142.0,146.0,,
births@150,Schooltime,loss,56,69.14285714285714,6.5,41.5,63.0,101.25,122.0,,
births@150,Schooltime,all,112,96.73214285714286,39.0,63.5,107.0,127.5,144.0,,
births@150,Slithery Fight,win,56,356.9642857142857,317.0,331.0,348.0,373.0,406.0,,
births@150,Slithery Fight,loss,56,382.67857142857144,285.5,337.0,364.0,452.5,493.0,,
births@150,Slithery Fight,all,112,369.82142857142856,311.1,332.75,357.0,402.25,460.8,,
births@150,Trauma,win,55,31.4,9.0,14.0,22.0,49.5,65.2,,
births@150,Trauma,loss,55,13.436363636363636,2.0,4.0,9.0,15.5,38.0,,
births@150,Trauma,all,112,22.267857142857142,3.0,8.0,15.0,32.0,56.900000000000006,,
births@150,ALL,win,559,100.39713774597496,,35.0,68.0,133.0,,12.900000000000002,348.0
births@150,ALL,loss,559,70.26475849731663,,11.0,29.0,56.5,,0.9000000000000021,362.4000000000001
births@150,ALL,all,1120,85.20357142857142,,20.0,46.0,106.25,,3.0,357.0
deaths@150,Portals,win,56,97.10714285714286,44.0,64.0,108.0,127.75,139.5,,
deaths@150,Portals,loss,56,67.51785714285714,18.0,30.75,45.0,112.5,124.0,,
deaths@150,Portals,all,112,82.3125,28.1,38.5,88.0,120.0,134.0,,
deaths@150,Prisoners Dilemma,win,56,25.375,9.5,15.75,21.5,31.25,48.0,,
deaths@150,Prisoners Dilemma,loss,56,13.732142857142858,2.5,3.0,10.5,20.0,32.0,,
deaths@150,Prisoners Dilemma,all,112,19.553571428571427,3.0,6.75,17.0,26.25,36.900000000000006,,
deaths@150,Devil,win,56,109.35714285714286,78.0,98.0,115.0,128.0,133.5,,
deaths@150,Devil,loss,56,32.464285714285715,14.5,18.0,28.5,39.0,46.0,,
deaths@150,Devil,all,112,70.91071428571429,17.1,28.75,63.5,115.0,129.0,,
deaths@150,Trophy,win,56,34.75,23.5,30.0,36.0,40.0,43.5,,
deaths@150,Trophy,loss,56,21.553571428571427,7.5,17.0,21.0,27.0,31.5,,
deaths@150,Trophy,all,112,28.151785714285715,14.100000000000001,21.0,28.0,37.0,40.900000000000006,,
deaths@150,Autarky,win,56,50.160714285714285,35.5,44.5,51.0,58.0,63.0,,
deaths@150,Autarky,loss,56,37.642857142857146,10.0,29.5,39.0,47.0,61.0,,
deaths@150,Autarky,all,112,43.901785714285715,18.0,36.0,45.0,55.0,62.0,,
deaths@150,Default,win,56,16.982142857142858,5.5,9.75,17.0,23.25,28.5,,
deaths@150,Default,loss,56,12.339285714285714,6.0,8.0,11.0,14.25,23.0,,
deaths@150,Default,all,112,14.660714285714286,6.0,8.0,13.0,21.25,26.0,,
deaths@150,Queen Of Spades,win,56,20.821428571428573,2.0,6.25,17.5,35.5,45.5,,
deaths@150,Queen Of Spades,loss,56,11.303571428571429,1.0,2.0,4.5,22.0,29.0,,
deaths@150,Queen Of Spades,all,112,16.0625,1.0,2.0,13.0,28.0,39.900000000000006,,
deaths@150,Schooltime,win,56,70.5,53.5,60.0,68.5,81.25,87.5,,
deaths@150,Schooltime,loss,56,43.67857142857143,5.5,28.75,42.0,59.5,79.0,,
deaths@150,Schooltime,all,112,57.089285714285715,28.0,41.75,60.0,76.5,85.9,,
deaths@150,Slithery Fight,win,56,305.4642857142857,268.5,280.0,295.0,320.0,354.5,,
deaths@150,Slithery Fight,loss,56,333.48214285714283,236.5,284.75,318.0,398.25,439.5,,
deaths@150,Slithery Fight,all,112,319.4732142857143,261.3,282.75,304.0,351.0,410.30000000000007,,
deaths@150,Trauma,win,55,13.8,1.4000000000000004,6.0,12.0,23.0,30.800000000000004,,
deaths@150,Trauma,loss,55,4.4363636363636365,0.0,0.0,1.0,6.0,13.600000000000001,,
deaths@150,Trauma,all,112,9.044642857142858,0.0,1.0,6.0,13.0,26.0,,
deaths@150,ALL,win,559,74.5402504472272,,21.0,43.0,93.0,,4.0,295.0
deaths@150,ALL,loss,559,57.910554561717355,,8.0,23.0,43.5,,1.0,317.20000000000005
deaths@150,ALL,all,1120,66.11607142857143,,13.0,32.0,68.0,,2.0,303.0999999999999
kills@150,Portals,win,56,0.0,0.0,0.0,0.0,0.0,0.0,,
kills@150,Portals,loss,56,0.0,0.0,0.0,0.0,0.0,0.0,,
kills@150,Portals,all,112,0.0,0.0,0.0,0.0,0.0,0.0,,
kills@150,Prisoners Dilemma,win,56,3.142857142857143,1.0,1.75,2.0,5.0,6.5,,
kills@150,Prisoners Dilemma,loss,56,3.0714285714285716,1.0,1.0,2.0,5.0,6.0,,
kills@150,Prisoners Dilemma,all,112,3.107142857142857,1.0,1.0,2.0,5.0,6.0,,
kills@150,Devil,win,56,18.946428571428573,12.0,14.0,19.0,23.0,27.0,,
kills@150,Devil,loss,56,18.696428571428573,11.5,14.75,19.0,22.25,26.5,,
kills@150,Devil,all,112,18.821428571428573,12.0,14.0,19.0,23.0,27.0,,
kills@150,Trophy,win,56,17.089285714285715,7.0,13.0,18.0,22.0,24.5,,
kills@150,Trophy,loss,56,16.839285714285715,7.5,13.0,18.0,21.0,24.0,,
kills@150,Trophy,all,112,16.964285714285715,7.0,13.0,18.0,21.0,24.900000000000006,,
kills@150,Autarky,win,56,12.160714285714286,6.5,9.0,12.0,15.0,18.0,,
kills@150,Autarky,loss,56,12.303571428571429,7.0,9.0,12.5,15.25,18.0,,
kills@150,Autarky,all,112,12.232142857142858,7.0,9.0,12.0,15.0,18.0,,
kills@150,Default,win,56,7.982142857142857,4.0,6.0,8.0,10.0,11.5,,
kills@150,Default,loss,56,7.910714285714286,4.0,5.75,8.0,10.0,12.0,,
kills@150,Default,all,112,7.946428571428571,4.0,6.0,8.0,10.0,12.0,,
kills@150,Queen Of Spades,win,56,2.1785714285714284,1.0,1.0,2.0,3.0,4.0,,
kills@150,Queen Of Spades,loss,56,2.25,1.0,1.0,2.0,3.0,4.0,,
kills@150,Queen Of Spades,all,112,2.2142857142857144,1.0,1.0,2.0,3.0,4.0,,
kills@150,Schooltime,win,56,15.982142857142858,5.0,9.75,16.0,20.0,27.5,,
kills@150,Schooltime,loss,56,15.642857142857142,5.0,9.75,15.5,20.25,26.5,,
kills@150,Schooltime,all,112,15.8125,4.200000000000003,9.75,16.0,20.0,27.0,,
kills@150,Slithery Fight,win,56,24.375,14.5,20.75,24.5,29.0,32.0,,
kills@150,Slithery Fight,loss,56,24.035714285714285,14.5,20.0,23.5,29.0,31.0,,
kills@150,Slithery Fight,all,112,24.205357142857142,14.100000000000001,20.0,24.0,29.0,31.900000000000006,,
kills@150,Trauma,win,55,0.07272727272727272,0.0,0.0,0.0,0.0,0.0,,
kills@150,Trauma,loss,55,0.05454545454545454,0.0,0.0,0.0,0.0,0.0,,
kills@150,Trauma,all,112,0.0625,0.0,0.0,0.0,0.0,0.0,,
kills@150,ALL,win,559,10.211091234347048,,1.0,8.0,18.0,,0.0,28.0
kills@150,ALL,loss,559,10.098389982110913,,1.0,8.0,17.0,,0.0,28.0
kills@150,ALL,all,1120,10.136607142857143,,1.0,8.0,18.0,,0.0,28.0
units@250,Portals,win,56,21.714285714285715,15.5,20.0,22.0,24.0,25.5,,
units@250,Portals,loss,56,21.035714285714285,15.5,19.75,21.5,24.0,25.5,,
units@250,Portals,all,112,21.375,15.100000000000001,20.0,22.0,24.0,25.900000000000006,,
units@250,Prisoners Dilemma,win,56,13.678571428571429,6.5,9.75,13.5,18.0,21.5,,
units@250,Prisoners Dilemma,loss,56,1.2142857142857142,0.0,0.0,0.0,1.25,3.5,,
units@250,Prisoners Dilemma,all,112,7.446428571428571,0.0,0.0,4.5,13.5,18.0,,
units@250,Devil,win,56,40.75,28.5,34.5,43.0,47.25,56.5,,
units@250,Devil,loss,56,6.267857142857143,0.0,0.0,0.5,9.0,16.5,,
units@250,Devil,all,112,23.508928571428573,0.0,0.75,24.5,43.0,48.900000000000006,,
units@250,Trophy,win,56,42.982142857142854,32.5,39.0,43.0,48.25,57.0,,
units@250,Trophy,loss,56,2.982142857142857,0.0,0.0,0.0,3.0,9.0,,
units@250,Trophy,all,112,22.982142857142858,0.0,0.0,16.5,43.0,50.900000000000006,,
units@250,Autarky,win,56,34.67857142857143,19.0,23.0,31.5,44.25,56.5,,
units@250,Autarky,loss,56,8.75,0.0,2.0,7.0,14.25,19.0,,
units@250,Autarky,all,112,21.714285714285715,1.1000000000000014,7.0,19.0,32.0,49.80000000000001,,
units@250,Default,win,56,30.964285714285715,17.0,21.75,29.5,39.25,43.5,,
units@250,Default,loss,56,10.142857142857142,1.0,2.75,8.5,16.25,22.0,,
units@250,Default,all,112,20.553571428571427,2.0,8.75,20.0,29.25,41.0,,
units@250,Queen Of Spades,win,56,17.857142857142858,8.0,12.0,18.5,22.0,27.0,,
units@250,Queen Of Spades,loss,56,4.517857142857143,0.0,0.0,3.0,7.0,11.5,,
units@250,Queen Of Spades,all,112,11.1875,0.0,3.0,10.0,19.0,24.0,,
units@250,Schooltime,win,56,59.642857142857146,48.5,58.5,64.0,64.0,64.0,,
units@250,Schooltime,loss,56,30.0,2.5,13.0,30.0,46.25,59.5,,
units@250,Schooltime,all,112,44.82142857142857,10.0,30.0,54.5,64.0,64.0,,
units@250,Slithery Fight,win,56,60.67857142857143,57.0,60.0,62.0,63.0,64.0,,
units@250,Slithery Fight,loss,56,53.232142857142854,38.0,45.5,56.0,62.0,63.0,,
units@250,Slithery Fight,all,112,56.955357142857146,42.1,55.0,60.5,63.0,64.0,,
units@250,Trauma,win,55,33.127272727272725,15.4,25.0,35.0,43.5,47.0,,
units@250,Trauma,loss,55,14.581818181818182,5.0,6.5,13.0,17.5,30.0,,
units@250,Trauma,all,112,23.767857142857142,6.0,12.75,20.5,35.25,45.900000000000006,,
units@250,ALL,win,559,35.61180679785331,,21.0,34.0,50.5,,10.0,64.0
units@250,ALL,loss,559,15.273703041144902,,1.0,9.0,22.0,,0.0,59.0
units@250,ALL,all,1120,25.43125,,8.0,21.0,42.0,,0.0,63.0
units_share@250,Portals,win,56,0.512382624103116,0.40540540540540543,0.46519426456984275,0.5155555555555555,0.5434782608695652,0.5735930735930737,,
units_share@250,Portals,loss,56,0.487617375896884,0.4264069264069264,0.45652173913043476,0.48444444444444446,0.5348057354301572,0.5945945945945946,,
units_share@250,Portals,all,112,0.5,0.4138772077375946,0.45652173913043476,0.5,0.5434782608695652,0.5861227922624054,,
units_share@250,Prisoners Dilemma,win,56,0.9261627426940838,0.7583333333333333,0.9397533206831119,1.0,1.0,1.0,,
units_share@250,Prisoners Dilemma,loss,56,0.07383725730591614,0.0,0.0,0.0,0.06024667931688804,0.24166666666666664,,
units_share@250,Prisoners Dilemma,all,112,0.5,0.0,0.0,0.5,1.0,1.0,,
units_share@250,Devil,win,56,0.869558438710943,0.6766452251360713,0.8024134119380988,0.9897959183673469,1.0,1.0,,
units_share@250,Devil,loss,56,0.13044156128905698,0.0,0.0,0.01020408163265306,0.19758658806190127,0.3233547748639287,,
units_share@250,Devil,all,112,0.5,0.0,0.015306122448979591,0.5,0.9846938775510203,1.0,,
units_share@250,Trophy,win,56,0.9330189282771928,0.7930761099365751,0.9428412874583796,1.0,1.0,1.0,,
units_share@250,Trophy,loss,56,0.06698107172280708,0.0,0.0,0.0,0.05715871254162042,0.20692389006342496,,
units_share@250,Trophy,all,112,0.5,0.0,0.0,0.5,1.0,1.0,,
units_share@250,Autarky,win,56,0.7851150223462745,0.5266106442577031,0.6186974789915967,0.8536324786324787,0.9528735632183908,1.0,,
units_share@250,Autarky,loss,56,0.21488497765372555,0.0,0.047126436781609195,0.14636752136752137,0.38130252100840334,0.4733893557422969,,
units_share@250,Autarky,all,112,0.5,0.019297235023041495,0.15010683760683763,0.5,0.8498931623931624,0.9807027649769585,,
units_share@250,Default,win,56,0.748143263774573,0.45194508009153317,0.5859133126934984,0.7879325643300799,0.936976144422953,0.9740215924426451,,
units_share@250,Default,loss,56,0.25185673622542704,0.025978407557354925,0.06302385557704707,0.21206743566992015,0.41408668730650156,0.5480549199084668,,
units_share@250,Default,all,112,0.5,0.05128205128205128,0.23646850044365572,0.5,0.7635314995563443,0.9487179487179487,,
units_share@250,Queen Of Spades,win,56,0.815979960046626,0.4791304347826087,0.7211538461538461,0.8644444444444443,1.0,1.0,,
units_share@250,Queen Of Spades,loss,56,0.18402003995337393,0.0,0.0,0.13555555555555554,0.27884615384615385,0.5208695652173914,,
units_share@250,Queen Of Spades,all,112,0.5,0.0,0.14777777777777779,0.5,0.8522222222222222,1.0,,
units_share@250,Schooltime,win,56,0.6958588177019271,0.4641025641025641,0.5520066889632107,0.6808510638297872,0.8311688311688312,0.9622273249138921,,
units_share@250,Schooltime,loss,56,0.30414118229807274,0.03777267508610792,0.16883116883116883,0.3191489361702128,0.4479933110367893,0.5358974358974359,,
units_share@250,Schooltime,all,112,0.5,0.13551051051051052,0.3191489361702128,0.5,0.6808510638297872,0.8644894894894896,,
units_share@250,Slithery Fight,win,56,0.5358337042976167,0.4773373983739837,0.49598373983739835,0.5233956250905404,0.5747663551401869,0.6221517733306915,,
units_share@250,Slithery Fight,loss,56,0.4641662957023834,0.3778482266693085,0.4252336448598131,0.47660437490945967,0.5040162601626016,0.5226626016260163,,
units_share@250,Slithery Fight,all,112,0.5,0.40384615384615385,0.4666666666666667,0.5,0.5333333333333333,0.5961538461538461,,
units_share@250,Trauma,win,55,0.6901967273209804,0.45595607543566485,0.5883458646616542,0.717391304347826,0.7986981677917069,0.8906882591093117,,
units_share@250,Trauma,loss,55,0.3098032726790196,0.10931174089068826,0.20130183220829315,0.2826086956521739,0.41165413533834583,0.5440439245643351,,
units_share@250,Trauma,all,112,0.5,0.16935483870967744,0.28731884057971013,0.5,0.7126811594202899,0.8306451612903227,,
units_share@250,ALL,win,559,0.7513341969802964,,0.543859649122807,0.7710843373493976,0.9789450354609929,,0.41161387631975865,1.0
units_share@250,ALL,loss,559,0.24866580301970356,,0.02105496453900709,0.2289156626506024,0.45614035087719296,,0.0,0.5883861236802413
units_share@250,ALL,all,1120,0.5,,0.22324539571926333,0.5,0.7767546042807367,,0.0,1.0
total@250,Portals,win,56,54.30357142857143,40.0,49.75,56.0,59.0,65.5,,
total@250,Portals,loss,56,52.160714285714285,36.5,48.0,54.0,59.0,63.5,,
total@250,Portals,all,112,53.232142857142854,39.0,49.0,55.0,59.0,65.0,,
total@250,Prisoners Dilemma,win,56,32.67857142857143,16.0,22.0,29.5,42.5,52.0,,
total@250,Prisoners Dilemma,loss,56,2.875,0.0,0.0,0.0,3.25,8.5,,
total@250,Prisoners Dilemma,all,112,17.776785714285715,0.0,0.0,15.0,32.5,44.0,,
total@250,Devil,win,56,103.07142857142857,69.5,85.25,105.0,117.0,151.5,,
total@250,Devil,loss,56,15.589285714285714,0.0,0.0,1.0,19.75,39.0,,
total@250,Devil,all,112,59.330357142857146,0.0,1.5,61.5,105.25,126.0,,
total@250,Trophy,win,56,104.21428571428571,77.5,90.75,103.0,118.5,137.0,,
total@250,Trophy,loss,56,7.482142857142857,0.0,0.0,0.0,7.0,23.5,,
total@250,Trophy,all,112,55.848214285714285,0.0,0.0,43.5,103.0,122.80000000000001,,
total@250,Autarky,win,56,87.25,45.0,56.0,73.5,107.25,149.5,,
total@250,Autarky,loss,56,21.339285714285715,0.0,5.0,17.0,33.25,47.5,,
total@250,Autarky,all,112,54.294642857142854,4.0,17.5,46.0,73.25,123.80000000000001,,
total@250,Default,win,56,75.64285714285714,41.5,52.5,70.5,96.25,105.0,,
total@250,Default,loss,56,25.267857142857142,3.0,9.0,25.5,38.25,53.0,,
total@250,Default,all,112,50.455357142857146,5.100000000000001,25.75,48.0,70.25,99.80000000000001,,
total@250,Queen Of Spades,win,56,44.285714285714285,19.0,30.0,46.5,57.5,65.5,,
total@250,Queen Of Spades,loss,56,11.839285714285714,0.0,0.0,8.0,17.5,31.0,,
total@250,Queen Of Spades,all,112,28.0625,0.0,8.0,26.0,47.0,62.80000000000001,,
total@250,Schooltime,win,56,223.08928571428572,127.0,159.0,214.0,279.0,308.5,,
total@250,Schooltime,loss,56,82.96428571428571,8.0,39.0,76.5,121.75,162.0,,
total@250,Schooltime,all,112,153.02678571428572,34.0,76.75,140.0,217.25,282.8,,
total@250,Slithery Fight,win,56,160.48214285714286,142.5,149.0,154.0,161.0,175.0,,
total@250,Slithery Fight,loss,56,155.53571428571428,117.0,136.75,153.0,169.25,208.5,,
total@250,Slithery Fight,all,112,158.00892857142858,129.1,143.75,154.0,164.25,202.10000000000005,,
total@250,Trauma,win,55,80.30909090909091,38.8,61.0,86.0,103.0,114.6,,
total@250,Trauma,loss,55,35.236363636363635,12.0,16.0,33.0,43.0,71.4,,
total@250,Trauma,all,112,57.535714285714285,12.0,33.75,49.5,86.5,104.9,,
total@250,ALL,win,559,96.56171735241503,,50.0,84.0,126.0,,23.0,224.10000000000002
total@250,ALL,loss,559,41.039355992844364,,2.0,23.0,55.5,,0.0,158.10000000000002
total@250,ALL,all,1120,68.75714285714285,,19.75,53.0,103.0,,0.0,182.19999999999982
total_share@250,Portals,win,56,0.5145171712413609,0.4202398255813954,0.4593267561889102,0.5089285714285714,0.5444688109161794,0.5898942420681551,,
total_share@250,Portals,loss,56,0.4854828287586392,0.4101057579318449,0.4555311890838206,0.49107142857142855,0.5406732438110897,0.5797601744186047,,
total_share@250,Portals,all,112,0.5,0.41483343808925205,0.4559264013692768,0.5,0.5440735986307231,0.585166561910748,,
total_share@250,Prisoners Dilemma,win,56,0.9285205260845737,0.7678821879382889,0.9350043719032353,1.0,1.0,1.0,,
total_share@250,Prisoners Dilemma,loss,56,0.0714794739154263,0.0,0.0,0.0,0.06499562809676479,0.2321178120617111,,
total_share@250,Prisoners Dilemma,all,112,0.5,0.0,0.0,0.5,1.0,1.0,,
total_share@250,Devil,win,56,0.8731387664013125,0.6818181818181819,0.8169372294372295,0.9921875,1.0,1.0,,
total_share@250,Devil,loss,56,0.12686123359868753,0.0,0.0,0.0078125,0.18306277056277057,0.3181818181818182,,
total_share@250,Devil,all,112,0.5,0.0,0.01171875,0.5,0.98828125,1.0,,
total_share@250,Trophy,win,56,0.9334426286664412,0.7973342447026658,0.9449013157894737,1.0,1.0,1.0,,
total_share@250,Trophy,loss,56,0.06655737133355878,0.0,0.0,0.0,0.055098684210526314,0.20266575529733424,,
total_share@250,Trophy,all,112,0.5,0.0,0.0,0.5,1.0,1.0,,
total_share@250,Autarky,win,56,0.7838152600177549,0.51,0.6266725071678878,0.8614692653673164,0.9576596137854569,1.0,,
total_share@250,Autarky,loss,56,0.21618473998224502,0.0,0.042340386214543106,0.13853073463268367,0.37332749283211214,0.49,,
total_share@250,Autarky,all,112,0.5,0.02868544600938968,0.13883058470764617,0.5,0.8611694152923538,0.9713145539906104,,
total_share@250,Default,win,56,0.7421070251921594,0.4486294805443741,0.588978849966953,0.7734426229508197,0.9209491488903253,0.9686649983679687,,
total_share@250,Default,loss,56,0.25789297480784057,0.03133500163203133,0.07905085110967464,0.22655737704918033,0.41102115003304696,0.5513705194556259,,
total_share@250,Default,all,112,0.5,0.054898648648648664,0.23327868852459016,0.5,0.7667213114754099,0.9451013513513514,,
total_share@250,Queen Of Spades,win,56,0.8122002315685896,0.4683299156983367,0.7035421484128652,0.882051282051282,1.0,1.0,,
total_share@250,Queen Of Spades,loss,56,0.1877997684314104,0.0,0.0,0.11794871794871795,0.2964578515871347,0.5316700843016633,,
total_share@250,Queen Of Spades,all,112,0.5,0.0,0.12564102564102564,0.5,0.8743589743589744,1.0,,
total_share@250,Schooltime,win,56,0.7226757485756491,0.4455570678592261,0.576671511627907,0.7407271193754659,0.8895101171458999,0.9719050480769231,,
total_share@250,Schooltime,loss,56,0.27732425142435096,0.028094951923076924,0.11048988285410011,0.25927288062453413,0.423328488372093,0.5544429321407739,,
total_share@250,Schooltime,all,112,0.5,0.0816776315789474,0.2610357577184104,0.5,0.7389642422815895,0.9183223684210527,,
total_share@250,Slithery Fight,win,56,0.5100624568513162,0.4271312559017941,0.47635590343848677,0.5091169167656266,0.5579851371534734,0.5820512820512821,,
total_share@250,Slithery Fight,loss,56,0.48993754314868376,0.41794871794871796,0.4420148628465265,0.49088308323437335,0.5236440965615132,0.5728687440982059,,
total_share@250,Slithery Fight,all,112,0.5,0.4240242424242424,0.4656609195402299,0.5,0.5343390804597701,0.5759757575757576,,
total_share@250,Trauma,win,55,0.695483489280064,0.4556482246077622,0.608658842762889,0.7246376811594203,0.7981150793650794,0.8995959595959596,,
total_share@250,Trauma,loss,55,0.30451651071993613,0.10040404040404041,0.20188492063492064,0.2753623188405797,0.391341157237111,0.5443517753922379,,
total_share@250,Trauma,all,112,0.5,0.15832147937411095,0.2768697767904369,0.5,0.7231302232095631,0.841678520625889,,
total_share@250,ALL,win,559,0.7516967111412456,,0.5340357458075904,0.7876106194690266,0.981301878549585,,0.4068627450980392,1.0
total_share@250,ALL,loss,559,0.2483032888587543,,0.01869812145041503,0.21238938053097345,0.4659642541924095,,0.0,0.5931372549019609
total_share@250,ALL,all,1120,0.5,,0.21039473684210525,0.5,0.7896052631578947,,0.0,1.0
longest@250,Portals,win,56,4.053571428571429,3.0,4.0,4.0,4.0,5.0,,
longest@250,Portals,loss,56,4.107142857142857,3.0,3.0,4.0,4.25,5.0,,
longest@250,Portals,all,112,4.080357142857143,3.0,3.0,4.0,4.0,5.0,,
longest@250,Prisoners Dilemma,win,56,4.142857142857143,3.0,3.0,3.0,4.25,6.0,,
longest@250,Prisoners Dilemma,loss,56,1.0178571428571428,0.0,0.0,0.0,2.0,3.0,,
longest@250,Prisoners Dilemma,all,112,2.580357142857143,0.0,0.0,3.0,4.0,5.0,,
longest@250,Devil,win,56,4.660714285714286,3.0,4.0,4.0,5.0,7.0,,
longest@250,Devil,loss,56,1.5892857142857142,0.0,0.0,1.0,3.0,3.5,,
longest@250,Devil,all,112,3.125,0.0,1.5,3.0,4.0,5.0,,
longest@250,Trophy,win,56,3.642857142857143,3.0,3.0,4.0,4.0,4.0,,
longest@250,Trophy,loss,56,1.125,0.0,0.0,0.0,3.0,3.0,,
longest@250,Trophy,all,112,2.3839285714285716,0.0,0.0,3.0,4.0,4.0,,
longest@250,Autarky,win,56,5.392857142857143,3.0,3.75,4.0,5.0,6.5,,
longest@250,Autarky,loss,56,2.9107142857142856,0.0,2.75,3.0,3.0,5.5,,
longest@250,Autarky,all,112,4.151785714285714,2.0,3.0,3.0,5.0,6.0,,
longest@250,Default,win,56,3.6607142857142856,3.0,3.0,3.0,4.0,4.0,,
longest@250,Default,loss,56,3.357142857142857,2.0,3.0,3.0,4.0,4.0,,
longest@250,Default,all,112,3.5089285714285716,3.0,3.0,3.0,4.0,4.0,,
longest@250,Queen Of Spades,win,56,3.482142857142857,3.0,3.0,3.0,4.0,4.0,,
longest@250,Queen Of Spades,loss,56,2.392857142857143,0.0,0.0,3.0,3.0,4.0,,
longest@250,Queen Of Spades,all,112,2.9375,0.0,3.0,3.0,4.0,4.0,,
longest@250,Schooltime,win,56,15.232142857142858,4.0,5.5,13.0,19.25,29.5,,
longest@250,Schooltime,loss,56,6.107142857142857,3.0,3.0,4.0,7.0,11.5,,
longest@250,Schooltime,all,112,10.669642857142858,3.0,4.0,7.0,16.0,21.0,,
longest@250,Slithery Fight,win,56,7.0,4.0,5.0,5.0,6.0,8.0,,
longest@250,Slithery Fight,loss,56,9.267857142857142,4.0,5.0,6.0,10.0,25.5,,
longest@250,Slithery Fight,all,112,8.133928571428571,4.0,5.0,6.0,7.0,19.50000000000003,,
longest@250,Trauma,win,55,4.363636363636363,3.0,3.0,4.0,4.0,5.600000000000001,,
longest@250,Trauma,loss,55,3.8545454545454545,2.0,3.0,3.0,4.0,5.0,,
longest@250,Trauma,all,112,4.089285714285714,3.0,3.0,4.0,4.0,5.0,,
longest@250,ALL,win,559,5.565295169946332,,3.0,4.0,5.0,,3.0,18.100000000000023
longest@250,ALL,loss,559,3.5724508050089447,,2.0,3.0,4.0,,0.0,10.0
longest@250,ALL,all,1120,4.566071428571429,,3.0,4.0,4.0,,0.0,12.0
longest_share@250,Portals,win,56,0.5019512350394704,0.4,0.4444444444444444,0.5,0.5714285714285714,0.5714285714285714,,
longest_share@250,Portals,loss,56,0.4980487649605297,0.42857142857142855,0.42857142857142855,0.5,0.5555555555555556,0.6,,
longest_share@250,Portals,all,112,0.5,0.4028571428571429,0.4444444444444444,0.5,0.5555555555555556,0.5971428571428573,,
longest_share@250,Prisoners Dilemma,win,56,0.8461773345701917,0.5584415584415584,0.61875,1.0,1.0,1.0,,
longest_share@250,Prisoners Dilemma,loss,56,0.1538226654298083,0.0,0.0,0.0,0.38125,0.44155844155844154,,
longest_share@250,Prisoners Dilemma,all,112,0.5,0.0,0.0,0.5,1.0,1.0,,
longest_share@250,Devil,win,56,0.793107242897159,0.5,0.5714285714285714,0.9117647058823529,1.0,1.0,,
longest_share@250,Devil,loss,56,0.20689275710284116,0.0,0.0,0.08823529411764706,0.42857142857142855,0.5,,
longest_share@250,Devil,all,112,0.5,0.0,0.1323529411764706,0.5,0.8676470588235294,1.0,,
longest_share@250,Trophy,win,56,0.8380952380952381,0.5357142857142857,0.5714285714285714,1.0,1.0,1.0,,
longest_share@250,Trophy,loss,56,0.1619047619047619,0.0,0.0,0.0,0.42857142857142855,0.4642857142857143,,
longest_share@250,Trophy,all,112,0.5,0.0,0.0,0.5,1.0,1.0,,
longest_share@250,Autarky,win,56,0.6462502279466565,0.45454545454545453,0.5288461538461539,0.6,0.6875,1.0,,
longest_share@250,Autarky,loss,56,0.35374977205334346,0.0,0.3125,0.4,0.47115384615384615,0.5454545454545454,,
longest_share@250,Autarky,all,112,0.5,0.20142857142857146,0.375,0.5,0.625,0.7985714285714287,,
longest_share@250,Default,win,56,0.5448309131344845,0.42857142857142855,0.5,0.5,0.5714285714285714,0.6666666666666666,,
longest_share@250,Default,loss,56,0.45516908686551544,0.3333333333333333,0.42857142857142855,0.5,0.5,0.5714285714285714,,
longest_share@250,Default,all,112,0.5,0.375,0.42857142857142855,0.5,0.5714285714285714,0.625,,
longest_share@250,Queen Of Spades,win,56,0.6576814058956916,0.42857142857142855,0.5,0.5714285714285714,1.0,1.0,,
longest_share@250,Queen Of Spades,loss,56,0.3423185941043084,0.0,0.0,0.42857142857142855,0.5,0.5714285714285714,,
longest_share@250,Queen Of Spades,all,112,0.5,0.0,0.4,0.5,0.6,1.0,,
longest_share@250,Schooltime,win,56,0.6722366488082271,0.3418181818181818,0.5256302521008404,0.729020979020979,0.84,0.8987394957983192,,
longest_share@250,Schooltime,loss,56,0.32776335119177297,0.10126050420168067,0.16,0.27097902097902093,0.47436974789915964,0.6581818181818182,,
longest_share@250,Schooltime,all,112,0.5,0.13652037617554857,0.25815217391304346,0.5,0.7418478260869565,0.8634796238244514,,
longest_share@250,Slithery Fight,win,56,0.45303504310200743,0.19399641577060933,0.3854166666666667,0.45454545454545453,0.547979797979798,0.6125,,
longest_share@250,Slithery Fight,loss,56,0.5469649568979926,0.3875,0.452020202020202,0.5454545454545454,0.6145833333333334,0.8060035842293907,,
longest_share@250,Slithery Fight,all,112,0.5,0.25,0.41250000000000003,0.5,0.5875,0.75,,
longest_share@250,Trauma,win,55,0.5311896659490243,0.375,0.5,0.5,0.5714285714285714,0.6666666666666666,,
longest_share@250,Trauma,loss,55,0.46881033405097566,0.3333333333333333,0.42857142857142855,0.5,0.5,0.625,,
longest_share@250,Trauma,all,112,0.5,0.33636363636363636,0.42857142857142855,0.5,0.5714285714285714,0.6636363636363638,,
longest_share@250,ALL,win,559,0.6486652734142887,,0.5,0.5714285714285714,0.8636363636363636,,0.3333333333333333,1.0
longest_share@250,ALL,loss,559,0.35133472658571124,,0.13636363636363635,0.42857142857142855,0.5,,0.0,0.6666666666666666
longest_share@250,ALL,all,1120,0.5,,0.4,0.5,0.6,,0.0,1.0
top1_share@250,Portals,win,56,0.0762288599126402,0.059262510974539065,0.06666666666666667,0.07142857142857142,0.08333333333333333,0.10212950890916993,,
top1_share@250,Portals,loss,56,0.08882930882745779,0.05454545454545454,0.06160241874527589,0.07059800664451826,0.09011243386243387,0.1165158371040724,,
top1_share@250,Portals,all,112,0.08252908437004901,0.05660377358490566,0.06324404761904762,0.07142857142857142,0.08771929824561403,0.10695488721804512,,
top1_share@250,Prisoners Dilemma,win,56,0.1516304530052637,0.0735645933014354,0.08823529411764706,0.1266025641025641,0.17712906057945565,0.2583333333333333,,
top1_share@250,Prisoners Dilemma,loss,21,0.5892808638606958,0.16666666666666666,0.3333333333333333,0.5,1.0,1.0,,
top1_share@250,Prisoners Dilemma,all,77,0.2709896559658362,0.07894736842105263,0.1,0.14285714285714285,0.3333333333333333,0.6,,
top1_share@250,Devil,win,56,0.0515864134483871,0.03200204813108039,0.03756114605171209,0.04154339250493097,0.04800709688067338,0.08295454545454545,,
top1_share@250,Devil,loss,28,0.26140163538461797,0.04364831038798498,0.09341397849462366,0.15789473684210525,0.30833333333333335,0.7200000000000003,,
top1_share@250,Devil,all,84,0.12152482076046409,0.03436640654031959,0.03902714932126697,0.04624431970061481,0.11217948717948717,0.25,,
top1_share@250,Trophy,win,56,0.038389414858295036,0.026088929219600723,0.02985294117647059,0.033520599250936325,0.0401010101010101,0.04628143392188336,,
top1_share@250,Trophy,loss,20,0.3931910187755209,0.11184615384615386,0.12907608695652173,0.17424242424242425,0.5714285714285714,1.0,,
top1_share@250,Trophy,all,76,0.1317582579944071,0.027494331065759638,0.03125,0.03864824495892457,0.10779352226720648,0.2875,,
top1_share@250,Autarky,win,56,0.06384068343021487,0.03488843813387424,0.04536807278742763,0.05517503805175038,0.07292844451623323,0.09646401985111663,,
top1_share@250,Autarky,loss,48,0.27405282785485796,0.07983367983367984,0.09090909090909091,0.13664596273291924,0.37740384615384615,0.6200000000000002,,
top1_share@250,Autarky,all,104,0.16086167316466551,0.04087837837837838,0.05415372670807453,0.08421985815602837,0.13354037267080746,0.4153846153846155,,
top1_share@250,Default,win,56,0.05346167108797046,0.03257640067911714,0.0380952380952381,0.05045223289994347,0.0687046004842615,0.08,,
top1_share@250,Default,loss,53,0.2853551512724488,0.06290322580645161,0.07894736842105263,0.13636363636363635,0.4,0.9200000000000017,,
top1_share@250,Default,all,109,0.16621721649877186,0.03722361522680647,0.046875,0.07317073170731707,0.12,0.5,,
top1_share@250,Queen Of Spades,win,56,0.09780200399339645,0.054093567251461985,0.0625,0.0793258426966292,0.10344827586206896,0.17914438502673796,,
top1_share@250,Queen Of Spades,loss,40,0.3566305346530184,0.125,0.15,0.22478991596638653,0.5,1.0,,
top1_share@250,Queen Of Spades,all,96,0.2056472251015723,0.06076923076923077,0.07182720132286069,0.1201923076923077,0.21953781512605042,0.5,,
top1_share@250,Schooltime,win,56,0.06192175267434583,0.027494331065759638,0.03509127789046653,0.05574896609733872,0.07343434343434344,0.10014934071537845,,
top1_share@250,Schooltime,loss,54,0.15852776395314047,0.029261485616144268,0.03936280307510349,0.06705794205794205,0.13023349436392914,0.43968253968253973,,
top1_share@250,Schooltime,all,110,0.10934652184757229,0.028129890453834117,0.03809639727361246,0.06,0.09282569428764958,0.17703455964325557,,
top1_share@250,Slithery Fight,win,56,0.04089321029141733,0.026402927849424884,0.030075391385902893,0.034722222222222224,0.04040542391453225,0.05516005733397038,,
top1_share@250,Slithery Fight,loss,56,0.055263813135055205,0.028991596638655463,0.03364741302408564,0.04482395713738997,0.0623008434864105,0.11376173146906723,,
top1_share@250,Slithery Fight,all,112,0.04807851171323626,0.026863776528206058,0.03159581243531566,0.0373864430468204,0.05030377111874909,0.09252145190823254,,
top1_share@250,Trauma,win,55,0.0675781870074026,0.033280088895062156,0.03779761904761905,0.046153846153846156,0.0666851903306474,0.09110807113543093,,
top1_share@250,Trauma,loss,55,0.1423369722336624,0.05509893455098934,0.0822072072072072,0.10344827586206896,0.2,0.2534883720930233,,
top1_share@250,Trauma,all,112,0.10428855885199455,0.035182550972024655,0.04585133967156439,0.07194616977225674,0.1111111111111111,0.2492424242424243,,
top1_share@250,ALL,win,559,0.07033819355405238,,0.037855266300453785,0.05637982195845697,0.08,,0.027491730637209014,0.16261261261261273
top1_share@250,ALL,loss,431,0.21939626915120602,,0.06434362601345524,0.1111111111111111,0.25,,0.033473389355742296,1.0
top1_share@250,ALL,all,992,0.13509458370367933,,0.043010752688172046,0.06955828779599271,0.12009259259259258,,0.02892279821627648,0.5
len_gini@250,Portals,win,56,0.12118304779235971,0.09523809523809512,0.10073785611805686,0.11560088462262386,0.13894927536231882,0.15012500483764857,,
len_gini@250,Portals,loss,56,0.11736246275200737,0.08996739844263058,0.10068649885583536,0.11423420329670331,0.13432840167753962,0.1620550138881015,,
len_gini@250,Portals,all,112,0.11927275527218353,0.09420122887864835,0.10068649885583536,0.11463844797178124,0.13779500835421882,0.15907890449486375,,
len_gini@250,Prisoners Dilemma,win,56,0.10430735338618649,0.05565476190476193,0.0727272727272727,0.09210487661574618,0.12967670122275393,0.15692934782608692,,
len_gini@250,Prisoners Dilemma,loss,56,0.016490547267858195,0.0,0.0,0.0,0.0,0.0892857142857143,,
len_gini@250,Prisoners Dilemma,all,112,0.06039895032702235,0.0,0.0,0.0641025641025641,0.10000000000000009,0.14362179487179486,,
len_gini@250,Devil,win,56,0.12744229571751178,0.10011205148699698,0.1063246988518729,0.11576845425529636,0.1346610207616349,0.17110710890640246,,
len_gini@250,Devil,loss,56,0.040777244489029765,0.0,0.0,0.0,0.09809762605815237,0.10042016806722687,,
len_gini@250,Devil,all,112,0.08410977010327077,0.0,0.0,0.10024630541871926,0.1196101511151973,0.14453312381109934,,
len_gini@250,Trophy,win,56,0.10588355587876197,0.09230769230769242,0.097268871248687,0.10090357647296222,0.11036132259651749,0.11993516507726687,,
len_gini@250,Trophy,loss,56,0.028556831647627838,0.0,0.0,0.0,0.0623015873015873,0.09895104895104889,,
len_gini@250,Trophy,all,112,0.0672201937631949,0.0,0.0,0.0944915655169355,0.10724861370920363,0.11797161172161175,,
len_gini@250,Autarky,win,56,0.12216331573021677,0.0922596089747253,0.09967105263157883,0.1119759825073835,0.13099916387959876,0.1816353428067301,,
len_gini@250,Autarky,loss,56,0.07729474581823813,0.0,0.0,0.08928853754940713,0.10000000000000009,0.16987179487179493,,
len_gini@250,Autarky,all,112,0.09972903077422744,0.0,0.08333333333333326,0.09999999999999998,0.11894378866594463,0.17243589743589752,,
len_gini@250,Default,win,56,0.10753741296459121,0.09336507668446481,0.09702933979880302,0.10094660774008601,0.11067622559376689,0.12090713902308114,,
len_gini@250,Default,loss,56,0.08668849584149278,0.0,0.05974025974025987,0.09765234765234765,0.1010204081632653,0.13058361391694728,,
len_gini@250,Default,all,112,0.09711295440304202,0.0,0.08787509238728752,0.1003095031782334,0.10965832854130719,0.12308641975308654,,
len_gini@250,Queen Of Spades,win,56,0.10186749144933316,0.08273809523809528,0.09647291445740541,0.10070954979421798,0.11633995703544586,0.12582092476489026,,
len_gini@250,Queen Of Spades,loss,56,0.05699999699979171,0.0,0.0,0.06266233766233764,0.0990131578947368,0.1263440860215055,,
len_gini@250,Queen Of Spades,all,112,0.07943374422456242,0.0,0.04285714285714287,0.09671343406311028,0.10755621693121681,0.12633467741935495,,
len_gini@250,Schooltime,win,56,0.25915422166889324,0.10714233559449793,0.13906573188881033,0.2812863484801489,0.3546448776000353,0.3949095778206644,,
len_gini@250,Schooltime,loss,56,0.1417403435909413,0.03568917018284112,0.09661835748792269,0.10911963327693663,0.19342790228980888,0.24097152730664861,,
len_gini@250,Schooltime,all,112,0.20044728262991726,0.09330143540669855,0.10320856297203507,0.17959261133603244,0.30017099564271776,0.3782688477759354,,
len_gini@250,Slithery Fight,win,56,0.15250674429995234,0.11196232437555753,0.12513266303588894,0.13282585794489266,0.14659464712918652,0.22973237511280997,,
len_gini@250,Slithery Fight,loss,56,0.18591685512625075,0.11792866120578471,0.13066449833691213,0.1469106699751861,0.252309880623534,0.30447074597119195,,
len_gini@250,Slithery Fight,all,112,0.16921179971310155,0.11284982770985293,0.12658869015074603,0.13810356363958842,0.17475705030487804,0.2983723049415355,,
len_gini@250,Trauma,win,55,0.12052655986972066,0.09343905522395221,0.09901500938086316,0.10877684407096178,0.11491289489038925,0.1244084726867337,,
len_gini@250,Trauma,loss,55,0.10397672427959029,0.0,0.08333333333333348,0.10000000000000009,0.10886688616119,0.14514958725485047,,
len_gini@250,Trauma,all,112,0.11175508227671078,0.07795755968169758,0.09355947256404917,0.10087061851767742,0.1139371971583864,0.13863334807607258,,
len_gini@250,ALL,win,559,0.13227818492048624,,0.09959342781111458,0.11213768115942035,0.1332155576912205,,0.07777777777777772,0.3132586440840411
len_gini@250,ALL,loss,559,0.08554751547985472,,0.0,0.09523809523809534,0.11869393826280727,,0.0,0.24946126164295707
len_gini@250,ALL,all,1120,0.1088691563487233,,0.08333333333333348,0.101010101010101,0.12797171869452495,,0.0,0.27795988962866175
seen_share@250,Portals,win,56,0.9936174665178571,1.0,1.0,1.0,1.0,1.0,,
seen_share@250,Portals,loss,56,0.9045061383928571,0.701171875,0.794921875,1.0,1.0,1.0,,
seen_share@250,Portals,all,112,0.9490618024553571,0.7931640625,0.99169921875,1.0,1.0,1.0,,
seen_share@250,Prisoners Dilemma,win,56,0.9687151227678571,0.9560546875,1.0,1.0,1.0,1.0,,
seen_share@250,Prisoners Dilemma,loss,56,0.8794294084821429,0.59765625,0.8046875,0.9423828125,1.0,1.0,,
seen_share@250,Prisoners Dilemma,all,112,0.924072265625,0.7445312500000001,0.86328125,1.0,1.0,1.0,,
seen_share@250,Devil,win,56,0.9817592075892857,0.9794921875,1.0,1.0,1.0,1.0,,
seen_share@250,Devil,loss,56,0.7433035714285714,0.658203125,0.6767578125,0.720703125,0.7724609375,0.8662109375,,
seen_share@250,Devil,all,112,0.8625313895089286,0.6703125,0.7216796875,0.896484375,1.0,1.0,,
seen_share@250,Trophy,win,56,1.0,1.0,1.0,1.0,1.0,1.0,,
seen_share@250,Trophy,loss,56,0.9636000000000001,0.8872,0.9528,1.0,1.0,1.0,,
seen_share@250,Trophy,all,112,0.9818,0.93664,1.0,1.0,1.0,1.0,,
seen_share@250,Autarky,win,56,0.999944885361552,1.0,1.0,1.0,1.0,1.0,,
seen_share@250,Autarky,loss,56,0.9867173721340389,0.9670781893004115,0.9884259259259259,1.0,1.0,1.0,,
seen_share@250,Autarky,all,112,0.9933311287477954,0.98559670781893,1.0,1.0,1.0,1.0,,
seen_share@250,Default,win,56,0.9961460658482143,0.9951171875,1.0,1.0,1.0,1.0,,
seen_share@250,Default,loss,56,0.9769287109375,0.9326171875,0.9638671875,0.99951171875,1.0,1.0,,
seen_share@250,Default,all,112,0.9865373883928571,0.9474609375,0.99169921875,1.0,1.0,1.0,,
seen_share@250,Queen Of Spades,win,56,0.9660408163265305,0.9257142857142857,1.0,1.0,1.0,1.0,,
seen_share@250,Queen Of Spades,loss,56,0.8918367346938776,0.685142857142857,0.8785714285714286,0.9542857142857143,0.9937142857142858,1.0,,
seen_share@250,Queen Of Spades,all,112,0.9289387755102041,0.7793142857142857,0.9288571428571428,1.0,1.0,1.0,,
seen_share@250,Schooltime,win,56,0.9652604166666666,0.930625,0.9566666666666667,0.9685416666666666,0.99125,0.9935416666666667,,
seen_share@250,Schooltime,loss,56,0.86953125,0.7354166666666666,0.7975,0.8933333333333333,0.9532291666666667,0.9766666666666667,,
seen_share@250,Schooltime,all,112,0.9173958333333333,0.791,0.8840625,0.954375,0.9813541666666666,0.9925,,
seen_share@250,Slithery Fight,win,56,0.8353174603174603,0.7445620223398002,0.772339800117578,0.8450911228689006,0.8943268665490888,0.937389770723104,,
seen_share@250,Slithery Fight,loss,56,0.774092970521542,0.6995884773662552,0.724132863021752,0.7651381540270429,0.8077601410934744,0.8741916519694297,,
seen_share@250,Slithery Fight,all,112,0.8047052154195011,0.7037037037037037,0.7463256907701352,0.7868900646678425,0.8634626690182245,0.9253968253968254,,
seen_share@250,Trauma,win,55,0.8173295454545455,0.665625,0.7526041666666666,0.8411458333333334,0.8806423611111112,0.8942708333333333,,
seen_share@250,Trauma,loss,55,0.6312342171717171,0.4592013888888889,0.5551215277777777,0.6397569444444444,0.7096354166666667,0.7534722222222222,,
seen_share@250,Trauma,all,112,0.7236638144841271,0.4609375,0.6371527777777778,0.7161458333333333,0.8511284722222222,0.8877604166666667,,
seen_share@250,ALL,win,559,0.9526547508374664,,0.9536458333333333,1.0,1.0,,0.7477865731554968,1.0
seen_share@250,ALL,loss,559,0.862531067466036,,0.7524985302763081,0.914756025867137,1.0,,0.5986979166666666,1.0
seen_share@250,ALL,all,1120,0.9072037613477103,,0.8339367559523809,0.9887165637860083,1.0,,0.6457682291666667,1.0
visited_share@250,Portals,win,56,0.44349888392857145,0.40234375,0.42724609375,0.4541015625,0.4609375,0.4658203125,,
visited_share@250,Portals,loss,56,0.41493443080357145,0.3388671875,0.400390625,0.4287109375,0.458984375,0.466796875,,
visited_share@250,Portals,all,112,0.42921665736607145,0.38671875,0.41357421875,0.451171875,0.4609375,0.466796875,,
visited_share@250,Prisoners Dilemma,win,56,0.6192801339285714,0.3876953125,0.55078125,0.693359375,0.7392578125,0.7861328125,,
visited_share@250,Prisoners Dilemma,loss,56,0.33070591517857145,0.1083984375,0.1796875,0.314453125,0.48046875,0.5908203125,,
visited_share@250,Prisoners Dilemma,all,112,0.47499302455357145,0.11777343750000001,0.27294921875,0.4931640625,0.69775390625,0.751953125,,
visited_share@250,Devil,win,56,0.8347865513392857,0.6875,0.7890625,0.859375,0.91796875,0.9677734375,,
visited_share@250,Devil,loss,56,0.4401157924107143,0.3427734375,0.3671875,0.404296875,0.46875,0.59765625,,
visited_share@250,Devil,all,112,0.637451171875,0.3619140625,0.404296875,0.6240234375,0.8583984375,0.919921875,,
visited_share@250,Trophy,win,56,0.9628285714285714,0.9208000000000001,0.9636,0.9728,0.9824,0.9896,,
visited_share@250,Trophy,loss,56,0.6446571428571428,0.3656,0.5192,0.6368,0.7948,0.9256,,
visited_share@250,Trophy,all,112,0.8037428571428571,0.48512000000000005,0.6368,0.9216,0.9728,0.98528,,
visited_share@250,Autarky,win,56,0.867228835978836,0.7808641975308641,0.8320473251028807,0.8847736625514404,0.9223251028806585,0.9567901234567902,,
visited_share@250,Autarky,loss,56,0.6239160787771898,0.41872427983539096,0.5036008230452675,0.6301440329218106,0.7245370370370371,0.8045267489711934,,
visited_share@250,Autarky,all,112,0.745572457378013,0.4786008230452675,0.6255144032921811,0.786522633744856,0.8868312757201646,0.927880658436214,,
visited_share@250,Default,win,56,0.8626883370535714,0.74267578125,0.808349609375,0.8701171875,0.93994140625,0.9599609375,,
visited_share@250,Default,loss,56,0.6397705078125,0.390625,0.52197265625,0.69091796875,0.758056640625,0.81201171875,,
visited_share@250,Default,all,112,0.7512294224330357,0.476171875,0.683837890625,0.77294921875,0.87353515625,0.9453125,,
visited_share@250,Queen Of Spades,win,56,0.5637755102040816,0.3994285714285714,0.5168571428571429,0.6045714285714285,0.6605714285714286,0.6988571428571428,,
visited_share@250,Queen Of Spades,loss,56,0.3905102040816327,0.15657142857142858,0.2814285714285715,0.42628571428571427,0.5017142857142857,0.5680000000000001,,
visited_share@250,Queen Of Spades,all,112,0.47714285714285715,0.2125714285714286,0.3791428571428571,0.5097142857142858,0.6217142857142857,0.6763428571428571,,
visited_share@250,Schooltime,win,56,0.6421577380952382,0.5429166666666667,0.5914583333333333,0.6527083333333333,0.6880208333333333,0.7370833333333333,,
visited_share@250,Schooltime,loss,56,0.4392410714285715,0.215,0.338125,0.44229166666666664,0.5461458333333333,0.6056250000000001,,
visited_share@250,Schooltime,all,112,0.5406994047619048,0.3287083333333334,0.4430208333333333,0.5741666666666667,0.6609375,0.70275,,
visited_share@250,Slithery Fight,win,56,0.5738116234147981,0.5055849500293945,0.5343915343915344,0.5634920634920635,0.6077307466196354,0.6540270429159318,,
visited_share@250,Slithery Fight,loss,56,0.5398505081044763,0.47971781305114636,0.5092592592592593,0.5461493239271017,0.5648148148148148,0.5817166372721928,,
visited_share@250,Slithery Fight,all,112,0.5568310657596373,0.48853615520282184,0.5223398001175779,0.5529100529100529,0.5803938859494415,0.6313932980599647,,
visited_share@250,Trauma,win,55,0.5066130050505049,0.3932291666666667,0.45052083333333337,0.5208333333333334,0.5746527777777778,0.6057291666666667,,
visited_share@250,Trauma,loss,55,0.3321969696969697,0.17222222222222222,0.2378472222222222,0.328125,0.4136284722222222,0.4817708333333333,,
visited_share@250,Trauma,all,112,0.4192553323412698,0.18289930555555556,0.32682291666666663,0.4379340277777778,0.5219184027777778,0.58828125,,
visited_share@250,ALL,win,559,0.6879908079759985,,0.5363383441725456,0.6731428571428572,0.8707581822273662,,0.411328125,0.9745600000000001
visited_share@250,ALL,loss,559,0.4798535345523758,,0.3681640625,0.466796875,0.5805408583186361,,0.171875,0.8020576131687245
visited_share@250,ALL,all,1120,0.5836134250754217,,0.43828599330357143,0.5599647266313933,0.7383817193930041,,0.21130636160714286,0.9664
pearls@250,Portals,win,56,608.4821428571429,401.0,483.75,673.0,738.0,779.5,,
pearls@250,Portals,loss,56,439.23214285714283,140.0,245.0,390.0,703.5,762.5,,
pearls@250,Portals,all,112,523.8571428571429,200.3,283.75,581.0,720.0,775.5,,
pearls@250,Prisoners Dilemma,win,56,109.73214285714286,24.0,53.0,103.0,136.75,188.0,,
pearls@250,Prisoners Dilemma,loss,56,41.910714285714285,2.0,4.75,17.5,63.0,109.5,,
pearls@250,Prisoners Dilemma,all,112,75.82142857142857,3.0,11.0,55.5,113.0,155.9,,
pearls@250,Devil,win,56,584.0535714285714,334.0,450.25,612.0,708.75,793.5,,
pearls@250,Devil,loss,56,147.48214285714286,35.5,50.5,97.0,147.0,251.0,,
pearls@250,Devil,all,112,365.76785714285717,48.0,97.5,328.0,635.25,733.6000000000001,,
pearls@250,Trophy,win,56,252.01785714285714,158.5,212.0,251.5,295.75,328.5,,
pearls@250,Trophy,loss,56,92.01785714285714,21.5,47.75,73.0,112.5,205.0,,
pearls@250,Trophy,all,112,172.01785714285714,45.1,73.5,171.5,256.25,305.9,,
pearls@250,Autarky,win,56,300.0892857142857,191.5,244.5,293.0,348.5,421.0,,
pearls@250,Autarky,loss,56,159.66071428571428,45.0,96.0,142.5,205.75,320.5,,
pearls@250,Autarky,all,112,229.875,84.1,137.0,218.0,320.0,384.8,,
pearls@250,Default,win,56,182.51785714285714,101.0,139.0,185.5,233.25,260.0,,
pearls@250,Default,loss,56,79.21428571428571,23.0,35.75,75.0,105.25,155.5,,
pearls@250,Default,all,112,130.86607142857142,29.300000000000004,69.5,124.0,191.5,242.9,,
pearls@250,Queen Of Spades,win,56,162.58928571428572,43.0,111.5,162.0,249.0,274.0,,
pearls@250,Queen Of Spades,loss,56,67.42857142857143,0.0,6.75,38.0,122.0,164.0,,
pearls@250,Queen Of Spades,all,112,115.00892857142857,3.200000000000003,29.0,119.5,166.5,259.5,,
pearls@250,Schooltime,win,56,730.8571428571429,540.5,611.75,736.5,851.75,916.5,,
pearls@250,Schooltime,loss,56,360.32142857142856,17.5,195.75,334.5,545.0,638.5,,
pearls@250,Schooltime,all,112,545.5892857142857,150.90000000000003,334.75,584.5,745.25,874.9,,
pearls@250,Slithery Fight,win,56,1565.0357142857142,1395.0,1433.0,1544.5,1678.0,1769.5,,
pearls@250,Slithery Fight,loss,56,1646.6964285714287,1155.0,1358.25,1613.0,1797.75,2214.0,,
pearls@250,Slithery Fight,all,112,1605.8660714285713,1243.6,1429.0,1586.0,1723.0,2068.0,,
pearls@250,Trauma,win,55,241.47272727272727,109.80000000000001,154.5,248.0,341.0,378.0,,
pearls@250,Trauma,loss,55,93.0,4.0,24.5,69.0,113.5,262.80000000000007,,
pearls@250,Trauma,all,112,166.41964285714286,4.0,63.75,128.0,272.0,352.9,,
pearls@250,ALL,win,559,474.1001788908766,,173.5,305.0,659.0,,57.900000000000006,1537.7000000000003
pearls@250,ALL,loss,559,313.08944543828267,,44.5,113.0,283.5,,3.900000000000002,1610.6000000000001
pearls@250,ALL,all,1120,393.1089285714286,,88.0,207.5,538.5,,7.0,1586.0
bed_pearls@250,Portals,win,56,294.75,212.0,247.75,321.5,351.0,365.5,,
bed_pearls@250,Portals,loss,56,221.08928571428572,95.0,128.75,205.0,337.25,366.5,,
bed_pearls@250,Portals,all,112,257.91964285714283,114.2,159.0,286.0,342.0,366.9,,
bed_pearls@250,Prisoners Dilemma,win,56,52.089285714285715,11.5,23.5,52.5,66.5,110.5,,
bed_pearls@250,Prisoners Dilemma,loss,56,18.625,2.0,3.75,10.5,27.25,47.0,,
bed_pearls@250,Prisoners Dilemma,all,112,35.357142857142854,2.1000000000000014,7.75,24.0,54.0,75.9,,
bed_pearls@250,Devil,win,56,307.94642857142856,173.5,248.5,329.0,362.25,411.0,,
bed_pearls@250,Devil,loss,56,83.32142857142857,27.0,34.75,58.5,89.25,126.0,,
bed_pearls@250,Devil,all,112,195.63392857142858,30.0,60.25,170.5,333.0,370.8,,
bed_pearls@250,Trophy,win,56,155.80357142857142,107.0,133.5,156.5,175.5,201.0,,
bed_pearls@250,Trophy,loss,56,61.55357142857143,13.0,35.0,48.5,75.5,121.5,,
bed_pearls@250,Trophy,all,112,108.67857142857143,34.0,48.75,114.0,160.0,181.0,,
bed_pearls@250,Autarky,win,56,152.58928571428572,95.5,116.0,138.5,178.5,227.5,,
bed_pearls@250,Autarky,loss,56,77.28571428571429,31.5,53.0,70.5,96.75,144.5,,
bed_pearls@250,Autarky,all,112,114.9375,45.2,69.25,102.5,148.75,202.30000000000004,,
bed_pearls@250,Default,win,56,112.35714285714286,62.5,87.75,114.0,142.25,158.0,,
bed_pearls@250,Default,loss,56,49.089285714285715,16.0,23.75,43.5,66.25,96.0,,
bed_pearls@250,Default,all,112,80.72321428571429,20.200000000000003,42.0,80.0,116.25,145.0,,
bed_pearls@250,Queen Of Spades,win,56,93.41071428571429,27.5,70.75,96.0,132.75,149.5,,
bed_pearls@250,Queen Of Spades,loss,56,39.339285714285715,0.0,4.0,24.0,68.25,94.0,,
bed_pearls@250,Queen Of Spades,all,112,66.375,1.1000000000000014,15.75,68.5,103.25,138.8,,
bed_pearls@250,Schooltime,win,56,461.8392857142857,322.0,375.0,475.0,542.5,596.0,,
bed_pearls@250,Schooltime,loss,56,217.05357142857142,15.5,126.0,200.0,309.75,376.0,,
bed_pearls@250,Schooltime,all,112,339.44642857142856,92.1,201.5,348.5,479.75,559.0,,
bed_pearls@250,Slithery Fight,win,56,820.6071428571429,731.0,751.75,819.5,873.5,924.0,,
bed_pearls@250,Slithery Fight,loss,56,841.2321428571429,649.5,762.25,838.0,931.75,1028.5,,
bed_pearls@250,Slithery Fight,all,112,830.9196428571429,683.2,758.0,832.0,892.0,967.0,,
bed_pearls@250,Trauma,win,55,160.25454545454545,72.4,108.5,167.0,211.5,242.6,,
bed_pearls@250,Trauma,loss,55,65.21818181818182,4.0,21.0,52.0,82.5,168.20000000000005,,
bed_pearls@250,Trauma,all,112,112.25892857142857,4.0,50.5,97.0,180.75,224.0,,
bed_pearls@250,ALL,win,559,261.34525939177104,,104.5,169.0,342.0,,34.900000000000006,819.1
bed_pearls@250,ALL,loss,559,167.5635062611807,,28.5,67.0,160.0,,3.0,837.2
bed_pearls@250,ALL,all,1120,214.225,,54.0,122.5,287.75,,5.0,831.0999999999999
births@250,Portals,win,56,240.03571428571428,161.0,194.75,262.0,290.25,306.0,,
births@250,Portals,loss,56,174.42857142857142,61.0,100.0,152.0,275.75,293.5,,
births@250,Portals,all,112,207.23214285714286,85.0,116.0,228.0,286.0,303.6,,
births@250,Prisoners Dilemma,win,56,47.410714285714285,16.5,24.0,47.5,58.5,85.5,,
births@250,Prisoners Dilemma,loss,56,17.053571428571427,0.0,1.0,10.0,25.75,44.0,,
births@250,Prisoners Dilemma,all,112,32.232142857142854,0.0,7.0,24.0,49.75,63.0,,
births@250,Devil,win,56,238.51785714285714,135.0,179.0,248.5,285.75,342.0,,
births@250,Devil,loss,56,58.785714285714285,15.5,21.0,38.0,59.25,97.0,,
births@250,Devil,all,112,148.65178571428572,20.1,38.0,131.0,259.5,295.70000000000005,,
births@250,Trophy,win,56,101.07142857142857,66.0,83.0,99.0,120.0,132.0,,
births@250,Trophy,loss,56,33.25,8.0,18.0,27.0,43.25,71.0,,
births@250,Trophy,all,112,67.16071428571429,17.1,27.0,66.5,99.0,121.9,,
births@250,Autarky,win,56,122.51785714285714,76.0,99.25,118.5,146.5,173.5,,
births@250,Autarky,loss,56,62.107142857142854,17.5,38.0,56.0,79.25,118.0,,
births@250,Autarky,all,112,92.3125,33.1,54.75,88.0,128.0,153.8,,
births@250,Default,win,56,76.0,43.0,56.0,77.0,98.25,107.0,,
births@250,Default,loss,56,32.607142857142854,9.0,14.25,30.0,47.25,63.0,,
births@250,Default,all,112,54.30357142857143,11.100000000000001,29.0,50.5,76.5,101.70000000000002,,
births@250,Queen Of Spades,win,56,63.875,17.0,44.75,63.0,97.25,109.5,,
births@250,Queen Of Spades,loss,56,25.25,0.0,2.75,13.5,43.0,64.0,,
births@250,Queen Of Spades,all,112,44.5625,1.1000000000000014,11.25,43.0,67.25,101.9,,
births@250,Schooltime,win,56,214.17857142857142,171.5,187.5,211.0,243.0,261.5,,
births@250,Schooltime,loss,56,133.53571428571428,8.5,76.25,128.0,208.0,237.5,,
births@250,Schooltime,all,112,173.85714285714286,55.300000000000004,128.5,194.0,229.25,257.70000000000005,,
births@250,Slithery Fight,win,56,594.1607142857143,517.5,543.0,572.5,631.25,717.0,,
births@250,Slithery Fight,loss,56,644.625,445.5,540.25,621.5,774.75,833.0,,
births@250,Slithery Fight,all,112,619.3928571428571,501.2,540.25,595.5,691.0,794.8,,
births@250,Trauma,win,55,101.81818181818181,42.8,61.0,107.0,142.0,166.2,,
births@250,Trauma,loss,55,39.36363636363637,3.4000000000000004,11.0,27.0,44.0,111.00000000000003,,
births@250,Trauma,all,112,70.23214285714286,4.0,26.75,52.5,117.0,150.8,,
births@250,ALL,win,559,180.09838998211092,,70.0,120.0,234.0,,24.0,571.3000000000001
births@250,ALL,loss,559,122.24865831842575,,18.0,44.0,114.5,,1.0,618.7000000000002
births@250,ALL,all,1120,150.99375,,35.0,85.0,192.5,,4.0,595.05
deaths@250,Portals,win,56,221.08928571428572,141.5,173.0,242.5,275.0,289.5,,
deaths@250,Portals,loss,56,156.39285714285714,44.5,79.25,134.5,259.0,275.0,,
deaths@250,Portals,all,112,188.74107142857142,68.1,98.25,212.0,265.25,285.0,,
deaths@250,Prisoners Dilemma,win,56,36.69642857142857,9.5,19.25,34.5,46.25,66.0,,
deaths@250,Prisoners Dilemma,loss,56,18.839285714285715,3.0,4.0,12.0,28.25,44.0,,
deaths@250,Prisoners Dilemma,all,112,27.767857142857142,3.0,7.0,22.0,41.0,52.80000000000001,,
deaths@250,Devil,win,56,200.76785714285714,114.0,140.75,210.0,245.25,296.5,,
deaths@250,Devil,loss,56,55.5,18.5,24.0,36.5,56.5,88.0,,
deaths@250,Devil,all,112,128.13392857142858,23.1,36.75,107.0,221.0,261.9000000000001,,
deaths@250,Trophy,win,56,59.964285714285715,32.0,45.75,59.5,76.25,85.0,,
deaths@250,Trophy,loss,56,32.267857142857146,9.5,20.0,29.0,44.25,58.0,,
deaths@250,Trophy,all,112,46.11607142857143,18.1,26.0,45.0,66.25,80.0,,
deaths@250,Autarky,win,56,93.75,62.0,77.0,93.0,112.25,123.5,,
deaths@250,Autarky,loss,56,59.5,19.5,43.75,57.5,72.75,105.0,,
deaths@250,Autarky,all,112,76.625,28.70000000000001,54.75,76.0,100.25,121.80000000000001,,
deaths@250,Default,win,56,49.035714285714285,18.0,29.75,54.5,63.0,71.5,,
deaths@250,Default,loss,56,26.339285714285715,10.5,14.0,22.5,37.0,48.5,,
deaths@250,Default,all,112,37.6875,13.0,18.75,32.5,55.5,66.9,,
deaths@250,Queen Of Spades,win,56,47.964285714285715,7.5,28.75,45.0,75.5,90.0,,
deaths@250,Queen Of Spades,loss,56,22.803571428571427,2.0,3.0,11.5,40.0,49.5,,
deaths@250,Queen Of Spades,all,112,35.38392857142857,2.0,8.0,35.5,48.0,82.70000000000002,,
deaths@250,Schooltime,win,56,157.48214285714286,116.0,126.75,151.5,184.5,206.5,,
deaths@250,Schooltime,loss,56,106.69642857142857,9.5,58.25,101.0,162.0,192.5,,
deaths@250,Schooltime,all,112,132.08928571428572,42.70000000000001,99.75,141.5,176.0,199.9,,
deaths@250,Slithery Fight,win,56,540.125,462.5,488.0,517.0,577.0,663.5,,
deaths@250,Slithery Fight,loss,56,597.7142857142857,410.0,504.0,569.5,722.25,778.5,,
deaths@250,Slithery Fight,all,112,568.9196428571429,450.6,490.75,539.5,640.25,738.9,,
deaths@250,Trauma,win,55,70.72727272727273,26.0,39.5,64.0,102.5,123.0,,
deaths@250,Trauma,loss,55,26.836363636363636,0.0,5.0,15.0,29.0,83.40000000000002,,
deaths@250,Trauma,all,112,48.517857142857146,1.0,15.0,33.0,79.75,116.70000000000002,,
deaths@250,ALL,win,559,147.8980322003578,,48.0,91.0,190.5,,15.0,517.0
deaths@250,ALL,loss,559,110.43828264758497,,16.0,42.0,93.0,,2.0,569.1
deaths@250,ALL,all,1120,128.99821428571428,,29.0,63.5,148.0,,5.0,538.1499999999999
kills@250,Portals,win,56,0.0,0.0,0.0,0.0,0.0,0.0,,
kills@250,Portals,loss,56,0.0,0.0,0.0,0.0,0.0,0.0,,
kills@250,Portals,all,112,0.0,0.0,0.0,0.0,0.0,0.0,,
kills@250,Prisoners Dilemma,win,56,5.339285714285714,1.5,2.0,4.0,7.25,11.0,,
kills@250,Prisoners Dilemma,loss,56,5.285714285714286,1.0,2.0,3.5,7.0,11.0,,
kills@250,Prisoners Dilemma,all,112,5.3125,1.0,2.0,4.0,7.0,11.0,,
kills@250,Devil,win,56,28.482142857142858,16.5,20.0,26.5,37.0,43.0,,
kills@250,Devil,loss,56,28.107142857142858,16.0,20.0,27.5,36.25,41.5,,
kills@250,Devil,all,112,28.294642857142858,16.0,20.0,27.0,37.0,42.0,,
kills@250,Trophy,win,56,25.839285714285715,9.0,16.0,23.5,33.25,43.5,,
kills@250,Trophy,loss,56,25.446428571428573,9.0,16.75,23.0,33.25,42.0,,
kills@250,Trophy,all,112,25.642857142857142,8.200000000000003,16.0,23.0,33.25,43.0,,
kills@250,Autarky,win,56,21.321428571428573,11.5,15.0,21.0,26.25,32.0,,
kills@250,Autarky,loss,56,21.642857142857142,10.0,16.75,21.5,26.25,32.5,,
kills@250,Autarky,all,112,21.482142857142858,11.0,16.0,21.0,26.25,32.80000000000001,,
kills@250,Default,win,56,16.821428571428573,6.0,11.0,18.0,21.25,26.5,,
kills@250,Default,loss,56,16.607142857142858,7.0,10.75,16.5,21.25,27.5,,
kills@250,Default,all,112,16.714285714285715,6.100000000000001,11.0,17.0,21.25,26.900000000000006,,
kills@250,Queen Of Spades,win,56,7.0,2.0,2.75,7.0,10.0,12.5,,
kills@250,Queen Of Spades,loss,56,7.107142857142857,2.0,3.0,6.0,10.0,12.5,,
kills@250,Queen Of Spades,all,112,7.053571428571429,2.0,3.0,6.5,10.0,12.900000000000006,,
kills@250,Schooltime,win,56,43.357142857142854,6.5,23.75,45.5,65.25,76.0,,
kills@250,Schooltime,loss,56,42.107142857142854,7.0,20.5,39.5,65.25,73.5,,
kills@250,Schooltime,all,112,42.732142857142854,7.0,21.75,44.0,65.25,76.0,,
kills@250,Slithery Fight,win,56,45.92857142857143,28.5,35.75,45.5,58.0,61.0,,
kills@250,Slithery Fight,loss,56,45.625,29.5,35.75,47.0,58.0,61.0,,
kills@250,Slithery Fight,all,112,45.776785714285715,29.0,35.75,46.0,58.0,61.0,,
kills@250,Trauma,win,55,3.327272727272727,0.0,0.0,3.0,6.0,8.0,,
kills@250,Trauma,loss,55,3.2545454545454544,0.0,0.5,3.0,5.5,8.0,,
kills@250,Trauma,all,112,3.3035714285714284,0.0,0.0,3.0,6.0,8.0,,
kills@250,ALL,win,559,19.77101967799642,,4.0,15.0,30.0,,0.0,60.0
kills@250,ALL,loss,559,19.547406082289804,,4.0,15.0,30.0,,0.0,59.0
kills@250,ALL,all,1120,19.63125,,4.0,15.0,30.0,,0.0,59.049999999999955
units@400,Portals,win,56,14.303571428571429,11.0,12.75,14.0,16.0,18.0,,
units@400,Portals,loss,56,15.982142857142858,9.5,12.0,16.0,20.0,24.0,,
units@400,Portals,all,112,15.142857142857142,10.0,12.0,15.0,18.0,22.0,,
units@400,Prisoners Dilemma,win,56,14.214285714285714,7.0,10.0,14.5,18.0,21.5,,
units@400,Prisoners Dilemma,loss,56,0.4642857142857143,0.0,0.0,0.0,0.0,1.0,,
units@400,Prisoners Dilemma,all,112,7.339285714285714,0.0,0.0,4.0,14.25,18.900000000000006,,
units@400,Devil,win,56,40.232142857142854,22.0,33.75,42.5,49.0,59.0,,
units@400,Devil,loss,56,3.1607142857142856,0.0,0.0,0.0,1.0,7.0,,
units@400,Devil,all,112,21.696428571428573,0.0,0.0,19.5,42.25,51.0,,
units@400,Trophy,win,56,45.94642857142857,36.0,40.75,44.0,53.25,60.0,,
units@400,Trophy,loss,56,0.44642857142857145,0.0,0.0,0.0,0.0,0.0,,
units@400,Trophy,all,112,23.196428571428573,0.0,0.0,13.5,43.5,55.80000000000001,,
units@400,Autarky,win,56,38.464285714285715,18.5,27.75,36.0,51.5,61.0,,
units@400,Autarky,loss,56,4.607142857142857,0.0,0.0,1.0,4.25,15.5,,
units@400,Autarky,all,112,21.535714285714285,0.0,1.0,17.5,35.5,58.50000000000003,,
units@400,Default,win,56,32.07142857142857,14.5,20.75,33.0,42.0,46.0,,
units@400,Default,loss,56,6.0,0.0,1.0,2.0,7.25,16.5,,
units@400,Default,all,112,19.035714285714285,0.0,2.0,15.0,33.25,43.0,,
units@400,Queen Of Spades,win,56,18.0,7.5,12.75,16.5,22.5,29.5,,
units@400,Queen Of Spades,loss,56,1.875,0.0,0.0,0.5,2.0,6.5,,
units@400,Queen Of Spades,all,112,9.9375,0.0,0.75,7.0,16.25,25.80000000000001,,
units@400,Schooltime,win,56,52.19642857142857,34.5,48.0,55.5,60.25,64.0,,
units@400,Schooltime,loss,56,22.5,0.0,4.75,17.5,34.0,52.5,,
units@400,Schooltime,all,112,37.348214285714285,3.1000000000000014,17.0,45.5,56.0,61.0,,
units@400,Slithery Fight,win,56,48.92857142857143,41.0,46.0,49.5,53.0,57.5,,
units@400,Slithery Fight,loss,56,46.089285714285715,25.0,38.75,47.5,60.25,63.0,,
units@400,Slithery Fight,all,112,47.50892857142857,31.0,42.0,49.0,56.0,62.0,,
units@400,Trauma,win,55,25.87272727272727,16.0,21.0,26.0,30.5,37.800000000000004,,
units@400,Trauma,loss,55,12.4,3.200000000000001,6.5,11.0,17.0,21.6,,
units@400,Trauma,all,112,19.035714285714285,6.0,11.0,18.0,27.0,32.900000000000006,,
units@400,ALL,win,559,33.03577817531306,,17.0,33.0,48.0,,9.0,61.0
units@400,ALL,loss,559,11.350626118067979,,0.0,3.0,17.0,,0.0,52.0
units@400,ALL,all,1120,22.177678571428572,,3.0,17.0,40.0,,0.0,60.0
units_share@400,Portals,win,56,0.4864470662633033,0.3530950305143854,0.4158053402239449,0.46802721088435373,0.5714285714285714,0.6095238095238096,,
units_share@400,Portals,loss,56,0.5135529337366967,0.3904761904761905,0.42857142857142855,0.5319727891156463,0.5841946597760551,0.6469049694856146,,
units_share@400,Portals,all,112,0.5,0.35602150537634414,0.4206281833616299,0.5,0.5793718166383701,0.643978494623656,,
units_share@400,Prisoners Dilemma,win,56,0.9693936441075428,0.945906432748538,1.0,1.0,1.0,1.0,,
units_share@400,Prisoners Dilemma,loss,56,0.030606355892457172,0.0,0.0,0.0,0.0,0.054093567251461985,,
units_share@400,Prisoners Dilemma,all,112,0.5,0.0,0.0,0.5,1.0,1.0,,
units_share@400,Devil,win,56,0.9119894847878289,0.7746376811594203,0.972972972972973,1.0,1.0,1.0,,
units_share@400,Devil,loss,56,0.08801051521217107,0.0,0.0,0.0,0.02702702702702703,0.22536231884057972,,
units_share@400,Devil,all,112,0.5,0.0,0.0,0.5,1.0,1.0,,
units_share@400,Trophy,win,56,0.9863996307742955,1.0,1.0,1.0,1.0,1.0,,
units_share@400,Trophy,loss,56,0.013600369225704467,0.0,0.0,0.0,0.0,0.0,,
units_share@400,Trophy,all,112,0.5,0.0,0.0,0.5,1.0,1.0,,
units_share@400,Autarky,win,56,0.8738631196437553,0.6206896551724137,0.8729166666666667,0.9702380952380952,1.0,1.0,,
units_share@400,Autarky,loss,56,0.12613688035624476,0.0,0.0,0.02976190476190476,0.12708333333333333,0.3793103448275862,,
units_share@400,Autarky,all,112,0.5,0.0,0.030753968253968252,0.5,0.9692460317460317,1.0,,
units_share@400,Default,win,56,0.8302511274014278,0.525,0.7542105263157894,0.9328582145536384,0.979663394109397,1.0,,
units_share@400,Default,loss,56,0.16974887259857216,0.0,0.020336605890603085,0.0671417854463616,0.2457894736842105,0.475,,
units_share@400,Default,all,112,0.5,0.0,0.06401209677419355,0.5,0.9359879032258064,1.0,,
units_share@400,Queen Of Spades,win,56,0.9058845795973491,0.6287878787878788,0.8986842105263158,0.984375,1.0,1.0,,
units_share@400,Queen Of Spades,loss,56,0.09411542040265083,0.0,0.0,0.015625,0.10131578947368422,0.3712121212121212,,
units_share@400,Queen Of Spades,all,112,0.5,0.0,0.0234375,0.5,0.9765625,1.0,,
units_share@400,Schooltime,win,56,0.7253671632066411,0.44222599830076464,0.5824330164217805,0.754490106544901,0.9253246753246753,1.0,,
units_share@400,Schooltime,loss,56,0.274632836793359,0.0,0.07467532467532467,0.24550989345509894,0.41756698357821953,0.5577740016992353,,
units_share@400,Schooltime,all,112,0.5,0.051557377049180356,0.24404761904761904,0.5,0.7559523809523809,0.9484426229508197,,
units_share@400,Slithery Fight,win,56,0.5250327834717133,0.42660550458715596,0.452991452991453,0.4951584909107518,0.5587145412726808,0.6981534090909092,,
units_share@400,Slithery Fight,loss,56,0.47496721652828666,0.30184659090909094,0.44128545872731917,0.5048415090892482,0.5470085470085471,0.573394495412844,,
units_share@400,Slithery Fight,all,112,0.5,0.33815860215053767,0.44804900181488205,0.5,0.551950998185118,0.6618413978494624,,
units_share@400,Trauma,win,55,0.6790643966078572,0.456656346749226,0.56125,0.7,0.8,0.9091666666666668,,
units_share@400,Trauma,loss,55,0.32093560339214255,0.09083333333333335,0.2,0.3,0.43875,0.543343653250774,,
units_share@400,Trauma,all,112,0.5,0.18105065666041278,0.29772727272727273,0.5,0.7022727272727273,0.8189493433395874,,
units_share@400,ALL,win,559,0.7895666249940039,,0.5721726190476191,0.9130434782608695,1.0,,0.375,1.0
units_share@400,ALL,loss,559,0.21043337500599613,,0.0,0.08695652173913043,0.42782738095238093,,0.0,0.625
units_share@400,ALL,all,1120,0.5,,0.08605072463768115,0.5,0.9139492753623188,,0.0,1.0
total@400,Portals,win,56,63.05357142857143,49.5,55.75,65.0,69.0,74.0,,
total@400,Portals,loss,56,57.30357142857143,41.5,50.0,58.0,67.25,72.5,,
total@400,Portals,all,112,60.17857142857143,47.1,52.0,62.5,68.25,73.0,,
total@400,Prisoners Dilemma,win,56,35.732142857142854,16.0,22.0,33.5,45.0,58.5,,
total@400,Prisoners Dilemma,loss,56,1.1607142857142858,0.0,0.0,0.0,0.0,3.5,,
total@400,Prisoners Dilemma,all,112,18.446428571428573,0.0,0.0,14.5,33.25,46.900000000000006,,
total@400,Devil,win,56,109.44642857142857,74.0,92.25,109.5,127.25,158.5,,
total@400,Devil,loss,56,11.232142857142858,0.0,0.0,0.0,3.0,28.5,,
total@400,Devil,all,112,60.339285714285715,0.0,0.0,61.0,110.25,137.70000000000002,,
total@400,Trophy,win,56,114.48214285714286,89.5,99.0,108.0,133.5,152.0,,
total@400,Trophy,loss,56,1.3214285714285714,0.0,0.0,0.0,0.0,0.0,,
total@400,Trophy,all,112,57.901785714285715,0.0,0.0,43.5,108.0,136.0,,
total@400,Autarky,win,56,114.10714285714286,60.0,85.75,99.0,132.0,196.0,,
total@400,Autarky,loss,56,14.625,0.0,0.0,3.5,18.25,47.5,,
total@400,Autarky,all,112,64.36607142857143,0.0,3.75,59.0,99.0,145.9,,
total@400,Default,win,56,99.33928571428571,57.0,70.5,96.5,119.25,143.0,,
total@400,Default,loss,56,19.428571428571427,0.0,3.0,9.0,29.0,50.0,,
total@400,Default,all,112,59.38392857142857,0.0,9.5,53.0,98.5,125.9,,
total@400,Queen Of Spades,win,56,55.42857142857143,28.0,41.0,57.0,67.25,85.0,,
total@400,Queen Of Spades,loss,56,7.232142857142857,0.0,0.0,1.0,8.0,27.0,,
total@400,Queen Of Spades,all,112,31.330357142857142,0.0,1.5,28.0,57.0,72.9,,
total@400,Schooltime,win,56,260.98214285714283,142.0,200.75,247.0,331.75,358.5,,
total@400,Schooltime,loss,56,89.67857142857143,0.0,29.0,72.0,129.0,188.0,,
total@400,Schooltime,all,112,175.33035714285714,21.400000000000006,70.75,177.0,254.75,342.0,,
total@400,Slithery Fight,win,56,179.46428571428572,145.0,152.0,171.5,190.75,226.0,,
total@400,Slithery Fight,loss,56,161.78571428571428,120.0,136.75,153.5,179.25,229.0,,
total@400,Slithery Fight,all,112,170.625,130.2,147.0,161.5,185.5,230.60000000000002,,
total@400,Trauma,win,55,86.7090909090909,55.8,67.5,86.0,101.0,127.6,,
total@400,Trauma,loss,55,38.36363636363637,8.600000000000003,20.5,35.0,57.5,68.4,,
total@400,Trauma,all,112,62.38392857142857,16.400000000000006,36.5,60.5,86.25,103.80000000000001,,
total@400,ALL,win,559,111.91949910554561,,61.0,95.0,142.5,,24.900000000000002,269.20000000000005
total@400,ALL,loss,559,40.21645796064401,,0.0,10.0,59.5,,0.0,165.30000000000007
total@400,ALL,all,1120,76.02857142857142,,9.75,60.0,114.0,,0.0,212.14999999999986
total_share@400,Portals,win,56,0.5302653460707817,0.4229640498899486,0.4759772498743087,0.5138996138996139,0.5742148554336989,0.623231838887557,,
total_share@400,Portals,loss,56,0.4697346539292183,0.37676816111244305,0.42578514456630107,0.4861003861003861,0.5240227501256913,0.5770359501100514,,
total_share@400,Portals,all,112,0.5,0.40432565500263756,0.4553865131578947,0.5,0.5446134868421053,0.5956743449973624,,
total_share@400,Prisoners Dilemma,win,56,0.9734094220184086,0.9459980713596914,1.0,1.0,1.0,1.0,,
total_share@400,Prisoners Dilemma,loss,56,0.026590577981591396,0.0,0.0,0.0,0.0,0.05400192864030858,,
total_share@400,Prisoners Dilemma,all,112,0.5,0.0,0.0,0.5,1.0,1.0,,
total_share@400,Devil,win,56,0.913808323993855,0.7673719958202716,0.9772853957636567,1.0,1.0,1.0,,
total_share@400,Devil,loss,56,0.08619167600614504,0.0,0.0,0.0,0.022714604236343368,0.23262800417972831,,
total_share@400,Devil,all,112,0.5,0.0,0.0,0.5,1.0,1.0,,
total_share@400,Trophy,win,56,0.9876459596802697,1.0,1.0,1.0,1.0,1.0,,
total_share@400,Trophy,loss,56,0.01235404031973039,0.0,0.0,0.0,0.0,0.0,,
total_share@400,Trophy,all,112,0.5,0.0,0.0,0.5,1.0,1.0,,
total_share@400,Autarky,win,56,0.8759208680975739,0.6100481859410432,0.8408634538152611,0.9762396694214877,1.0,1.0,,
total_share@400,Autarky,loss,56,0.12407913190242624,0.0,0.0,0.023760330578512397,0.15913654618473896,0.3899518140589569,,
total_share@400,Autarky,all,112,0.5,0.0,0.024276859504132234,0.5,0.9757231404958677,1.0,,
total_share@400,Default,win,56,0.8287395349136085,0.5377837116154873,0.7232596544715447,0.9318157894736843,0.982537782433039,1.0,,
total_share@400,Default,loss,56,0.17126046508639156,0.0,0.017462217566960946,0.06818421052631579,0.2767403455284553,0.4622162883845127,,
total_share@400,Default,all,112,0.5,0.0,0.07027631578947369,0.5,0.9297236842105263,1.0,,
total_share@400,Queen Of Spades,win,56,0.9038449723142791,0.6383426966292135,0.8836107921928817,0.9883720930232558,1.0,1.0,,
total_share@400,Queen Of Spades,loss,56,0.09615502768572101,0.0,0.0,0.011627906976744186,0.11638920780711826,0.3616573033707865,,
total_share@400,Queen Of Spades,all,112,0.5,0.0,0.01744186046511628,0.5,0.9825581395348837,1.0,,
total_share@400,Schooltime,win,56,0.7453753582927412,0.4675955221198841,0.5980682839173406,0.7849867815426098,0.9211245305250755,1.0,,
total_share@400,Schooltime,loss,56,0.25462464170725896,0.0,0.07887546947492452,0.21501321845739021,0.4019317160826595,0.5324044778801159,,
total_share@400,Schooltime,all,112,0.5,0.060775067750677515,0.2115947180480311,0.5,0.7884052819519689,0.9392249322493225,,
total_share@400,Slithery Fight,win,56,0.5283491657639755,0.41557692307692307,0.4604922376474101,0.5240640452083825,0.5793787557440792,0.6510929270393538,,
total_share@400,Slithery Fight,loss,56,0.4716508342360245,0.34890707296064616,0.4206212442559208,0.4759359547916176,0.5395077623525899,0.5844230769230769,,
total_share@400,Slithery Fight,all,112,0.5,0.3976621903360314,0.4378793667885272,0.5,0.5621206332114729,0.6023378096639685,,
total_share@400,Trauma,win,55,0.6942589964890996,0.4724232289449681,0.5611111111111111,0.7153846153846154,0.8219784946236559,0.9359867330016585,,
total_share@400,Trauma,loss,55,0.3057410035109001,0.06401326699834164,0.1780215053763441,0.2846153846153846,0.4388888888888889,0.527576771055032,,
total_share@400,Trauma,all,112,0.5,0.15776844070961718,0.2862701252236136,0.5,0.7137298747763865,0.8422315592903828,,
total_share@400,ALL,win,559,0.7983476673900681,,0.5822649572649573,0.9152542372881356,1.0,,0.41424281424281423,1.0
total_share@400,ALL,loss,559,0.20165233260993184,,0.0,0.0847457627118644,0.41773504273504275,,0.0,0.5857571857571858
total_share@400,ALL,all,1120,0.5,,0.0847457627118644,0.5,0.9152542372881356,,0.0,1.0
longest@400,Portals,win,56,9.696428571428571,7.0,8.0,9.0,11.0,12.0,,
longest@400,Portals,loss,56,7.785714285714286,3.0,4.0,7.5,10.25,13.0,,
longest@400,Portals,all,112,8.741071428571429,3.1000000000000014,7.0,9.0,11.0,12.900000000000006,,
longest@400,Prisoners Dilemma,win,56,4.589285714285714,3.0,3.0,4.0,6.0,7.0,,
longest@400,Prisoners Dilemma,loss,56,0.5535714285714286,0.0,0.0,0.0,0.0,2.5,,
longest@400,Prisoners Dilemma,all,112,2.5714285714285716,0.0,0.0,3.0,4.0,6.0,,
longest@400,Devil,win,56,6.178571428571429,4.0,4.0,5.0,8.0,10.0,,
longest@400,Devil,loss,56,1.5714285714285714,0.0,0.0,0.0,3.0,6.5,,
longest@400,Devil,all,112,3.875,0.0,0.0,4.0,7.0,9.0,,
longest@400,Trophy,win,56,4.785714285714286,3.0,3.0,4.0,5.0,7.0,,
longest@400,Trophy,loss,56,0.25,0.0,0.0,0.0,0.0,0.0,,
longest@400,Trophy,all,112,2.517857142857143,0.0,0.0,3.0,4.0,6.0,,
longest@400,Autarky,win,56,7.946428571428571,4.0,5.0,7.0,9.25,12.0,,
longest@400,Autarky,loss,56,3.1964285714285716,0.0,0.0,3.0,5.0,8.0,,
longest@400,Autarky,all,112,5.571428571428571,0.0,3.0,5.0,8.0,11.0,,
longest@400,Default,win,56,8.625,4.0,6.0,7.0,10.0,15.0,,
longest@400,Default,loss,56,4.571428571428571,0.0,2.0,3.0,7.25,11.0,,
longest@400,Default,all,112,6.598214285714286,0.0,3.0,6.0,9.0,12.0,,
longest@400,Queen Of Spades,win,56,7.678571428571429,3.0,4.0,7.5,10.0,13.0,,
longest@400,Queen Of Spades,loss,56,2.875,0.0,0.0,1.0,4.25,9.0,,
longest@400,Queen Of Spades,all,112,5.276785714285714,0.0,1.5,4.0,9.0,11.0,,
longest@400,Schooltime,win,56,21.428571428571427,11.0,15.0,18.5,26.0,35.5,,
longest@400,Schooltime,loss,56,11.125,0.0,7.0,11.0,15.0,18.0,,
longest@400,Schooltime,all,112,16.276785714285715,4.0,10.0,15.0,20.0,28.900000000000006,,
longest@400,Slithery Fight,win,56,13.428571428571429,9.0,10.0,13.0,15.0,19.0,,
longest@400,Slithery Fight,loss,56,11.375,4.0,6.75,10.0,13.25,22.0,,
longest@400,Slithery Fight,all,112,12.401785714285714,6.0,9.0,11.0,15.0,21.0,,
longest@400,Trauma,win,55,7.6909090909090905,6.0,6.0,7.0,8.0,10.0,,
longest@400,Trauma,loss,55,5.890909090909091,3.0,4.0,6.0,8.0,9.0,,
longest@400,Trauma,all,112,6.839285714285714,3.0,5.75,7.0,8.0,10.0,,
longest@400,ALL,win,559,9.207513416815742,,5.0,8.0,11.0,,3.0,22.0
longest@400,ALL,loss,559,4.917710196779964,,0.0,3.0,8.0,,0.0,15.0
longest@400,ALL,all,1120,7.066964285714286,,3.0,6.0,10.0,,0.0,19.0
longest_share@400,Portals,win,56,0.5717172192583934,0.4,0.4475,0.5561403508771929,0.7175324675324676,0.7857142857142857,,
longest_share@400,Portals,loss,56,0.42828278074160664,0.21428571428571427,0.2824675324675324,0.443859649122807,0.5525,0.6,,
longest_share@400,Portals,all,112,0.5,0.2516666666666667,0.38844086021505375,0.5,0.6115591397849462,0.7483333333333334,,
longest_share@400,Prisoners Dilemma,win,56,0.938106833642548,0.6833333333333333,1.0,1.0,1.0,1.0,,
longest_share@400,Prisoners Dilemma,loss,56,0.06189316635745207,0.0,0.0,0.0,0.0,0.31666666666666665,,
longest_share@400,Prisoners Dilemma,all,112,0.5,0.0,0.0,0.5,1.0,1.0,,
longest_share@400,Devil,win,56,0.8829998782729875,0.5313725490196078,0.7815934065934066,1.0,1.0,1.0,,
longest_share@400,Devil,loss,56,0.11700012172701248,0.0,0.0,0.0,0.2184065934065934,0.46862745098039216,,
longest_share@400,Devil,all,112,0.5,0.0,0.0,0.5,1.0,1.0,,
longest_share@400,Trophy,win,56,0.9813611660079051,1.0,1.0,1.0,1.0,1.0,,
longest_share@400,Trophy,loss,56,0.018638833992094865,0.0,0.0,0.0,0.0,0.0,,
longest_share@400,Trophy,all,112,0.5,0.0,0.0,0.5,1.0,1.0,,
longest_share@400,Autarky,win,56,0.7833152881117721,0.4891304347826087,0.61875,0.7846153846153847,1.0,1.0,,
longest_share@400,Autarky,loss,56,0.2166847118882278,0.0,0.0,0.2153846153846154,0.38125,0.5108695652173914,,
longest_share@400,Autarky,all,112,0.5,0.0,0.2230769230769231,0.5,0.7769230769230769,1.0,,
longest_share@400,Default,win,56,0.7095100319449336,0.42857142857142855,0.5437062937062936,0.7,0.8616071428571428,1.0,,
longest_share@400,Default,loss,56,0.29048996805506644,0.0,0.13839285714285715,0.3,0.4562937062937063,0.5714285714285714,,
longest_share@400,Default,all,112,0.5,0.0,0.29642857142857143,0.5,0.7035714285714285,1.0,,
longest_share@400,Queen Of Spades,win,56,0.8193542912196163,0.5,0.6607142857142857,0.9230769230769231,1.0,1.0,,
longest_share@400,Queen Of Spades,loss,56,0.1806457087803837,0.0,0.0,0.07692307692307693,0.3392857142857143,0.5,,
longest_share@400,Queen Of Spades,all,112,0.5,0.0,0.11538461538461539,0.5,0.8846153846153846,1.0,,
longest_share@400,Schooltime,win,56,0.6667762232111725,0.44281045751633985,0.5101351351351351,0.6420250896057347,0.7882775119617225,1.0,,
longest_share@400,Schooltime,loss,56,0.3332237767888277,0.0,0.2117224880382775,0.3579749103942652,0.4898648648648649,0.5571895424836601,,
longest_share@400,Schooltime,all,112,0.5,0.12228571428571432,0.3458222811671088,0.5,0.6541777188328912,0.8777142857142859,,
longest_share@400,Slithery Fight,win,56,0.5566777547698021,0.3657407407407407,0.4625,0.5603864734299517,0.6666666666666666,0.7416666666666667,,
longest_share@400,Slithery Fight,loss,56,0.44332224523019786,0.2583333333333333,0.3333333333333333,0.43961352657004826,0.5375,0.6342592592592593,,
longest_share@400,Slithery Fight,all,112,0.5,0.2824175824175824,0.3910392364793213,0.5,0.6089607635206787,0.7175824175824176,,
longest_share@400,Trauma,win,55,0.5758247317619679,0.42142857142857143,0.46862745098039216,0.5454545454545454,0.6666666666666666,0.7777777777777778,,
longest_share@400,Trauma,loss,55,0.42417526823803203,0.2222222222222222,0.3333333333333333,0.45454545454545453,0.5313725490196078,0.5785714285714286,,
longest_share@400,Trauma,all,112,0.5,0.28714285714285714,0.41250000000000003,0.5,0.5875,0.712857142857143,,
longest_share@400,ALL,win,559,0.7488733572227182,,0.5508620689655173,0.75,1.0,,0.386848635235732,1.0
longest_share@400,ALL,loss,559,0.2511266427772817,,0.0,0.25,0.44913793103448274,,0.0,0.613151364764268
longest_share@400,ALL,all,1120,0.5,,0.25,0.5,0.75,,0.0,1.0
top1_share@400,Portals,win,56,0.15611960770183872,0.11010101010101009,0.12698412698412698,0.1461100569259962,0.17647058823529413,0.2190909090909091,,
top1_share@400,Portals,loss,56,0.1391681412648492,0.06061224489795918,0.08277027027027027,0.13923076923076924,0.1718790385112432,0.1984848484848485,,
top1_share@400,Portals,all,112,0.14764387448334393,0.0770739064856712,0.11476426799007444,0.14285714285714285,0.17647058823529413,0.21443438914027155,,
top1_share@400,Prisoners Dilemma,win,56,0.1489595191977618,0.07317073170731707,0.09303977272727273,0.12931995540691194,0.17712906057945565,0.25,,
top1_share@400,Prisoners Dilemma,loss,11,0.7706539074960127,0.21052631578947367,0.55,1.0,1.0,1.0,,
top1_share@400,Prisoners Dilemma,all,67,0.25102874712732537,0.07791694133157548,0.09901960784313726,0.13636363636363635,0.23820754716981132,0.7599999999999995,,
top1_share@400,Devil,win,56,0.07140368285489176,0.034485321441843186,0.03902714932126697,0.045792922673656616,0.07339656729900632,0.10581023454157781,,
top1_share@400,Devil,loss,16,0.49180550037922927,0.07502805836139169,0.10034722222222223,0.30666666666666664,1.0,1.0,,
top1_share@400,Devil,all,72,0.16482630897141123,0.036170750189441776,0.040241935483870964,0.057259953161592506,0.10424440298507463,0.4039215686274509,,
top1_share@400,Trophy,win,56,0.04349269773203119,0.026088929219600723,0.02934037692747002,0.035892483502333816,0.044330669330669335,0.05869690011481056,,
top1_share@400,Trophy,loss,4,0.45236516357206014,0.13386383731211318,0.1808134394341291,0.35344827586206895,0.625,0.8500000000000001,,
top1_share@400,Trophy,all,60,0.07075086212136644,0.026270417422867513,0.029808030996829868,0.037980769230769235,0.049945906959971156,0.09597069597069598,,
top1_share@400,Autarky,win,56,0.08397034708516846,0.03508891928864569,0.0425039661554733,0.06282894736842105,0.10172798216276477,0.1225140712945591,,
top1_share@400,Autarky,loss,32,0.43095215200428766,0.09773507206588881,0.21474358974358973,0.3333333333333333,0.6,1.0,,
top1_share@400,Autarky,all,88,0.21014554887393908,0.036992966567106655,0.05181760204081633,0.10056179775280899,0.28146853146853146,0.5299999999999997,,
top1_share@400,Default,win,56,0.1033639687566664,0.04425524970079425,0.05063559322033899,0.08050231328486451,0.1176418439716312,0.18254475703324807,,
top1_share@400,Default,loss,43,0.4623820327561158,0.0907936507936508,0.1867732558139535,0.40540540540540543,0.696969696969697,1.0,,
top1_share@400,Default,all,99,0.2593011076655181,0.046613946800862685,0.061313999283924094,0.12056737588652482,0.3582887700534759,0.7318181818181819,,
top1_share@400,Queen Of Spades,win,56,0.14949069866132692,0.06385869565217392,0.08697591436217662,0.13639494833524685,0.1854005167958656,0.2687617260787992,,
top1_share@400,Queen Of Spades,loss,28,0.6373858833990307,0.19,0.3543643263757116,0.6458333333333333,1.0,1.0,,
top1_share@400,Queen Of Spades,all,84,0.31212242690722813,0.06814728229105786,0.10439987562189054,0.1780821917808219,0.35341555977229605,0.9428571428571434,,
top1_share@400,Schooltime,win,56,0.08586615684443429,0.05503225088967971,0.06230237560683178,0.07518078297730862,0.09180811451230717,0.11590333492729751,,
top1_share@400,Schooltime,loss,49,0.2217839431089005,0.0682467117864896,0.08387096774193549,0.1328125,0.2857142857142857,0.4194991055456172,,
top1_share@400,Schooltime,all,105,0.14929445710118516,0.059929715593331156,0.06896551724137931,0.08814589665653495,0.13829787234042554,0.3269865067466267,,
top1_share@400,Slithery Fight,win,56,0.07527303006935762,0.053523682200152786,0.057389162561576355,0.07094486387554336,0.0840311004784689,0.10301442164733868,,
top1_share@400,Slithery Fight,loss,56,0.07104543342935113,0.03149801587301587,0.04525375939849624,0.06685288640595903,0.08714721586575133,0.11395665803461905,,
top1_share@400,Slithery Fight,all,112,0.07315923174935438,0.03729037267080745,0.05396335933248685,0.0694255111976631,0.08633243187018931,0.10875426525703419,,
top1_share@400,Trauma,win,55,0.09691462076314171,0.05959322033898305,0.07017783857729137,0.08333333333333333,0.10931899641577061,0.15225000000000002,,
top1_share@400,Trauma,loss,55,0.2350504422280224,0.09901639344262295,0.1203448275862069,0.15384615384615385,0.26236559139784943,0.4371428571428574,,
top1_share@400,Trauma,all,112,0.16616060401107635,0.06543722520762091,0.0827020202020202,0.11765208475734791,0.17722473604826547,0.2755485893416928,,
top1_share@400,ALL,win,559,0.1014936097326789,,0.053727358014000144,0.08108108108108109,0.12698412698412698,,0.031155303030303033,0.25
top1_share@400,ALL,loss,350,0.3006925439096791,,0.08957066869300911,0.16123949579831934,0.3901909722222222,,0.045350549882168106,1.0
top1_share@400,ALL,all,911,0.17818795542665392,,0.0625,0.10256410256410256,0.1780821917808219,,0.0338607353053581,0.7846153846153847
len_gini@400,Portals,win,56,0.2649451951969424,0.22162117452440033,0.24148550724637685,0.26479790634202394,0.29606193438914025,0.31023550724637683,,
len_gini@400,Portals,loss,56,0.1953443527896357,0.09451559934318554,0.11001545124528994,0.21047249739799767,0.26891284815813116,0.30452613747808255,,
len_gini@400,Portals,all,112,0.230144773993289,0.10109063970132762,0.18532509157509158,0.2512903397451247,0.2856324200913243,0.30826745718050064,,
len_gini@400,Prisoners Dilemma,win,56,0.11925016112116182,0.05714285714285716,0.07500000000000012,0.09592822636300902,0.15625,0.22781281281281285,,
len_gini@400,Prisoners Dilemma,loss,56,0.0056905656999641984,0.0,0.0,0.0,0.0,0.0,,
len_gini@400,Prisoners Dilemma,all,112,0.06247036341056301,0.0,0.0,0.04119141727837372,0.10119843924191757,0.17304498269896199,,
len_gini@400,Devil,win,56,0.15834961074662876,0.10476652918410834,0.11433536134334016,0.13494559947758034,0.20807670451051852,0.244724259508723,,
len_gini@400,Devil,loss,56,0.035416808674272424,0.0,0.0,0.0,0.0,0.18931069958847735,,
len_gini@400,Devil,all,112,0.09688320971045061,0.0,0.0,0.10623376623376624,0.1531859756097561,0.23179537308569587,,
len_gini@400,Trophy,win,56,0.12165289237579036,0.09414901700574707,0.0992625752458342,0.10890779751211521,0.12690310072116262,0.15999574774983039,,
len_gini@400,Trophy,loss,56,0.0038909545913856252,0.0,0.0,0.0,0.0,0.0,,
len_gini@400,Trophy,all,112,0.062771923483588,0.0,0.0,0.08469366749010554,0.10911894653670129,0.13132754913121963,,
len_gini@400,Autarky,win,56,0.18741159123300344,0.10778860274996604,0.14493486352357332,0.1864771617000489,0.2372865530392948,0.261092032967033,,
len_gini@400,Autarky,loss,56,0.07995091324851021,0.0,0.0,0.0,0.1514610389610389,0.23958333333333337,,
len_gini@400,Autarky,all,112,0.13368125224075683,0.0,0.0,0.14827193503664093,0.21049065753815432,0.2559104737070839,,
len_gini@400,Default,win,56,0.20494004337900465,0.11711254913164726,0.16025397604344982,0.19728465113979143,0.25187219203176653,0.29166666666666674,,
len_gini@400,Default,loss,56,0.10388047624984377,0.0,0.0,0.09125541125541126,0.1917007863170811,0.2580128205128205,,
len_gini@400,Default,all,112,0.1544102598144242,0.0,0.08628787878787886,0.167562373786724,0.22883563973108018,0.27502289377289374,,
len_gini@400,Queen Of Spades,win,56,0.19765500595691549,0.09563734030197435,0.11373225732600728,0.1816161684324179,0.2811051794902783,0.337854609929078,,
len_gini@400,Queen Of Spades,loss,56,0.06616806131681437,0.0,0.0,0.0,0.13055555555555548,0.2596153846153846,,
len_gini@400,Queen Of Spades,all,112,0.13191153363686495,0.0,0.0,0.11809830207386607,0.2438644688644689,0.3003296703296702,,
len_gini@400,Schooltime,win,56,0.3345208007932775,0.24970970812182736,0.2981531438156349,0.33483297524811606,0.3825100995465054,0.40320748934479356,,
len_gini@400,Schooltime,loss,56,0.2170041096636596,0.0,0.13908730158730154,0.25269633507853406,0.31211748767181063,0.3539606314655148,,
len_gini@400,Schooltime,all,112,0.27576245522846854,0.10711111111111114,0.22330449509714018,0.30220491930077864,0.35279232360677315,0.3893458625105658,,
len_gini@400,Slithery Fight,win,56,0.28030363733832925,0.23002110094110584,0.2532022198186795,0.2822043895683437,0.30438378323337545,0.329940677035058,,
len_gini@400,Slithery Fight,loss,56,0.23757207955586157,0.1275272257947384,0.20775112964894,0.25266378149118984,0.285079744816587,0.3238784239697968,,
len_gini@400,Slithery Fight,all,112,0.25893785844709544,0.1398649329437407,0.23645127976434982,0.26846761476202063,0.3011662709278116,0.3271752053813602,,
len_gini@400,Trauma,win,55,0.2234321322383172,0.1790840187582115,0.1988280551082483,0.22115384615384603,0.23606135244066273,0.26805389732219004,,
len_gini@400,Trauma,loss,55,0.17074695220947586,0.05298701298701297,0.10000000000000009,0.1774042950513539,0.2439488910318226,0.26621553884711774,,
len_gini@400,Trauma,all,112,0.19844445488860593,0.0999999999999999,0.15794875118831564,0.21735940295169953,0.23942450137303084,0.27392351481535543,,
len_gini@400,ALL,win,559,0.20922072953310636,,0.12502373541617717,0.21353065539112048,0.2742465354842202,,0.08621499028007769,0.3654454853656982
len_gini@400,ALL,loss,559,0.11146065901924548,,0.0,0.09130434782608687,0.22792207792207797,,0.0,0.3186393211575958
len_gini@400,ALL,all,1120,0.16054180848541064,,0.06383086156154422,0.16317676226212818,0.2555695870913263,,0.0,0.3362963186239046
seen_share@400,Portals,win,56,0.9937220982142857,1.0,1.0,1.0,1.0,1.0,,
seen_share@400,Portals,loss,56,0.9255719866071429,0.79296875,0.888671875,1.0,1.0,1.0,,
seen_share@400,Portals,all,112,0.9596470424107143,0.8029296875000002,0.9990234375,1.0,1.0,1.0,,
seen_share@400,Prisoners Dilemma,win,56,0.9698311941964286,0.9755859375,1.0,1.0,1.0,1.0,,
seen_share@400,Prisoners Dilemma,loss,56,0.8836844308035714,0.59765625,0.8076171875,0.955078125,1.0,1.0,,
seen_share@400,Prisoners Dilemma,all,112,0.9267578125,0.7445312500000001,0.890625,1.0,1.0,1.0,,
seen_share@400,Devil,win,56,0.9833984375,1.0,1.0,1.0,1.0,1.0,,
seen_share@400,Devil,loss,56,0.7486397879464286,0.6591796875,0.6826171875,0.724609375,0.78271484375,0.8662109375,,
seen_share@400,Devil,all,112,0.8660191127232143,0.6759765625,0.724609375,0.9326171875,1.0,1.0,,
seen_share@400,Trophy,win,56,1.0,1.0,1.0,1.0,1.0,1.0,,
seen_share@400,Trophy,loss,56,0.9640285714285713,0.892,0.9528,1.0,1.0,1.0,,
seen_share@400,Trophy,all,112,0.9820142857142857,0.93664,1.0,1.0,1.0,1.0,,
seen_share@400,Autarky,win,56,1.0,1.0,1.0,1.0,1.0,1.0,,
seen_share@400,Autarky,loss,56,0.9893628747795413,0.9727366255144032,0.9953703703703703,1.0,1.0,1.0,,
seen_share@400,Autarky,all,112,0.9946814373897707,0.9858024691358025,1.0,1.0,1.0,1.0,,
seen_share@400,Default,win,56,0.9983258928571429,1.0,1.0,1.0,1.0,1.0,,
seen_share@400,Default,loss,56,0.9793875558035714,0.93701171875,0.974365234375,1.0,1.0,1.0,,
seen_share@400,Default,all,112,0.9888567243303571,0.9513671875,0.99560546875,1.0,1.0,1.0,,
seen_share@400,Queen Of Spades,win,56,0.9699591836734694,0.948,1.0,1.0,1.0,1.0,,
seen_share@400,Queen Of Spades,loss,56,0.9026326530612244,0.685142857142857,0.9217142857142857,0.9737142857142858,1.0,1.0,,
seen_share@400,Queen Of Spades,all,112,0.9362959183673469,0.7793142857142857,0.9537142857142857,1.0,1.0,1.0,,
seen_share@400,Schooltime,win,56,0.9805729166666667,0.9627083333333333,0.9715625,0.9914583333333333,0.9938541666666667,0.9962500000000001,,
seen_share@400,Schooltime,loss,56,0.9024330357142857,0.7785416666666667,0.8539583333333334,0.9297916666666667,0.9735416666666667,0.9895833333333333,,
seen_share@400,Schooltime,all,112,0.9415029761904762,0.8460416666666667,0.9219791666666667,0.9727083333333333,0.9925,0.9954166666666666,,
seen_share@400,Slithery Fight,win,56,0.8925212060132696,0.7677836566725456,0.8074661963550852,0.92445620223398,0.969429747207525,0.9914756025867137,,
seen_share@400,Slithery Fight,loss,56,0.820578231292517,0.7119341563786008,0.7633744855967078,0.7992357436801881,0.8880070546737213,0.942092886537331,,
seen_share@400,Slithery Fight,all,112,0.8565497186528931,0.7390946502057614,0.7836566725455615,0.8647854203409759,0.9419459141681363,0.977366255144033,,
seen_share@400,Trauma,win,55,0.878882575757576,0.7623263888888889,0.8420138888888888,0.8923611111111112,0.9105902777777777,1.0,,
seen_share@400,Trauma,loss,55,0.6675189393939394,0.4609375,0.5859375,0.6692708333333334,0.7300347222222222,0.8539930555555556,,
seen_share@400,Trauma,all,112,0.7736622643849207,0.5727430555555556,0.6653645833333334,0.7912326388888888,0.8923611111111112,0.9961805555555556,,
seen_share@400,ALL,win,559,0.966878486041963,,0.986875,1.0,1.0,,0.7870246362433863,1.0
seen_share@400,ALL,loss,559,0.8787610246925411,,0.7834298987727808,0.944,1.0,,0.6077256944444445,1.0
seen_share@400,ALL,all,1120,0.9225987292663979,,0.8864741787918872,0.9978154761904762,1.0,,0.66201171875,1.0
visited_share@400,Portals,win,56,0.4578334263392857,0.439453125,0.4541015625,0.46484375,0.46875,0.46875,,
visited_share@400,Portals,loss,56,0.4263392857142857,0.36328125,0.4140625,0.4482421875,0.466796875,0.46875,,
visited_share@400,Portals,all,112,0.4420863560267857,0.4044921875,0.43603515625,0.462890625,0.46875,0.46875,,
visited_share@400,Prisoners Dilemma,win,56,0.6539829799107143,0.3876953125,0.5625,0.7236328125,0.80029296875,0.865234375,,
visited_share@400,Prisoners Dilemma,loss,56,0.34559849330357145,0.1083984375,0.1796875,0.3291015625,0.48681640625,0.623046875,,
visited_share@400,Prisoners Dilemma,all,112,0.49979073660714285,0.11777343750000001,0.27294921875,0.52734375,0.73291015625,0.8212890625,,
visited_share@400,Devil,win,56,0.8658272879464286,0.7529296875,0.80419921875,0.904296875,0.96142578125,0.98046875,,
visited_share@400,Devil,loss,56,0.45054408482142855,0.3427734375,0.37353515625,0.412109375,0.46875,0.6171875,,
visited_share@400,Devil,all,112,0.6581856863839286,0.3619140625,0.4140625,0.626953125,0.90234375,0.9666015625,,
visited_share@400,Trophy,win,56,0.9711428571428572,0.9336,0.9692000000000001,0.9776,0.9888,0.9928,,
visited_share@400,Trophy,loss,56,0.6498857142857143,0.3656,0.5256,0.644,0.798,0.9319999999999999,,
visited_share@400,Trophy,all,112,0.8105142857142856,0.50288,0.6476,0.9319999999999999,0.9808,0.9904,,
visited_share@400,Autarky,win,56,0.9328703703703703,0.8724279835390947,0.9171810699588477,0.948559670781893,0.9675925925925926,0.9799382716049383,,
visited_share@400,Autarky,loss,56,0.6583994708994708,0.41872427983539096,0.5133744855967078,0.6990740740740741,0.8117283950617283,0.8667695473251029,,
visited_share@400,Autarky,all,112,0.7956349206349207,0.4963991769547325,0.7003600823045267,0.8708847736625513,0.948559670781893,0.9730452674897119,,
visited_share@400,Default,win,56,0.9417724609375,0.86181640625,0.9189453125,0.962890625,0.984619140625,0.99462890625,,
visited_share@400,Default,loss,56,0.7078683035714286,0.4296875,0.56884765625,0.78515625,0.863037109375,0.9306640625,,
visited_share@400,Default,all,112,0.8248203822544643,0.52119140625,0.776123046875,0.89013671875,0.96240234375,0.98916015625,,
visited_share@400,Queen Of Spades,win,56,0.6392857142857142,0.4205714285714286,0.6217142857142857,0.7171428571428571,0.7434285714285714,0.76,,
visited_share@400,Queen Of Spades,loss,56,0.44016326530612243,0.15657142857142858,0.28485714285714286,0.45885714285714285,0.5982857142857143,0.6474285714285715,,
visited_share@400,Queen Of Spades,all,112,0.5397244897959184,0.2132571428571429,0.42628571428571427,0.6085714285714285,0.7262857142857143,0.7507428571428572,,
visited_share@400,Schooltime,win,56,0.7113095238095238,0.6312500000000001,0.6834375,0.7233333333333334,0.7567708333333334,0.7816666666666667,,
visited_share@400,Schooltime,loss,56,0.5106547619047619,0.26375,0.42885416666666665,0.5258333333333334,0.630625,0.6860416666666667,,
visited_share@400,Schooltime,all,112,0.6109821428571428,0.408625,0.5264583333333334,0.65375,0.7283333333333333,0.767,,
visited_share@400,Slithery Fight,win,56,0.648830519862266,0.5573192239858906,0.5877425044091711,0.6328630217519107,0.7060552616108171,0.763668430335097,,
visited_share@400,Slithery Fight,loss,56,0.5859578399260938,0.5067607289829512,0.5407113462669019,0.5773074661963551,0.6244855967078189,0.6569664902998236,,
visited_share@400,Slithery Fight,all,112,0.6173941798941799,0.5303350970017637,0.5671663727219283,0.599647266313933,0.6581422692533804,0.7398589065255732,,
visited_share@400,Trauma,win,55,0.6353061868686868,0.5034722222222222,0.5520833333333333,0.6215277777777778,0.7009548611111112,0.8550347222222222,,
visited_share@400,Trauma,loss,55,0.3959911616161616,0.20520833333333333,0.2938368055555556,0.4140625,0.484375,0.5473958333333333,,
visited_share@400,Trauma,all,112,0.5158885168650793,0.25390625,0.4110243055555556,0.5230034722222222,0.6215277777777778,0.7180555555555556,,
visited_share@400,ALL,win,559,0.7460138249582088,,0.6154858355379189,0.751953125,0.935474537037037,,0.4431640625,0.98884578125
visited_share@400,ALL,loss,559,0.5173569627798391,,0.4033203125,0.5,0.636742151675485,,0.18737857142857142,0.8776077835648148
visited_share@400,ALL,all,1120,0.6315021697033848,,0.46484375,0.6245,0.81298828125,,0.2378529017857143,0.9804534786522633
pearls@400,Portals,win,56,1029.9107142857142,697.0,857.0,1139.0,1220.0,1280.0,,
pearls@400,Portals,loss,56,713.5,183.5,433.75,758.0,1088.5,1230.0,,
pearls@400,Portals,all,112,871.7053571428571,371.3,525.5,968.0,1176.0,1270.7,,
pearls@400,Prisoners Dilemma,win,56,133.46428571428572,24.0,54.0,112.0,184.75,225.5,,
pearls@400,Prisoners Dilemma,loss,56,46.44642857142857,2.0,4.75,17.5,65.25,115.5,,
pearls@400,Prisoners Dilemma,all,112,89.95535714285714,3.0,11.0,57.5,132.25,196.70000000000002,,
pearls@400,Devil,win,56,771.0714285714286,387.0,461.25,645.0,1041.5,1283.0,,
pearls@400,Devil,loss,56,211.53571428571428,35.5,50.5,109.5,188.0,407.0,,
pearls@400,Devil,all,112,491.30357142857144,48.0,112.25,399.5,819.25,1146.8000000000002,,
pearls@400,Trophy,win,56,306.80357142857144,186.5,216.75,280.5,361.75,488.0,,
pearls@400,Trophy,loss,56,101.76785714285714,23.0,47.75,73.0,125.0,229.0,,
pearls@400,Trophy,all,112,204.28571428571428,45.1,73.5,199.5,292.25,401.5000000000001,,
pearls@400,Autarky,win,56,452.7142857142857,262.5,377.5,489.0,536.5,600.0,,
pearls@400,Autarky,loss,56,209.58928571428572,52.5,106.5,161.0,281.25,401.0,,
pearls@400,Autarky,all,112,331.1517857142857,99.2,142.25,306.5,504.5,560.8000000000001,,
pearls@400,Default,win,56,319.25,185.0,246.5,317.5,373.75,457.5,,
pearls@400,Default,loss,56,120.94642857142857,24.0,44.75,97.0,196.0,247.0,,
pearls@400,Default,all,112,220.09821428571428,31.100000000000016,97.5,226.0,316.0,418.5000000000002,,
pearls@400,Queen Of Spades,win,56,253.14285714285714,62.0,159.0,268.0,335.0,430.5,,
pearls@400,Queen Of Spades,loss,56,91.67857142857143,0.0,8.0,50.5,159.5,210.0,,
pearls@400,Queen Of Spades,all,112,172.41071428571428,3.3000000000000043,36.75,159.0,288.0,382.8000000000001,,
pearls@400,Schooltime,win,56,1273.517857142857,976.0,1066.25,1308.5,1474.75,1610.5,,
pearls@400,Schooltime,loss,56,636.5714285714286,26.5,347.5,588.0,992.0,1157.0,,
pearls@400,Schooltime,all,112,955.0446428571429,265.40000000000003,581.0,1013.5,1353.25,1499.0,,
pearls@400,Slithery Fight,win,56,2498.6785714285716,2201.0,2300.75,2453.5,2721.25,2870.0,,
pearls@400,Slithery Fight,loss,56,2586.5714285714284,1609.0,2140.25,2586.5,2986.75,3589.0,,
pearls@400,Slithery Fight,all,112,2542.625,1751.5,2295.0,2536.5,2812.75,3336.5,,
pearls@400,Trauma,win,55,456.1636363636364,238.8,328.5,482.0,596.5,664.8,,
pearls@400,Trauma,loss,55,171.05454545454546,11.8,70.5,148.0,219.0,438.80000000000007,,
pearls@400,Trauma,all,112,312.91964285714283,18.80000000000001,140.75,277.0,495.75,608.5,,
pearls@400,ALL,win,559,749.9964221824687,,266.5,471.0,1077.0,,87.50000000000001,2453.1
pearls@400,ALL,loss,559,489.5348837209302,,50.5,148.0,493.0,,4.0,2580.5000000000005
pearls@400,ALL,all,1120,619.15,,115.0,312.5,846.25,,10.950000000000003,2530.6499999999996
bed_pearls@400,Portals,win,56,481.4642857142857,344.0,407.25,525.5,564.25,580.5,,
bed_pearls@400,Portals,loss,56,344.6607142857143,113.5,209.25,362.0,527.5,566.5,,
bed_pearls@400,Portals,all,112,413.0625,190.1,270.25,466.5,546.25,579.9,,
bed_pearls@400,Prisoners Dilemma,win,56,63.125,11.5,23.5,57.0,86.5,113.0,,
bed_pearls@400,Prisoners Dilemma,loss,56,20.321428571428573,2.0,3.75,10.5,27.25,53.5,,
bed_pearls@400,Prisoners Dilemma,all,112,41.723214285714285,2.1000000000000014,7.75,25.5,62.25,104.80000000000001,,
bed_pearls@400,Devil,win,56,393.44642857142856,202.0,252.75,343.5,522.0,626.5,,
bed_pearls@400,Devil,loss,56,113.58928571428571,27.0,34.75,60.5,103.75,190.5,,
bed_pearls@400,Devil,all,112,253.51785714285714,30.0,61.75,196.0,417.5,562.9,,
bed_pearls@400,Trophy,win,56,183.32142857142858,127.5,141.75,168.5,208.5,280.5,,
bed_pearls@400,Trophy,loss,56,66.33928571428571,13.5,35.0,48.5,82.25,129.0,,
bed_pearls@400,Trophy,all,112,124.83035714285714,34.0,48.75,128.0,170.25,237.70000000000002,,
bed_pearls@400,Autarky,win,56,230.08928571428572,129.5,182.75,230.5,267.5,324.5,,
bed_pearls@400,Autarky,loss,56,100.19642857142857,34.0,53.75,82.0,133.0,196.0,,
bed_pearls@400,Autarky,all,112,165.14285714285714,48.50000000000001,80.5,149.0,242.0,271.8,,
bed_pearls@400,Default,win,56,182.55357142857142,114.5,139.75,182.0,227.0,260.5,,
bed_pearls@400,Default,loss,56,70.94642857142857,16.0,27.75,54.5,114.25,146.0,,
bed_pearls@400,Default,all,112,126.75,24.300000000000004,55.25,127.0,183.75,231.0,,
bed_pearls@400,Queen Of Spades,win,56,137.85714285714286,49.0,94.25,143.0,177.5,232.0,,
bed_pearls@400,Queen Of Spades,loss,56,51.80357142857143,0.0,5.5,33.0,88.75,117.5,,
bed_pearls@400,Queen Of Spades,all,112,94.83035714285714,1.2000000000000028,22.0,91.5,155.25,200.20000000000005,,
bed_pearls@400,Schooltime,win,56,745.6785714285714,543.0,621.25,756.5,851.75,925.0,,
bed_pearls@400,Schooltime,loss,56,354.9642857142857,18.5,203.5,344.5,534.0,628.0,,
bed_pearls@400,Schooltime,all,112,550.3214285714286,157.50000000000003,332.25,575.5,784.0,876.7,,
bed_pearls@400,Slithery Fight,win,56,1269.1785714285713,1140.5,1176.5,1251.5,1358.25,1442.0,,
bed_pearls@400,Slithery Fight,loss,56,1278.857142857143,887.0,1094.5,1287.0,1483.25,1609.0,,
bed_pearls@400,Slithery Fight,all,112,1274.017857142857,992.5,1159.5,1280.0,1400.5,1563.3,,
bed_pearls@400,Trauma,win,55,269.43636363636364,144.8,216.5,272.0,339.5,374.2,,
bed_pearls@400,Trauma,loss,55,108.92727272727272,10.4,56.5,99.0,139.5,255.80000000000004,,
bed_pearls@400,Trauma,all,112,188.76785714285714,18.60000000000001,98.5,176.5,284.0,354.20000000000005,,
bed_pearls@400,ALL,win,559,395.8407871198569,,150.5,249.0,544.0,,46.800000000000004,1249.5
bed_pearls@400,ALL,loss,559,251.3148479427549,,33.0,88.0,252.0,,3.0,1286.2
bed_pearls@400,ALL,all,1120,323.2964285714286,,65.0,172.5,433.25,,7.0,1280.0
births@400,Portals,win,56,388.25,271.0,332.25,423.5,458.5,484.5,,
births@400,Portals,loss,56,269.8392857142857,78.0,176.5,281.0,382.75,458.0,,
births@400,Portals,all,112,329.04464285714283,154.0,218.25,365.0,438.25,475.5,,
births@400,Prisoners Dilemma,win,56,55.857142857142854,16.5,24.0,51.0,74.75,88.5,,
births@400,Prisoners Dilemma,loss,56,18.607142857142858,0.0,1.0,10.0,26.5,48.0,,
births@400,Prisoners Dilemma,all,112,37.232142857142854,0.0,7.0,24.5,56.5,82.70000000000002,,
births@400,Devil,win,56,309.42857142857144,148.5,189.75,268.0,401.25,490.0,,
births@400,Devil,loss,56,80.58928571428571,15.5,21.0,41.5,71.0,155.5,,
births@400,Devil,all,112,195.00892857142858,20.1,42.25,152.0,310.75,460.5000000000001,,
births@400,Trophy,win,56,120.30357142857143,78.5,88.0,111.5,143.0,183.0,,
births@400,Trophy,loss,56,35.160714285714285,8.5,18.0,27.0,44.25,79.5,,
births@400,Trophy,all,112,77.73214285714286,17.1,27.0,78.5,111.25,147.8,,
births@400,Autarky,win,56,175.23214285714286,102.0,145.75,189.0,205.75,229.0,,
births@400,Autarky,loss,56,78.53571428571429,20.0,40.75,61.0,103.0,155.0,,
births@400,Autarky,all,112,126.88392857142857,37.1,57.75,113.5,193.0,213.70000000000002,,
births@400,Default,win,56,119.05357142857143,70.0,95.75,119.5,139.0,177.0,,
births@400,Default,loss,56,44.30357142857143,9.0,16.75,39.5,69.5,90.0,,
births@400,Default,all,112,81.67857142857143,12.0,39.75,83.5,119.25,143.9,,
births@400,Queen Of Spades,win,56,92.625,23.5,61.75,98.5,127.25,154.5,,
births@400,Queen Of Spades,loss,56,32.0,0.0,3.0,17.0,55.0,79.0,,
births@400,Queen Of Spades,all,112,62.3125,1.1000000000000014,12.75,58.0,103.25,130.9,,
births@400,Schooltime,win,56,328.10714285714283,219.0,269.25,331.0,391.25,428.0,,
births@400,Schooltime,loss,56,213.75,11.0,111.5,197.5,348.25,379.0,,
births@400,Schooltime,all,112,270.92857142857144,98.0,185.5,298.0,372.5,416.4000000000001,,
births@400,Slithery Fight,win,56,896.75,763.0,813.5,856.5,967.75,1125.0,,
births@400,Slithery Fight,loss,56,988.1071428571429,608.5,801.0,935.5,1239.5,1375.5,,
births@400,Slithery Fight,all,112,942.4285714285714,657.6,811.25,889.5,1104.75,1299.6000000000001,,
births@400,Trauma,win,55,178.16363636363636,86.6,120.5,192.0,239.0,264.0,,
births@400,Trauma,loss,55,65.2909090909091,6.0,26.0,55.0,86.0,171.20000000000005,,
births@400,Trauma,all,112,121.3125,10.100000000000001,50.5,98.5,201.0,241.8,,
births@400,ALL,win,559,266.5348837209302,,99.0,184.0,358.0,,35.0,856.1
births@400,ALL,loss,559,182.8282647584973,,20.0,55.0,183.0,,1.0,933.5000000000001
births@400,ALL,all,1120,224.45625,,44.0,114.5,284.25,,4.950000000000003,889.05
deaths@400,Portals,win,56,377.0357142857143,259.0,316.75,412.5,449.0,470.5,,
deaths@400,Portals,loss,56,257.05357142857144,61.5,160.75,271.0,376.5,449.5,,
deaths@400,Portals,all,112,317.04464285714283,137.9,197.0,352.5,430.75,462.9,,
deaths@400,Prisoners Dilemma,win,56,44.607142857142854,9.5,19.25,39.5,63.25,74.0,,
deaths@400,Prisoners Dilemma,loss,56,21.160714285714285,3.0,4.0,12.0,28.75,49.5,,
deaths@400,Prisoners Dilemma,all,112,32.88392857142857,3.0,7.0,24.5,48.25,68.0,,
deaths@400,Devil,win,56,272.125,120.5,154.5,225.5,368.25,460.5,,
deaths@400,Devil,loss,56,80.39285714285714,18.5,24.0,44.5,71.75,152.5,,
deaths@400,Devil,all,112,176.25892857142858,23.1,45.25,128.0,275.0,422.30000000000007,,
deaths@400,Trophy,win,56,76.375,32.0,48.0,69.0,93.5,138.5,,
deaths@400,Trophy,loss,56,36.69642857142857,10.5,20.0,29.0,46.0,76.5,,
deaths@400,Trophy,all,112,56.535714285714285,18.1,26.0,47.0,78.25,106.80000000000001,,
deaths@400,Autarky,win,56,142.75,76.0,118.5,155.0,169.25,191.5,,
deaths@400,Autarky,loss,56,79.91071428571429,26.0,46.25,67.0,103.0,152.0,,
deaths@400,Autarky,all,112,111.33035714285714,40.0,60.75,103.5,161.25,178.9,,
deaths@400,Default,win,56,91.10714285714286,43.5,70.5,87.0,106.75,146.0,,
deaths@400,Default,loss,56,42.32142857142857,12.0,19.5,38.0,62.0,85.0,,
deaths@400,Default,all,112,66.71428571428571,15.100000000000001,34.25,70.0,88.25,118.40000000000003,,
deaths@400,Queen Of Spades,win,56,76.66071428571429,9.5,40.0,82.5,102.75,141.0,,
deaths@400,Queen Of Spades,loss,56,32.142857142857146,2.0,5.0,16.5,54.75,76.5,,
deaths@400,Queen Of Spades,all,112,54.401785714285715,2.0,10.75,47.5,89.0,115.80000000000001,,
deaths@400,Schooltime,win,56,280.48214285714283,174.5,228.5,279.5,349.25,379.5,,
deaths@400,Schooltime,loss,56,194.60714285714286,14.0,103.75,173.5,302.75,339.5,,
deaths@400,Schooltime,all,112,237.54464285714286,83.40000000000002,157.0,247.0,331.0,374.8,,
deaths@400,Slithery Fight,win,56,855.1607142857143,719.5,769.25,816.5,922.0,1071.0,,
deaths@400,Slithery Fight,loss,56,949.2857142857143,589.0,756.25,900.0,1185.0,1322.5,,
deaths@400,Slithery Fight,all,112,902.2232142857143,635.0,765.5,848.0,1060.75,1246.3000000000002,,
deaths@400,Trauma,win,55,154.45454545454547,69.8,92.0,163.0,211.0,232.6,,
deaths@400,Trauma,loss,55,54.872727272727275,3.0,20.5,44.0,62.5,153.20000000000005,,
deaths@400,Trauma,all,112,104.35714285714286,6.0,38.75,85.5,179.75,218.70000000000002,,
deaths@400,ALL,win,559,237.2236135957066,,75.5,153.0,323.0,,23.800000000000004,814.5000000000001
deaths@400,ALL,loss,559,175.05903398926654,,21.0,53.0,164.0,,3.0,899.2
deaths@400,ALL,all,1120,205.9294642857143,,39.0,95.0,246.5,,6.0,844.3999999999996
kills@400,Portals,win,56,0.0,0.0,0.0,0.0,0.0,0.0,,
kills@400,Portals,loss,56,0.0,0.0,0.0,0.0,0.0,0.0,,
kills@400,Portals,all,112,0.0,0.0,0.0,0.0,0.0,0.0,,
kills@400,Prisoners Dilemma,win,56,6.053571428571429,2.0,2.0,4.0,8.25,13.5,,
kills@400,Prisoners Dilemma,loss,56,6.0,1.5,2.0,3.5,8.25,13.5,,
kills@400,Prisoners Dilemma,all,112,6.026785714285714,2.0,2.0,4.0,8.25,13.900000000000006,,
kills@400,Devil,win,56,36.44642857142857,16.5,20.0,33.0,51.25,65.5,,
kills@400,Devil,loss,56,36.017857142857146,16.0,20.0,33.0,52.0,65.0,,
kills@400,Devil,all,112,36.232142857142854,16.0,20.0,33.0,52.0,65.0,,
kills@400,Trophy,win,56,29.732142857142858,9.5,16.0,24.0,37.75,59.0,,
kills@400,Trophy,loss,56,29.375,9.5,16.75,24.0,38.25,58.0,,
kills@400,Trophy,all,112,29.553571428571427,9.100000000000001,16.0,24.0,38.25,59.70000000000002,,
kills@400,Autarky,win,56,29.446428571428573,15.0,20.75,29.0,38.25,43.5,,
kills@400,Autarky,loss,56,29.928571428571427,17.0,21.75,30.0,37.5,44.0,,
kills@400,Autarky,all,112,29.6875,16.0,21.0,29.0,38.25,44.0,,
kills@400,Default,win,56,26.696428571428573,8.0,14.5,31.0,37.0,39.5,,
kills@400,Default,loss,56,25.607142857142858,9.0,13.75,27.0,33.25,42.0,,
kills@400,Default,all,112,26.151785714285715,8.100000000000001,13.75,29.0,36.0,41.0,,
kills@400,Queen Of Spades,win,56,11.107142857142858,2.0,4.75,12.0,16.0,20.5,,
kills@400,Queen Of Spades,loss,56,11.285714285714286,2.0,4.0,11.5,17.0,20.5,,
kills@400,Queen Of Spades,all,112,11.196428571428571,2.0,4.0,11.5,17.0,20.900000000000006,,
kills@400,Schooltime,win,56,81.76785714285714,7.5,39.25,75.5,128.0,146.5,,
kills@400,Schooltime,loss,56,79.73214285714286,8.5,33.75,70.5,123.0,145.5,,
kills@400,Schooltime,all,112,80.75,8.0,35.5,74.0,126.25,145.9,,
kills@400,Slithery Fight,win,56,73.67857142857143,47.0,57.25,73.0,90.0,103.0,,
kills@400,Slithery Fight,loss,56,73.01785714285714,43.0,57.5,72.5,90.0,102.0,,
kills@400,Slithery Fight,all,112,73.34821428571429,43.300000000000004,57.5,73.0,90.0,102.9,,
kills@400,Trauma,win,55,9.036363636363637,1.0,4.0,9.0,13.0,16.6,,
kills@400,Trauma,loss,55,9.090909090909092,1.4000000000000004,4.0,9.0,13.0,16.0,,
kills@400,Trauma,all,112,9.116071428571429,1.0,4.0,9.5,13.0,16.0,,
kills@400,ALL,win,559,30.43470483005367,,6.5,19.0,41.0,,0.0,102.20000000000005
kills@400,ALL,loss,559,30.042933810375672,,7.0,20.0,41.0,,0.0,99.20000000000005
kills@400,ALL,all,1120,30.20625,,7.0,19.0,41.0,,0.0,101.04999999999995
units@499,Portals,win,56,2.9464285714285716,1.0,1.0,2.0,2.0,5.0,,
units@499,Portals,loss,56,9.839285714285714,1.0,2.0,6.0,18.25,22.0,,
units@499,Portals,all,112,6.392857142857143,1.0,1.0,2.0,10.25,19.900000000000006,,
units@499,Prisoners Dilemma,win,56,13.142857142857142,4.0,7.75,12.0,16.25,20.5,,
units@499,Prisoners Dilemma,loss,56,0.44642857142857145,0.0,0.0,0.0,0.0,1.0,,
units@499,Prisoners Dilemma,all,112,6.794642857142857,0.0,0.0,2.0,12.0,18.0,,
units@499,Devil,win,56,39.0,6.0,32.75,43.0,51.0,59.0,,
units@499,Devil,loss,56,1.5,0.0,0.0,0.0,0.0,1.0,,
units@499,Devil,all,112,20.25,0.0,0.0,2.0,43.0,53.80000000000001,,
units@499,Trophy,win,56,44.464285714285715,32.5,40.0,44.0,53.25,60.0,,
units@499,Trophy,loss,56,0.7678571428571429,0.0,0.0,0.0,0.0,0.0,,
units@499,Trophy,all,112,22.616071428571427,0.0,0.0,2.5,43.5,55.80000000000001,,
units@499,Autarky,win,56,28.571428571428573,4.0,7.0,21.5,51.5,61.0,,
units@499,Autarky,loss,56,2.8214285714285716,0.0,0.0,1.0,2.0,6.0,,
units@499,Autarky,all,112,15.696428571428571,0.0,1.0,5.0,25.0,58.50000000000003,,
units@499,Default,win,56,18.392857142857142,5.0,6.75,10.0,32.25,44.5,,
units@499,Default,loss,56,5.553571428571429,0.0,0.0,1.0,4.0,10.0,,
units@499,Default,all,112,11.973214285714286,0.0,1.0,6.0,12.25,38.0,,
units@499,Queen Of Spades,win,56,13.732142857142858,3.0,4.0,11.0,20.25,29.5,,
units@499,Queen Of Spades,loss,56,1.4107142857142858,0.0,0.0,0.0,1.0,3.5,,
units@499,Queen Of Spades,all,112,7.571428571428571,0.0,0.0,3.0,12.0,21.0,,
units@499,Schooltime,win,56,22.875,6.5,9.0,14.5,23.25,64.0,,
units@499,Schooltime,loss,56,15.285714285714286,0.0,2.0,5.5,12.75,61.0,,
units@499,Schooltime,all,112,19.080357142857142,1.0,4.0,10.5,22.0,61.900000000000006,,
units@499,Slithery Fight,win,56,12.607142857142858,3.0,4.0,6.0,9.0,49.5,,
units@499,Slithery Fight,loss,56,31.5,3.5,6.0,23.0,61.0,63.0,,
units@499,Slithery Fight,all,112,22.053571428571427,3.0,5.0,8.0,51.25,62.0,,
units@499,Trauma,win,55,8.072727272727272,3.0,4.0,6.0,8.0,15.600000000000001,,
units@499,Trauma,loss,55,8.727272727272727,1.4000000000000004,3.0,5.0,10.0,22.6,,
units@499,Trauma,all,112,8.285714285714286,2.0,3.0,5.5,9.0,18.900000000000006,,
units@499,ALL,win,559,20.402504472271914,,5.0,11.0,37.0,,2.0,60.0
units@499,ALL,loss,559,7.783542039355993,,0.0,1.0,7.0,,0.0,59.10000000000002
units@499,ALL,all,1120,14.071428571428571,,1.0,5.0,19.0,,0.0,60.0
units_share@499,Portals,win,56,0.31198170360661587,0.0625,0.09880952380952382,0.26785714285714285,0.5,0.6666666666666666,,
units_share@499,Portals,loss,56,0.6880182963933841,0.3333333333333333,0.5,0.7321428571428572,0.9011904761904762,0.9375,,
units_share@499,Portals,all,112,0.5,0.08369565217391305,0.2451923076923077,0.5,0.7548076923076923,0.9163043478260869,,
units_share@499,Prisoners Dilemma,win,56,0.9583004857461379,0.8903846153846153,1.0,1.0,1.0,1.0,,
units_share@499,Prisoners Dilemma,loss,56,0.04169951425386208,0.0,0.0,0.0,0.0,0.10961538461538461,,
units_share@499,Prisoners Dilemma,all,112,0.5,0.0,0.0,0.5,1.0,1.0,,
units_share@499,Devil,win,56,0.9372291473407545,0.8504464285714286,1.0,1.0,1.0,1.0,,
units_share@499,Devil,loss,56,0.06277085265924551,0.0,0.0,0.0,0.0,0.14955357142857142,,
units_share@499,Devil,all,112,0.5,0.0,0.0,0.5,1.0,1.0,,
units_share@499,Trophy,win,56,0.9744318181818182,1.0,1.0,1.0,1.0,1.0,,
units_share@499,Trophy,loss,56,0.025568181818181816,0.0,0.0,0.0,0.0,0.0,,
units_share@499,Trophy,all,112,0.5,0.0,0.0,0.5,1.0,1.0,,
units_share@499,Autarky,win,56,0.829813199595509,0.3939393939393939,0.7467105263157895,0.9838709677419355,1.0,1.0,,
units_share@499,Autarky,loss,56,0.17018680040449094,0.0,0.0,0.016129032258064516,0.2532894736842105,0.606060606060606,,
units_share@499,Autarky,all,112,0.5,0.0,0.016129032258064516,0.5,0.9838709677419355,1.0,,
units_share@499,Default,win,56,0.7661345401705032,0.36428571428571427,0.6,0.875,1.0,1.0,,
units_share@499,Default,loss,56,0.23386545982949677,0.0,0.0,0.125,0.4,0.6357142857142857,,
units_share@499,Default,all,112,0.5,0.0,0.10312500000000001,0.5,0.8968750000000001,1.0,,
units_share@499,Queen Of Spades,win,56,0.8660529264406686,0.5142857142857142,0.8308823529411765,1.0,1.0,1.0,,
units_share@499,Queen Of Spades,loss,56,0.1339470735593315,0.0,0.0,0.0,0.16911764705882354,0.4857142857142857,,
units_share@499,Queen Of Spades,all,112,0.5,0.0,0.0,0.5,1.0,1.0,,
units_share@499,Schooltime,win,56,0.6372403137113157,0.1876729559748428,0.41194331983805665,0.6899038461538461,0.9207692307692308,1.0,,
units_share@499,Schooltime,loss,56,0.36275968628868427,0.0,0.07923076923076923,0.31009615384615385,0.5880566801619433,0.8123270440251573,,
units_share@499,Schooltime,all,112,0.5,0.046969696969696995,0.19327370742465083,0.5,0.8067262925753492,0.9530303030303031,,
units_share@499,Slithery Fight,win,56,0.3458637052887206,0.06201923076923077,0.10566485753052918,0.31666666666666665,0.5270034843205575,0.7100840336134454,,
units_share@499,Slithery Fight,loss,56,0.6541362947112795,0.2899159663865546,0.4729965156794425,0.6833333333333333,0.8943351424694708,0.9379807692307692,,
units_share@499,Slithery Fight,all,112,0.5,0.0870843989769821,0.2585470085470085,0.5,0.7414529914529915,0.9129156010230178,,
units_share@499,Trauma,win,55,0.5228078053542741,0.16571428571428573,0.34523809523809523,0.5,0.7386363636363636,0.8333333333333334,,
units_share@499,Trauma,loss,55,0.47719219464572593,0.16666666666666666,0.26136363636363635,0.5,0.6547619047619048,0.8342857142857144,,
units_share@499,Trauma,all,112,0.5,0.16666666666666666,0.3333333333333333,0.5,0.6666666666666666,0.8333333333333334,,
units_share@499,ALL,win,559,0.7153293530216092,,0.45454545454545453,0.8709677419354839,1.0,,0.08695652173913043,1.0
units_share@499,ALL,loss,559,0.2846706469783909,,0.0,0.12903225806451613,0.5454545454545454,,0.0,0.9130434782608695
units_share@499,ALL,all,1120,0.5,,0.07462686567164178,0.5,0.9253731343283582,,0.0,1.0
total@499,Portals,win,56,38.535714285714285,26.0,30.0,33.0,41.0,52.5,,
total@499,Portals,loss,56,43.92857142857143,24.0,31.0,45.0,54.5,67.5,,
total@499,Portals,all,112,41.232142857142854,26.0,30.0,38.0,49.5,61.900000000000006,,
total@499,Prisoners Dilemma,win,56,35.75,16.0,22.75,33.5,43.25,52.5,,
total@499,Prisoners Dilemma,loss,56,1.8035714285714286,0.0,0.0,0.0,0.0,2.0,,
total@499,Prisoners Dilemma,all,112,18.776785714285715,0.0,0.0,16.0,34.0,45.900000000000006,,
total@499,Devil,win,56,110.55357142857143,60.5,94.75,110.0,134.0,158.5,,
total@499,Devil,loss,56,6.910714285714286,0.0,0.0,0.0,0.0,10.0,,
total@499,Devil,all,112,58.732142857142854,0.0,0.0,46.5,113.0,141.0,,
total@499,Trophy,win,56,113.17857142857143,88.0,98.75,108.0,129.25,152.0,,
total@499,Trophy,loss,56,2.732142857142857,0.0,0.0,0.0,0.0,0.0,,
total@499,Trophy,all,112,57.955357142857146,0.0,0.0,57.5,108.0,136.0,,
total@499,Autarky,win,56,112.80357142857143,61.0,80.0,94.5,131.5,200.0,,
total@499,Autarky,loss,56,12.910714285714286,0.0,0.0,2.5,16.0,48.0,,
total@499,Autarky,all,112,62.857142857142854,0.0,2.75,57.0,93.75,154.00000000000006,,
total@499,Default,win,56,91.21428571428571,47.5,66.0,85.5,114.75,131.0,,
total@499,Default,loss,56,20.464285714285715,0.0,0.0,11.0,27.0,46.0,,
total@499,Default,all,112,55.839285714285715,0.0,11.0,47.0,91.25,118.0,,
total@499,Queen Of Spades,win,56,54.142857142857146,28.5,38.75,50.5,68.5,89.5,,
total@499,Queen Of Spades,loss,56,7.357142857142857,0.0,0.0,0.0,8.0,27.0,,
total@499,Queen Of Spades,all,112,30.75,0.0,0.0,28.5,51.0,72.9,,
total@499,Schooltime,win,56,238.46428571428572,105.0,156.0,228.5,299.5,361.5,,
total@499,Schooltime,loss,56,107.66071428571429,0.0,30.0,73.5,166.0,270.5,,
total@499,Schooltime,all,112,173.0625,13.100000000000001,68.25,159.0,264.25,330.70000000000005,,
total@499,Slithery Fight,win,56,128.05357142857142,75.5,90.25,110.0,130.75,209.0,,
total@499,Slithery Fight,loss,56,158.14285714285714,68.0,81.0,161.5,206.25,286.0,,
total@499,Slithery Fight,all,112,143.09821428571428,70.1,87.75,117.0,186.0,281.00000000000006,,
total@499,Trauma,win,55,60.41818181818182,37.8,42.5,55.0,72.5,91.80000000000001,,
total@499,Trauma,loss,55,34.36363636363637,8.4,16.0,29.0,46.5,64.80000000000001,,
total@499,Trauma,all,112,46.99107142857143,13.200000000000003,27.0,43.0,62.25,84.40000000000003,,
total@499,ALL,win,559,98.37924865831843,,45.0,86.0,118.5,,23.0,260.30000000000007
total@499,ALL,loss,559,39.63685152057245,,0.0,9.0,48.0,,0.0,198.10000000000002
total@499,ALL,all,1120,68.92946428571429,,8.75,46.0,100.25,,0.0,224.0999999999999
total_share@499,Portals,win,56,0.47666046367039067,0.31106578276389596,0.3935185185185185,0.46204278812974464,0.5294117647058824,0.6626061277224068,,
total_share@499,Portals,loss,56,0.5233395363296094,0.3373938722775932,0.47058823529411764,0.5379572118702554,0.6064814814814815,0.6889342172361039,,
total_share@499,Portals,all,112,0.5,0.311438679245283,0.4220833333333333,0.5,0.5779166666666666,0.688561320754717,,
total_share@499,Prisoners Dilemma,win,56,0.9708943468259575,0.9702608695652174,1.0,1.0,1.0,1.0,,
total_share@499,Prisoners Dilemma,loss,56,0.029105653174042474,0.0,0.0,0.0,0.0,0.029739130434782608,,
total_share@499,Prisoners Dilemma,all,112,0.5,0.0,0.0,0.5,1.0,1.0,,
total_share@499,Devil,win,56,0.9461411300075616,0.9172906739278421,1.0,1.0,1.0,1.0,,
total_share@499,Devil,loss,56,0.05385886999243835,0.0,0.0,0.0,0.0,0.08270932607215793,,
total_share@499,Devil,all,112,0.5,0.0,0.0,0.5,1.0,1.0,,
total_share@499,Trophy,win,56,0.979049946094979,1.0,1.0,1.0,1.0,1.0,,
total_share@499,Trophy,loss,56,0.02095005390502112,0.0,0.0,0.0,0.0,0.0,,
total_share@499,Trophy,all,112,0.5,0.0,0.0,0.5,1.0,1.0,,
total_share@499,Autarky,win,56,0.8826182691778154,0.5957808655377044,0.8418593212001967,0.9841090282266753,1.0,1.0,,
total_share@499,Autarky,loss,56,0.11738173082218466,0.0,0.0,0.015890971773324714,0.15814067879980323,0.40421913446229557,,
total_share@499,Autarky,all,112,0.5,0.0,0.01893449687567335,0.5,0.9810655031243266,1.0,,
total_share@499,Default,win,56,0.8238721426533893,0.550412917539751,0.7281329113924051,0.9220970970970971,1.0,1.0,,
total_share@499,Default,loss,56,0.17612785734661077,0.0,0.0,0.07790290290290292,0.2718670886075949,0.449587082460249,,
total_share@499,Default,all,112,0.5,0.0,0.07385918527222876,0.5,0.9261408147277712,1.0,,
total_share@499,Queen Of Spades,win,56,0.9031342357609439,0.5776712328767123,0.8985714285714286,1.0,1.0,1.0,,
total_share@499,Queen Of Spades,loss,56,0.09686576423905623,0.0,0.0,0.0,0.10142857142857142,0.42232876712328765,,
total_share@499,Queen Of Spades,all,112,0.5,0.0,0.0,0.5,1.0,1.0,,
total_share@499,Schooltime,win,56,0.7011491463891348,0.26017331433998103,0.4851163082587231,0.7666630488525499,0.9234472049689442,1.0,,
total_share@499,Schooltime,loss,56,0.298850853610865,0.0,0.0765527950310559,0.23333695114745004,0.5148836917412769,0.739826685660019,,
total_share@499,Schooltime,all,112,0.5,0.02844611528822058,0.20876357486202599,0.5,0.791236425137974,0.9715538847117796,,
total_share@499,Slithery Fight,win,56,0.4639489129264232,0.25258170292539317,0.31805555555555554,0.44238053613053613,0.6180201848707791,0.7126558484819644,,
total_share@499,Slithery Fight,loss,56,0.5360510870735767,0.2873441515180356,0.38197981512922086,0.5576194638694638,0.6819444444444445,0.7474182970746068,,
total_share@499,Slithery Fight,all,112,0.5,0.26682584269662923,0.3408119150553471,0.5,0.659188084944653,0.7331741573033709,,
total_share@499,Trauma,win,55,0.6477450662876592,0.3355664488017429,0.5172169811320755,0.6666666666666666,0.772812573305184,0.9123870591664238,,
total_share@499,Trauma,loss,55,0.35225493371234085,0.08761294083357622,0.22718742669481584,0.3333333333333333,0.4827830188679245,0.6644335511982571,,
total_share@499,Trauma,all,112,0.5,0.15375950436496766,0.31424323215750616,0.5,0.6857567678424938,0.8462404956350326,,
total_share@499,ALL,win,559,0.7797571017570493,,0.5598916852500797,0.9217391304347826,1.0,,0.29517857142857146,1.0
total_share@499,ALL,loss,559,0.22024289824295065,,0.0,0.0782608695652174,0.44010831474992035,,0.0,0.7048214285714286
total_share@499,ALL,all,1120,0.5,,0.07792642140468228,0.5,0.9220735785953178,,0.0,1.0
longest@499,Portals,win,56,25.410714285714285,18.5,21.0,26.0,30.0,33.0,,
longest@499,Portals,loss,56,13.910714285714286,3.0,5.0,14.0,20.25,27.0,,
longest@499,Portals,all,112,19.660714285714285,5.0,12.0,21.0,28.0,31.0,,
longest@499,Prisoners Dilemma,win,56,7.142857142857143,3.0,3.0,4.0,6.0,12.0,,
longest@499,Prisoners Dilemma,loss,56,0.9464285714285714,0.0,0.0,0.0,0.0,2.0,,
longest@499,Prisoners Dilemma,all,112,4.044642857142857,0.0,0.0,3.0,4.0,11.900000000000006,,
longest@499,Devil,win,56,9.035714285714286,4.0,4.0,5.5,11.0,18.0,,
longest@499,Devil,loss,56,1.8035714285714286,0.0,0.0,0.0,0.0,7.0,,
longest@499,Devil,all,112,5.419642857142857,0.0,0.0,4.0,7.0,14.900000000000006,,
longest@499,Trophy,win,56,5.875,3.0,3.0,4.0,5.0,8.0,,
longest@499,Trophy,loss,56,0.5714285714285714,0.0,0.0,0.0,0.0,0.0,,
longest@499,Trophy,all,112,3.2232142857142856,0.0,0.0,3.0,4.0,6.0,,
longest@499,Autarky,win,56,19.214285714285715,4.0,6.0,14.0,30.5,40.5,,
longest@499,Autarky,loss,56,4.785714285714286,0.0,0.0,2.5,7.5,13.0,,
longest@499,Autarky,all,112,12.0,0.0,2.75,6.5,18.25,34.0,,
longest@499,Default,win,56,17.392857142857142,4.0,8.75,17.5,27.0,29.5,,
longest@499,Default,loss,56,6.160714285714286,0.0,0.0,3.0,11.0,16.0,,
longest@499,Default,all,112,11.776785714285714,0.0,3.0,11.0,18.0,27.900000000000006,,
longest@499,Queen Of Spades,win,56,13.589285714285714,3.0,4.0,13.0,21.25,28.5,,
longest@499,Queen Of Spades,loss,56,3.732142857142857,0.0,0.0,0.0,7.25,13.0,,
longest@499,Queen Of Spades,all,112,8.660714285714286,0.0,0.0,4.0,15.0,23.900000000000006,,
longest@499,Schooltime,win,56,45.75,23.5,38.75,46.0,55.25,62.0,,
longest@499,Schooltime,loss,56,19.267857142857142,0.0,12.75,17.5,29.0,34.0,,
longest@499,Schooltime,all,112,32.50892857142857,8.200000000000003,15.75,32.0,47.25,57.0,,
longest@499,Slithery Fight,win,56,38.339285714285715,25.0,30.75,37.0,46.25,53.0,,
longest@499,Slithery Fight,loss,56,22.767857142857142,12.0,13.75,22.0,29.25,36.5,,
longest@499,Slithery Fight,all,112,30.553571428571427,13.0,20.0,30.0,40.0,48.0,,
longest@499,Trauma,win,55,17.163636363636364,12.0,14.0,18.0,20.0,22.0,,
longest@499,Trauma,loss,55,8.454545454545455,3.4000000000000004,5.0,8.0,11.0,15.0,,
longest@499,Trauma,all,112,12.8125,5.0,8.0,13.0,18.0,21.0,,
longest@499,ALL,win,559,19.89624329159213,,5.0,16.0,30.0,,3.0,52.0
longest@499,ALL,loss,559,8.239713774597496,,0.0,4.0,14.0,,0.0,30.0
longest@499,ALL,all,1120,14.066071428571428,,3.0,9.0,22.0,,0.0,44.0
longest_share@499,Portals,win,56,0.6758261308551433,0.525,0.5533854166666667,0.6238207547169812,0.7882775119617225,0.8782051282051282,,
longest_share@499,Portals,loss,56,0.3241738691448567,0.12179487179487179,0.2117224880382775,0.3761792452830189,0.4466145833333333,0.475,,
longest_share@499,Portals,all,112,0.5,0.1930769230769231,0.37676886792452835,0.5,0.6232311320754716,0.806923076923077,,
longest_share@499,Prisoners Dilemma,win,56,0.9704080060321874,0.9424440807419531,1.0,1.0,1.0,1.0,,
longest_share@499,Prisoners Dilemma,loss,56,0.02959199396781258,0.0,0.0,0.0,0.0,0.057555919258046914,,
longest_share@499,Prisoners Dilemma,all,112,0.5,0.0,0.0,0.5,1.0,1.0,,
longest_share@499,Devil,win,56,0.9369694045369819,0.6078787878787879,1.0,1.0,1.0,1.0,,
longest_share@499,Devil,loss,56,0.06303059546301823,0.0,0.0,0.0,0.0,0.3921212121212121,,
longest_share@499,Devil,all,112,0.5,0.0,0.0,0.5,1.0,1.0,,
longest_share@499,Trophy,win,56,0.9890609390609392,1.0,1.0,1.0,1.0,1.0,,
longest_share@499,Trophy,loss,56,0.01093906093906094,0.0,0.0,0.0,0.0,0.0,,
longest_share@499,Trophy,all,112,0.5,0.0,0.0,0.5,1.0,1.0,,
longest_share@499,Autarky,win,56,0.8703635323476789,0.6711711711711712,0.7368181818181818,0.9428571428571428,1.0,1.0,,
longest_share@499,Autarky,loss,56,0.12963646765232117,0.0,0.0,0.05714285714285714,0.2631818181818182,0.3288288288288288,,
longest_share@499,Autarky,all,112,0.5,0.0,0.06190476190476191,0.5,0.9380952380952381,1.0,,
longest_share@499,Default,win,56,0.8121006461893174,0.5588235294117647,0.6271802325581395,0.8514705882352941,1.0,1.0,,
longest_share@499,Default,loss,56,0.18789935381068254,0.0,0.0,0.14852941176470588,0.37281976744186046,0.4411764705882353,,
longest_share@499,Default,all,112,0.5,0.0,0.14926470588235294,0.5,0.850735294117647,1.0,,
longest_share@499,Queen Of Spades,win,56,0.8860582861193785,0.6111111111111112,0.7513071895424837,1.0,1.0,1.0,,
longest_share@499,Queen Of Spades,loss,56,0.11394171388062133,0.0,0.0,0.0,0.24869281045751634,0.3888888888888889,,
longest_share@499,Queen Of Spades,all,112,0.5,0.0,0.0,0.5,1.0,1.0,,
longest_share@499,Schooltime,win,56,0.7433288282077576,0.5649460188933872,0.606981981981982,0.7188676017789941,0.8279974890144381,1.0,,
longest_share@499,Schooltime,loss,56,0.2566711717922424,0.0,0.17200251098556182,0.2811323982210058,0.39301801801801806,0.4350539811066127,,
longest_share@499,Schooltime,all,112,0.5,0.10676552363299358,0.2824580910023948,0.5,0.7175419089976052,0.8932344763670067,,
longest_share@499,Slithery Fight,win,56,0.6327667023324813,0.5303308823529411,0.5659756703078451,0.6158318425760286,0.7107843137254902,0.7582125603864734,,
longest_share@499,Slithery Fight,loss,56,0.3672332976675185,0.24178743961352656,0.28921568627450983,0.38416815742397137,0.43402432969215493,0.4696691176470588,,
longest_share@499,Slithery Fight,all,112,0.5,0.2727272727272727,0.38439177101967803,0.5,0.615608228980322,0.7272727272727273,,
longest_share@499,Trauma,win,55,0.6811972231240288,0.5381818181818182,0.5811403508771931,0.6666666666666666,0.7692307692307693,0.8503105590062112,,
longest_share@499,Trauma,loss,55,0.3188027768759712,0.14968944099378884,0.23076923076923078,0.3333333333333333,0.41885964912280704,0.46181818181818185,,
longest_share@499,Trauma,all,112,0.5,0.20222222222222228,0.3333333333333333,0.5,0.6666666666666666,0.7977777777777779,,
longest_share@499,ALL,win,559,0.8200559318604759,,0.6363636363636364,0.8529411764705882,1.0,,0.5287087912087912,1.0
longest_share@499,ALL,loss,559,0.17994406813952404,,0.0,0.14705882352941177,0.36363636363636365,,0.0,0.47129120879120884
longest_share@499,ALL,all,1120,0.5,,0.14787581699346405,0.5,0.8521241830065359,,0.0,1.0
top1_share@499,Portals,win,56,0.746108714591841,0.30810983397190295,0.5342809364548495,0.7965517241379311,1.0,1.0,,
top1_share@499,Portals,loss,55,0.3911156854053316,0.10137672090112641,0.11942959001782531,0.2876712328767123,0.637218045112782,1.0,,
top1_share@499,Portals,all,111,0.5702112676976246,0.11363636363636363,0.20204081632653062,0.575,1.0,1.0,,
top1_share@499,Prisoners Dilemma,win,56,0.21421179186382774,0.07712590639419908,0.09303977272727273,0.13043478260869565,0.1879222972972973,0.4505247376311844,,
top1_share@499,Prisoners Dilemma,loss,7,0.8639524775427413,0.5837728194726166,0.9117647058823529,1.0,1.0,1.0,,
top1_share@499,Prisoners Dilemma,all,63,0.28640520138370706,0.08112502746649089,0.09761904761904762,0.13636363636363635,0.34134615384615385,0.8721818181818184,,
top1_share@499,Devil,win,56,0.13179129404524254,0.035409322365844105,0.03956582633053221,0.04455979124120717,0.07339656729900632,0.3981553398058253,,
top1_share@499,Devil,loss,10,0.6701854882705947,0.0962847790507365,0.23333333333333334,1.0,1.0,1.0,,
top1_share@499,Devil,all,66,0.21336617195817467,0.036885942546319904,0.040080645161290326,0.046798029556650245,0.11567164179104478,1.0,,
top1_share@499,Trophy,win,56,0.06188594981286228,0.026088929219600723,0.02934037692747002,0.035892483502333816,0.044330669330669335,0.06293898156277436,,
top1_share@499,Trophy,loss,2,0.3107142857142857,0.09261904761904763,0.17440476190476192,0.3107142857142857,0.44702380952380955,0.5288095238095238,,
top1_share@499,Trophy,all,58,0.07046623725773894,0.02617967332123412,0.029543853469531527,0.03709862385321101,0.04507992007992008,0.0748949579831934,,
top1_share@499,Autarky,win,56,0.23182923033300762,0.03561113067981683,0.044620756718529,0.1022834274952919,0.44375489939900703,0.5205645161290322,,
top1_share@499,Autarky,loss,29,0.6253369231413096,0.10573426573426574,0.4117647058823529,0.6153846153846154,1.0,1.0,,
top1_share@499,Autarky,all,85,0.3660847961146636,0.03796388712458034,0.05853658536585366,0.3380281690140845,0.5454545454545454,0.9250000000000016,,
top1_share@499,Default,win,56,0.2384101119057125,0.04619758351101634,0.0661983348201011,0.20833333333333334,0.32821503404924046,0.4063530116871441,,
top1_share@499,Default,loss,38,0.5775754686723603,0.05757211538461539,0.318687230989957,0.5477272727272727,1.0,1.0,,
top1_share@499,Default,all,94,0.3755195114496764,0.04825106879129421,0.1306728022849889,0.2922979797979798,0.5293103448275862,1.0,,
top1_share@499,Queen Of Spades,win,56,0.27735316886466227,0.06458333333333333,0.08968177434908389,0.2120689655172414,0.4821428571428571,0.5611111111111111,,
top1_share@499,Queen Of Spades,loss,22,0.7161270977712516,0.24678777137793534,0.37327188940092165,1.0,1.0,1.0,,
top1_share@499,Queen Of Spades,all,78,0.4011099180434438,0.07155849524596941,0.11458333333333334,0.3022115823073416,0.5535714285714286,1.0,,
top1_share@499,Schooltime,win,56,0.24542239218131376,0.06309992480205245,0.15811386888973097,0.20708181318406715,0.30511785246617196,0.42738260352684765,,
top1_share@499,Schooltime,loss,46,0.3330822988222533,0.05844872566726872,0.1322491056298249,0.2382092851879145,0.5006336405529953,0.7113095238095238,,
top1_share@499,Schooltime,all,102,0.28495529125467867,0.06232765779507989,0.15127459749552774,0.22544767152193662,0.3659090909090909,0.6082912032355916,,
top1_share@499,Slithery Fight,win,56,0.37231958001346716,0.0902514017001266,0.2893954248366013,0.3585018585018585,0.4481584876089725,0.590311986863711,,
top1_share@499,Slithery Fight,loss,56,0.23097943820082806,0.05764089161259313,0.07234080923339237,0.1011604774535809,0.3539634146341463,0.5261904761904762,,
top1_share@499,Slithery Fight,all,112,0.30164950910714755,0.06341829085457272,0.08764739718147828,0.3045444832253009,0.4102977667493797,0.5663663663663664,,
top1_share@499,Trauma,win,55,0.3244933932209235,0.15208602150537637,0.23051409618573798,0.30303030303030304,0.42857142857142855,0.512986156888596,,
top1_share@499,Trauma,loss,54,0.3716965296176692,0.10267722473604826,0.16826923076923075,0.31534090909090906,0.4787581699346405,0.752747252747253,,
top1_share@499,Trauma,all,111,0.3509797227613057,0.11267605633802817,0.20544733044733043,0.3055555555555556,0.4467120181405896,0.5641025641025641,,
top1_share@499,ALL,win,559,0.28431080806693965,,0.0625,0.205607476635514,0.4182186234817814,,0.03161826756018864,0.88
top1_share@499,ALL,loss,319,0.4358871320071044,,0.125,0.3380281690140845,0.7,,0.05625435691878704,1.0
top1_share@499,ALL,all,880,0.33979288274964264,,0.08536585365853659,0.2562255608149825,0.5102599179206566,,0.03603064141986298,1.0
len_gini@499,Portals,win,56,0.13524431632322972,0.0,0.0,0.06874999999999998,0.26681286549707595,0.33686313686313685,,
len_gini@499,Portals,loss,56,0.13522970375375393,0.0,0.07933436532507737,0.14981043710972353,0.1823733964524708,0.26217596229379414,,
len_gini@499,Portals,all,112,0.1352370100384918,0.0,0.0,0.1369318181818182,0.21920786182251345,0.30944700460829494,,
len_gini@499,Prisoners Dilemma,win,56,0.14974690201926438,0.05714285714285716,0.07500000000000012,0.09592822636300902,0.16462339743589743,0.325287356321839,,
len_gini@499,Prisoners Dilemma,loss,56,0.010977091986219776,0.0,0.0,0.0,0.0,0.0,,
len_gini@499,Prisoners Dilemma,all,112,0.08036199700274207,0.0,0.0,0.01976284584980237,0.11007742257742265,0.22808108108108113,,
len_gini@499,Devil,win,56,0.15359555905438982,0.10074649780040446,0.1085284280936456,0.13467507929010059,0.19270305015497324,0.2435967237385679,,
len_gini@499,Devil,loss,56,0.013660522397224527,0.0,0.0,0.0,0.0,0.0,,
len_gini@499,Devil,all,112,0.08362804072580718,0.0,0.0,0.0540643062171019,0.140072357804098,0.20829227433977132,,
len_gini@499,Trophy,win,56,0.12073043817841593,0.09309356083401188,0.09855573354568697,0.10883256811496533,0.12445689942056215,0.15146737133398458,,
len_gini@499,Trophy,loss,56,0.003387879542060724,0.0,0.0,0.0,0.0,0.0,,
len_gini@499,Trophy,all,112,0.062059158860238335,0.0,0.0,0.07069327022766925,0.10880470609296355,0.13077116092338573,,
len_gini@499,Autarky,win,56,0.26150613863307065,0.10778860274996604,0.15504247886838018,0.23089641648391623,0.4007142857142858,0.43172485007347394,,
len_gini@499,Autarky,loss,56,0.07543728607575963,0.0,0.0,0.0,0.14579589216944805,0.26729055258467016,,
len_gini@499,Autarky,all,112,0.16847171235441513,0.0,0.0,0.147368592669884,0.259593837535014,0.411001029714622,,
len_gini@499,Default,win,56,0.26370898905024437,0.11414071184507923,0.16349480968858138,0.27169646934410074,0.34187772397094424,0.3994616615742761,,
len_gini@499,Default,loss,56,0.0763830450385936,0.0,0.0,0.0,0.11641656191074795,0.2608885017421603,,
len_gini@499,Default,all,112,0.17004601704441896,0.0,0.0,0.1530793767635874,0.28995984922976087,0.3636580000379285,,
len_gini@499,Queen Of Spades,win,56,0.20905111119398573,0.08571428571428563,0.10952609890109882,0.15937399549983933,0.32512531328320804,0.4011494252873564,,
len_gini@499,Queen Of Spades,loss,56,0.033766522634335036,0.0,0.0,0.0,0.0,0.18274193548387097,,
len_gini@499,Queen Of Spades,all,112,0.1214088169141604,0.0,0.0,0.09563734030197446,0.2114661654135338,0.35626934984520137,,
len_gini@499,Schooltime,win,56,0.3836870436900615,0.301512124239397,0.339240725426467,0.37812511267757987,0.42847951138867985,0.4977935252325496,,
len_gini@499,Schooltime,loss,56,0.21174979029560184,0.0,0.017921146953405076,0.25956606514296743,0.32131709615541004,0.38415746379920745,,
len_gini@499,Schooltime,all,112,0.2977184169928317,0.0,0.23736927053554419,0.3349654177240383,0.38650901310254127,0.44268579011841563,,
len_gini@499,Slithery Fight,win,56,0.3468580110242031,0.2187690991321355,0.2814655172413794,0.3496362858365425,0.41552601261217553,0.5016274254899129,,
len_gini@499,Slithery Fight,loss,56,0.31628718811245105,0.2544725738396624,0.2786937225570974,0.30530537796513946,0.3546358858858859,0.4015663390663391,,
len_gini@499,Slithery Fight,all,112,0.3315725995683271,0.23485318177904066,0.2786937225570974,0.3272753486421307,0.3881128464929588,0.4448801169590643,,
len_gini@499,Trauma,win,55,0.25057013112070803,0.11831292517006813,0.18566308243727603,0.26315789473684204,0.29813237812021265,0.3755091315201682,,
len_gini@499,Trauma,loss,55,0.17071976273067613,0.0,0.0989886550231378,0.17989417989418,0.2371328671328672,0.3061111111111112,,
len_gini@499,Trauma,all,112,0.2072405728734476,0.055272596843615546,0.1350069013112491,0.21612293906810032,0.28157955339559115,0.34494787489975937,,
len_gini@499,ALL,win,559,0.22742853975846763,,0.1102073612051312,0.21052631578947367,0.3394035772882328,,0.0,0.4603566433566435
len_gini@499,ALL,loss,559,0.10464188304293952,,0.0,0.0,0.21749194847020936,,0.0,0.3567361111111112
len_gini@499,ALL,all,1120,0.16577443423748803,,0.0,0.13880479294135462,0.2857973421926911,,0.0,0.4254282023637584
seen_share@499,Portals,win,56,0.9937220982142857,1.0,1.0,1.0,1.0,1.0,,
seen_share@499,Portals,loss,56,0.9296875,0.79296875,0.888671875,1.0,1.0,1.0,,
seen_share@499,Portals,all,112,0.9617047991071429,0.8763671875,1.0,1.0,1.0,1.0,,
seen_share@499,Prisoners Dilemma,win,56,0.9698311941964286,0.9755859375,1.0,1.0,1.0,1.0,,
seen_share@499,Prisoners Dilemma,loss,56,0.8836844308035714,0.59765625,0.8076171875,0.955078125,1.0,1.0,,
seen_share@499,Prisoners Dilemma,all,112,0.9267578125,0.7445312500000001,0.890625,1.0,1.0,1.0,,
seen_share@499,Devil,win,56,0.988525390625,1.0,1.0,1.0,1.0,1.0,,
seen_share@499,Devil,loss,56,0.7490583147321429,0.6591796875,0.6826171875,0.724609375,0.78271484375,0.873046875,,
seen_share@499,Devil,all,112,0.8687918526785714,0.6759765625,0.724609375,0.9775390625,1.0,1.0,,
seen_share@499,Trophy,win,56,1.0,1.0,1.0,1.0,1.0,1.0,,
seen_share@499,Trophy,loss,56,0.9640285714285713,0.892,0.9528,1.0,1.0,1.0,,
seen_share@499,Trophy,all,112,0.9820142857142857,0.93664,1.0,1.0,1.0,1.0,,
seen_share@499,Autarky,win,56,1.0,1.0,1.0,1.0,1.0,1.0,,
seen_share@499,Autarky,loss,56,0.9897303057025278,0.9727366255144032,0.996656378600823,1.0,1.0,1.0,,
seen_share@499,Autarky,all,112,0.9948651528512639,0.9882716049382716,1.0,1.0,1.0,1.0,,
seen_share@499,Default,win,56,0.9987095424107143,1.0,1.0,1.0,1.0,1.0,,
seen_share@499,Default,loss,56,0.9806605747767857,0.9443359375,0.97509765625,1.0,1.0,1.0,,
seen_share@499,Default,all,112,0.98968505859375,0.96484375,0.9990234375,1.0,1.0,1.0,,
seen_share@499,Queen Of Spades,win,56,0.9699591836734694,0.948,1.0,1.0,1.0,1.0,,
seen_share@499,Queen Of Spades,loss,56,0.9052244897959183,0.685142857142857,0.9262857142857143,0.98,1.0,1.0,,
seen_share@499,Queen Of Spades,all,112,0.9375918367346939,0.7793142857142857,0.9588571428571429,1.0,1.0,1.0,,
seen_share@499,Schooltime,win,56,0.9825372023809524,0.9635416666666667,0.9765625,0.9927083333333333,0.995,0.9970833333333333,,
seen_share@499,Schooltime,loss,56,0.9135267857142857,0.77875,0.888125,0.9470833333333333,0.9769791666666667,0.9929166666666667,,
seen_share@499,Schooltime,all,112,0.948031994047619,0.8566250000000001,0.9354166666666667,0.9764583333333333,0.9941666666666666,0.9965833333333334,,
seen_share@499,Slithery Fight,win,56,0.9098534475518603,0.784538506760729,0.8330393885949441,0.9462081128747795,0.9854497354497355,0.9973544973544974,,
seen_share@499,Slithery Fight,loss,56,0.8551167380532461,0.7457378012933569,0.7865961199294533,0.843915343915344,0.9319517930629042,0.9729570840681951,,
seen_share@499,Slithery Fight,all,112,0.882485092802553,0.7597883597883598,0.7971781305114639,0.8797766019988242,0.967225161669606,0.9931804820693709,,
seen_share@499,Trauma,win,55,0.8980113636363637,0.7623263888888889,0.8515625,0.8940972222222222,0.9995659722222222,1.0,,
seen_share@499,Trauma,loss,55,0.6795928030303029,0.4609375,0.6098090277777778,0.6848958333333334,0.7365451388888888,0.860763888888889,,
seen_share@499,Trauma,all,112,0.7890469990079365,0.5789930555555556,0.6744791666666666,0.8059895833333333,0.8943142361111112,1.0,,
seen_share@499,ALL,win,559,0.9712457179015238,,0.9929861111111111,1.0,1.0,,0.7951698908730159,1.0
seen_share@499,ALL,loss,559,0.8853985616870508,,0.7890534979423869,0.9570840681951793,1.0,,0.6109375,1.0
seen_share@499,ALL,all,1120,0.9280974884037816,,0.8923611111111112,0.9990234375,1.0,,0.6659613715277778,1.0
visited_share@499,Portals,win,56,0.46065848214285715,0.447265625,0.46044921875,0.466796875,0.46875,0.46875,,
visited_share@499,Portals,loss,56,0.42905970982142855,0.3759765625,0.419921875,0.4541015625,0.46875,0.46875,,
visited_share@499,Portals,all,112,0.44485909598214285,0.40625,0.44091796875,0.46484375,0.46875,0.46875,,
visited_share@499,Prisoners Dilemma,win,56,0.6578892299107143,0.3876953125,0.5625,0.7294921875,0.81298828125,0.8671875,,
visited_share@499,Prisoners Dilemma,loss,56,0.348388671875,0.1083984375,0.1796875,0.3291015625,0.48681640625,0.623046875,,
visited_share@499,Prisoners Dilemma,all,112,0.5031389508928571,0.11777343750000001,0.2861328125,0.52734375,0.73486328125,0.82421875,,
visited_share@499,Devil,win,56,0.8758021763392857,0.7548828125,0.8193359375,0.9150390625,0.96533203125,0.9833984375,,
visited_share@499,Devil,loss,56,0.454345703125,0.3427734375,0.37353515625,0.412109375,0.46875,0.62109375,,
visited_share@499,Devil,all,112,0.6650739397321429,0.3619140625,0.4140625,0.689453125,0.91455078125,0.9703125,,
visited_share@499,Trophy,win,56,0.9713714285714286,0.9383999999999999,0.9692000000000001,0.9776,0.9888,0.9936,,
visited_share@499,Trophy,loss,56,0.6510571428571429,0.3656,0.5256,0.644,0.798,0.94,,
visited_share@499,Trophy,all,112,0.8112142857142857,0.50288,0.6476,0.94,0.9808,0.9918399999999999,,
visited_share@499,Autarky,win,56,0.9423500881834215,0.8832304526748971,0.9287551440329218,0.9521604938271605,0.9794238683127572,0.9835390946502057,,
visited_share@499,Autarky,loss,56,0.6655827454438565,0.41872427983539096,0.5133744855967078,0.7067901234567902,0.8150720164609053,0.8878600823045267,,
visited_share@499,Autarky,all,112,0.803966416813639,0.4963991769547325,0.7093621399176955,0.8832304526748971,0.9513888888888888,0.9794238683127572,,
visited_share@499,Default,win,56,0.9517473493303571,0.87255859375,0.933837890625,0.966796875,0.990234375,0.9970703125,,
visited_share@499,Default,loss,56,0.7254464285714286,0.46923828125,0.587158203125,0.79296875,0.88916015625,0.9521484375,,
visited_share@499,Default,all,112,0.8385968889508929,0.52646484375,0.80126953125,0.90771484375,0.971923828125,0.9951171875,,
visited_share@499,Queen Of Spades,win,56,0.6491020408163265,0.4205714285714286,0.6248571428571428,0.7285714285714286,0.7534285714285714,0.7702857142857142,,
visited_share@499,Queen Of Spades,loss,56,0.4488163265306122,0.15657142857142858,0.3182857142857143,0.4634285714285714,0.608,0.6765714285714286,,
visited_share@499,Queen Of Spades,all,112,0.5489591836734694,0.2132571428571429,0.4342857142857143,0.6188571428571428,0.7345714285714287,0.7565714285714286,,
visited_share@499,Schooltime,win,56,0.7269345238095237,0.6579166666666667,0.6978125,0.7352083333333334,0.7695833333333334,0.7897916666666667,,
visited_share@499,Schooltime,loss,56,0.540171130952381,0.26375,0.4504166666666667,0.5660416666666667,0.6663541666666667,0.7185416666666666,,
visited_share@499,Schooltime,all,112,0.6335528273809524,0.43104166666666666,0.5509375,0.6852083333333333,0.7402083333333334,0.7840416666666666,,
visited_share@499,Slithery Fight,win,56,0.6753380364491476,0.5711346266901822,0.5962669018224573,0.6657848324514991,0.7702821869488536,0.784538506760729,,
visited_share@499,Slithery Fight,loss,56,0.6206748131351306,0.5396825396825397,0.5684891240446797,0.5993533215755438,0.6675485008818343,0.7192827748383304,,
visited_share@499,Slithery Fight,all,112,0.648006424792139,0.549265138154027,0.5783362727807172,0.6352145796590241,0.7026748971193415,0.7785420340975897,,
visited_share@499,Trauma,win,55,0.6608428030303031,0.5098958333333333,0.57421875,0.6432291666666666,0.7369791666666667,0.8977430555555556,,
visited_share@499,Trauma,loss,55,0.41627209595959597,0.23385416666666667,0.3133680555555556,0.4453125,0.4939236111111111,0.5598958333333333,,
visited_share@499,Trauma,all,112,0.5384657118055556,0.2789062500000001,0.4253472222222222,0.5381944444444444,0.6438802083333333,0.7539062500000001,,
visited_share@499,ALL,win,559,0.75737599656107,,0.6328125,0.7691428571428571,0.948559670781893,,0.4509765625,0.9902509375
visited_share@499,ALL,loss,559,0.5301848925353285,,0.408203125,0.5142857142857142,0.6643151087595531,,0.1905,0.89951171875
visited_share@499,ALL,all,1120,0.6435833725738076,,0.46875,0.6439002976190475,0.82421875,,0.24703385416666665,0.9835390946502057
pearls@499,Portals,win,56,1112.142857142857,765.0,941.0,1206.5,1304.25,1362.5,,
pearls@499,Portals,loss,56,778.6607142857143,183.5,488.5,813.0,1184.75,1304.0,,
pearls@499,Portals,all,112,945.4017857142857,453.1,589.25,1064.5,1251.75,1349.7,,
pearls@499,Prisoners Dilemma,win,56,142.08928571428572,24.0,54.0,112.0,191.0,270.0,,
pearls@499,Prisoners Dilemma,loss,56,48.142857142857146,2.0,4.75,19.0,65.25,127.5,,
pearls@499,Prisoners Dilemma,all,112,95.11607142857143,3.0,11.0,58.0,133.75,202.8,,
pearls@499,Devil,win,56,816.875,409.0,461.25,658.0,1103.0,1335.5,,
pearls@499,Devil,loss,56,233.80357142857142,35.5,50.5,109.5,188.0,447.5,,
pearls@499,Devil,all,112,525.3392857142857,48.0,112.25,420.5,836.75,1258.1000000000001,,
pearls@499,Trophy,win,56,314.2857142857143,186.5,216.75,280.5,376.0,488.0,,
pearls@499,Trophy,loss,56,105.625,23.0,47.75,73.0,127.0,239.5,,
pearls@499,Trophy,all,112,209.95535714285714,45.1,73.5,199.5,296.0,401.9000000000001,,
pearls@499,Autarky,win,56,508.4642857142857,268.5,405.5,502.5,625.75,661.5,,
pearls@499,Autarky,loss,56,227.16071428571428,52.5,106.5,161.0,299.25,440.0,,
pearls@499,Autarky,all,112,367.8125,99.2,153.75,334.5,562.5,654.9000000000001,,
pearls@499,Default,win,56,383.67857142857144,221.0,315.75,373.0,451.0,565.5,,
pearls@499,Default,loss,56,141.17857142857142,24.0,44.75,113.0,223.5,288.0,,
pearls@499,Default,all,112,262.42857142857144,31.100000000000016,113.5,249.0,376.75,479.9,,
pearls@499,Queen Of Spades,win,56,286.125,62.0,165.5,318.0,386.5,492.5,,
pearls@499,Queen Of Spades,loss,56,98.42857142857143,0.0,8.0,50.5,183.25,228.0,,
pearls@499,Queen Of Spades,all,112,192.27678571428572,3.3000000000000043,36.75,171.0,339.0,422.20000000000005,,
pearls@499,Schooltime,win,56,1522.8392857142858,1097.5,1264.75,1604.5,1752.75,1917.0,,
pearls@499,Schooltime,loss,56,782.5178571428571,26.5,454.0,722.0,1201.5,1439.0,,
pearls@499,Schooltime,all,112,1152.6785714285713,292.8,706.0,1237.0,1624.5,1844.3,,
pearls@499,Slithery Fight,win,56,2771.7678571428573,2402.0,2506.0,2678.0,2916.0,3365.5,,
pearls@499,Slithery Fight,loss,56,3002.3928571428573,1879.0,2327.0,2847.0,3769.25,4301.5,,
pearls@499,Slithery Fight,all,112,2887.0803571428573,2074.7,2494.25,2745.5,3209.0,4109.9,,
pearls@499,Trauma,win,55,534.0181818181818,282.0,410.5,549.0,676.0,760.2,,
pearls@499,Trauma,loss,55,205.38181818181818,15.600000000000001,81.0,190.0,272.0,474.2000000000001,,
pearls@499,Trauma,all,112,368.5267857142857,35.50000000000002,188.0,337.0,566.0,682.9,,
pearls@499,ALL,win,559,839.7745974955277,,303.0,519.0,1205.0,,87.50000000000001,2678.0
pearls@499,ALL,loss,559,562.9677996422182,,50.5,159.0,556.0,,4.900000000000002,2836.6000000000004
pearls@499,ALL,all,1120,700.6616071428572,,125.0,350.0,933.25,,11.0,2742.3499999999995
bed_pearls@499,Portals,win,56,511.875,364.5,432.75,558.5,599.0,621.0,,
bed_pearls@499,Portals,loss,56,370.14285714285717,113.5,235.5,373.0,560.5,599.0,,
bed_pearls@499,Portals,all,112,441.00892857142856,212.4,286.75,493.5,580.25,610.9,,
bed_pearls@499,Prisoners Dilemma,win,56,67.19642857142857,11.5,23.5,57.0,88.75,122.0,,
bed_pearls@499,Prisoners Dilemma,loss,56,21.553571428571427,2.0,3.75,11.5,27.25,58.0,,
bed_pearls@499,Prisoners Dilemma,all,112,44.375,2.1000000000000014,7.75,26.0,62.25,109.70000000000002,,
bed_pearls@499,Devil,win,56,415.64285714285717,210.0,253.75,354.0,557.0,682.5,,
bed_pearls@499,Devil,loss,56,124.76785714285714,27.0,34.75,61.0,103.75,209.5,,
bed_pearls@499,Devil,all,112,270.20535714285717,30.0,62.5,209.5,417.5,630.4000000000001,,
bed_pearls@499,Trophy,win,56,187.16071428571428,127.5,141.75,169.0,214.75,280.5,,
bed_pearls@499,Trophy,loss,56,68.75,13.5,35.0,48.5,86.25,131.0,,
bed_pearls@499,Trophy,all,112,127.95535714285714,34.0,48.75,129.0,174.25,237.70000000000002,,
bed_pearls@499,Autarky,win,56,257.51785714285717,134.0,204.5,257.0,312.5,348.5,,
bed_pearls@499,Autarky,loss,56,109.21428571428571,34.0,53.75,88.5,145.25,215.0,,
bed_pearls@499,Autarky,all,112,183.36607142857142,48.50000000000001,87.0,164.5,278.5,323.40000000000003,,
bed_pearls@499,Default,win,56,215.125,130.5,172.5,213.0,254.75,315.5,,
bed_pearls@499,Default,loss,56,83.01785714285714,16.0,27.75,61.5,129.5,167.0,,
bed_pearls@499,Default,all,112,149.07142857142858,24.300000000000004,61.75,144.5,218.75,275.20000000000005,,
bed_pearls@499,Queen Of Spades,win,56,153.98214285714286,49.0,102.25,167.0,203.5,244.5,,
bed_pearls@499,Queen Of Spades,loss,56,55.80357142857143,0.0,5.5,34.0,99.25,131.0,,
bed_pearls@499,Queen Of Spades,all,112,104.89285714285714,1.2000000000000028,23.0,101.5,174.5,219.8,,
bed_pearls@499,Schooltime,win,56,877.4107142857143,628.0,708.5,924.0,1004.0,1088.0,,
bed_pearls@499,Schooltime,loss,56,437.07142857142856,18.5,258.75,425.0,633.25,766.0,,
bed_pearls@499,Schooltime,all,112,657.2410714285714,194.1,404.25,671.0,945.5,1044.7,,
bed_pearls@499,Slithery Fight,win,56,1388.4285714285713,1212.0,1262.5,1348.0,1440.75,1674.0,,
bed_pearls@499,Slithery Fight,loss,56,1474.125,1018.0,1193.25,1409.0,1834.25,1946.5,,
bed_pearls@499,Slithery Fight,all,112,1431.2767857142858,1134.7,1247.25,1371.0,1582.5,1917.8000000000002,,
bed_pearls@499,Trauma,win,55,298.9818181818182,166.4,250.0,302.0,370.5,403.8,,
bed_pearls@499,Trauma,loss,55,124.72727272727273,11.200000000000001,61.5,118.0,174.0,277.2,,
bed_pearls@499,Trauma,all,112,211.23214285714286,24.70000000000001,117.5,197.5,307.75,379.20000000000005,,
bed_pearls@499,ALL,win,559,437.57960644007153,,168.0,280.0,582.0,,46.800000000000004,1350.0
bed_pearls@499,ALL,loss,559,287.20751341681574,,33.0,94.0,298.5,,3.0,1404.2000000000003
bed_pearls@499,ALL,all,1120,362.0625,,68.75,194.0,472.25,,8.0,1375.05
births@499,Portals,win,56,400.73214285714283,280.0,350.0,427.5,466.75,498.0,,
births@499,Portals,loss,56,285.10714285714283,78.0,199.25,289.0,402.5,467.0,,
births@499,Portals,all,112,342.91964285714283,180.5,234.75,375.5,448.25,488.40000000000003,,
births@499,Prisoners Dilemma,win,56,57.5,16.5,24.0,51.0,74.75,91.5,,
births@499,Prisoners Dilemma,loss,56,18.946428571428573,0.0,1.0,11.0,26.5,48.0,,
births@499,Prisoners Dilemma,all,112,38.223214285714285,0.0,7.0,24.5,56.5,83.60000000000002,,
births@499,Devil,win,56,322.39285714285717,157.0,196.0,271.5,409.5,498.0,,
births@499,Devil,loss,56,85.96428571428571,15.5,21.0,41.5,74.0,161.5,,
births@499,Devil,all,112,204.17857142857142,20.1,42.25,161.5,331.25,475.5000000000001,,
births@499,Trophy,win,56,120.82142857142857,78.5,88.75,111.5,143.0,191.0,,
births@499,Trophy,loss,56,36.160714285714285,8.5,18.0,27.0,44.25,79.5,,
births@499,Trophy,all,112,78.49107142857143,17.1,27.0,78.5,112.5,147.8,,
births@499,Autarky,win,56,182.125,103.5,147.5,194.0,208.75,245.0,,
births@499,Autarky,loss,56,81.57142857142857,20.0,40.75,64.5,103.0,158.5,,
births@499,Autarky,all,112,131.84821428571428,37.1,58.0,115.5,200.0,223.8,,
births@499,Default,win,56,122.94642857142857,70.5,97.0,122.0,141.75,183.0,,
births@499,Default,loss,56,48.535714285714285,9.0,16.75,43.0,75.0,94.0,,
births@499,Default,all,112,85.74107142857143,12.0,43.5,86.5,123.25,152.0,,
births@499,Queen Of Spades,win,56,97.26785714285714,23.5,64.5,103.5,132.25,162.5,,
births@499,Queen Of Spades,loss,56,32.92857142857143,0.0,3.0,17.0,56.5,79.0,,
births@499,Queen Of Spades,all,112,65.09821428571429,1.1000000000000014,12.75,60.0,108.5,147.9,,
births@499,Schooltime,win,56,348.5,240.0,285.25,344.5,405.5,451.5,,
births@499,Schooltime,loss,56,237.375,11.0,113.75,231.5,363.25,418.5,,
births@499,Schooltime,all,112,292.9375,98.5,197.5,313.5,392.5,448.40000000000003,,
births@499,Slithery Fight,win,56,950.75,796.5,840.75,893.5,985.75,1299.5,,
births@499,Slithery Fight,loss,56,1113.017857142857,698.0,832.25,960.0,1493.5,1606.5,,
births@499,Slithery Fight,all,112,1031.8839285714287,765.2,834.0,924.0,1202.0,1561.9,,
births@499,Trauma,win,55,193.8909090909091,99.0,144.5,201.0,250.5,281.2,,
births@499,Trauma,loss,55,74.94545454545455,7.0,27.5,60.0,113.0,185.2,,
births@499,Trauma,all,112,133.85714285714286,14.200000000000003,59.75,120.0,209.75,258.9,,
births@499,ALL,win,559,279.84615384615387,,103.5,189.0,374.5,,35.0,892.3000000000001
births@499,ALL,loss,559,201.68157423971377,,20.0,58.0,206.0,,1.0,956.8000000000002
births@499,ALL,all,1120,240.51785714285714,,46.0,120.5,300.0,,4.950000000000003,924.0
deaths@499,Portals,win,56,400.9107142857143,282.0,351.75,429.5,468.75,499.0,,
deaths@499,Portals,loss,56,278.23214285714283,61.5,182.75,290.0,402.25,467.5,,
deaths@499,Portals,all,112,339.57142857142856,165.60000000000002,222.75,377.0,448.25,489.5,,
deaths@499,Prisoners Dilemma,win,56,47.339285714285715,9.5,19.25,39.5,65.0,88.5,,
deaths@499,Prisoners Dilemma,loss,56,21.446428571428573,3.0,4.0,13.5,29.5,50.0,,
deaths@499,Prisoners Dilemma,all,112,34.392857142857146,3.0,7.75,24.5,49.0,71.70000000000002,,
deaths@499,Devil,win,56,286.3392857142857,125.5,154.75,229.0,379.25,476.0,,
deaths@499,Devil,loss,56,87.46428571428571,18.5,24.0,44.5,73.25,163.5,,
deaths@499,Devil,all,112,186.90178571428572,23.1,45.25,133.0,295.75,442.4000000000001,,
deaths@499,Trophy,win,56,78.375,32.0,48.0,69.0,93.5,144.5,,
deaths@499,Trophy,loss,56,37.410714285714285,10.5,20.0,29.0,46.25,81.5,,
deaths@499,Trophy,all,112,57.892857142857146,18.1,26.0,47.5,79.0,107.0,,
deaths@499,Autarky,win,56,159.53571428571428,76.5,127.25,157.0,196.5,221.0,,
deaths@499,Autarky,loss,56,84.75,26.0,46.75,68.0,107.5,161.0,,
deaths@499,Autarky,all,112,122.14285714285714,40.1,62.75,112.0,172.0,216.9,,
deaths@499,Default,win,56,108.60714285714286,59.0,84.75,105.0,126.0,179.0,,
deaths@499,Default,loss,56,46.982142857142854,12.0,20.25,41.5,73.25,92.5,,
deaths@499,Default,all,112,77.79464285714286,15.100000000000001,40.75,77.5,104.5,132.0,,
deaths@499,Queen Of Spades,win,56,85.55357142857143,9.5,44.0,96.5,116.75,154.0,,
deaths@499,Queen Of Spades,loss,56,33.517857142857146,2.0,5.0,19.0,57.75,78.5,,
deaths@499,Queen Of Spades,all,112,59.535714285714285,2.0,10.75,48.0,100.25,134.00000000000006,,
deaths@499,Schooltime,win,56,328.73214285714283,189.5,274.75,336.0,401.0,437.0,,
deaths@499,Schooltime,loss,56,225.16071428571428,14.0,113.75,206.5,353.25,395.5,,
deaths@499,Schooltime,all,112,276.94642857142856,95.60000000000001,176.25,303.5,380.5,422.70000000000005,,
deaths@499,Slithery Fight,win,56,945.25,796.0,843.25,892.0,988.0,1273.5,,
deaths@499,Slithery Fight,loss,56,1088.8392857142858,679.5,828.75,961.0,1439.5,1554.5,,
deaths@499,Slithery Fight,all,112,1017.0446428571429,753.2,834.25,922.5,1190.25,1508.1000000000001,,
deaths@499,Trauma,win,55,187.9090909090909,96.4,135.5,200.0,244.0,275.2,,
deaths@499,Trauma,loss,55,68.14545454545454,5.0,23.0,54.0,95.5,174.20000000000005,,
deaths@499,Trauma,all,112,127.58035714285714,9.200000000000003,53.75,113.0,209.0,250.8,,
deaths@499,ALL,win,559,262.9892665474061,,84.5,163.0,357.0,,23.800000000000004,892.0
deaths@499,ALL,loss,559,197.4257602862254,,21.5,59.0,191.0,,3.0,958.6000000000001
deaths@499,ALL,all,1120,229.98035714285714,,41.0,105.0,293.0,,6.0,922.05
kills@499,Portals,win,56,0.0,0.0,0.0,0.0,0.0,0.0,,
kills@499,Portals,loss,56,0.0,0.0,0.0,0.0,0.0,0.0,,
kills@499,Portals,all,112,0.0,0.0,0.0,0.0,0.0,0.0,,
kills@499,Prisoners Dilemma,win,56,6.178571428571429,2.0,2.0,4.0,8.25,14.0,,
kills@499,Prisoners Dilemma,loss,56,6.142857142857143,1.5,2.0,3.5,8.25,14.0,,
kills@499,Prisoners Dilemma,all,112,6.160714285714286,2.0,2.0,4.0,8.25,14.800000000000011,,
kills@499,Devil,win,56,37.267857142857146,16.5,20.0,33.0,51.25,69.0,,
kills@499,Devil,loss,56,36.875,16.0,20.0,33.0,52.25,68.5,,
kills@499,Devil,all,112,37.07142857142857,16.0,20.0,33.0,52.0,69.80000000000001,,
kills@499,Trophy,win,56,30.142857142857142,9.5,16.0,24.0,38.5,61.0,,
kills@499,Trophy,loss,56,29.803571428571427,9.5,16.75,24.0,39.0,60.5,,
kills@499,Trophy,all,112,29.973214285714285,9.100000000000001,16.0,24.0,39.0,61.0,,
kills@499,Autarky,win,56,30.535714285714285,15.0,20.75,30.0,39.25,44.5,,
kills@499,Autarky,loss,56,31.107142857142858,17.0,22.0,31.0,38.5,46.5,,
kills@499,Autarky,all,112,30.821428571428573,16.0,21.0,30.5,39.25,46.0,,
kills@499,Default,win,56,28.339285714285715,8.0,14.75,34.5,38.25,44.5,,
kills@499,Default,loss,56,27.214285714285715,9.0,13.75,30.0,36.0,44.0,,
kills@499,Default,all,112,27.776785714285715,8.100000000000001,14.0,31.0,38.0,44.900000000000006,,
kills@499,Queen Of Spades,win,56,11.732142857142858,2.0,4.75,12.0,17.25,23.5,,
kills@499,Queen Of Spades,loss,56,12.0,2.0,4.0,11.5,18.25,22.0,,
kills@499,Queen Of Spades,all,112,11.866071428571429,2.0,4.0,11.5,18.0,22.900000000000006,,
kills@499,Schooltime,win,56,88.375,9.0,43.0,85.5,139.25,157.0,,
kills@499,Schooltime,loss,56,85.66071428571429,8.5,37.0,78.5,138.75,154.0,,
kills@499,Schooltime,all,112,87.01785714285714,8.100000000000001,39.5,81.5,139.25,157.60000000000002,,
kills@499,Slithery Fight,win,56,78.28571428571429,51.0,60.75,78.0,94.0,105.5,,
kills@499,Slithery Fight,loss,56,77.44642857142857,49.0,59.5,79.0,94.25,105.5,,
kills@499,Slithery Fight,all,112,77.86607142857143,49.0,60.0,78.5,94.0,106.70000000000002,,
kills@499,Trauma,win,55,10.072727272727272,1.0,4.5,11.0,15.0,18.0,,
kills@499,Trauma,loss,55,10.10909090909091,2.0,4.0,11.0,15.0,17.6,,
kills@499,Trauma,all,112,10.160714285714286,1.1000000000000014,4.0,11.0,15.0,18.0,,
kills@499,ALL,win,559,32.13237924865832,,7.0,20.0,43.0,,0.0,107.0
kills@499,ALL,loss,559,31.674418604651162,,7.0,20.0,43.5,,0.0,105.20000000000005
kills@499,ALL,all,1120,31.87142857142857,,7.0,20.0,43.0,,0.0,107.0
small_share@100,Portals,win,56,0.929059006385008,0.8117647058823529,0.8986842105263158,0.9333333333333333,1.0,1.0,,
small_share@100,Portals,loss,56,0.9516020485147807,0.8708333333333333,0.9291666666666667,0.9473684210526315,1.0,1.0,,
small_share@100,Portals,all,112,0.9403305274498944,0.8436090225563909,0.9090909090909091,0.9444444444444444,1.0,1.0,,
small_share@100,Prisoners Dilemma,win,56,0.9175026362526363,0.7083333333333333,0.8972222222222223,1.0,1.0,1.0,,
small_share@100,Prisoners Dilemma,loss,40,0.8910416666666666,0.65,1.0,1.0,1.0,1.0,,
small_share@100,Prisoners Dilemma,all,96,0.9064772322584823,0.6666666666666666,0.9,1.0,1.0,1.0,,
small_share@100,Devil,win,56,0.9409991812501283,0.8819444444444444,0.9157608695652173,0.936491935483871,0.9727564102564102,1.0,,
small_share@100,Devil,loss,56,0.9685997335997337,0.8944444444444444,1.0,1.0,1.0,1.0,,
small_share@100,Devil,all,112,0.954799457424931,0.8888888888888888,0.9230769230769231,0.9880952380952381,1.0,1.0,,
small_share@100,Trophy,win,56,0.9708390180294472,0.9314263322884012,0.95,0.9722007722007722,1.0,1.0,,
small_share@100,Trophy,loss,53,0.9710155088208712,0.8818181818181818,1.0,1.0,1.0,1.0,,
small_share@100,Trophy,all,109,0.9709248346528002,0.9230769230769231,0.9534883720930233,1.0,1.0,1.0,,
small_share@100,Autarky,win,56,0.9511664294603059,0.8885448916408669,0.9236111111111112,0.9473684210526315,1.0,1.0,,
small_share@100,Autarky,loss,55,0.9429514039139707,0.8476923076923076,0.9128787878787878,1.0,1.0,1.0,,
small_share@100,Autarky,all,111,0.9470959213067163,0.875,0.9166666666666666,0.9523809523809523,1.0,1.0,,
small_share@100,Default,win,56,0.993154597595387,1.0,1.0,1.0,1.0,1.0,,
small_share@100,Default,loss,56,0.9317785068572884,0.75,0.9068181818181817,1.0,1.0,1.0,,
small_share@100,Default,all,112,0.9624665522263377,0.8589285714285714,1.0,1.0,1.0,1.0,,
small_share@100,Queen Of Spades,win,56,0.9423428185376714,0.788888888888889,0.9402573529411764,1.0,1.0,1.0,,
small_share@100,Queen Of Spades,loss,52,0.9708458208458209,0.8571428571428571,1.0,1.0,1.0,1.0,,
small_share@100,Queen Of Spades,all,108,0.9560664863156693,0.8181818181818182,1.0,1.0,1.0,1.0,,
small_share@100,Schooltime,win,56,0.9462520055752278,0.8900966183574879,0.9241654571843252,0.9569597069597069,0.9744492044063647,1.0,,
small_share@100,Schooltime,loss,56,0.9188614269569333,0.8528708133971292,0.9147727272727273,0.956439393939394,1.0,1.0,,
small_share@100,Schooltime,all,112,0.9325567162660805,0.875635593220339,0.9197297297297298,0.956439393939394,0.9773498062015503,1.0,,
small_share@100,Slithery Fight,win,56,0.920466912577365,0.8806779661016949,0.8976871468926554,0.9240384615384616,0.9439108061749572,0.9622103386809269,,
small_share@100,Slithery Fight,loss,56,0.9014186762167429,0.8224014336917562,0.879298245614035,0.9110671936758893,0.9378188775510204,0.949944382647386,,
small_share@100,Slithery Fight,all,112,0.910942794397054,0.8376988984088127,0.8923701298701299,0.919994879672299,0.9411764705882353,0.96,,
small_share@100,Trauma,win,55,0.9715724961313194,0.9166666666666666,0.9411764705882353,1.0,1.0,1.0,,
small_share@100,Trauma,loss,55,0.9901911976911977,0.9466666666666667,1.0,1.0,1.0,1.0,,
small_share@100,Trauma,all,112,0.9812232425021291,0.9173076923076923,1.0,1.0,1.0,1.0,,
small_share@100,ALL,win,559,0.9482939413315931,,0.9230769230769231,0.967741935483871,1.0,,0.8323529411764706,1.0
small_share@100,ALL,loss,535,0.9449698997506292,,0.9230769230769231,1.0,1.0,,0.7859649122807018,1.0
small_share@100,ALL,all,1096,0.9467657021632729,,0.9230769230769231,1.0,1.0,,0.8,1.0
big_share@100,Portals,win,56,0.0,0.0,0.0,0.0,0.0,0.0,,
big_share@100,Portals,loss,56,0.0,0.0,0.0,0.0,0.0,0.0,,
big_share@100,Portals,all,112,0.0,0.0,0.0,0.0,0.0,0.0,,
big_share@100,Prisoners Dilemma,win,56,0.010700113378684805,0.0,0.0,0.0,0.0,0.0,,
big_share@100,Prisoners Dilemma,loss,40,0.025,0.0,0.0,0.0,0.0,0.0,,
big_share@100,Prisoners Dilemma,all,96,0.016658399470899473,0.0,0.0,0.0,0.0,0.0,,
big_share@100,Devil,win,56,0.0,0.0,0.0,0.0,0.0,0.0,,
big_share@100,Devil,loss,56,0.0,0.0,0.0,0.0,0.0,0.0,,
big_share@100,Devil,all,112,0.0,0.0,0.0,0.0,0.0,0.0,,
big_share@100,Trophy,win,56,0.0,0.0,0.0,0.0,0.0,0.0,,
big_share@100,Trophy,loss,53,0.0,0.0,0.0,0.0,0.0,0.0,,
big_share@100,Trophy,all,109,0.0,0.0,0.0,0.0,0.0,0.0,,
big_share@100,Autarky,win,56,0.00583714190897911,0.0,0.0,0.0,0.0,0.03300865800865801,,
big_share@100,Autarky,loss,55,0.001652892561983471,0.0,0.0,0.0,0.0,0.0,,
big_share@100,Autarky,all,111,0.003763865205512803,0.0,0.0,0.0,0.0,0.0,,
big_share@100,Default,win,56,0.0,0.0,0.0,0.0,0.0,0.0,,
big_share@100,Default,loss,56,0.004464285714285714,0.0,0.0,0.0,0.0,0.0,,
big_share@100,Default,all,112,0.002232142857142857,0.0,0.0,0.0,0.0,0.0,,
big_share@100,Queen Of Spades,win,56,0.0,0.0,0.0,0.0,0.0,0.0,,
big_share@100,Queen Of Spades,loss,52,0.0,0.0,0.0,0.0,0.0,0.0,,
big_share@100,Queen Of Spades,all,108,0.0,0.0,0.0,0.0,0.0,0.0,,
big_share@100,Schooltime,win,56,0.00027901785714285713,0.0,0.0,0.0,0.0,0.0,,
big_share@100,Schooltime,loss,56,0.0016233766233766235,0.0,0.0,0.0,0.0,0.0,,
big_share@100,Schooltime,all,112,0.0009511972402597403,0.0,0.0,0.0,0.0,0.0,,
big_share@100,Slithery Fight,win,56,0.0019476117332813201,0.0,0.0,0.0,0.0,0.0,,
big_share@100,Slithery Fight,loss,56,0.005571870888141215,0.0,0.0,0.0,0.0,0.023809523809523808,,
big_share@100,Slithery Fight,all,112,0.0037597413107112675,0.0,0.0,0.0,0.0,0.019570135746606338,,
big_share@100,Trauma,win,55,0.0,0.0,0.0,0.0,0.0,0.0,,
big_share@100,Trauma,loss,55,0.0,0.0,0.0,0.0,0.0,0.0,,
big_share@100,Trauma,all,112,0.0,0.0,0.0,0.0,0.0,0.0,,
big_share@100,ALL,win,559,0.0018797451756224206,,0.0,0.0,0.0,,0.0,0.0
big_share@100,ALL,loss,535,0.0032595195356151206,,0.0,0.0,0.0,,0.0,0.0
big_share@100,ALL,all,1096,0.0025498362269407147,,0.0,0.0,0.0,,0.0,0.0
small_share@250,Portals,win,56,0.9323294620367187,0.8568181818181818,0.9068181818181817,0.949874686716792,0.96,1.0,,
small_share@250,Portals,loss,56,0.9439116636659862,0.872983870967742,0.9109730848861284,0.9555335968379447,1.0,1.0,,
small_share@250,Portals,all,112,0.9381205628513526,0.8636363636363636,0.9080086580086579,0.9534632034632035,1.0,1.0,,
small_share@250,Prisoners Dilemma,win,56,0.9296618215374913,0.8452380952380952,0.9090909090909091,1.0,1.0,1.0,,
small_share@250,Prisoners Dilemma,loss,21,0.9884004884004883,1.0,1.0,1.0,1.0,1.0,,
small_share@250,Prisoners Dilemma,all,77,0.9456814579546723,0.861038961038961,0.9230769230769231,1.0,1.0,1.0,,
small_share@250,Devil,win,56,0.9274063546894837,0.85,0.9067950581395349,0.9425824175824176,0.9767441860465116,1.0,,
small_share@250,Devil,loss,28,0.9696349426976398,0.9100877192982456,1.0,1.0,1.0,1.0,,
small_share@250,Devil,all,84,0.9414825506922025,0.8735449735449735,0.9157608695652173,0.9655172413793104,1.0,1.0,,
small_share@250,Trophy,win,56,0.973988317596921,0.9393382352941176,0.9635989010989011,0.9795833333333333,1.0,1.0,,
small_share@250,Trophy,loss,20,0.9688610240334379,0.8607105538140021,1.0,1.0,1.0,1.0,,
small_share@250,Trophy,all,76,0.972639029817057,0.9116541353383458,0.9642857142857143,1.0,1.0,1.0,,
small_share@250,Autarky,win,56,0.9479438243937309,0.8962121212121212,0.939375,0.9666295884315907,0.9863636363636363,1.0,,
small_share@250,Autarky,loss,48,0.931597915060086,0.75,0.9880952380952381,1.0,1.0,1.0,,
small_share@250,Autarky,all,104,0.9403995585474334,0.861111111111111,0.9473684210526315,0.9818181818181818,1.0,1.0,,
small_share@250,Default,win,56,0.968860645322618,0.9365079365079365,0.9626068376068375,1.0,1.0,1.0,,
small_share@250,Default,loss,53,0.8996756793475417,0.6666666666666666,0.9523809523809523,1.0,1.0,1.0,,
small_share@250,Default,all,109,0.93522024902281,0.8133689839572193,0.9583333333333334,1.0,1.0,1.0,,
small_share@250,Queen Of Spades,win,56,0.9671895378064279,0.9128787878787878,0.9375,1.0,1.0,1.0,,
small_share@250,Queen Of Spades,loss,40,0.916630765068265,0.7416666666666667,0.9147727272727273,1.0,1.0,1.0,,
small_share@250,Queen Of Spades,all,96,0.9461233824988601,0.8888888888888888,0.9252136752136753,1.0,1.0,1.0,,
small_share@250,Schooltime,win,56,0.7259793958834145,0.453125,0.60546875,0.7265625,0.921875,0.981386612021858,,
small_share@250,Schooltime,loss,54,0.8469457859303824,0.6375000000000001,0.7797619047619048,0.9377394636015326,1.0,1.0,,
small_share@250,Schooltime,all,110,0.7853628964519259,0.5,0.66796875,0.8452380952380952,0.9660714285714286,1.0,,
small_share@250,Slithery Fight,win,56,0.8895527571543563,0.735792349726776,0.89765625,0.9212549603174602,0.9508196721311475,0.9669218151995627,,
small_share@250,Slithery Fight,loss,56,0.8021760885724597,0.556349873843566,0.675141242937853,0.8935883620689655,0.9189342403628118,0.9516129032258065,,
small_share@250,Slithery Fight,all,112,0.8458644228634079,0.5670289855072463,0.8080357142857143,0.90625,0.9367559523809523,0.953125,,
small_share@250,Trauma,win,55,0.9566665728693823,0.9230769230769231,0.9522727272727273,0.9714285714285714,1.0,1.0,,
small_share@250,Trauma,loss,55,0.9683548646516561,0.88,0.9522727272727273,1.0,1.0,1.0,,
small_share@250,Trauma,all,112,0.9631801702112243,0.921255060728745,0.9534090909090909,0.9795577805590321,1.0,1.0,,
small_share@250,ALL,win,559,0.9218957782243312,,0.9126620900076277,0.9565217391304348,1.0,,0.6404969262295082,1.0
small_share@250,ALL,loss,431,0.9121198486892855,,0.9032258064516129,1.0,1.0,,0.5619517543859649,1.0
small_share@250,ALL,all,992,0.9178058415448419,,0.9090909090909091,0.9629629629629629,1.0,,0.609375,1.0
big_share@250,Portals,win,56,0.0,0.0,0.0,0.0,0.0,0.0,,
big_share@250,Portals,loss,56,0.0008928571428571429,0.0,0.0,0.0,0.0,0.0,,
big_share@250,Portals,all,112,0.00044642857142857147,0.0,0.0,0.0,0.0,0.0,,
big_share@250,Prisoners Dilemma,win,56,0.0025801493192797544,0.0,0.0,0.0,0.0,0.0,,
big_share@250,Prisoners Dilemma,loss,21,0.0,0.0,0.0,0.0,0.0,0.0,,
big_share@250,Prisoners Dilemma,all,77,0.0018764722322034575,0.0,0.0,0.0,0.0,0.0,,
big_share@250,Devil,win,56,0.000849864021756519,0.0,0.0,0.0,0.0,0.0,,
big_share@250,Devil,loss,28,0.0,0.0,0.0,0.0,0.0,0.0,,
big_share@250,Devil,all,84,0.000566576014504346,0.0,0.0,0.0,0.0,0.0,,
big_share@250,Trophy,win,56,0.0,0.0,0.0,0.0,0.0,0.0,,
big_share@250,Trophy,loss,20,0.0,0.0,0.0,0.0,0.0,0.0,,
big_share@250,Trophy,all,76,0.0,0.0,0.0,0.0,0.0,0.0,,
big_share@250,Autarky,win,56,0.0019143399869164075,0.0,0.0,0.0,0.0,0.0,,
big_share@250,Autarky,loss,48,0.0,0.0,0.0,0.0,0.0,0.0,,
big_share@250,Autarky,all,104,0.0010307984544934501,0.0,0.0,0.0,0.0,0.0,,
big_share@250,Default,win,56,0.0,0.0,0.0,0.0,0.0,0.0,,
big_share@250,Default,loss,53,0.006289308176100628,0.0,0.0,0.0,0.0,0.0,,
big_share@250,Default,all,109,0.0030581039755351682,0.0,0.0,0.0,0.0,0.0,,
big_share@250,Queen Of Spades,win,56,0.0,0.0,0.0,0.0,0.0,0.0,,
big_share@250,Queen Of Spades,loss,40,0.0,0.0,0.0,0.0,0.0,0.0,,
big_share@250,Queen Of Spades,all,96,0.0,0.0,0.0,0.0,0.0,0.0,,
big_share@250,Schooltime,win,56,0.05289677222195656,0.0,0.0,0.03125,0.06401249024199844,0.13788006756756757,,
big_share@250,Schooltime,loss,54,0.011634482718123597,0.0,0.0,0.0,0.0,0.036902927580893766,,
big_share@250,Schooltime,all,110,0.0326407391928022,0.0,0.0,0.0,0.046875,0.08347457627118644,,
big_share@250,Slithery Fight,win,56,0.002919091513773218,0.0,0.0,0.0,0.0,0.0,,
big_share@250,Slithery Fight,loss,56,0.009919013641959183,0.0,0.0,0.0,0.017097829319060363,0.046511627906976744,,
big_share@250,Slithery Fight,all,112,0.0064190525778662,0.0,0.0,0.0,0.0,0.02262845849802372,,
big_share@250,Trauma,win,55,0.004545454545454545,0.0,0.0,0.0,0.0,0.0,,
big_share@250,Trauma,loss,55,0.004545454545454545,0.0,0.0,0.0,0.0,0.0,,
big_share@250,Trauma,all,112,0.004464285714285714,0.0,0.0,0.0,0.0,0.0,,
big_share@250,ALL,win,559,0.00657418990262293,,0.0,0.0,0.0,,0.0,0.046875
big_share@250,ALL,loss,431,0.004215916853971512,,0.0,0.0,0.0,,0.0,0.019960474308300395
big_share@250,ALL,all,992,0.005536322902850745,,0.0,0.0,0.0,,0.0,0.044367588932806186
first_lead_total,Portals,win,56,12.803571428571429,5.0,5.0,5.0,11.0,15.0,,
first_lead_total,Portals,loss,55,21.98181818181818,5.0,8.0,13.0,23.5,51.6,,
first_lead_total,Portals,all,111,17.35135135135135,5.0,5.0,10.0,15.0,38.0,,
first_lead_total,Prisoners Dilemma,win,56,7.392857142857143,3.0,3.0,3.0,5.0,11.0,,
first_lead_total,Prisoners Dilemma,loss,23,7.173913043478261,2.0,2.0,5.0,11.0,13.0,,
first_lead_total,Prisoners Dilemma,all,79,7.329113924050633,2.0,3.0,3.0,7.5,13.0,,
first_lead_total,Devil,win,56,26.178571428571427,13.0,13.0,15.0,19.25,22.5,,
first_lead_total,Devil,loss,32,15.59375,13.0,13.0,15.0,16.0,17.800000000000004,,
first_lead_total,Devil,all,88,22.329545454545453,13.0,13.0,15.0,17.25,20.599999999999994,,
first_lead_total,Trophy,win,56,23.267857142857142,5.0,5.0,9.0,28.0,53.5,,
first_lead_total,Trophy,loss,33,28.757575757575758,5.0,6.0,9.0,28.0,33.0,,
first_lead_total,Trophy,all,89,25.303370786516854,5.0,6.0,9.0,28.0,45.0,,
first_lead_total,Autarky,win,56,7.946428571428571,3.0,3.0,3.0,9.25,17.0,,
first_lead_total,Autarky,loss,39,16.23076923076923,4.0,6.0,9.0,12.0,30.0,,
first_lead_total,Autarky,all,95,11.347368421052632,3.0,3.0,5.0,12.0,20.60000000000001,,
first_lead_total,Default,win,56,36.0,4.5,5.0,12.0,29.0,74.5,,
first_lead_total,Default,loss,44,41.04545454545455,5.0,5.0,13.0,44.25,74.0,,
first_lead_total,Default,all,100,38.22,5.0,5.0,12.0,38.25,74.20000000000002,,
first_lead_total,Queen Of Spades,win,56,51.714285714285715,19.0,23.0,25.0,33.25,136.5,,
first_lead_total,Queen Of Spades,loss,30,43.8,17.0,21.0,24.0,38.5,48.300000000000004,,
first_lead_total,Queen Of Spades,all,86,48.95348837209303,18.0,22.0,25.0,34.0,66.5,,
first_lead_total,Schooltime,win,56,29.767857142857142,22.0,22.0,23.0,28.25,41.0,,
first_lead_total,Schooltime,loss,40,61.75,21.8,23.75,27.0,48.25,66.4,,
first_lead_total,Schooltime,all,96,43.09375,22.0,22.0,24.0,33.25,53.5,,
first_lead_total,Slithery Fight,win,56,8.857142857142858,2.0,2.0,3.0,5.5,21.0,,
first_lead_total,Slithery Fight,loss,56,5.196428571428571,2.0,2.75,4.0,7.0,10.0,,
first_lead_total,Slithery Fight,all,112,7.026785714285714,2.0,2.0,3.0,7.0,11.0,,
first_lead_total,Trauma,win,55,73.47272727272727,20.0,39.0,57.0,78.0,118.4,,
first_lead_total,Trauma,loss,31,102.03225806451613,44.0,47.0,56.0,79.5,286.0,,
first_lead_total,Trauma,all,88,83.2159090909091,32.0,44.0,56.0,78.0,192.5,,
first_lead_total,ALL,win,559,27.658318425760285,,5.0,14.0,25.0,,2.0,83.0
first_lead_total,ALL,loss,383,32.63446475195823,,7.0,13.0,29.0,,2.0,79.89999999999998
first_lead_total,ALL,all,944,29.74470338983051,,5.0,14.0,27.25,,2.0,82.84999999999991
lead_changes_total,Portals,win,56,29.160714285714285,11.0,17.0,28.0,40.5,48.0,,
lead_changes_total,Portals,loss,56,29.160714285714285,11.0,17.0,28.0,40.5,48.0,,
lead_changes_total,Portals,all,112,29.160714285714285,10.200000000000003,17.0,28.0,40.5,48.0,,
lead_changes_total,Prisoners Dilemma,win,56,1.4642857142857142,0.0,0.0,0.0,1.0,6.5,,
lead_changes_total,Prisoners Dilemma,loss,56,1.4642857142857142,0.0,0.0,0.0,1.0,6.5,,
lead_changes_total,Prisoners Dilemma,all,112,1.4642857142857142,0.0,0.0,0.0,1.0,6.900000000000006,,
lead_changes_total,Devil,win,56,0.625,0.0,0.0,0.0,1.0,2.0,,
lead_changes_total,Devil,loss,56,0.625,0.0,0.0,0.0,1.0,2.0,,
lead_changes_total,Devil,all,112,0.625,0.0,0.0,0.0,1.0,2.0,,
lead_changes_total,Trophy,win,56,0.625,0.0,0.0,0.0,1.0,2.0,,
lead_changes_total,Trophy,loss,56,0.625,0.0,0.0,0.0,1.0,2.0,,
lead_changes_total,Trophy,all,112,0.625,0.0,0.0,0.0,1.0,2.0,,
lead_changes_total,Autarky,win,56,4.0,0.0,0.0,2.0,7.0,10.5,,
lead_changes_total,Autarky,loss,56,4.0,0.0,0.0,2.0,7.0,10.5,,
lead_changes_total,Autarky,all,112,4.0,0.0,0.0,2.0,7.0,10.900000000000006,,
lead_changes_total,Default,win,56,2.142857142857143,0.0,0.0,1.0,3.0,6.0,,
lead_changes_total,Default,loss,56,2.142857142857143,0.0,0.0,1.0,3.0,6.0,,
lead_changes_total,Default,all,112,2.142857142857143,0.0,0.0,1.0,3.0,6.0,,
lead_changes_total,Queen Of Spades,win,56,1.5178571428571428,0.0,0.0,0.0,2.0,4.5,,
lead_changes_total,Queen Of Spades,loss,56,1.5178571428571428,0.0,0.0,0.0,2.0,4.5,,
lead_changes_total,Queen Of Spades,all,112,1.5178571428571428,0.0,0.0,0.0,2.0,4.900000000000006,,
lead_changes_total,Schooltime,win,56,2.7142857142857144,0.0,0.0,1.0,3.25,7.5,,
lead_changes_total,Schooltime,loss,56,2.7142857142857144,0.0,0.0,1.0,3.25,7.5,,
lead_changes_total,Schooltime,all,112,2.7142857142857144,0.0,0.0,1.0,3.25,7.900000000000006,,
lead_changes_total,Slithery Fight,win,56,23.375,4.5,9.0,21.0,33.5,47.5,,
lead_changes_total,Slithery Fight,loss,56,23.375,4.5,9.0,21.0,33.5,47.5,,
lead_changes_total,Slithery Fight,all,112,23.375,4.100000000000001,9.0,21.0,33.5,51.10000000000005,,
lead_changes_total,Trauma,win,55,2.381818181818182,0.0,0.0,0.0,3.5,8.600000000000001,,
lead_changes_total,Trauma,loss,55,2.381818181818182,0.0,0.0,0.0,3.5,8.600000000000001,,
lead_changes_total,Trauma,all,112,2.6964285714285716,0.0,0.0,0.5,4.0,9.0,,
lead_changes_total,ALL,win,559,6.808586762075135,,0.0,1.0,7.0,,0.0,38.0
lead_changes_total,ALL,loss,559,6.808586762075135,,0.0,1.0,7.0,,0.0,38.0
lead_changes_total,ALL,all,1120,6.832142857142857,,0.0,1.0,7.0,,0.0,38.0
lead_changes_longest,Portals,win,56,22.392857142857142,12.0,17.0,21.5,28.0,34.0,,
lead_changes_longest,Portals,loss,56,22.392857142857142,12.0,17.0,21.5,28.0,34.0,,
lead_changes_longest,Portals,all,112,22.392857142857142,11.200000000000003,17.0,21.5,28.0,34.0,,
lead_changes_longest,Prisoners Dilemma,win,56,5.946428571428571,1.0,1.0,3.0,9.0,14.0,,
lead_changes_longest,Prisoners Dilemma,loss,56,5.946428571428571,1.0,1.0,3.0,9.0,14.0,,
lead_changes_longest,Prisoners Dilemma,all,112,5.946428571428571,1.0,1.0,3.0,9.0,14.0,,
lead_changes_longest,Devil,win,56,12.678571428571429,4.5,6.75,11.0,17.0,24.5,,
lead_changes_longest,Devil,loss,56,12.678571428571429,4.5,6.75,11.0,17.0,24.5,,
lead_changes_longest,Devil,all,112,12.678571428571429,4.100000000000001,6.75,11.0,17.0,24.900000000000006,,
lead_changes_longest,Trophy,win,56,14.232142857142858,5.0,9.75,14.0,19.25,24.0,,
lead_changes_longest,Trophy,loss,56,14.232142857142858,5.0,9.75,14.0,19.25,24.0,,
lead_changes_longest,Trophy,all,112,14.232142857142858,5.0,9.75,14.0,19.25,24.0,,
lead_changes_longest,Autarky,win,56,14.482142857142858,1.0,4.75,11.5,23.25,29.5,,
lead_changes_longest,Autarky,loss,56,14.482142857142858,1.0,4.75,11.5,23.25,29.5,,
lead_changes_longest,Autarky,all,112,14.482142857142858,1.0,4.75,11.5,23.25,29.900000000000006,,
lead_changes_longest,Default,win,56,9.035714285714286,1.0,3.0,10.0,13.0,17.0,,
lead_changes_longest,Default,loss,56,9.035714285714286,1.0,3.0,10.0,13.0,17.0,,
lead_changes_longest,Default,all,112,9.035714285714286,1.0,3.0,10.0,13.0,17.80000000000001,,
lead_changes_longest,Queen Of Spades,win,56,7.357142857142857,1.0,2.0,5.0,12.25,18.0,,
lead_changes_longest,Queen Of Spades,loss,56,7.357142857142857,1.0,2.0,5.0,12.25,18.0,,
lead_changes_longest,Queen Of Spades,all,112,7.357142857142857,1.0,2.0,5.0,12.25,18.0,,
lead_changes_longest,Schooltime,win,56,9.785714285714286,1.5,4.0,9.0,14.0,19.5,,
lead_changes_longest,Schooltime,loss,56,9.785714285714286,1.5,4.0,9.0,14.0,19.5,,
lead_changes_longest,Schooltime,all,112,9.785714285714286,1.1000000000000014,4.0,9.0,14.0,19.900000000000006,,
lead_changes_longest,Slithery Fight,win,56,9.125,0.0,2.0,8.0,14.25,19.0,,
lead_changes_longest,Slithery Fight,loss,56,9.125,0.0,2.0,8.0,14.25,19.0,,
lead_changes_longest,Slithery Fight,all,112,9.125,0.0,2.0,8.0,14.25,19.0,,
lead_changes_longest,Trauma,win,55,8.727272727272727,0.40000000000000036,3.0,7.0,13.5,17.200000000000003,,
lead_changes_longest,Trauma,loss,55,8.727272727272727,0.40000000000000036,3.0,7.0,13.5,17.200000000000003,,
lead_changes_longest,Trauma,all,112,8.982142857142858,0.10000000000000142,3.0,7.0,14.0,18.900000000000006,,
lead_changes_longest,ALL,win,559,11.381037567084078,,4.0,10.0,17.0,,0.0,28.0
lead_changes_longest,ALL,loss,559,11.381037567084078,,4.0,10.0,17.0,,0.0,28.0
lead_changes_longest,ALL,all,1120,11.401785714285714,,4.0,10.0,17.0,,0.0,28.0
first_len10,Portals,win,55,336.8909090909091,287.0,302.5,320.0,389.0,410.0,,
first_len10,Portals,loss,40,329.575,278.8,307.25,326.0,366.25,406.40000000000003,,
first_len10,Portals,all,95,333.81052631578945,287.0,303.0,320.0,384.5,410.00000000000006,,
first_len10,Prisoners Dilemma,win,56,0.0,0.0,0.0,0.0,0.0,0.0,,
first_len10,Prisoners Dilemma,loss,56,0.0,0.0,0.0,0.0,0.0,0.0,,
first_len10,Prisoners Dilemma,all,112,0.0,0.0,0.0,0.0,0.0,0.0,,
first_len10,Devil,win,19,312.2631578947368,180.8,268.0,307.0,391.5,412.4,,
first_len10,Devil,loss,10,375.9,283.3,310.5,393.0,429.25,461.5,,
first_len10,Devil,all,29,334.2068965517241,216.4,284.0,321.0,401.0,458.0,,
first_len10,Trophy,win,6,342.8333333333333,295.0,306.5,345.0,364.75,388.5,,
first_len10,Trophy,loss,2,324.0,311.2,316.0,324.0,332.0,336.8,,
first_len10,Trophy,all,8,338.125,295.4,305.0,339.0,356.25,380.7,,
first_len10,Autarky,win,56,0.0,0.0,0.0,0.0,0.0,0.0,,
first_len10,Autarky,loss,56,0.0,0.0,0.0,0.0,0.0,0.0,,
first_len10,Autarky,all,112,0.0,0.0,0.0,0.0,0.0,0.0,,
first_len10,Default,win,43,370.16279069767444,295.6,320.5,385.0,415.0,427.6,,
first_len10,Default,loss,27,323.9259259259259,112.2,251.0,352.0,430.0,483.8,,
first_len10,Default,all,70,352.3285714285714,249.9,307.5,379.0,418.75,436.0,,
first_len10,Queen Of Spades,win,34,344.1470588235294,279.0,296.0,360.0,396.25,411.1,,
first_len10,Queen Of Spades,loss,22,283.3636363636364,48.0,85.0,345.0,403.0,441.40000000000003,,
first_len10,Queen Of Spades,all,56,320.26785714285717,60.0,292.75,360.0,399.0,427.5,,
first_len10,Schooltime,win,56,193.76785714285714,125.0,134.75,161.0,271.75,305.0,,
first_len10,Schooltime,loss,46,279.3695652173913,177.0,255.5,281.5,317.0,363.5,,
first_len10,Schooltime,all,102,232.37254901960785,127.1,151.25,254.0,293.75,331.9000000000001,,
first_len10,Slithery Fight,win,56,0.0,0.0,0.0,0.0,0.0,0.0,,
first_len10,Slithery Fight,loss,56,0.0,0.0,0.0,0.0,0.0,0.0,,
first_len10,Slithery Fight,all,112,0.0,0.0,0.0,0.0,0.0,0.0,,
first_len10,Trauma,win,55,401.3636363636364,333.6,394.0,423.0,429.5,437.6,,
first_len10,Trauma,loss,32,379.96875,241.5,339.25,410.0,437.25,461.40000000000003,,
first_len10,Trauma,all,89,392.34831460674155,306.8,364.0,420.0,430.0,444.8,,
first_len10,ALL,win,436,199.68577981651376,,0.0,254.0,370.0,,0.0,429.0
first_len10,ALL,loss,347,165.93659942363112,,0.0,62.0,327.5,,0.0,452.39999999999986
first_len10,ALL,all,785,185.1312101910828,,0.0,172.0,352.0,,0.0,434.0
first_len20,Portals,win,51,465.11764705882354,445.0,452.0,464.0,478.5,491.0,,
first_len20,Portals,loss,26,464.34615384615387,424.5,456.0,470.5,479.5,491.5,,
first_len20,Portals,all,77,464.85714285714283,442.2,455.0,466.0,480.0,491.0,,
first_len20,Prisoners Dilemma,win,5,470.4,457.2,459.0,466.0,475.0,487.6,,
first_len20,Prisoners Dilemma,all,5,470.4,457.2,459.0,466.0,475.0,487.6,,
first_len20,Devil,win,6,435.1666666666667,393.0,435.75,444.5,454.0,468.0,,
first_len20,Devil,loss,6,466.8333333333333,449.5,454.25,457.0,483.0,494.0,,
first_len20,Devil,all,12,451.0,434.1,444.75,454.5,464.0,489.8,,
first_len20,Trophy,win,3,417.3333333333333,378.6,397.5,429.0,443.0,451.4,,
first_len20,Trophy,loss,1,468.0,468.0,468.0,468.0,468.0,468.0,,
first_len20,Trophy,all,4,430.0,384.9,413.25,443.0,459.75,464.7,,
first_len20,Autarky,win,27,407.51851851851853,291.80000000000007,442.0,447.0,455.0,463.2,,
first_len20,Autarky,loss,4,468.5,454.8,457.5,464.0,475.0,485.8,,
first_len20,Autarky,all,31,415.38709677419354,421.0,442.5,450.0,457.5,465.0,,
first_len20,Default,win,25,452.44,400.2,436.0,470.0,483.0,493.0,,
first_len20,Default,loss,7,393.57142857142856,278.2,346.5,428.0,448.5,457.6,,
first_len20,Default,all,32,439.5625,339.6,426.25,460.5,481.5,492.0,,
first_len20,Queen Of Spades,win,20,451.5,428.90000000000003,445.0,458.0,471.0,482.4,,
first_len20,Queen Of Spades,loss,1,485.0,485.0,485.0,485.0,485.0,485.0,,
first_len20,Queen Of Spades,all,21,453.0952380952381,435.0,445.0,459.0,474.0,485.0,,
first_len20,Schooltime,win,55,282.4,155.0,187.5,256.0,408.0,418.0,,
first_len20,Schooltime,loss,32,400.96875,294.0,372.0,424.0,450.0,468.5,,
first_len20,Schooltime,all,87,326.01149425287355,159.4,218.0,349.0,420.0,449.4,,
first_len20,Slithery Fight,win,56,0.0,0.0,0.0,0.0,0.0,0.0,,
first_len20,Slithery Fight,loss,56,0.0,0.0,0.0,0.0,0.0,0.0,,
first_len20,Slithery Fight,all,112,0.0,0.0,0.0,0.0,0.0,0.0,,
first_len20,Trauma,win,23,468.1304347826087,448.0,472.5,486.0,492.5,496.0,,
first_len20,Trauma,loss,1,478.0,478.0,478.0,478.0,478.0,478.0,,
first_len20,Trauma,all,24,468.5416666666667,449.5,475.0,485.0,492.25,496.0,,
first_len20,ALL,win,271,323.16974169741695,,159.0,440.0,465.0,,0.0,493.0
first_len20,ALL,loss,134,251.97761194029852,,0.0,380.0,458.25,,0.0,492.35
first_len20,ALL,all,405,299.6148148148148,,0.0,426.0,464.0,,0.0,493.0
first_len30,Portals,win,21,488.4761904761905,476.0,484.0,492.0,494.0,498.0,,
first_len30,Portals,loss,4,481.0,463.9,469.75,482.0,493.25,497.3,,
first_len30,Portals,all,25,487.28,473.8,482.0,491.0,494.0,498.0,,
first_len30,Prisoners Dilemma,win,3,487.0,478.6,481.0,485.0,492.0,496.2,,
first_len30,Prisoners Dilemma,all,3,487.0,478.6,481.0,485.0,492.0,496.2,,
first_len30,Devil,win,3,463.6666666666667,454.6,457.0,461.0,469.0,473.8,,
first_len30,Devil,loss,1,488.0,488.0,488.0,488.0,488.0,488.0,,
first_len30,Devil,all,4,469.75,455.4,459.0,469.0,479.75,484.7,,
first_len30,Trophy,win,1,456.0,456.0,456.0,456.0,456.0,456.0,,
first_len30,Trophy,all,1,456.0,456.0,456.0,456.0,456.0,456.0,,
first_len30,Autarky,win,18,474.1666666666667,460.7,469.0,475.0,485.5,490.0,,
first_len30,Autarky,all,18,474.1666666666667,460.7,469.0,475.0,485.5,490.0,,
first_len30,Default,win,7,490.14285714285717,480.4,487.0,492.0,496.5,499.4,,
first_len30,Default,all,7,490.14285714285717,480.4,487.0,492.0,496.5,499.4,,
first_len30,Queen Of Spades,win,6,478.6666666666667,468.5,473.0,480.0,482.5,487.5,,
first_len30,Queen Of Spades,all,6,478.6666666666667,468.5,473.0,480.0,482.5,487.5,,
first_len30,Schooltime,win,50,374.12,233.9,315.25,422.5,439.75,456.1,,
first_len30,Schooltime,loss,20,441.55,403.7,434.0,460.5,480.25,487.90000000000003,,
first_len30,Schooltime,all,70,393.3857142857143,240.5,338.0,431.0,451.0,475.5,,
first_len30,Slithery Fight,win,47,449.8510638297872,434.4,446.0,458.0,470.5,480.0,,
first_len30,Slithery Fight,loss,24,407.5833333333333,168.6,447.0,465.0,477.25,491.7,,
first_len30,Slithery Fight,all,71,435.5633802816901,414.0,446.0,459.0,472.5,483.0,,
first_len30,ALL,win,156,437.5192307692308,,437.0,461.0,480.25,,241.75,495.75
first_len30,ALL,loss,49,429.0816326530612,,438.0,465.0,481.0,,169.8,497.79999999999995
first_len30,ALL,all,205,435.50243902439024,,437.0,463.0,481.0,,215.2,497.59999999999997
first_split,Portals,win,56,5.178571428571429,5.0,5.0,5.0,5.0,5.0,,
first_split,Portals,loss,54,6.407407407407407,5.0,5.0,5.0,7.0,11.0,,
first_split,Portals,all,110,5.781818181818182,5.0,5.0,5.0,5.0,11.0,,
first_split,Prisoners Dilemma,win,56,0.6785714285714286,0.0,0.0,0.0,0.0,0.0,,
first_split,Prisoners Dilemma,loss,43,18.0,0.0,0.0,0.0,22.0,43.400000000000034,,
first_split,Prisoners Dilemma,all,99,8.202020202020202,0.0,0.0,0.0,0.0,23.0,,
first_split,Devil,win,56,0.0,0.0,0.0,0.0,0.0,0.0,,
first_split,Devil,loss,56,0.0,0.0,0.0,0.0,0.0,0.0,,
first_split,Devil,all,112,0.0,0.0,0.0,0.0,0.0,0.0,,
first_split,Trophy,win,56,5.982142857142857,5.0,5.0,5.0,5.0,11.0,,
first_split,Trophy,loss,56,5.321428571428571,5.0,5.0,5.0,6.0,6.0,,
first_split,Trophy,all,112,5.651785714285714,5.0,5.0,5.0,5.25,6.0,,
first_split,Autarky,win,56,0.875,0.0,0.0,0.0,1.0,3.0,,
first_split,Autarky,loss,56,2.6785714285714284,0.0,0.0,0.0,7.0,7.0,,
first_split,Autarky,all,112,1.7767857142857142,0.0,0.0,0.0,2.0,7.0,,
first_split,Default,win,56,0.0,0.0,0.0,0.0,0.0,0.0,,
first_split,Default,loss,56,0.0,0.0,0.0,0.0,0.0,0.0,,
first_split,Default,all,112,0.0,0.0,0.0,0.0,0.0,0.0,,
first_split,Queen Of Spades,win,56,26.125,19.0,24.0,25.0,27.0,28.0,,
first_split,Queen Of Spades,loss,47,43.8936170212766,17.0,24.0,26.0,38.0,102.99999999999999,,
first_split,Queen Of Spades,all,103,34.23300970873787,18.0,24.0,25.0,28.0,48.19999999999999,,
first_split,Schooltime,win,56,0.0,0.0,0.0,0.0,0.0,0.0,,
first_split,Schooltime,loss,56,0.0,0.0,0.0,0.0,0.0,0.0,,
first_split,Schooltime,all,112,0.0,0.0,0.0,0.0,0.0,0.0,,
first_split,Slithery Fight,win,56,0.0,0.0,0.0,0.0,0.0,0.0,,
first_split,Slithery Fight,loss,56,0.0,0.0,0.0,0.0,0.0,0.0,,
first_split,Slithery Fight,all,112,0.0,0.0,0.0,0.0,0.0,0.0,,
first_split,Trauma,win,55,0.0,0.0,0.0,0.0,0.0,0.0,,
first_split,Trauma,loss,55,0.0,0.0,0.0,0.0,0.0,0.0,,
first_split,Trauma,all,112,0.0,0.0,0.0,0.0,0.0,0.0,,
first_split,ALL,win,559,3.89087656529517,,0.0,0.0,5.0,,0.0,25.0
first_split,ALL,loss,535,6.786915887850467,,0.0,0.0,5.0,,0.0,28.0
first_split,ALL,all,1096,5.297445255474453,,0.0,0.0,5.0,,0.0,26.0
last_split,Portals,win,56,459.0892857142857,429.5,443.5,455.5,480.75,491.0,,
last_split,Portals,loss,54,450.962962962963,369.30000000000007,454.5,484.5,496.0,498.0,,
last_split,Portals,all,110,455.1,425.9,447.0,465.5,489.0,497.1,,
last_split,Prisoners Dilemma,win,56,212.46428571428572,39.0,70.75,206.5,337.75,410.5,,
last_split,Prisoners Dilemma,loss,43,179.2325581395349,3.0,54.0,160.0,282.0,377.2000000000001,,
last_split,Prisoners Dilemma,all,99,198.03030303030303,4.0,69.0,179.0,287.5,404.0,,
last_split,Devil,win,56,296.25,162.0,183.25,263.0,411.5,485.0,,
last_split,Devil,loss,56,249.30357142857142,102.0,141.0,215.5,346.25,476.0,,
last_split,Devil,all,112,272.7767857142857,131.2,163.75,233.5,375.75,478.8,,
last_split,Trophy,win,56,232.46428571428572,121.0,165.75,214.5,285.5,382.0,,
last_split,Trophy,loss,56,190.58928571428572,89.5,121.5,182.5,239.0,318.5,,
last_split,Trophy,all,112,211.52678571428572,102.1,134.75,190.0,264.5,353.6,,
last_split,Autarky,win,56,375.57142857142856,218.5,295.0,408.0,464.0,490.5,,
last_split,Autarky,loss,56,322.26785714285717,177.5,249.0,327.5,405.5,490.0,,
last_split,Autarky,all,112,348.91964285714283,202.10000000000002,276.5,362.0,449.25,490.0,,
last_split,Default,win,56,414.7857142857143,282.5,374.25,447.0,478.0,490.5,,
last_split,Default,loss,56,332.875,133.0,248.75,350.0,443.5,496.5,,
last_split,Default,all,112,373.83035714285717,207.1,300.0,405.5,476.0,492.9,,
last_split,Queen Of Spades,win,56,336.19642857142856,118.0,223.0,388.0,447.0,484.0,,
last_split,Queen Of Spades,loss,47,304.72340425531917,161.4,221.0,301.0,395.0,480.4,,
last_split,Queen Of Spades,all,103,321.8349514563107,142.60000000000002,221.0,349.0,435.0,483.6,,
last_split,Schooltime,win,56,457.5,369.0,465.0,486.5,497.0,498.5,,
last_split,Schooltime,loss,56,420.9107142857143,218.5,422.25,472.5,497.0,499.0,,
last_split,Schooltime,all,112,439.20535714285717,291.3,444.75,483.5,497.0,499.0,,
last_split,Slithery Fight,win,56,479.5,452.0,467.75,486.5,494.25,499.0,,
last_split,Slithery Fight,loss,56,489.1607142857143,463.0,491.0,499.0,499.0,499.0,,
last_split,Slithery Fight,all,112,484.33035714285717,456.4,474.0,493.0,499.0,499.0,,
last_split,Trauma,win,55,479.2181818181818,444.2,469.0,490.0,494.0,497.0,,
last_split,Trauma,loss,55,450.6545454545454,403.6,434.0,478.0,493.5,498.0,,
last_split,Trauma,all,112,464.7857142857143,422.0,454.5,486.5,494.0,497.9,,
last_split,ALL,win,559,374.1162790697674,,267.5,439.0,483.0,,109.7,498.0
last_split,ALL,loss,535,342.90280373831774,,209.5,388.0,489.0,,80.0,499.0
last_split,ALL,all,1096,359.0301094890511,,234.75,425.0,486.0,,87.75,499.0
first_pearl,Portals,win,56,4.178571428571429,4.0,4.0,4.0,4.0,4.0,,
first_pearl,Portals,loss,54,5.407407407407407,4.0,4.0,4.0,6.0,10.0,,
first_pearl,Portals,all,110,4.781818181818182,4.0,4.0,4.0,4.0,10.0,,
first_pearl,Prisoners Dilemma,win,56,0.0,0.0,0.0,0.0,0.0,0.0,,
first_pearl,Prisoners Dilemma,loss,56,0.0,0.0,0.0,0.0,0.0,0.0,,
first_pearl,Prisoners Dilemma,all,112,0.0,0.0,0.0,0.0,0.0,0.0,,
first_pearl,Devil,win,56,13.178571428571429,12.0,12.0,12.0,14.0,16.0,,
first_pearl,Devil,loss,56,13.535714285714286,12.0,12.0,13.0,14.0,16.0,,
first_pearl,Devil,all,112,13.357142857142858,12.0,12.0,12.0,14.0,16.0,,
first_pearl,Trophy,win,56,4.982142857142857,4.0,4.0,4.0,4.0,10.0,,
first_pearl,Trophy,loss,56,4.321428571428571,4.0,4.0,4.0,5.0,5.0,,
first_pearl,Trophy,all,112,4.651785714285714,4.0,4.0,4.0,4.25,5.0,,
first_pearl,Autarky,win,56,0.0,0.0,0.0,0.0,0.0,0.0,,
first_pearl,Autarky,loss,56,0.0,0.0,0.0,0.0,0.0,0.0,,
first_pearl,Autarky,all,112,0.0,0.0,0.0,0.0,0.0,0.0,,
first_pearl,Default,win,56,9.982142857142858,3.5,4.0,8.0,18.0,19.0,,
first_pearl,Default,loss,56,11.285714285714286,4.0,4.0,11.0,18.0,22.0,,
first_pearl,Default,all,112,10.633928571428571,4.0,4.0,11.0,18.0,20.0,,
first_pearl,Queen Of Spades,win,56,25.107142857142858,18.0,23.0,24.0,26.0,27.0,,
first_pearl,Queen Of Spades,loss,49,44.61224489795919,16.0,23.0,26.0,39.0,118.40000000000002,,
first_pearl,Queen Of Spades,all,105,34.20952380952381,17.0,23.0,24.0,27.0,53.20000000000002,,
first_pearl,Schooltime,win,56,22.0,21.0,21.0,21.0,22.0,24.5,,
first_pearl,Schooltime,loss,56,22.678571428571427,21.0,21.0,23.0,25.0,26.0,,
first_pearl,Schooltime,all,112,22.339285714285715,21.0,21.0,22.0,23.0,25.0,,
first_pearl,Slithery Fight,win,56,0.0,0.0,0.0,0.0,0.0,0.0,,
first_pearl,Slithery Fight,loss,56,0.0,0.0,0.0,0.0,0.0,0.0,,
first_pearl,Slithery Fight,all,112,0.0,0.0,0.0,0.0,0.0,0.0,,
first_pearl,Trauma,win,55,45.72727272727273,19.0,38.0,46.0,56.0,62.0,,
first_pearl,Trauma,loss,55,58.56363636363636,44.2,46.0,46.0,78.0,79.0,,
first_pearl,Trauma,all,112,52.24107142857143,31.0,46.0,46.0,64.5,78.0,,
first_pearl,ALL,win,559,12.456171735241503,,0.0,4.0,21.0,,0.0,46.0
first_pearl,ALL,loss,550,15.638181818181819,,0.0,5.0,21.75,,0.0,75.0
first_pearl,ALL,all,1111,14.112511251125113,,0.0,5.0,21.0,,0.0,51.5
first_contact,Portals,win,56,0.0,0.0,0.0,0.0,0.0,0.0,,
first_contact,Portals,loss,56,0.0,0.0,0.0,0.0,0.0,0.0,,
first_contact,Portals,all,112,0.0,0.0,0.0,0.0,0.0,0.0,,
first_contact,Prisoners Dilemma,win,56,0.0,0.0,0.0,0.0,0.0,0.0,,
first_contact,Prisoners Dilemma,loss,56,0.0,0.0,0.0,0.0,0.0,0.0,,
first_contact,Prisoners Dilemma,all,112,0.0,0.0,0.0,0.0,0.0,0.0,,
first_contact,Devil,win,56,1.0,1.0,1.0,1.0,1.0,1.0,,
first_contact,Devil,loss,56,1.0,1.0,1.0,1.0,1.0,1.0,,
first_contact,Devil,all,112,1.0,1.0,1.0,1.0,1.0,1.0,,
first_contact,Trophy,win,56,5.5,5.0,5.0,5.0,6.0,8.0,,
first_contact,Trophy,loss,56,5.517857142857143,5.0,5.0,5.0,6.0,8.0,,
first_contact,Trophy,all,112,5.508928571428571,5.0,5.0,5.0,6.0,8.0,,
first_contact,Autarky,win,56,2.0,2.0,2.0,2.0,2.0,2.0,,
first_contact,Autarky,loss,56,2.0,2.0,2.0,2.0,2.0,2.0,,
first_contact,Autarky,all,112,2.0,2.0,2.0,2.0,2.0,2.0,,
first_contact,Default,win,56,0.0,0.0,0.0,0.0,0.0,0.0,,
first_contact,Default,loss,56,0.0,0.0,0.0,0.0,0.0,0.0,,
first_contact,Default,all,112,0.0,0.0,0.0,0.0,0.0,0.0,,
first_contact,Queen Of Spades,win,56,16.375,12.0,12.0,12.0,20.25,29.0,,
first_contact,Queen Of Spades,loss,56,16.017857142857142,12.0,12.0,12.0,15.25,29.0,,
first_contact,Queen Of Spades,all,112,16.196428571428573,12.0,12.0,12.0,16.5,29.0,,
first_contact,Schooltime,win,56,2.0,1.0,1.0,2.0,2.0,4.0,,
first_contact,Schooltime,loss,56,2.0,1.0,1.0,2.0,2.0,4.0,,
first_contact,Schooltime,all,112,2.0,1.0,1.0,2.0,2.0,4.0,,
first_contact,Slithery Fight,win,56,0.0,0.0,0.0,0.0,0.0,0.0,,
first_contact,Slithery Fight,loss,56,0.0,0.0,0.0,0.0,0.0,0.0,,
first_contact,Slithery Fight,all,112,0.0,0.0,0.0,0.0,0.0,0.0,,
first_contact,Trauma,win,55,4.4,2.0,2.0,2.0,2.0,6.000000000000007,,
first_contact,Trauma,loss,55,3.963636363636364,2.0,2.0,2.0,2.0,3.0,,
first_contact,Trauma,all,112,4.142857142857143,2.0,2.0,2.0,2.0,3.0,,
first_contact,ALL,win,559,3.1252236135957068,,0.0,1.0,2.0,,0.0,12.0
first_contact,ALL,loss,559,3.0483005366726297,,0.0,1.0,2.0,,0.0,12.0
first_contact,ALL,all,1120,3.0848214285714284,,0.0,1.0,2.0,,0.0,12.0
first_death,Portals,win,56,11.660714285714286,7.0,9.0,12.0,14.0,14.0,,
first_death,Portals,loss,54,13.685185185185185,9.0,10.0,14.0,14.0,20.0,,
first_death,Portals,all,110,12.654545454545454,8.0,9.25,14.0,14.0,20.0,,
first_death,Prisoners Dilemma,win,56,3.0892857142857144,3.0,3.0,3.0,3.0,4.0,,
first_death,Prisoners Dilemma,loss,56,2.6607142857142856,2.0,2.0,3.0,3.0,4.0,,
first_death,Prisoners Dilemma,all,112,2.875,2.0,2.75,3.0,3.0,4.0,,
first_death,Devil,win,56,20.482142857142858,15.0,15.0,20.0,24.0,27.5,,
first_death,Devil,loss,56,19.785714285714285,15.0,15.0,17.0,21.5,30.5,,
first_death,Devil,all,112,20.133928571428573,15.0,15.0,20.0,24.0,29.900000000000006,,
first_death,Trophy,win,56,29.660714285714285,16.0,21.0,26.0,40.5,45.0,,
first_death,Trophy,loss,56,31.464285714285715,16.0,21.0,23.0,44.25,52.0,,
first_death,Trophy,all,112,30.5625,16.0,21.0,25.5,42.0,49.900000000000006,,
first_death,Autarky,win,56,4.089285714285714,3.0,4.0,4.0,4.0,5.0,,
first_death,Autarky,loss,56,3.625,3.0,3.0,4.0,4.0,4.0,,
first_death,Autarky,all,112,3.857142857142857,3.0,3.0,4.0,4.0,5.0,,
first_death,Default,win,56,18.357142857142858,0.0,0.0,0.0,35.25,62.5,,
first_death,Default,loss,56,16.321428571428573,0.0,0.0,0.0,35.0,48.5,,
first_death,Default,all,112,17.339285714285715,0.0,0.0,0.0,35.0,52.900000000000006,,
first_death,Queen Of Spades,win,56,54.625,27.0,32.0,50.0,65.5,99.0,,
first_death,Queen Of Spades,loss,56,68.35714285714286,27.0,32.75,52.0,99.75,124.5,,
first_death,Queen Of Spades,all,112,61.49107142857143,27.0,32.0,50.0,77.75,119.40000000000003,,
first_death,Schooltime,win,56,32.92857142857143,20.5,24.0,28.5,42.5,51.0,,
first_death,Schooltime,loss,56,37.875,22.0,24.0,37.0,49.25,56.5,,
first_death,Schooltime,all,112,35.401785714285715,22.0,24.0,32.0,47.0,54.80000000000001,,
first_death,Slithery Fight,win,56,2.5535714285714284,1.5,2.0,3.0,3.0,3.0,,
first_death,Slithery Fight,loss,56,1.9464285714285714,1.0,1.0,2.0,3.0,3.0,,
first_death,Slithery Fight,all,112,2.25,1.0,1.75,2.5,3.0,3.0,,
first_death,Trauma,win,55,75.94545454545455,25.4,46.5,76.0,101.5,124.0,,
first_death,Trauma,loss,55,148.38181818181818,53.2,93.5,121.0,188.5,272.20000000000005,,
first_death,Trauma,all,112,111.83035714285714,40.0,60.0,101.0,128.25,215.50000000000009,,
first_death,ALL,win,559,25.24865831842576,,3.0,15.0,36.5,,0.0,87.0
first_death,ALL,loss,557,34.28007181328546,,3.0,16.0,42.0,,0.0,128.19999999999993
first_death,ALL,all,1118,29.87030411449016,,3.0,16.0,39.0,,0.0,120.14999999999986
seen50,Portals,win,56,6.928571428571429,5.0,6.0,7.0,7.0,9.0,,
seen50,Portals,loss,56,7.357142857142857,5.5,6.0,8.0,8.0,9.0,,
seen50,Portals,all,112,7.142857142857143,5.0,6.0,7.0,8.0,9.0,,
seen50,Prisoners Dilemma,win,56,4.821428571428571,3.5,4.0,4.0,4.0,6.0,,
seen50,Prisoners Dilemma,loss,56,11.964285714285714,4.0,4.0,5.0,21.25,29.0,,
seen50,Prisoners Dilemma,all,112,8.392857142857142,4.0,4.0,4.0,6.0,24.0,,
seen50,Devil,win,56,13.428571428571429,12.0,12.0,12.0,13.0,16.0,,
seen50,Devil,loss,56,16.803571428571427,12.0,13.0,16.0,20.0,22.0,,
seen50,Devil,all,112,15.116071428571429,12.0,12.0,13.0,16.5,22.0,,
seen50,Trophy,win,56,18.339285714285715,15.0,16.0,18.0,20.0,22.0,,
seen50,Trophy,loss,56,20.946428571428573,16.5,17.75,20.0,24.0,26.0,,
seen50,Trophy,all,112,19.642857142857142,15.100000000000001,17.0,18.0,22.0,26.0,,
seen50,Autarky,win,56,8.053571428571429,6.0,6.0,7.0,10.0,11.0,,
seen50,Autarky,loss,56,10.107142857142858,6.0,7.0,8.0,12.0,16.0,,
seen50,Autarky,all,112,9.080357142857142,6.0,7.0,8.0,11.0,13.0,,
seen50,Default,win,56,17.232142857142858,14.0,15.0,16.0,19.0,21.0,,
seen50,Default,loss,56,19.25,15.0,16.0,19.0,21.0,24.0,,
seen50,Default,all,112,18.241071428571427,14.0,16.0,17.0,19.25,22.900000000000006,,
seen50,Queen Of Spades,win,56,40.517857142857146,31.0,33.0,36.0,43.0,50.5,,
seen50,Queen Of Spades,loss,53,41.0377358490566,28.0,34.0,37.0,49.0,54.0,,
seen50,Queen Of Spades,all,109,40.77064220183486,30.8,33.0,37.0,47.0,54.0,,
seen50,Schooltime,win,56,56.32142857142857,46.5,51.0,55.0,62.0,66.5,,
seen50,Schooltime,loss,56,65.89285714285714,51.0,57.0,64.0,72.25,87.0,,
seen50,Schooltime,all,112,61.107142857142854,50.0,53.0,59.0,66.0,74.9,,
seen50,Slithery Fight,win,56,15.964285714285714,12.0,12.0,13.0,15.0,21.0,,
seen50,Slithery Fight,loss,56,19.142857142857142,12.0,13.0,17.0,20.0,34.5,,
seen50,Slithery Fight,all,112,17.553571428571427,12.0,13.0,14.0,19.0,33.900000000000006,,
seen50,Trauma,win,55,72.98181818181818,44.0,49.0,73.0,89.0,105.6,,
seen50,Trauma,loss,48,115.35416666666667,50.0,50.0,80.5,91.25,328.2000000000001,,
seen50,Trauma,all,105,92.53333333333333,48.4,50.0,73.0,91.0,114.20000000000002,,
seen50,ALL,win,559,25.373881932021465,,9.0,15.0,36.5,,4.0,74.0
seen50,ALL,loss,549,31.537340619307834,,12.0,19.0,37.0,,5.0,88.0
seen50,ALL,all,1110,28.525225225225224,,10.0,17.0,37.0,,4.0,86.54999999999995
seen90,Portals,win,55,45.54545454545455,23.8,32.5,42.0,52.5,66.2,,
seen90,Portals,loss,38,89.15789473684211,28.0,34.0,46.5,65.5,216.60000000000002,,
seen90,Portals,all,93,63.365591397849464,25.0,33.0,44.0,57.0,115.39999999999996,,
seen90,Prisoners Dilemma,win,51,38.72549019607843,21.0,24.0,30.0,48.0,66.0,,
seen90,Prisoners Dilemma,loss,31,69.70967741935483,23.0,31.0,52.0,85.0,112.0,,
seen90,Prisoners Dilemma,all,82,50.4390243902439,22.0,25.0,34.0,57.0,95.10000000000005,,
seen90,Devil,win,52,96.59615384615384,58.2,67.0,81.5,108.0,137.9,,
seen90,Devil,loss,6,181.33333333333334,96.0,121.25,126.5,173.75,321.5,,
seen90,Devil,all,58,105.36206896551724,59.4,70.25,83.5,118.5,139.60000000000002,,
seen90,Trophy,win,56,48.94642857142857,39.5,43.5,48.0,54.25,61.5,,
seen90,Trophy,loss,50,72.06,48.0,53.0,63.5,72.75,91.4,,
seen90,Trophy,all,106,59.84905660377358,40.5,46.25,53.5,63.0,76.0,,
seen90,Autarky,win,56,53.0,21.5,39.75,50.0,57.75,85.0,,
seen90,Autarky,loss,55,63.74545454545454,28.0,42.0,57.0,72.5,97.4,,
seen90,Autarky,all,111,58.32432432432432,23.0,41.5,53.0,68.0,95.0,,
seen90,Default,win,56,59.0,38.5,43.0,51.5,71.25,93.0,,
seen90,Default,loss,52,83.92307692307692,48.0,51.0,73.5,108.25,141.9,,
seen90,Default,all,108,71.0,42.0,48.0,59.0,83.25,118.49999999999999,,
seen90,Queen Of Spades,win,53,104.67924528301887,72.2,82.0,98.0,131.0,147.4,,
seen90,Queen Of Spades,loss,43,147.90697674418604,80.8,93.0,132.0,170.0,240.00000000000006,,
seen90,Queen Of Spades,all,96,124.04166666666667,75.0,84.0,108.0,147.0,176.0,,
seen90,Schooltime,win,56,149.46428571428572,111.5,118.25,132.0,157.5,186.0,,
seen90,Schooltime,loss,38,234.1315789473684,129.1,161.5,196.5,277.25,412.50000000000017,,
seen90,Schooltime,all,94,183.69148936170214,115.0,125.25,154.0,187.75,305.20000000000005,,
seen90,Slithery Fight,win,34,284.55882352941177,184.8,226.25,283.5,332.75,397.8,,
seen90,Slithery Fight,loss,19,351.10526315789474,223.8,271.5,375.0,435.0,478.4,,
seen90,Slithery Fight,all,53,308.41509433962267,189.4,241.0,294.0,388.0,448.0000000000001,,
seen90,Trauma,win,24,329.8333333333333,236.1,260.5,307.5,416.5,447.09999999999997,,
seen90,Trauma,loss,1,273.0,273.0,273.0,273.0,273.0,273.0,,
seen90,Trauma,all,25,327.56,236.8,262.0,305.0,416.0,444.8,,
seen90,ALL,win,493,101.47058823529412,,45.0,66.0,124.0,,23.0,311.9999999999999
seen90,ALL,loss,333,121.05405405405405,,53.0,77.0,154.0,,28.6,380.19999999999993
seen90,ALL,all,826,109.36561743341404,,48.0,71.0,132.0,,24.25,334.75
peak_units,Portals,win,56,28.678571428571427,25.0,27.0,29.0,31.0,32.0,,
peak_units,Portals,loss,56,26.785714285714285,21.5,26.75,28.0,30.0,31.5,,
peak_units,Portals,all,112,27.732142857142858,24.0,27.0,29.0,30.25,32.0,,
peak_units,Prisoners Dilemma,win,56,17.125,11.0,12.0,16.5,20.0,23.5,,
peak_units,Prisoners Dilemma,loss,56,6.178571428571429,3.0,3.0,5.0,8.25,10.0,,
peak_units,Prisoners Dilemma,all,112,11.651785714285714,3.0,5.0,10.0,17.0,21.0,,
peak_units,Devil,win,56,47.625,35.0,42.0,49.0,54.25,61.0,,
peak_units,Devil,loss,56,14.571428571428571,8.0,9.0,12.0,15.0,20.5,,
peak_units,Devil,all,112,31.098214285714285,9.0,12.0,33.0,49.25,57.900000000000006,,
peak_units,Trophy,win,56,48.42857142857143,39.5,42.75,47.0,56.0,62.0,,
peak_units,Trophy,loss,56,14.625,6.0,9.0,12.5,19.0,24.0,,
peak_units,Trophy,all,112,31.526785714285715,9.0,12.75,34.0,47.0,56.900000000000006,,
peak_units,Autarky,win,56,44.107142857142854,26.5,36.0,41.0,59.0,64.0,,
peak_units,Autarky,loss,56,18.214285714285715,11.0,14.0,17.0,21.25,27.5,,
peak_units,Autarky,all,112,31.160714285714285,13.100000000000001,16.75,27.5,41.25,61.0,,
peak_units,Default,win,56,39.714285714285715,23.0,27.5,40.0,49.25,53.5,,
peak_units,Default,loss,56,17.125,8.0,9.0,14.0,20.5,27.5,,
peak_units,Default,all,112,28.419642857142858,8.100000000000001,14.0,25.0,42.0,51.0,,
peak_units,Queen Of Spades,win,56,22.964285714285715,11.5,16.0,23.0,29.0,33.5,,
peak_units,Queen Of Spades,loss,56,8.267857142857142,2.0,3.0,7.0,11.0,17.5,,
peak_units,Queen Of Spades,all,112,15.616071428571429,3.0,7.0,14.5,23.0,29.900000000000006,,
peak_units,Schooltime,win,56,62.910714285714285,60.5,64.0,64.0,64.0,64.0,,
peak_units,Schooltime,loss,56,41.19642857142857,9.0,25.0,44.0,63.0,64.0,,
peak_units,Schooltime,all,112,52.05357142857143,19.1,45.0,64.0,64.0,64.0,,
peak_units,Slithery Fight,win,56,63.80357142857143,64.0,64.0,64.0,64.0,64.0,,
peak_units,Slithery Fight,loss,56,62.232142857142854,58.0,62.0,64.0,64.0,64.0,,
peak_units,Slithery Fight,all,112,63.017857142857146,60.1,64.0,64.0,64.0,64.0,,
peak_units,Trauma,win,55,39.85454545454545,23.200000000000003,32.5,42.0,48.5,52.0,,
peak_units,Trauma,loss,55,20.963636363636365,6.4,12.0,19.0,28.0,37.2,,
peak_units,Trauma,all,112,30.321428571428573,11.0,18.0,29.5,42.25,50.900000000000006,,
peak_units,ALL,win,559,41.524150268336314,,27.0,42.0,60.0,,13.0,64.0
peak_units,ALL,loss,559,23.019677996422182,,9.0,16.0,30.0,,3.0,64.0
peak_units,ALL,all,1120,32.25982142857143,,14.0,28.5,50.0,,5.0,64.0
peak_units_round,Portals,win,56,253.19642857142858,138.0,181.5,245.5,338.0,361.0,,
peak_units_round,Portals,loss,56,233.07142857142858,126.0,164.5,216.0,314.5,360.0,,
peak_units_round,Portals,all,112,243.13392857142858,130.60000000000002,172.0,229.5,334.0,360.9,,
peak_units_round,Prisoners Dilemma,win,56,175.60714285714286,12.5,33.75,196.0,252.5,379.0,,
peak_units_round,Prisoners Dilemma,loss,56,39.964285714285715,0.0,0.0,4.0,22.25,183.0,,
peak_units_round,Prisoners Dilemma,all,112,107.78571428571429,0.0,4.0,29.0,209.75,276.5,,
peak_units_round,Devil,win,56,236.26785714285714,145.5,171.0,210.5,284.75,358.0,,
peak_units_round,Devil,loss,56,105.33928571428571,31.0,38.75,62.5,116.25,249.0,,
peak_units_round,Devil,all,112,170.80357142857142,35.2,62.75,170.5,228.75,330.0,,
peak_units_round,Trophy,win,56,213.89285714285714,119.0,153.75,187.5,274.0,329.0,,
peak_units_round,Trophy,loss,56,78.57142857142857,48.0,52.0,60.0,78.75,108.5,,
peak_units_round,Trophy,all,112,146.23214285714286,51.0,60.0,114.5,213.5,304.5,,
peak_units_round,Autarky,win,56,298.64285714285717,190.0,224.0,335.0,372.25,380.5,,
peak_units_round,Autarky,loss,56,110.23214285714286,23.0,39.75,67.5,113.5,278.5,,
peak_units_round,Autarky,all,112,204.4375,31.200000000000003,67.75,203.5,346.75,379.0,,
peak_units_round,Default,win,56,311.3392857142857,207.5,256.25,350.0,373.0,376.5,,
peak_units_round,Default,loss,56,159.32142857142858,1.0,58.75,139.0,242.5,296.5,,
peak_units_round,Default,all,112,235.33035714285714,39.90000000000003,129.75,253.0,360.25,375.0,,
peak_units_round,Queen Of Spades,win,56,261.375,117.5,200.75,259.5,354.0,375.5,,
peak_units_round,Queen Of Spades,loss,56,116.19642857142857,0.0,37.0,125.5,166.5,224.5,,
peak_units_round,Queen Of Spades,all,112,188.78571428571428,18.70000000000001,92.0,187.0,261.25,368.6,,
peak_units_round,Schooltime,win,56,164.98214285714286,104.5,112.75,137.5,186.5,262.5,,
peak_units_round,Schooltime,loss,56,229.66071428571428,59.5,126.75,202.5,333.5,448.5,,
peak_units_round,Schooltime,all,112,197.32142857142858,96.30000000000001,116.0,161.0,258.25,377.0,,
peak_units_round,Slithery Fight,win,56,166.80357142857142,105.0,133.0,161.5,196.5,241.0,,
peak_units_round,Slithery Fight,loss,56,157.80357142857142,87.0,100.0,133.0,199.0,272.0,,
peak_units_round,Slithery Fight,all,112,162.30357142857142,95.0,111.75,143.0,196.5,255.0,,
peak_units_round,Trauma,win,55,280.72727272727275,218.8,242.0,260.0,341.5,364.8,,
peak_units_round,Trauma,loss,55,289.3636363636364,173.8,197.0,259.0,392.5,482.6,,
peak_units_round,Trauma,all,112,285.1607142857143,189.3,223.0,259.5,351.0,400.9,,
peak_units_round,ALL,win,559,236.20393559928445,,161.0,231.0,333.0,,84.9,379.1
peak_units_round,ALL,loss,559,151.7066189624329,,54.5,121.0,221.5,,0.0,431.1
peak_units_round,ALL,all,1120,194.12946428571428,,96.0,187.0,271.25,,4.0,382.0
leader_changes,Portals,win,56,228.33928571428572,201.5,216.5,233.0,248.25,258.5,,
leader_changes,Portals,loss,56,214.75,77.5,195.0,232.5,259.25,304.5,,
leader_changes,Portals,all,112,221.54464285714286,171.0,209.75,233.0,251.0,284.30000000000007,,
leader_changes,Prisoners Dilemma,win,56,61.57142857142857,6.0,22.75,49.5,86.75,98.5,,
leader_changes,Prisoners Dilemma,loss,56,27.071428571428573,2.0,3.0,12.5,36.25,68.0,,
leader_changes,Prisoners Dilemma,all,112,44.32142857142857,2.1000000000000014,5.0,29.5,64.25,95.0,,
leader_changes,Devil,win,56,190.05357142857142,120.0,130.25,182.5,236.75,267.0,,
leader_changes,Devil,loss,56,88.67857142857143,27.0,34.75,67.0,115.25,179.5,,
leader_changes,Devil,all,112,139.36607142857142,32.1,66.75,129.5,200.75,253.8,,
leader_changes,Trophy,win,56,127.80357142857143,76.0,100.75,128.5,152.75,180.5,,
leader_changes,Trophy,loss,56,61.05357142857143,19.0,32.75,49.0,78.0,117.5,,
leader_changes,Trophy,all,112,94.42857142857143,31.1,49.0,95.0,138.25,161.0,,
leader_changes,Autarky,win,56,133.125,75.5,106.75,142.5,162.75,177.0,,
leader_changes,Autarky,loss,56,87.51785714285714,37.5,55.5,85.0,120.0,138.5,,
leader_changes,Autarky,all,112,110.32142857142857,43.60000000000001,78.75,114.0,149.5,170.9,,
leader_changes,Default,win,56,125.42857142857143,81.0,107.0,130.0,144.25,161.0,,
leader_changes,Default,loss,56,71.14285714285714,11.5,17.75,73.0,104.25,132.5,,
leader_changes,Default,all,112,98.28571428571429,15.100000000000001,68.25,106.0,136.5,155.60000000000002,,
leader_changes,Queen Of Spades,win,56,103.85714285714286,37.0,74.0,115.0,132.5,156.0,,
leader_changes,Queen Of Spades,loss,56,46.107142857142854,1.0,5.25,25.5,86.5,128.0,,
leader_changes,Queen Of Spades,all,112,74.98214285714286,2.1000000000000014,19.25,76.5,123.25,149.70000000000002,,
leader_changes,Schooltime,win,56,130.05357142857142,78.5,87.75,116.0,169.75,214.5,,
leader_changes,Schooltime,loss,56,126.57142857142857,9.5,48.75,144.0,191.25,215.0,,
leader_changes,Schooltime,all,112,128.3125,31.600000000000023,86.0,118.0,185.5,214.9,,
leader_changes,Slithery Fight,win,56,174.80357142857142,99.5,172.0,183.5,202.25,222.0,,
leader_changes,Slithery Fight,loss,56,192.55357142857142,8.5,116.25,198.0,239.25,352.0,,
leader_changes,Slithery Fight,all,112,183.67857142857142,49.70000000000005,160.75,185.5,216.25,316.9,,
leader_changes,Trauma,win,55,133.6909090909091,84.8,109.0,138.0,166.5,179.0,,
leader_changes,Trauma,loss,55,70.32727272727273,12.4,33.5,60.0,90.5,149.0,,
leader_changes,Trauma,all,112,101.97321428571429,21.200000000000003,58.25,105.0,146.25,173.9,,
leader_changes,ALL,win,559,140.88550983899822,,99.0,138.0,183.0,,26.900000000000002,250.10000000000002
leader_changes,ALL,loss,559,98.62790697674419,,28.0,78.0,146.0,,3.0,258.5000000000001
leader_changes,ALL,all,1120,119.72142857142858,,55.0,114.0,173.25,,5.0,252.0
splits_0_50,Portals,win,56,19.589285714285715,9.0,11.0,16.0,29.25,33.0,,
splits_0_50,Portals,loss,56,15.232142857142858,10.0,11.0,12.0,21.0,26.5,,
splits_0_50,Portals,all,112,17.410714285714285,10.0,11.0,13.5,24.25,32.0,,
splits_0_50,Prisoners Dilemma,win,56,16.285714285714285,10.0,13.0,16.0,19.25,24.0,,
splits_0_50,Prisoners Dilemma,loss,56,6.625,0.0,0.0,4.0,12.0,16.0,,
splits_0_50,Prisoners Dilemma,all,112,11.455357142857142,0.0,4.0,12.0,17.0,21.900000000000006,,
splits_0_50,Devil,win,56,25.071428571428573,17.5,22.75,26.0,28.0,31.5,,
splits_0_50,Devil,loss,56,12.035714285714286,7.0,9.0,12.0,14.25,18.0,,
splits_0_50,Devil,all,112,18.553571428571427,8.0,12.0,18.0,26.0,28.0,,
splits_0_50,Trophy,win,56,16.517857142857142,9.5,13.0,16.0,19.0,25.5,,
splits_0_50,Trophy,loss,56,10.428571428571429,4.5,9.0,10.0,12.0,16.5,,
splits_0_50,Trophy,all,112,13.473214285714286,8.0,10.0,13.0,17.0,20.0,,
splits_0_50,Autarky,win,56,23.339285714285715,16.0,19.75,23.5,27.0,31.5,,
splits_0_50,Autarky,loss,56,17.0,4.0,9.75,20.0,23.0,26.0,,
splits_0_50,Autarky,all,112,20.169642857142858,9.0,16.0,22.0,25.25,28.0,,
splits_0_50,Default,win,56,7.625,5.0,6.0,7.5,9.0,10.0,,
splits_0_50,Default,loss,56,6.285714285714286,4.0,5.0,6.0,8.0,8.5,,
splits_0_50,Default,all,112,6.955357142857143,5.0,5.0,7.0,9.0,9.900000000000006,,
splits_0_50,Queen Of Spades,win,56,4.732142857142857,1.0,2.0,4.0,6.0,9.0,,
splits_0_50,Queen Of Spades,loss,56,2.375,0.0,0.0,2.0,3.25,6.5,,
splits_0_50,Queen Of Spades,all,112,3.5535714285714284,0.0,1.0,2.5,6.0,8.0,,
splits_0_50,Schooltime,win,56,12.892857142857142,8.5,11.0,13.0,15.0,17.0,,
splits_0_50,Schooltime,loss,56,8.553571428571429,3.5,5.0,9.0,11.25,14.0,,
splits_0_50,Schooltime,all,112,10.723214285714286,4.100000000000001,8.0,11.0,14.0,15.900000000000006,,
splits_0_50,Slithery Fight,win,56,100.57142857142857,90.5,95.5,99.0,106.0,110.0,,
splits_0_50,Slithery Fight,loss,56,108.375,85.5,96.0,102.5,116.5,138.0,,
splits_0_50,Slithery Fight,all,112,104.47321428571429,90.0,96.0,101.0,108.0,135.0,,
splits_0_50,Trauma,win,55,3.890909090909091,2.0,2.0,2.0,3.5,10.400000000000006,,
splits_0_50,Trauma,loss,55,2.2545454545454544,2.0,2.0,2.0,2.0,2.6000000000000014,,
splits_0_50,Trauma,all,112,3.0535714285714284,2.0,2.0,2.0,2.0,8.0,,
splits_0_50,ALL,win,559,23.08586762075134,,8.0,15.0,25.0,,2.0,99.0
splits_0_50,ALL,loss,559,18.94633273703041,,4.0,9.0,15.0,,0.0,102.10000000000002
splits_0_50,ALL,all,1120,20.982142857142858,,5.0,11.0,21.0,,1.9500000000000028,101.0
splits_50_100,Portals,win,56,36.92857142857143,17.0,25.25,40.0,49.0,52.0,,
splits_50_100,Portals,loss,56,29.214285714285715,13.0,17.0,20.5,45.5,51.5,,
splits_50_100,Portals,all,112,33.07142857142857,16.0,19.0,33.5,47.25,52.0,,
splits_50_100,Prisoners Dilemma,win,49,9.693877551020408,2.0,4.0,8.0,13.0,20.0,,
splits_50_100,Prisoners Dilemma,loss,49,3.7551020408163267,0.0,0.0,1.0,6.0,11.200000000000003,,
splits_50_100,Prisoners Dilemma,all,98,6.724489795918367,0.0,0.25,5.0,9.75,17.299999999999997,,
splits_50_100,Devil,win,56,50.75,36.0,46.0,51.5,58.5,65.0,,
splits_50_100,Devil,loss,56,13.428571428571429,4.0,6.0,11.0,17.0,22.0,,
splits_50_100,Devil,all,112,32.089285714285715,5.0,11.0,29.5,52.0,60.900000000000006,,
splits_50_100,Trophy,win,56,28.410714285714285,15.5,23.75,29.0,34.0,38.5,,
splits_50_100,Trophy,loss,56,10.071428571428571,2.5,6.0,9.0,13.0,19.0,,
splits_50_100,Trophy,all,112,19.241071428571427,5.100000000000001,9.0,17.0,29.0,34.0,,
splits_50_100,Autarky,win,56,21.928571428571427,12.5,17.0,22.5,27.0,31.5,,
splits_50_100,Autarky,loss,56,13.875,5.5,9.0,14.0,18.25,24.5,,
splits_50_100,Autarky,all,112,17.901785714285715,7.0,12.0,17.0,24.0,28.0,,
splits_50_100,Default,win,56,10.642857142857142,3.0,7.0,11.0,15.0,17.5,,
splits_50_100,Default,loss,56,5.0,1.5,2.0,4.0,7.25,9.5,,
splits_50_100,Default,all,112,7.821428571428571,2.0,3.0,7.0,11.0,15.0,,
splits_50_100,Queen Of Spades,win,53,12.264150943396226,0.20000000000000018,2.0,13.0,21.0,26.60000000000001,,
splits_50_100,Queen Of Spades,loss,53,7.113207547169812,0.0,0.0,2.0,11.0,22.800000000000004,,
splits_50_100,Queen Of Spades,all,106,9.68867924528302,0.0,1.0,8.0,15.0,24.0,,
splits_50_100,Schooltime,win,56,57.19642857142857,37.5,45.25,55.0,70.25,81.0,,
splits_50_100,Schooltime,loss,56,29.714285714285715,2.0,17.0,28.0,44.0,53.5,,
splits_50_100,Schooltime,all,112,43.455357142857146,15.200000000000003,27.75,44.0,57.0,74.0,,
splits_50_100,Slithery Fight,win,56,122.16071428571429,108.5,112.0,120.0,127.0,139.0,,
splits_50_100,Slithery Fight,loss,56,135.19642857142858,104.0,112.75,123.0,163.0,178.5,,
splits_50_100,Slithery Fight,all,112,128.67857142857142,107.0,112.0,120.5,137.75,173.9,,
splits_50_100,Trauma,win,55,9.072727272727272,1.0,3.0,5.0,18.0,23.200000000000003,,
splits_50_100,Trauma,loss,55,3.418181818181818,0.0,0.5,1.0,3.0,11.0,,
splits_50_100,Trauma,all,112,6.214285714285714,0.0,1.0,3.0,7.75,18.0,,
splits_50_100,ALL,win,549,36.41712204007286,,12.0,25.0,50.0,,2.0,120.0
splits_50_100,ALL,loss,549,25.48816029143898,,3.0,11.0,23.0,,0.0,123.0
splits_50_100,ALL,all,1100,30.904545454545456,,6.0,17.0,40.0,,0.0,121.04999999999995
splits_100_250,Portals,win,56,182.23214285714286,123.0,146.25,202.0,218.0,235.5,,
splits_100_250,Portals,loss,56,129.23214285714286,36.0,71.0,124.5,207.75,226.5,,
splits_100_250,Portals,all,112,155.73214285714286,55.50000000000001,91.0,173.5,216.25,230.9,,
splits_100_250,Prisoners Dilemma,win,40,31.55,9.9,21.75,29.5,37.25,57.1,,
splits_100_250,Prisoners Dilemma,loss,40,9.975,0.0,0.0,4.0,16.5,27.400000000000006,,
splits_100_250,Prisoners Dilemma,all,80,20.7625,0.0,4.0,18.5,31.25,42.10000000000001,,
splits_100_250,Devil,win,56,162.01785714285714,76.5,103.25,172.0,210.0,259.0,,
splits_100_250,Devil,loss,56,33.125,1.0,3.0,14.0,36.25,67.5,,
splits_100_250,Devil,all,112,97.57142857142857,2.0,14.0,74.5,178.0,222.50000000000003,,
splits_100_250,Trophy,win,53,58.9811320754717,22.4,42.0,58.0,83.0,87.0,,
splits_100_250,Trophy,loss,53,13.39622641509434,1.0,2.0,7.0,17.0,37.20000000000004,,
splits_100_250,Trophy,all,106,36.18867924528302,2.0,7.0,29.0,58.75,84.0,,
splits_100_250,Autarky,win,55,78.16363636363636,45.0,55.5,71.0,90.5,124.80000000000001,,
splits_100_250,Autarky,loss,55,31.745454545454546,3.4000000000000004,13.5,25.0,49.5,73.0,,
splits_100_250,Autarky,all,110,54.95454545454545,6.9,23.5,51.0,76.75,111.10000000000001,,
splits_100_250,Default,win,56,57.232142857142854,30.0,40.75,53.5,76.5,84.0,,
splits_100_250,Default,loss,56,21.107142857142858,1.5,6.0,19.5,31.25,49.0,,
splits_100_250,Default,all,112,39.169642857142854,5.0,19.75,38.5,54.25,81.60000000000002,,
splits_100_250,Queen Of Spades,win,52,50.75,13.3,38.0,52.5,69.75,80.9,,
splits_100_250,Queen Of Spades,loss,52,17.25,0.0,2.0,10.0,28.0,47.19999999999999,,
splits_100_250,Queen Of Spades,all,104,34.0,1.0,9.75,32.0,54.0,74.7,,
splits_100_250,Schooltime,win,56,143.16071428571428,91.5,113.0,148.0,175.5,195.5,,
splits_100_250,Schooltime,loss,56,94.78571428571429,1.5,44.0,93.0,151.5,176.5,,
splits_100_250,Schooltime,all,112,118.97321428571429,34.2,85.0,122.5,164.25,190.8,,
splits_100_250,Slithery Fight,win,56,369.0,304.0,325.75,355.0,404.5,459.0,,
splits_100_250,Slithery Fight,loss,56,397.85714285714283,249.5,328.0,393.0,477.25,517.5,,
splits_100_250,Slithery Fight,all,112,383.42857142857144,283.4,326.5,372.5,453.25,505.9,,
splits_100_250,Trauma,win,55,88.23636363636363,36.6,53.5,102.0,123.5,136.6,,
splits_100_250,Trauma,loss,55,33.527272727272724,1.4000000000000004,8.5,23.0,39.0,98.00000000000003,,
splits_100_250,Trauma,all,112,60.580357142857146,2.0,22.5,48.5,106.5,129.9,,
splits_100_250,ALL,win,535,125.87476635514018,,51.0,85.0,174.5,,20.0,357.7999999999997
splits_100_250,ALL,loss,535,81.22990654205607,,6.0,27.0,85.0,,0.0,404.6999999999996
splits_100_250,ALL,all,1072,103.44123134328358,,22.0,59.0,144.0,,1.0,375.44999999999993
splits_250_500,Portals,win,56,161.98214285714286,117.0,136.25,170.5,191.5,206.0,,
splits_250_500,Portals,loss,56,111.42857142857143,4.5,93.75,116.5,137.75,169.5,,
splits_250_500,Portals,all,112,136.70535714285714,83.60000000000001,110.5,136.5,181.25,199.9,,
splits_250_500,Prisoners Dilemma,win,21,27.19047619047619,4.0,10.0,20.0,28.0,31.0,,
splits_250_500,Prisoners Dilemma,loss,21,5.095238095238095,0.0,0.0,2.0,6.0,13.0,,
splits_250_500,Prisoners Dilemma,all,42,16.142857142857142,0.0,2.0,7.0,21.5,30.9,,
splits_250_500,Devil,win,28,169.10714285714286,55.1,97.25,167.5,218.75,295.90000000000003,,
splits_250_500,Devil,loss,28,54.75,0.0,5.25,14.5,56.5,183.00000000000003,,
splits_250_500,Devil,all,56,111.92857142857143,2.0,15.25,83.0,182.0,237.5,,
splits_250_500,Trophy,win,20,56.2,11.4,19.75,56.5,86.75,101.4,,
splits_250_500,Trophy,loss,20,8.35,0.0,0.0,2.0,6.25,14.600000000000009,,
splits_250_500,Trophy,all,40,32.275,0.0,2.5,13.0,67.5,94.2,,
splits_250_500,Autarky,win,48,70.10416666666667,16.4,36.5,69.5,88.25,110.10000000000008,,
splits_250_500,Autarky,loss,48,22.770833333333332,0.0,2.0,13.5,25.0,68.80000000000003,,
splits_250_500,Autarky,all,96,46.4375,1.0,9.5,30.0,74.5,101.0,,
splits_250_500,Default,win,53,50.132075471698116,18.4,26.0,50.0,69.0,84.20000000000002,,
splits_250_500,Default,loss,53,17.056603773584907,0.0,1.0,10.0,20.0,35.00000000000002,,
splits_250_500,Default,all,106,33.594339622641506,0.5,9.0,23.5,55.75,79.0,,
splits_250_500,Queen Of Spades,win,40,47.325,15.0,25.25,50.0,60.0,70.4,,
splits_250_500,Queen Of Spades,loss,40,10.925,0.0,0.0,5.0,19.25,25.500000000000007,,
splits_250_500,Queen Of Spades,all,80,29.125,0.0,4.0,22.0,49.5,62.300000000000026,,
splits_250_500,Schooltime,win,54,140.25925925925927,75.5,105.75,140.5,170.5,209.80000000000004,,
splits_250_500,Schooltime,loss,54,108.18518518518519,3.4000000000000057,37.0,101.0,158.0,236.6000000000001,,
splits_250_500,Schooltime,all,108,124.22222222222223,21.0,51.75,130.0,166.25,214.6,,
splits_250_500,Slithery Fight,win,56,359.01785714285717,257.0,286.0,322.5,362.25,564.0,,
splits_250_500,Slithery Fight,loss,56,471.5892857142857,221.5,294.0,359.5,710.25,803.5,,
splits_250_500,Slithery Fight,all,112,415.30357142857144,249.2,286.75,341.5,511.25,761.8000000000001,,
splits_250_500,Trauma,win,55,92.69090909090909,52.6,75.0,92.0,114.0,134.2,,
splits_250_500,Trauma,loss,55,35.74545454545454,4.0,9.5,29.0,59.0,74.6,,
splits_250_500,Trauma,all,112,64.00892857142857,8.0,28.25,62.0,93.5,118.9,,
splits_250_500,ALL,win,431,130.37819025522043,,51.0,96.0,177.0,,14.0,349.5
splits_250_500,ALL,loss,431,103.70765661252901,,4.0,25.0,124.0,,0.0,534.5
splits_250_500,ALL,all,864,116.89351851851852,,17.0,72.0,150.0,,0.0,368.09999999999945
births,Portals,win,56,345.89285714285717,243.0,301.25,361.0,398.25,438.5,,
births,Portals,loss,56,253.73214285714286,74.5,190.75,256.0,353.25,402.5,,
births,Portals,all,112,299.8125,175.2,222.5,325.5,384.0,425.0,,
births,Prisoners Dilemma,win,56,54.17857142857143,13.5,21.75,47.0,70.5,87.5,,
births,Prisoners Dilemma,loss,56,17.339285714285715,0.0,1.0,9.0,24.75,44.0,,
births,Prisoners Dilemma,all,112,35.75892857142857,0.0,4.0,24.0,54.0,77.0,,
births,Devil,win,56,297.89285714285717,149.0,175.0,252.5,385.5,469.0,,
births,Devil,loss,56,79.26785714285714,11.0,18.0,37.5,67.5,154.5,,
births,Devil,all,112,188.58035714285714,16.1,38.25,152.5,308.75,434.9000000000001,,
births,Trophy,win,56,118.35714285714286,77.0,87.5,109.5,139.5,188.0,,
births,Trophy,loss,56,35.464285714285715,8.5,18.0,26.0,44.25,79.5,,
births,Trophy,all,112,76.91071428571429,17.1,26.0,77.5,110.25,144.70000000000002,,
births,Autarky,win,56,176.48214285714286,100.5,138.5,189.5,202.0,235.5,,
births,Autarky,loss,56,78.26785714285714,20.0,39.75,61.0,98.75,155.5,,
births,Autarky,all,112,127.375,35.1,56.75,108.5,194.5,216.8,,
births,Default,win,56,112.83928571428571,63.0,87.75,113.0,131.75,168.5,,
births,Default,loss,56,43.30357142857143,5.0,12.75,38.5,68.75,87.5,,
births,Default,all,112,78.07142857142857,7.100000000000001,39.25,80.5,115.0,141.8,,
births,Queen Of Spades,win,56,93.125,23.0,63.0,99.5,127.25,153.5,,
births,Queen Of Spades,loss,56,31.392857142857142,0.0,3.0,16.5,56.0,77.0,,
births,Queen Of Spades,all,112,62.25892857142857,1.1000000000000014,12.75,58.5,102.25,141.9,,
births,Schooltime,win,56,337.14285714285717,234.0,274.0,331.5,391.5,439.5,,
births,Schooltime,loss,56,226.98214285714286,8.0,108.75,219.0,349.5,399.5,,
births,Schooltime,all,112,282.0625,94.1,191.5,302.5,378.5,436.00000000000006,,
births,Slithery Fight,win,56,906.6071428571429,764.0,810.25,862.0,958.75,1185.0,,
births,Slithery Fight,loss,56,1029.6964285714287,683.0,800.0,926.5,1326.5,1439.5,,
births,Slithery Fight,all,112,968.1517857142857,735.6,800.0,896.0,1135.75,1377.5,,
births,Trauma,win,55,188.3272727272727,94.4,138.0,198.0,244.0,273.6,,
births,Trauma,loss,55,71.56363636363636,5.0,25.5,58.0,107.5,180.8,,
births,Trauma,all,112,129.39285714285714,12.200000000000003,57.75,115.0,205.75,253.8,,
births,ALL,win,559,263.21824686940965,,98.5,178.0,342.5,,32.900000000000006,860.4000000000001
births,ALL,loss,559,186.90697674418604,,18.0,56.0,193.5,,1.0,922.9000000000002
births,ALL,all,1120,224.8375,,42.0,115.0,281.0,,3.0,894.1999999999998
newborn_deaths10_per100,Portals,win,56,61.59529275918907,54.88283118125299,58.63259668508287,61.68125324701275,66.32183908045977,69.45175438596492,,
newborn_deaths10_per100,Portals,loss,54,54.21273473007829,43.05347593582887,44.832089552238806,54.338419662867324,61.08766832687696,66.26378867555339,,
newborn_deaths10_per100,Portals,all,110,57.97112790853469,43.618154158215006,52.89431636612645,60.0,64.38488114194722,69.1531705227078,,
newborn_deaths10_per100,Prisoners Dilemma,win,56,40.879086022348396,17.153996101364523,27.395833333333332,37.32338308457712,43.01242236024844,56.06617647058823,,
newborn_deaths10_per100,Prisoners Dilemma,loss,43,90.01693291955569,20.577200577200582,48.69281045751634,61.15702479338843,82.3252688172043,200.0,,
newborn_deaths10_per100,Prisoners Dilemma,all,99,62.22178719992329,17.703349282296653,31.355337078651687,42.79835390946502,61.828512396694215,125.0,,
newborn_deaths10_per100,Devil,win,56,44.38486722243653,37.386500602651665,41.215296679368535,44.61315280464217,48.477861948901335,51.14990742883592,,
newborn_deaths10_per100,Devil,loss,56,41.03097617607586,22.22222222222222,31.049382716049383,41.72245891661595,50.0,58.125,,
newborn_deaths10_per100,Devil,all,112,42.7079216992562,28.56818181818182,36.771363893604985,43.48913043478261,49.170239628524946,53.259457933370975,,
newborn_deaths10_per100,Trophy,win,56,14.799638830993258,10.837245696400625,12.851139765139305,15.042424987702901,16.60742496050553,19.350615344330976,,
newborn_deaths10_per100,Trophy,loss,56,19.807048782427128,7.229965156794425,11.525119617224881,20.294117647058826,27.036844836533472,32.66666666666667,,
newborn_deaths10_per100,Trophy,all,112,17.303343806710192,8.735177865612648,12.598684210526315,15.759905381431105,21.459953903774128,28.766233766233768,,
newborn_deaths10_per100,Autarky,win,56,25.903957630721287,18.202548625083836,21.475208640157096,25.110899571632558,28.625541125541126,34.053681246048626,,
newborn_deaths10_per100,Autarky,loss,56,30.30238831032053,14.642857142857142,25.0,31.266774020397207,37.58445945945946,44.10961105753777,,
newborn_deaths10_per100,Autarky,all,112,28.10317297052091,16.868889781706176,22.547728768926927,26.48853298469249,33.333333333333336,41.00202429149798,,
newborn_deaths10_per100,Default,win,56,23.138320291703224,14.174107142857142,19.3218954248366,23.666666666666664,27.920847268673356,31.745524296675192,,
newborn_deaths10_per100,Default,loss,56,24.95292392505726,8.193979933110368,15.423335054207538,22.76714513556619,30.094936708860757,46.42857142857143,,
newborn_deaths10_per100,Default,all,112,24.04562210838024,10.561461794019936,16.666666666666668,23.160919540229884,28.509136212624583,35.66666666666667,,
newborn_deaths10_per100,Queen Of Spades,win,56,32.84552280177566,14.334239130434781,28.29163248564397,34.71803702109341,39.8828125,46.08581536003652,,
newborn_deaths10_per100,Queen Of Spades,loss,47,32.70374985690574,0.0,10.818713450292398,36.61971830985915,50.21516393442623,55.94117647058823,,
newborn_deaths10_per100,Queen Of Spades,all,103,32.78083029295152,0.0,24.66216216216216,34.831460674157306,44.09722222222222,51.68858869534305,,
newborn_deaths10_per100,Schooltime,win,56,25.785422933959826,18.500984299226964,22.659453198257,25.915752264526105,29.189791112021297,31.915450167662556,,
newborn_deaths10_per100,Schooltime,loss,55,32.7162511023648,22.774034141958673,26.804190826707405,30.327868852459016,34.419279036048195,39.495776410470334,,
newborn_deaths10_per100,Schooltime,all,111,29.219617071457787,19.93355481727575,24.2674297112462,28.011204481792717,32.61461060629396,37.027027027027025,,
newborn_deaths10_per100,Slithery Fight,win,56,59.10548459326468,51.25668449197861,54.730872710774605,57.79288586106768,62.0871870760883,67.76147602164582,,
newborn_deaths10_per100,Slithery Fight,loss,56,66.61199750288384,54.41251325556733,61.20953157237831,66.11203843178765,71.31860057157462,79.89698528806963,,
newborn_deaths10_per100,Slithery Fight,all,112,62.85874104807426,52.1289060082703,56.824632235369364,61.58694242353015,68.00973248001941,73.75535971260807,,
newborn_deaths10_per100,Trauma,win,55,29.616026082621374,22.7226990233797,27.241379310344826,30.232558139534884,33.573141486810556,36.31601619712242,,
newborn_deaths10_per100,Trauma,loss,55,21.68031118465627,0.0,13.741686333404848,21.62162162162162,30.054707089126964,36.04911520404478,,
newborn_deaths10_per100,Trauma,all,112,25.729621582811756,12.583333333333334,20.517241379310345,28.035087719298247,32.995977404998285,36.14251720367869,,
newborn_deaths10_per100,ALL,win,559,35.81643407402884,,22.926223241590215,31.63716814159292,47.87640449438202,,13.043478260869565,65.74610188686877
newborn_deaths10_per100,ALL,loss,534,40.37191330158178,,22.747208931419458,34.00710646285867,53.777229566188794,,0.0,74.52715804117172
newborn_deaths10_per100,ALL,all,1095,38.02776933150817,,22.816552250190696,33.07086614173228,51.140022070827285,,8.811227297743534,70.24691358024691
child_len_median,Portals,win,56,2.017857142857143,2.0,2.0,2.0,2.0,2.0,,
child_len_median,Portals,loss,54,2.0185185185185186,2.0,2.0,2.0,2.0,2.0,,
child_len_median,Portals,all,110,2.018181818181818,2.0,2.0,2.0,2.0,2.0,,
child_len_median,Prisoners Dilemma,win,56,2.0,2.0,2.0,2.0,2.0,2.0,,
child_len_median,Prisoners Dilemma,loss,43,3.4651162790697674,2.0,2.0,2.0,2.0,9.0,,
child_len_median,Prisoners Dilemma,all,99,2.6363636363636362,2.0,2.0,2.0,2.0,2.0,,
child_len_median,Devil,win,56,2.017857142857143,2.0,2.0,2.0,2.0,2.0,,
child_len_median,Devil,loss,56,2.0,2.0,2.0,2.0,2.0,2.0,,
child_len_median,Devil,all,112,2.0089285714285716,2.0,2.0,2.0,2.0,2.0,,
child_len_median,Trophy,win,56,2.0,2.0,2.0,2.0,2.0,2.0,,
child_len_median,Trophy,loss,56,2.0,2.0,2.0,2.0,2.0,2.0,,
child_len_median,Trophy,all,112,2.0,2.0,2.0,2.0,2.0,2.0,,
child_len_median,Autarky,win,56,2.0357142857142856,2.0,2.0,2.0,2.0,2.0,,
child_len_median,Autarky,loss,56,2.0,2.0,2.0,2.0,2.0,2.0,,
child_len_median,Autarky,all,112,2.017857142857143,2.0,2.0,2.0,2.0,2.0,,
child_len_median,Default,win,56,2.0,2.0,2.0,2.0,2.0,2.0,,
child_len_median,Default,loss,56,2.0,2.0,2.0,2.0,2.0,2.0,,
child_len_median,Default,all,112,2.0,2.0,2.0,2.0,2.0,2.0,,
child_len_median,Queen Of Spades,win,56,2.0,2.0,2.0,2.0,2.0,2.0,,
child_len_median,Queen Of Spades,loss,47,2.0,2.0,2.0,2.0,2.0,2.0,,
child_len_median,Queen Of Spades,all,103,2.0,2.0,2.0,2.0,2.0,2.0,,
child_len_median,Schooltime,win,56,2.0892857142857144,2.0,2.0,2.0,2.0,2.0,,
child_len_median,Schooltime,loss,56,2.017857142857143,2.0,2.0,2.0,2.0,2.0,,
child_len_median,Schooltime,all,112,2.0535714285714284,2.0,2.0,2.0,2.0,2.0,,
child_len_median,Slithery Fight,win,56,2.1607142857142856,2.0,2.0,2.0,2.0,3.0,,
child_len_median,Slithery Fight,loss,56,2.5535714285714284,2.0,2.0,2.0,3.0,4.0,,
child_len_median,Slithery Fight,all,112,2.357142857142857,2.0,2.0,2.0,2.25,3.9000000000000057,,
child_len_median,Trauma,win,55,2.0,2.0,2.0,2.0,2.0,2.0,,
child_len_median,Trauma,loss,55,2.0,2.0,2.0,2.0,2.0,2.0,,
child_len_median,Trauma,all,112,2.0,2.0,2.0,2.0,2.0,2.0,,
child_len_median,ALL,win,559,2.032200357781753,,2.0,2.0,2.0,,2.0,2.0
child_len_median,ALL,loss,535,2.1794392523364485,,2.0,2.0,2.0,,2.0,3.0
child_len_median,ALL,all,1096,2.104014598540146,,2.0,2.0,2.0,,2.0,2.0
child_len_le3_share,Portals,win,56,0.9553556362069392,0.913634805951395,0.9489194229608908,0.9660917212235336,0.9730765121088127,0.9803773766293922,,
child_len_le3_share,Portals,loss,54,0.9468465079060209,0.8836111111111111,0.9008454106280194,0.963858695652174,0.9952431289640592,1.0,,
child_len_le3_share,Portals,all,110,0.9511784277683066,0.8873564072093484,0.9375183877611062,0.9654068607897885,0.9768494152046784,1.0,,
child_len_le3_share,Prisoners Dilemma,win,56,0.927411879754729,0.8708333333333333,0.9047619047619048,0.9424192212096105,0.9645935960591133,1.0,,
child_len_le3_share,Prisoners Dilemma,loss,43,0.8251748303336028,0.3333333333333333,0.8166666666666667,0.9393939393939394,1.0,1.0,,
child_len_le3_share,Prisoners Dilemma,all,99,0.8830058885920176,0.7142857142857143,0.8947368421052632,0.9411764705882353,1.0,1.0,,
child_len_le3_share,Devil,win,56,0.9802524295009609,0.9625429553264605,0.9780776746458232,0.9977232807421487,1.0,1.0,,
child_len_le3_share,Devil,loss,56,0.9882047124600584,0.9690257000383583,1.0,1.0,1.0,1.0,,
child_len_le3_share,Devil,all,112,0.9842285709805096,0.9632831168831169,0.9864089133411211,1.0,1.0,1.0,,
child_len_le3_share,Trophy,win,56,0.9977055180569414,0.9941111520058888,1.0,1.0,1.0,1.0,,
child_len_le3_share,Trophy,loss,56,0.9987241209107242,1.0,1.0,1.0,1.0,1.0,,
child_len_le3_share,Trophy,all,112,0.9982148194838328,0.9958333333333333,1.0,1.0,1.0,1.0,,
child_len_le3_share,Autarky,win,56,0.9294990226606387,0.8685600664767332,0.9349101307189542,0.9528315209716143,0.9789723449517264,0.9833714024668798,,
child_len_le3_share,Autarky,loss,56,0.9846933832944489,0.957936507936508,0.9725713208495664,1.0,1.0,1.0,,
child_len_le3_share,Autarky,all,112,0.9570962029775438,0.9174248300406078,0.9490976365976366,0.9745866701110824,1.0,1.0,,
child_len_le3_share,Default,win,56,0.9684776768659079,0.928548644338118,0.9594487861656136,0.9796250172962502,1.0,1.0,,
child_len_le3_share,Default,loss,56,0.993716603467586,0.9795150501672241,0.9898684210526316,1.0,1.0,1.0,,
child_len_le3_share,Default,all,112,0.9810971401667469,0.9510865421273351,0.9748383352677832,0.997093023255814,1.0,1.0,,
child_len_le3_share,Queen Of Spades,win,56,0.9731082353158916,0.930672268907563,0.9558693081017149,0.98989898989899,1.0,1.0,,
child_len_le3_share,Queen Of Spades,loss,47,0.9782429535933833,0.9268398268398268,0.9600313479623825,1.0,1.0,1.0,,
child_len_le3_share,Queen Of Spades,all,103,0.9754512621027083,0.9285714285714286,0.9555982653262369,0.9936708860759493,1.0,1.0,,
child_len_le3_share,Schooltime,win,56,0.9197007818679422,0.8064625850340136,0.9280909195270348,0.9620501204472729,0.9767518248175182,0.9981481481481482,,
child_len_le3_share,Schooltime,loss,56,0.9543743198997955,0.8735673182099206,0.9490438939591482,0.9741586538461539,1.0,1.0,,
child_len_le3_share,Schooltime,all,112,0.9370375508838688,0.8716459789794074,0.9356814198071867,0.9659904800035588,0.9870324803149606,1.0,,
child_len_le3_share,Slithery Fight,win,56,0.8188110955030565,0.5626635133496196,0.8257326472292199,0.8670011148272019,0.8829917795729776,0.8970143376466232,,
child_len_le3_share,Slithery Fight,loss,56,0.7494838810785768,0.47497663836184134,0.5087407246844375,0.8581960888743223,0.9029273225898272,1.0,,
child_len_le3_share,Slithery Fight,all,112,0.7841474882908166,0.500253807106599,0.6679094551186604,0.8652036210699082,0.8877166568742656,1.0,,
child_len_le3_share,Trauma,win,55,0.9229933319376321,0.8420130475302889,0.9243055555555556,0.948339483394834,0.9638898949655922,0.9754764414889303,,
child_len_le3_share,Trauma,loss,55,0.9312271208084055,0.8059113300492611,0.9030267411107846,0.9642857142857143,1.0,1.0,,
child_len_le3_share,Trauma,all,112,0.9275051295842428,0.8363699906803355,0.9160460143057296,0.95032622402544,0.9725084830966445,1.0,,
child_len_le3_share,ALL,win,559,0.9393607883678322,,0.9288018433179723,0.9653465346534653,0.9949431019051271,,0.7940220463538723,1.0
child_len_le3_share,ALL,loss,535,0.9369760238819588,,0.9444444444444444,1.0,1.0,,0.5418140518873178,1.0
child_len_le3_share,ALL,all,1096,0.9382146925975086,,0.9341055341055341,0.9748684210526315,1.0,,0.7176339285714286,1.0
dragon_turns,Portals,win,56,7818.803571428572,6710.5,7360.75,7851.0,8405.0,8809.5,,
dragon_turns,Portals,loss,56,8130.125,6793.5,7680.0,8174.5,9028.25,10238.5,,
dragon_turns,Portals,all,112,7974.464285714285,6722.5,7391.25,7989.0,8497.5,9636.7,,
dragon_turns,Prisoners Dilemma,win,56,2502.0714285714284,386.0,797.25,2035.5,3012.25,5137.5,,
dragon_turns,Prisoners Dilemma,loss,56,722.7857142857143,68.0,142.5,382.0,1037.5,1546.5,,
dragon_turns,Prisoners Dilemma,all,112,1612.4285714285713,74.30000000000001,310.5,982.0,2247.75,3643.700000000001,,
dragon_turns,Devil,win,56,8211.42857142857,3900.5,4901.75,6385.0,10965.5,13867.5,,
dragon_turns,Devil,loss,56,2858.5,701.0,951.0,1505.0,2867.25,5017.0,,
dragon_turns,Devil,all,112,5534.964285714285,847.7,1512.0,4242.5,9353.25,12801.6,,
dragon_turns,Trophy,win,56,6257.071428571428,2802.0,3993.75,5465.5,7197.5,11560.0,,
dragon_turns,Trophy,loss,56,1953.7142857142858,567.5,753.25,1166.5,2319.0,4416.0,,
dragon_turns,Trophy,all,112,4105.392857142857,699.9,1177.25,3575.0,5854.0,9215.100000000002,,
dragon_turns,Autarky,win,56,9980.392857142857,5184.5,7846.5,9632.5,11769.75,15235.5,,
dragon_turns,Autarky,loss,56,4089.625,1281.0,2055.0,3291.0,5211.75,7844.0,,
dragon_turns,Autarky,all,112,7035.008928571428,1961.2,3102.0,7105.0,10073.0,12268.6,,
dragon_turns,Default,win,56,9554.05357142857,5747.5,6796.25,9621.5,12114.25,13589.5,,
dragon_turns,Default,loss,56,4006.6785714285716,1177.0,1655.5,3265.5,6060.5,7574.5,,
dragon_turns,Default,all,112,6780.366071428572,1563.4,3096.75,6623.5,9728.0,12868.400000000001,,
dragon_turns,Queen Of Spades,win,56,4537.285714285715,963.0,2346.0,4763.0,6376.0,7469.0,,
dragon_turns,Queen Of Spades,loss,56,1736.517857142857,226.0,524.75,1326.0,2520.5,3761.0,,
dragon_turns,Queen Of Spades,all,112,3136.901785714286,308.2,969.5,2439.0,4831.0,6697.4,,
dragon_turns,Schooltime,win,56,20464.303571428572,14053.5,18524.75,22080.5,23576.75,24606.0,,
dragon_turns,Schooltime,loss,56,11148.375,1422.0,5121.75,10880.5,16462.25,21644.5,,
dragon_turns,Schooltime,all,112,15806.339285714286,4736.5,10464.75,17237.0,22705.75,24117.300000000003,,
dragon_turns,Slithery Fight,win,56,23559.821428571428,21651.0,22601.0,23718.0,24204.5,25681.5,,
dragon_turns,Slithery Fight,loss,56,23266.89285714286,17282.5,20126.5,23558.0,26441.75,28833.0,,
dragon_turns,Slithery Fight,all,112,23413.35714285714,19383.5,21984.25,23669.0,25246.25,28044.300000000007,,
dragon_turns,Trauma,win,55,9980.236363636364,5739.0,7716.0,10362.0,12744.0,13838.6,,
dragon_turns,Trauma,loss,55,5269.018181818182,2249.6,3288.5,4623.0,6653.5,9735.6,,
dragon_turns,Trauma,all,112,7594.223214285715,3123.3,4528.25,7465.5,10503.25,12996.400000000001,,
dragon_turns,ALL,win,559,10287.09481216458,,5150.0,8298.0,13589.5,,1489.0000000000002,24014.2
dragon_turns,ALL,loss,559,6320.100178890876,,1250.0,3509.0,8233.0,,237.60000000000002,23724.000000000007
dragon_turns,ALL,all,1120,8299.344642857142,,2351.75,6482.5,11112.25,,383.95,23999.5
pearls_per100dt_0_100,Portals,win,56,14.488675759865052,8.101713983191052,9.855949224916015,14.26795978205044,19.42397896426553,20.722876284261382,,
pearls_per100dt_0_100,Portals,loss,56,10.764881381280402,5.388683343194774,6.8377242157729965,9.091469234076918,14.984889365793983,17.5422138836773,,
pearls_per100dt_0_100,Portals,all,112,12.626778570572727,6.066130312765408,7.69224547023296,12.813109790610975,17.06708318003,20.331550984265377,,
pearls_per100dt_0_100,Prisoners Dilemma,win,56,9.192629898600151,3.3342414253412156,4.848258014122633,7.431481314838859,13.526063612885686,15.87580147920858,,
pearls_per100dt_0_100,Prisoners Dilemma,loss,56,8.012959565849796,1.2231959724035055,2.4505645108660183,4.839296187683285,12.662105777543886,19.03704617408824,,
pearls_per100dt_0_100,Prisoners Dilemma,all,112,8.602794732224973,1.5682205588082716,3.4353550180170966,6.1455716477550535,13.511584848406923,16.93219654775744,,
pearls_per100dt_0_100,Devil,win,56,11.369862836671928,10.173990038251883,10.635245485728202,11.184434478540961,12.014468465689237,12.723515775844536,,
pearls_per100dt_0_100,Devil,loss,56,7.08859092513634,4.301673444090037,5.283431970349115,6.672359466030126,8.620230568667882,11.171108941730028,,
pearls_per100dt_0_100,Devil,all,112,9.229226880904134,4.928900284213406,6.71540376305261,10.261027306615716,11.34068177847659,12.34599250696468,,
pearls_per100dt_0_100,Trophy,win,56,7.3415289966637705,5.983051746746405,6.611552028218695,7.339449541284404,8.27206754680531,8.687286577357499,,
pearls_per100dt_0_100,Trophy,loss,56,6.484702225725926,4.445816922656353,5.258344030808729,6.538598114042971,7.787475895666294,8.541114058355438,,
pearls_per100dt_0_100,Trophy,all,112,6.913115611194849,5.039040370452474,6.042269832078749,7.118725868725869,7.913597845885801,8.616645381013198,,
pearls_per100dt_0_100,Autarky,win,56,6.711326054156609,5.344362283378393,6.150605127023889,6.708939814766474,7.351243398179357,8.454205650515394,,
pearls_per100dt_0_100,Autarky,loss,56,6.108872097562284,3.237053623648547,5.196760597565943,6.309187498889541,7.32393558790461,7.950216111516948,,
pearls_per100dt_0_100,Autarky,all,112,6.410099075859447,4.127228679567715,5.6670556194324835,6.55580273866604,7.341002552467385,8.39055023923445,,
pearls_per100dt_0_100,Default,win,56,3.806231259889722,1.6547663978875562,2.9767440306783715,4.056159991345366,4.807643958178003,5.20013677103946,,
pearls_per100dt_0_100,Default,loss,56,2.8208893337406558,1.7518100092560895,2.1580104587592106,2.7451085932664103,3.320247841080932,4.160021624543857,,
pearls_per100dt_0_100,Default,all,112,3.313560296815189,1.70557794918087,2.243495723988537,3.2419507041173756,4.375807894998509,4.942634400357378,,
pearls_per100dt_0_100,Queen Of Spades,win,56,7.247206877920286,1.9578544061302683,2.881467490842491,7.48473186026123,10.002915307223759,13.044682422451995,,
pearls_per100dt_0_100,Queen Of Spades,loss,56,4.569295889191476,0.0,0.3073770491803279,2.7088174146997677,8.787878787878789,11.896619908344384,,
pearls_per100dt_0_100,Queen Of Spades,all,112,5.90825138355588,0.0,1.8904685433591535,5.819559228650138,9.684746753957102,12.268864224855758,,
pearls_per100dt_0_100,Schooltime,win,56,9.65057389945788,7.697308831456054,8.61504194422424,9.55728070294569,10.627015918982647,11.960272293652466,,
pearls_per100dt_0_100,Schooltime,loss,56,7.100972995797453,1.950542340180231,6.226771196283392,7.431401224000388,9.201429671739282,10.141160399195538,,
pearls_per100dt_0_100,Schooltime,all,112,8.375773447627667,5.652106920345683,7.110128297075464,8.778641176994652,10.069426566125909,11.1648963279967,,
pearls_per100dt_0_100,Slithery Fight,win,56,14.707604255739367,12.608136544306756,13.386823303879954,14.122975727791255,15.519276877149819,17.08465583020743,,
pearls_per100dt_0_100,Slithery Fight,loss,56,15.861712276196075,12.322436376528305,13.215694089558044,15.797245757915833,17.410711819192613,21.329156411980353,,
pearls_per100dt_0_100,Slithery Fight,all,112,15.284658265967721,12.493205891693341,13.239595749839872,14.459086464251719,16.942303663233897,19.47639274784776,,
pearls_per100dt_0_100,Trauma,win,55,3.8438905389166553,0.9259259259259259,2.159827213822894,3.4722222222222223,5.603651456098598,7.35520120877511,,
pearls_per100dt_0_100,Trauma,loss,55,1.882309452875622,0.25125628140703515,0.4853403709193449,1.1655011655011656,2.4047191268946273,5.659365986281897,,
pearls_per100dt_0_100,Trauma,all,112,2.8582493709926555,0.25125628140703515,0.7194244604316546,2.16923822564783,4.791399229781772,6.594987261585074,,
pearls_per100dt_0_100,ALL,win,559,8.84488338215106,,5.485232067510548,8.048289738430583,11.882378974117378,,2.0,17.14709458326346
pearls_per100dt_0_100,ALL,loss,559,7.078798058273813,,2.917085848423876,6.26984126984127,9.26204630396067,,0.25125628140703515,17.343822120358432
pearls_per100dt_0_100,ALL,all,1120,7.9522507635715245,,4.087322661406571,7.1751372585259166,11.078728042860945,,0.9826895630956219,17.29724107378631
pearls_per100dt_100_250,Portals,win,56,15.289509664694567,10.515211489671454,12.456081937426148,16.362187743779614,18.42052959452919,19.452150705503605,,
pearls_per100dt_100_250,Portals,loss,56,10.390023790379205,3.3703450176464838,5.14559516104667,11.474082483753108,15.42298536413331,18.152879953262527,,
pearls_per100dt_100_250,Portals,all,112,12.839766727536887,4.803514944284323,7.4006374518506775,14.028475250723169,17.639380541157625,19.23380017842003,,
pearls_per100dt_100_250,Prisoners Dilemma,win,40,6.135187741607592,3.1205097972601648,4.5854231027084005,5.719446249311069,7.858400567911647,9.949937365616528,,
pearls_per100dt_100_250,Prisoners Dilemma,loss,40,6.804070384375128,0.0,0.65527950310559,4.399474279792104,9.526158350305499,18.30946618260051,,
pearls_per100dt_100_250,Prisoners Dilemma,all,80,6.469629062991359,0.2278481012658229,3.0939541467215173,5.1522836623924535,8.904232424677188,11.917176724501326,,
pearls_per100dt_100_250,Devil,win,56,9.658974868117612,8.154997561946685,8.831597276401762,10.010275880172353,10.487083958403153,11.058576143171976,,
pearls_per100dt_100_250,Devil,loss,56,5.832865048951421,1.8412577337062463,3.32609886636605,5.324760868320064,7.874293436979017,10.97340450815183,,
pearls_per100dt_100_250,Devil,all,112,7.745919958534516,2.959558823529412,5.274936061381074,8.727532785331473,10.253361742412276,11.06110188964564,,
pearls_per100dt_100_250,Trophy,win,53,4.23356609944919,3.394690854221453,3.8098760865544663,4.196642685851319,4.776622646810902,5.135273005118979,,
pearls_per100dt_100_250,Trophy,loss,53,4.334017431135784,1.746831577340052,3.1137724550898205,4.149377593360996,5.421686746987952,6.576974114450067,,
pearls_per100dt_100_250,Trophy,all,106,4.283791765292487,2.69876666818368,3.543033821302372,4.182378307149348,5.029813550876996,5.919490190993127,,
pearls_per100dt_100_250,Autarky,win,55,5.055701849301828,3.775986974873272,4.4484093947028445,5.184725240608507,5.642894002440375,6.194087744136178,,
pearls_per100dt_100_250,Autarky,loss,55,5.003670300084089,1.314123420638794,2.763113055478194,5.334846765039727,6.660182848869759,8.113872439195916,,
pearls_per100dt_100_250,Autarky,all,110,5.029686074692958,2.0149772463154236,4.078232049468279,5.204398806564633,6.097289459261966,7.39791385658764,,
pearls_per100dt_100_250,Default,win,56,4.144646930530699,2.7481758319985765,3.62543199008301,4.170349711324822,4.6252937538681,5.333823542578814,,
pearls_per100dt_100_250,Default,loss,56,3.5304216592984843,1.52073732718894,2.2787366927717096,3.425238582811536,4.722143657814987,5.366635179308048,,
pearls_per100dt_100_250,Default,all,112,3.8375342949145925,1.921678378820069,2.868695263488334,4.015724129157411,4.665983319112026,5.371283528940054,,
pearls_per100dt_100_250,Queen Of Spades,win,52,7.2375824925865775,4.089610623568469,5.005293577033418,6.887159076233079,8.34218629459349,11.082271470320208,,
pearls_per100dt_100_250,Queen Of Spades,loss,52,4.798671321839755,1.0026694045174538,2.337889058396112,3.6472148541114056,7.600974162338231,9.83402908699165,,
pearls_per100dt_100_250,Queen Of Spades,all,104,6.018126907213168,1.8387650085763294,3.334427520357333,6.411567971670273,7.858201581027668,10.870782526100442,,
pearls_per100dt_100_250,Schooltime,win,56,6.667530884833388,5.381778632624375,5.92207901992161,6.734654367422518,7.337375678488586,7.980701011486319,,
pearls_per100dt_100_250,Schooltime,loss,56,5.67533454154622,2.154220497531273,4.996789170750072,6.171363628508489,7.213997071933593,7.813069855825386,,
pearls_per100dt_100_250,Schooltime,all,112,6.1714327131898035,4.260986742617521,5.468175309095473,6.374935971516662,7.238511347491895,7.909414759970298,,
pearls_per100dt_100_250,Slithery Fight,win,56,11.845280599406566,10.227031849190839,10.772734410791715,11.53223155788804,12.847998979639588,14.07283227727018,,
pearls_per100dt_100_250,Slithery Fight,loss,56,12.740786282071298,9.47572918844173,10.78326268088116,12.938704627175314,14.659124129003185,15.866318904812651,,
pearls_per100dt_100_250,Slithery Fight,all,112,12.293033440738933,10.044361163467617,10.772734410791715,11.989866881821827,13.689978126758103,15.339439399126075,,
pearls_per100dt_100_250,Trauma,win,55,6.203138516481117,5.122596734061001,5.487586870497394,6.403450564034506,6.7622803685867545,7.128828996154666,,
pearls_per100dt_100_250,Trauma,loss,55,3.7226564897441614,0.40410911564526864,2.0100484504458014,4.18848167539267,5.631546439508968,6.074235418497714,,
pearls_per100dt_100_250,Trauma,all,112,4.972969720923492,0.4216295213737669,4.20723277839873,5.504471863379688,6.43423967540567,6.958737663996517,,
pearls_per100dt_100_250,ALL,win,535,7.722074444359464,,4.766332275275499,6.542655548428479,10.243864289786407,,3.3062299624111513,16.506798606179125
pearls_per100dt_100_250,ALL,loss,535,6.2968836924247364,,3.1193862275449105,5.360824742268041,8.10132798786306,,0.37036144578313285,15.550433217648452
pearls_per100dt_100_250,ALL,all,1072,7.0067131404669665,,4.1445333307270165,5.857460394077808,9.54196830328446,,1.0827798146852017,15.863695658307613
pearls_per100dt_250_500,Portals,win,56,13.61230003560805,9.89213148026654,11.02710818194599,14.433748446555704,15.567356696403156,16.941047263766066,,
pearls_per100dt_250_500,Portals,loss,56,8.855270232759061,0.25305778152678193,4.518662280650577,10.574435312000855,13.815669454689147,15.327123205447204,,
pearls_per100dt_250_500,Portals,all,112,11.233785134183554,4.346469843394572,7.768018404484723,13.138600515379654,15.107782739683376,16.236647718912213,,
pearls_per100dt_250_500,Prisoners Dilemma,win,21,4.035279136222785,2.1156138259833135,2.2508038585209005,3.3454545454545452,4.428571428571429,6.403940886699507,,
pearls_per100dt_250_500,Prisoners Dilemma,loss,21,3.184666892503878,0.0,0.0,1.6359918200408998,5.2,8.854166666666666,,
pearls_per100dt_250_500,Prisoners Dilemma,all,42,3.60997301436333,0.0,1.6018408973561495,2.922544583444237,4.565284955368436,6.766631712432327,,
pearls_per100dt_250_500,Devil,win,28,9.38943713697831,7.843038679606199,8.27097217096873,9.38829461212137,10.168428002966706,11.049506579212023,,
pearls_per100dt_250_500,Devil,loss,28,7.183035716582027,2.2143589743589747,5.484189723320158,7.832770903637045,9.653397391901166,10.445655176496123,,
pearls_per100dt_250_500,Devil,all,56,8.28623642678017,4.532925729177108,7.690231197650281,9.041067967139472,9.719496789255944,10.896784286942383,,
pearls_per100dt_250_500,Trophy,win,20,4.486739740341202,3.239099690067102,3.479266665589237,4.04271455650143,4.906821179982989,6.0474122895106825,,
pearls_per100dt_250_500,Trophy,loss,20,5.298044280452703,0.0,1.4023423740753787,4.872418569075887,7.948179271708684,8.648958971218617,,
pearls_per100dt_250_500,Trophy,all,40,4.892392010396952,1.1842272901006496,3.198251737730569,4.123715008376845,6.053831020723946,8.265636918382913,,
pearls_per100dt_250_500,Autarky,win,48,4.575605532394848,3.503853095133749,3.8006956733153476,4.68608431177984,5.18399569044481,5.734759399566295,,
pearls_per100dt_250_500,Autarky,loss,48,4.3524978383333375,0.5622019694703875,2.7118747706983,4.31469115679642,5.5130171130813626,7.009896536212327,,
pearls_per100dt_250_500,Autarky,all,96,4.464051685364093,2.3570628126480204,3.47899232162885,4.578412218926347,5.449719650011886,6.4581720386292325,,
pearls_per100dt_250_500,Default,win,53,4.03613248155661,2.920020414986397,3.353057199211045,4.018754186202277,4.647785039941903,5.171455762108038,,
pearls_per100dt_250_500,Default,loss,53,3.4377138967131935,0.0,2.202643171806167,3.0303030303030303,4.570502431118315,5.8511362801218345,,
pearls_per100dt_250_500,Default,all,106,3.736923189134902,1.376520757556754,2.9200792765067916,3.76375181932532,4.619970181014563,5.504127350062294,,
pearls_per100dt_250_500,Queen Of Spades,win,40,5.713582971075633,3.7004745907321497,4.618283507266846,5.671929093654586,6.164013114294454,8.523904501071684,,
pearls_per100dt_250_500,Queen Of Spades,loss,40,5.567191654795887,0.12113055181695834,1.1269980019980022,4.169363024475811,8.662247103126285,11.420194891589583,,
pearls_per100dt_250_500,Queen Of Spades,all,80,5.6403873129357605,0.9688601195036005,3.2041540020263426,5.287710434472249,7.020217800965959,9.633700716051575,,
pearls_per100dt_250_500,Schooltime,win,54,7.705827274215473,6.562410622208349,7.120946095225996,7.616570034565438,8.336364132914206,8.950540762713597,,
pearls_per100dt_250_500,Schooltime,loss,54,7.220798658875314,4.8875227099654746,6.015070170618939,7.421949185068147,8.690044469539494,10.542230354106602,,
pearls_per100dt_250_500,Schooltime,all,108,7.463312966545394,5.839652809502057,6.656353332959184,7.551275374523535,8.416726562468275,9.231441194792774,,
pearls_per100dt_250_500,Slithery Fight,win,56,10.705602490655554,9.024530181364508,9.36705972284193,10.454595216175491,11.893332095052845,12.783593768778193,,
pearls_per100dt_250_500,Slithery Fight,loss,56,11.710104069113878,8.708185758243541,10.301996119168727,11.64659834223789,13.537973420577186,14.671112827005176,,
pearls_per100dt_250_500,Slithery Fight,all,112,11.207853279884716,8.922185269154934,9.756489027531178,11.040172168898875,12.620338681137675,13.78564609945717,,
pearls_per100dt_250_500,Trauma,win,55,4.931942974397246,4.213313864434341,4.624313465304718,4.985094402119907,5.278412846856773,5.56696246161906,,
pearls_per100dt_250_500,Trauma,loss,55,3.2339307173230116,0.9645707834197471,2.042841043473103,3.663323157435674,4.445946014860448,4.737555008577609,,
pearls_per100dt_250_500,Trauma,all,112,4.10258336612275,1.6954869817123843,3.738411434520209,4.540497795468306,5.0295890059349055,5.4506946441778545,,
pearls_per100dt_250_500,ALL,win,431,7.305432436876147,,4.446661481576881,6.029989575815893,9.594499446494538,,2.9882530163360332,15.06610899077873
pearls_per100dt_250_500,ALL,loss,431,6.281254216497643,,2.91859903261319,5.2493438320209975,9.497528367599147,,0.0,14.54000787977243
pearls_per100dt_250_500,ALL,all,864,6.789616008756063,,3.9205362010010405,5.657213549341956,9.589714909473145,,0.5439237348538846,14.78382355232609
pearls,Portals,win,56,1112.142857142857,765.0,941.0,1206.5,1304.25,1362.5,,
pearls,Portals,loss,56,778.6607142857143,183.5,488.5,813.0,1184.75,1304.0,,
pearls,Portals,all,112,945.4017857142857,453.1,589.25,1064.5,1251.75,1349.7,,
pearls,Prisoners Dilemma,win,56,142.08928571428572,24.0,54.0,112.0,191.0,270.0,,
pearls,Prisoners Dilemma,loss,56,48.142857142857146,2.0,4.75,19.0,65.25,127.5,,
pearls,Prisoners Dilemma,all,112,95.11607142857143,3.0,11.0,58.0,133.75,202.8,,
pearls,Devil,win,56,816.875,409.0,461.25,658.0,1103.0,1335.5,,
pearls,Devil,loss,56,233.80357142857142,35.5,50.5,109.5,188.0,447.5,,
pearls,Devil,all,112,525.3392857142857,48.0,112.25,420.5,836.75,1258.1000000000001,,
pearls,Trophy,win,56,314.2857142857143,186.5,216.75,280.5,376.0,488.0,,
pearls,Trophy,loss,56,105.625,23.0,47.75,73.0,127.0,239.5,,
pearls,Trophy,all,112,209.95535714285714,45.1,73.5,199.5,296.0,401.9000000000001,,
pearls,Autarky,win,56,508.4642857142857,268.5,405.5,502.5,625.75,661.5,,
pearls,Autarky,loss,56,227.16071428571428,52.5,106.5,161.0,299.25,440.0,,
pearls,Autarky,all,112,367.8125,99.2,153.75,334.5,562.5,654.9000000000001,,
pearls,Default,win,56,383.67857142857144,221.0,315.75,373.0,451.0,565.5,,
pearls,Default,loss,56,141.17857142857142,24.0,44.75,113.0,223.5,288.0,,
pearls,Default,all,112,262.42857142857144,31.100000000000016,113.5,249.0,376.75,479.9,,
pearls,Queen Of Spades,win,56,286.125,62.0,165.5,318.0,386.5,492.5,,
pearls,Queen Of Spades,loss,56,98.42857142857143,0.0,8.0,50.5,183.25,228.0,,
pearls,Queen Of Spades,all,112,192.27678571428572,3.3000000000000043,36.75,171.0,339.0,422.20000000000005,,
pearls,Schooltime,win,56,1522.8392857142858,1097.5,1264.75,1604.5,1752.75,1917.0,,
pearls,Schooltime,loss,56,782.5178571428571,26.5,454.0,722.0,1201.5,1439.0,,
pearls,Schooltime,all,112,1152.6785714285713,292.8,706.0,1237.0,1624.5,1844.3,,
pearls,Slithery Fight,win,56,2771.7678571428573,2402.0,2506.0,2678.0,2916.0,3365.5,,
pearls,Slithery Fight,loss,56,3002.3928571428573,1879.0,2327.0,2847.0,3769.25,4301.5,,
pearls,Slithery Fight,all,112,2887.0803571428573,2074.7,2494.25,2745.5,3209.0,4109.9,,
pearls,Trauma,win,55,534.0181818181818,282.0,410.5,549.0,676.0,760.2,,
pearls,Trauma,loss,55,205.38181818181818,15.600000000000001,81.0,190.0,272.0,474.2000000000001,,
pearls,Trauma,all,112,368.5267857142857,35.50000000000002,188.0,337.0,566.0,682.9,,
pearls,ALL,win,559,839.7745974955277,,303.0,519.0,1205.0,,87.50000000000001,2678.0
pearls,ALL,loss,559,562.9677996422182,,50.5,159.0,556.0,,4.900000000000002,2836.6000000000004
pearls,ALL,all,1120,700.6616071428572,,125.0,350.0,933.25,,11.0,2742.3499999999995
pearls_bed_share,Portals,win,56,0.4653895179595538,0.44654242236964914,0.45207736492386935,0.4598342541436464,0.468312378951515,0.48206664787546993,,
pearls_bed_share,Portals,loss,54,0.49778584139489546,0.45039867554578733,0.4594372821618239,0.47322342822035635,0.5016261255876963,0.575131684947636,,
pearls_bed_share,Portals,all,110,0.4812931676459943,0.448471692977681,0.4534835167129465,0.46360885172031924,0.4790764547255588,0.5160913374966478,,
pearls_bed_share,Prisoners Dilemma,win,56,0.493819256511018,0.4167409795582384,0.4367224880382775,0.4866060751016503,0.5325870646766169,0.6013368075223746,,
pearls_bed_share,Prisoners Dilemma,loss,56,0.6556049646172172,0.38011337521066335,0.4393794423182067,0.5826086956521739,1.0,1.0,,
pearls_bed_share,Prisoners Dilemma,all,112,0.5747121105641176,0.40012345679012346,0.4367224880382775,0.5,0.6363636363636364,1.0,,
pearls_bed_share,Devil,win,56,0.5194619664611941,0.4798715935829758,0.49594317660174436,0.5171510446739804,0.5417415020714782,0.5629011621708071,,
pearls_bed_share,Devil,loss,56,0.6224535358992613,0.49945342890969324,0.5201121794871795,0.6039532650448143,0.6884354953670705,0.786628733997155,,
pearls_bed_share,Devil,all,112,0.5709577511802278,0.4832907344055156,0.5038268459183479,0.5369876283053497,0.6080715059588299,0.7071736011477762,,
pearls_bed_share,Trophy,win,56,0.6152502093805667,0.5411311323191633,0.5661654457439061,0.6055600573458829,0.6432562343371266,0.7150108774474258,,
pearls_bed_share,Trophy,loss,56,0.7023312881217956,0.5863486842105263,0.6414123630672927,0.6785714285714286,0.7696314102564104,0.8158730158730159,,
pearls_bed_share,Trophy,all,112,0.6587907487511812,0.5424159442892895,0.594958118556701,0.6425553319919517,0.7075892857142858,0.7917931034482759,,
pearls_bed_share,Autarky,win,56,0.508215722493377,0.44738823119225346,0.46505239520958086,0.4932811795763312,0.5568541426927502,0.596988308819568,,
pearls_bed_share,Autarky,loss,56,0.5244853131285845,0.4385373503353861,0.44816458188206076,0.4853669545698531,0.5653271848924022,0.7020860495436767,,
pearls_bed_share,Autarky,all,112,0.5163505178109808,0.44122286138430133,0.45969547548791223,0.49256997815392833,0.5581601754202777,0.6103924495672532,,
pearls_bed_share,Default,win,56,0.5652976882748032,0.5042357547045664,0.5355178564792449,0.557347782510649,0.5961099086099086,0.6319004524886878,,
pearls_bed_share,Default,loss,56,0.6121439454401713,0.511113813229572,0.5483354673495519,0.6006134969325153,0.6567555938037866,0.7267942583732058,,
pearls_bed_share,Default,all,112,0.5887208168574871,0.5088674994880197,0.5379220779220779,0.5688718232403762,0.6300689375506894,0.6867542213883677,,
pearls_bed_share,Queen Of Spades,win,56,0.5723281406997902,0.49923547400611623,0.5130123729867975,0.5364334948738246,0.6054216867469879,0.6901041666666666,,
pearls_bed_share,Queen Of Spades,loss,49,0.5802633090088068,0.46648936170212774,0.5240174672489083,0.5815217391304348,0.6521739130434783,0.8025000000000001,,
pearls_bed_share,Queen Of Spades,all,105,0.5760312192439979,0.4928783195609664,0.5151515151515151,0.5487364620938628,0.6333333333333333,0.7682051282051283,,
pearls_bed_share,Schooltime,win,56,0.5798857042843633,0.5393350201363556,0.555359246171967,0.5689549061472997,0.6005875077303648,0.633889778722594,,
pearls_bed_share,Schooltime,loss,56,0.5922588278122033,0.5208236536430835,0.5330868761552681,0.5685792127521145,0.6311957077158917,0.6777630805408583,,
pearls_bed_share,Schooltime,all,112,0.5860722660482833,0.5232635823042107,0.541904379012393,0.5689549061472997,0.6093021109129878,0.666629711751663,,
pearls_bed_share,Slithery Fight,win,56,0.5024412902896799,0.49031862745098037,0.494274442252693,0.5016607440260354,0.5053749472387319,0.5183829838579932,,
pearls_bed_share,Slithery Fight,loss,56,0.500773576031048,0.4493447524157338,0.4828292130567592,0.4990840349609561,0.5107054833418111,0.5570209480781545,,
pearls_bed_share,Slithery Fight,all,112,0.5016074331603639,0.45395335536425174,0.49135583350677653,0.4996455636686097,0.50913706381786,0.5457402859391355,,
pearls_bed_share,Trauma,win,55,0.5704373163028291,0.5282726045883941,0.5378135032206888,0.5565410199556541,0.5836704993104289,0.6391827045014153,,
pearls_bed_share,Trauma,loss,55,0.6673086895760104,0.5522061596480201,0.5944259088817303,0.6450116009280742,0.7142857142857143,0.7942857142857144,,
pearls_bed_share,Trauma,all,112,0.6182531974961691,0.5328905797700769,0.551772264067346,0.5888218923933211,0.6589404934687954,0.7537635010353128,,
pearls_bed_share,ALL,win,559,0.539196894798746,,0.4921903587352786,0.5318471337579618,0.5768177233837611,,0.44592453853304415,0.6697997452475775
pearls_bed_share,ALL,loss,550,0.5959603577495494,,0.49981979817395483,0.5653385006661015,0.6642208303272775,,0.43848526819440947,0.9260989010989009
pearls_bed_share,ALL,all,1111,0.5673785677326607,,0.4952283995067001,0.5439330543933054,0.6144323054931591,,0.44200401660195476,0.7875939849624061
pearls_ally_corpse_share,Portals,win,56,0.5346104820404463,0.51793335212453,0.5316876210484851,0.5401657458563536,0.5479226350761306,0.553457577630351,,
pearls_ally_corpse_share,Portals,loss,54,0.5022141586051044,0.42486831505236416,0.49837387441230374,0.5267765717796437,0.5405627178381761,0.5496013244542127,,
pearls_ally_corpse_share,Portals,all,110,0.5187068323540057,0.4839086625033524,0.5209235452744412,0.5363911482796807,0.5465164832870535,0.551528307022319,,
pearls_ally_corpse_share,Prisoners Dilemma,win,56,0.36491591963743825,0.23015873015873015,0.29772727272727273,0.35236740499898395,0.4521360353267381,0.5,,
pearls_ally_corpse_share,Prisoners Dilemma,loss,56,0.24127473436752092,0.0,0.0,0.2361111111111111,0.4173387096774194,0.5295279478570019,,
pearls_ally_corpse_share,Prisoners Dilemma,all,112,0.3030953270024796,0.0,0.18181818181818182,0.3342490842490842,0.44592875318066155,0.516265060240964,,
pearls_ally_corpse_share,Devil,win,56,0.43253089807360384,0.3848073891426492,0.40371302029583767,0.43948679746720754,0.4619741213115799,0.47642505743929975,,
pearls_ally_corpse_share,Devil,loss,56,0.2673339728566774,0.12246376811594203,0.20663550655161395,0.26540035942492013,0.3451618975903614,0.3930767174552259,,
pearls_ally_corpse_share,Devil,all,112,0.34993243546514063,0.20014388489208634,0.265169667925259,0.38945824290651876,0.45012273428816746,0.4692077652471526,,
pearls_ally_corpse_share,Trophy,win,56,0.28327427322405935,0.20574120492247233,0.24894062041614604,0.2799061486014704,0.32458593068964947,0.37406451473558033,,
pearls_ally_corpse_share,Trophy,loss,56,0.17885068760871947,0.08063063063063064,0.1330188679245283,0.18957771787960467,0.2260044642857143,0.26598754951895864,,
pearls_ally_corpse_share,Trophy,all,112,0.23106248041638938,0.12112068965517242,0.18642857142857144,0.24053295932678823,0.28727592561568105,0.32700341724021753,,
pearls_ally_corpse_share,Autarky,win,56,0.3914780952448908,0.3184883373044828,0.34881361881361883,0.3984535211060558,0.44158504073807814,0.4585560077325297,,
pearls_ally_corpse_share,Autarky,loss,56,0.34598967375275985,0.20416666666666666,0.3098832528180354,0.35446533284321446,0.4001914898354524,0.46592016975397144,,
pearls_ally_corpse_share,Autarky,all,112,0.36873388449882544,0.25720478129515306,0.331652104306298,0.38048604742565173,0.42727072852135906,0.4605071968972769,,
pearls_ally_corpse_share,Default,win,56,0.34453595575377605,0.2572303779909837,0.3028515349329569,0.3513027493606138,0.38209109523044804,0.4154312015503876,,
pearls_ally_corpse_share,Default,loss,56,0.24261049114416483,0.13186416184971098,0.20143086879020383,0.24239631336405532,0.3063720654961531,0.3365352348993289,,
pearls_ally_corpse_share,Default,all,112,0.2935732234489704,0.17143631436314366,0.23920844601622634,0.30459546084546085,0.35979348004305767,0.3869552261044476,,
pearls_ally_corpse_share,Queen Of Spades,win,56,0.35413426603236636,0.17261904761904762,0.3226072751415193,0.38813532274794543,0.4266040550106179,0.4484668154392925,,
pearls_ally_corpse_share,Queen Of Spades,loss,49,0.23578656519568447,0.0,0.08695652173913043,0.28125,0.35809018567639256,0.39612537089851074,,
pearls_ally_corpse_share,Queen Of Spades,all,105,0.29890533897524807,0.07076923076923078,0.17391304347826086,0.34893617021276596,0.412987012987013,0.4447551980776291,,
pearls_ally_corpse_share,Schooltime,win,56,0.3521241235331894,0.3112849643910356,0.33231422841919894,0.3523923361263273,0.3799505592529797,0.39465034566347534,,
pearls_ally_corpse_share,Schooltime,loss,56,0.28686411461596306,0.2199096880131363,0.2557515337423313,0.30165938394884045,0.33724224950587217,0.3579507633433495,,
pearls_ally_corpse_share,Schooltime,all,112,0.3194941190745762,0.23986571760310968,0.29031137992831546,0.3348636616583194,0.3586424826753669,0.385584009775683,,
pearls_ally_corpse_share,Slithery Fight,win,56,0.46692004238881146,0.4483918611500667,0.45620946678487884,0.46971362276363193,0.4766873310338398,0.48449013338522845,,
pearls_ally_corpse_share,Slithery Fight,loss,56,0.4697083489636695,0.40688626238984116,0.45547793931036373,0.4726517091411616,0.4837743003534424,0.5284738936706974,,
pearls_ally_corpse_share,Slithery Fight,all,112,0.46831419567624044,0.4124812375935716,0.4559281914323737,0.4710788804553131,0.4793245667145686,0.5221787375415282,,
pearls_ally_corpse_share,Trauma,win,55,0.4028467945531898,0.323856072243169,0.3848471104311506,0.4211309523809524,0.4394967146255806,0.45186618043443794,,
pearls_ally_corpse_share,Trauma,loss,55,0.26954188398480655,0.09285714285714287,0.19677029690380826,0.2864864864864865,0.3534165698799845,0.41553320762623086,,
pearls_ally_corpse_share,Trauma,all,112,0.3366983440079654,0.1685714285714286,0.28485023041474655,0.37525143055314725,0.42457039377359945,0.4429707792207792,,
pearls_ally_corpse_share,ALL,win,559,0.3927189997002254,,0.3325376353409128,0.40070921985815605,0.45889149438918986,,0.23581271091113612,0.5410418916944174
pearls_ally_corpse_share,ALL,loss,550,0.30422782397047116,,0.20289392605633805,0.30953874024526196,0.41391750012439665,,0.0,0.5369763586746322
pearls_ally_corpse_share,ALL,all,1111,0.3488605411570544,,0.2655397727272727,0.36018471010774755,0.4533337762619775,,0.09141494435612083,0.5394412741064957
pearls_enemy_corpse_share,Portals,win,56,0.0,0.0,0.0,0.0,0.0,0.0,,
pearls_enemy_corpse_share,Portals,loss,54,0.0,0.0,0.0,0.0,0.0,0.0,,
pearls_enemy_corpse_share,Portals,all,110,0.0,0.0,0.0,0.0,0.0,0.0,,
pearls_enemy_corpse_share,Prisoners Dilemma,win,56,0.14126482385154374,0.05754771544245228,0.0828948546863105,0.12466650497210768,0.1823725843122395,0.23904761904761904,,
pearls_enemy_corpse_share,Prisoners Dilemma,loss,56,0.103120301015262,0.0,0.0,0.08265027322404371,0.1586870026525199,0.23968253968253966,,
pearls_enemy_corpse_share,Prisoners Dilemma,all,112,0.12219256243340286,0.0,0.05245952677459527,0.1111111111111111,0.18181818181818182,0.2398095238095238,,
pearls_enemy_corpse_share,Devil,win,56,0.04800713546520197,0.025715792048629067,0.029617942139540127,0.039951757864128995,0.04955141102853672,0.0736858530760672,,
pearls_enemy_corpse_share,Devil,loss,56,0.11021249124406121,0.04300628233555063,0.07273519163763066,0.11303990274599543,0.14285714285714285,0.18679549114331723,,
pearls_enemy_corpse_share,Devil,all,112,0.0791098133546316,0.02781228266247764,0.038180374952495405,0.0547319556753519,0.12062687419677282,0.14693627450980393,,
pearls_enemy_corpse_share,Trophy,win,56,0.10147551739537386,0.051697495271922134,0.0762203395349847,0.09807626245276538,0.12111770846926792,0.16218996071290065,,
pearls_enemy_corpse_share,Trophy,loss,56,0.11881802426948496,0.06452358926919519,0.08616054875787912,0.11861646690984887,0.15614035087719297,0.17165178571428572,,
pearls_enemy_corpse_share,Trophy,all,112,0.1101467708324294,0.05866313805685874,0.08053827896259594,0.10645604395604395,0.14907672715695638,0.17138415988156921,,
pearls_enemy_corpse_share,Autarky,win,56,0.10030618226173219,0.050438565763847046,0.06456855791962174,0.09637867926975766,0.1258571185704301,0.15621932063616728,,
pearls_enemy_corpse_share,Autarky,loss,56,0.12952501311865558,0.052545988929834246,0.07667040988208872,0.14067046909556513,0.18002130697916902,0.19511378848728245,,
pearls_enemy_corpse_share,Autarky,all,112,0.11491559769019388,0.05141632141824839,0.06914528107408092,0.11359447004608295,0.15426699748317654,0.18608112242667948,,
pearls_enemy_corpse_share,Default,win,56,0.09016635597142084,0.03389825369876304,0.051787896666526195,0.08299465240641711,0.11937845046833323,0.15555802826304663,,
pearls_enemy_corpse_share,Default,loss,56,0.14524556341566403,0.0437799043062201,0.10745276065398017,0.13910126384771415,0.19011585429495875,0.22874748490945673,,
pearls_enemy_corpse_share,Default,all,112,0.11770595969354243,0.038568872987477645,0.0649175149175149,0.11077027948193592,0.1596808510638298,0.20654549718574108,,
pearls_enemy_corpse_share,Queen Of Spades,win,56,0.07353759326784355,0.01422081769701758,0.029784509405634547,0.05552293577981651,0.09450289458175894,0.15983764978739853,,
pearls_enemy_corpse_share,Queen Of Spades,loss,49,0.18395012579550876,0.034414802065404496,0.07488986784140969,0.1437908496732026,0.25,0.38899167437557824,,
pearls_enemy_corpse_share,Queen Of Spades,all,105,0.125063441780754,0.016978922716627636,0.041666666666666664,0.08311688311688312,0.16666666666666666,0.2673809523809524,,
pearls_enemy_corpse_share,Schooltime,win,56,0.06799017218244735,0.011393725784595025,0.03937576707745591,0.06790270718805103,0.09835816481386102,0.11055784325195361,,
pearls_enemy_corpse_share,Schooltime,loss,56,0.12087705757183358,0.064026020317234,0.09281311627742553,0.11782245558200058,0.15091800933337876,0.1776763910692482,,
pearls_enemy_corpse_share,Schooltime,all,112,0.09443361487714046,0.030878426326558225,0.062474134894778544,0.09666803836696539,0.12486702127659574,0.1533915391539154,,
pearls_enemy_corpse_share,Slithery Fight,win,56,0.03063866732150874,0.019967869967869967,0.024378830361397714,0.030412731584348547,0.03710294220226603,0.040460651816634385,,
pearls_enemy_corpse_share,Slithery Fight,loss,56,0.029518075005282574,0.018779999225390615,0.023822438198169135,0.028347405186184157,0.03487937413288115,0.041782337676656706,,
pearls_enemy_corpse_share,Slithery Fight,all,112,0.030078371163395654,0.019666482260414907,0.024027631573873783,0.029067261833830453,0.03576897910639186,0.04148934957124613,,
pearls_enemy_corpse_share,Trauma,win,55,0.026715889143981184,0.003063115885835335,0.009850998195681276,0.026785714285714284,0.036968417761100686,0.04769983717317663,,
pearls_enemy_corpse_share,Trauma,loss,55,0.06314942643918295,0.012964154259375938,0.034874126462911506,0.05357142857142857,0.08152173913043478,0.11373271889400921,,
pearls_enemy_corpse_share,Trauma,all,112,0.04504845849586543,0.0032406834422246413,0.02203511715706838,0.03628724878724879,0.055735930735930736,0.0880259969156202,,
pearls_enemy_corpse_share,ALL,win,559,0.06808410550102863,,0.027289146086295128,0.0514018691588785,0.09979253112033196,,0.0,0.18181818181818182
pearls_enemy_corpse_share,ALL,loss,550,0.09981181827997936,,0.03213289152424137,0.0861746093245512,0.1462857779262724,,0.0,0.23329311454311444
pearls_enemy_corpse_share,ALL,all,1111,0.08376089111028492,,0.028701094217833137,0.06556473829201102,0.12542568687528255,,0.0,0.21082251082251083
bed_capture_share,Portals,win,56,0.5436276072270796,0.37499355856803374,0.45868581196040104,0.5313708738194214,0.6425062892798211,0.7364527543224768,,
bed_capture_share,Portals,loss,56,0.3669242358983122,0.16116928025733818,0.26423790456333224,0.38884213531169864,0.4816956122979501,0.5427633672458154,,
bed_capture_share,Portals,all,112,0.45527592156269586,0.2378043404566631,0.3517405685093005,0.46655489468151634,0.5566272865897319,0.6571322690992019,,
bed_capture_share,Prisoners Dilemma,win,56,0.6705298051493817,0.415374677002584,0.5408234126984126,0.6642156862745098,0.8205329153605017,0.920710868079289,,
bed_capture_share,Prisoners Dilemma,loss,56,0.20911653216733786,0.040411646586345384,0.07677627715795655,0.1765340364333653,0.2909902597402597,0.40579140461215935,,
bed_capture_share,Prisoners Dilemma,all,112,0.4398231686583598,0.0694763729246488,0.17755273250239695,0.40579140461215935,0.6629901960784313,0.8330188679245284,,
bed_capture_share,Devil,win,56,0.7876427292304145,0.7294866169372531,0.8012235742471755,0.8297091169476869,0.8699978809134798,0.8947935311168486,,
bed_capture_share,Devil,loss,56,0.18277181145562554,0.07787120912274936,0.09789424888724832,0.13690127077223851,0.17449349333748929,0.2387466307277628,,
bed_capture_share,Devil,all,112,0.48520727034302,0.09024303104767382,0.13814760508308896,0.4950980392156863,0.8287650643104193,0.8814339965049066,,
bed_capture_share,Trophy,win,56,0.7530459189824101,0.6242613720066128,0.7108411510488036,0.7607371794871794,0.7964361763351749,0.8942348008385744,,
bed_capture_share,Trophy,loss,56,0.23975922460063584,0.0898989898989899,0.18111127336448596,0.23436773752563228,0.28648482362592287,0.3707135023652464,,
bed_capture_share,Trophy,all,112,0.49640257179152286,0.16837275735218563,0.23440874914559126,0.5,0.7598557692307693,0.8273639362286972,,
bed_capture_share,Autarky,win,56,0.6945641232249852,0.47177781100478466,0.6413544852191642,0.7221456322847475,0.824187233032748,0.8618255752446442,,
bed_capture_share,Autarky,loss,56,0.2689460187068782,0.10762548262548263,0.1598961908030199,0.24459657239979227,0.3130401111706208,0.49030913576555024,,
bed_capture_share,Autarky,all,112,0.4817550709659316,0.13432385743726513,0.24353471842536906,0.4796650717703349,0.7230130600608698,0.8332876712328767,,
bed_capture_share,Default,win,56,0.685787984435503,0.4272607224407824,0.5639414002595258,0.7051975051975052,0.8194744463170888,0.8957442557442556,,
bed_capture_share,Default,loss,56,0.24811117258159393,0.05610389610389611,0.10671305696038982,0.20871723996723995,0.38669562025935894,0.47238447983292,,
bed_capture_share,Default,all,112,0.4669495785085485,0.10300671892497201,0.20947225634725636,0.46099489552523615,0.7039501039501039,0.8392221576039547,,
bed_capture_share,Queen Of Spades,win,56,0.5120892525102692,0.19363217052527876,0.44289089347079036,0.5418482813453921,0.6496182649290021,0.6924048427837297,,
bed_capture_share,Queen Of Spades,loss,56,0.15124468288862247,0.0,0.023529411764705882,0.11780788991376978,0.25877430618265007,0.316680350062012,,
bed_capture_share,Queen Of Spades,all,112,0.3316669676994458,0.011386886770518492,0.09523809523809523,0.29262631085063295,0.5456554015837104,0.6644468063905404,,
bed_capture_share,Schooltime,win,56,0.6489784433959765,0.44015473890965184,0.5398513845115787,0.6538020195838434,0.7610632183908046,0.8872504109431811,,
bed_capture_share,Schooltime,loss,56,0.28701611746451844,0.037131782945736436,0.17670710533834422,0.2762600184956844,0.4090693430656934,0.49846475940531354,,
bed_capture_share,Schooltime,all,112,0.46799728043024746,0.13187910194280456,0.2787550092478422,0.46344840477427945,0.6539333041630204,0.8108122409383545,,
bed_capture_share,Slithery Fight,win,56,0.4766717768241042,0.38160615159458655,0.4234871562750172,0.4665269977769978,0.5326404711629291,0.5938733297040153,,
bed_capture_share,Slithery Fight,loss,56,0.49688665023402273,0.3742353419961811,0.4366725492721706,0.5076335451257576,0.5579810219762049,0.5979879102040107,,
bed_capture_share,Slithery Fight,all,112,0.48677921352906356,0.3754467517649119,0.4282027714932126,0.4847217481629897,0.5470107765993841,0.5966009046557486,,
bed_capture_share,Trauma,win,55,0.6096688915748416,0.40667517851231855,0.5150580497284369,0.611214953271028,0.7346886446886447,0.8224179894179894,,
bed_capture_share,Trauma,loss,55,0.24188997198455545,0.027350427350427354,0.1178021978021978,0.23185840707964603,0.3420526315789474,0.46597703164723414,,
bed_capture_share,Trauma,all,112,0.4254089834433253,0.06747074064147238,0.23739043909048568,0.440667996521917,0.6032947366810958,0.760091509913574,,
bed_capture_share,ALL,win,559,0.6383118013085924,,0.4994377383023211,0.65,0.7948160880720626,,0.34625717566016073,0.8970591271772637
bed_capture_share,ALL,loss,559,0.26931561616281435,,0.12677897450059836,0.2440677966101695,0.40130289716796264,,0.02190317307854339,0.5702444673185796
bed_capture_share,ALL,all,1120,0.45372660269321613,,0.23777305825242717,0.45884708474144453,0.6580949109289885,,0.04742124212421243,0.8621990615264157
bed_capacity_yield,Portals,win,56,0.04022733843537408,0.02863928571428566,0.03400178571428565,0.04388214285714277,0.04706428571428562,0.04879285714285705,,
bed_capacity_yield,Portals,loss,56,0.029089923469387696,0.008917857142857127,0.018503571428571394,0.029307142857142802,0.04403928571428563,0.04706428571428562,,
bed_capacity_yield,Portals,all,112,0.034658630952380885,0.016688571428571396,0.022530357142857102,0.03877499999999992,0.04559107142857134,0.048077857142857054,,
bed_capacity_yield,Prisoners Dilemma,win,56,0.02854744278492802,0.013185761995066044,0.01620335407486968,0.021703651390593118,0.04055868498147165,0.05107447933274038,,
bed_capacity_yield,Prisoners Dilemma,loss,56,0.009876850325194435,0.001499658528117411,0.002670894815218315,0.005738742953846258,0.010937348983823623,0.017503066179703087,,
bed_capacity_yield,Prisoners Dilemma,all,112,0.01921214655506123,0.0022395184176587733,0.005818414685696174,0.013775918120981686,0.023636964547940866,0.04927644322143125,,
bed_capacity_yield,Devil,win,56,0.07309150617942502,0.05899445165201847,0.06960093171409931,0.07684019878465112,0.08210162542964454,0.09175786385670529,,
bed_capacity_yield,Devil,loss,56,0.01716597209404436,0.006667039775591285,0.008733886238733717,0.013547071059763667,0.016783988970234316,0.021669385448929372,,
bed_capacity_yield,Devil,all,112,0.04512873913673469,0.008106888487050169,0.013578368796495517,0.04985388971414953,0.07721790844748241,0.08505015996147483,,
bed_capacity_yield,Trophy,win,56,0.3467747635741775,0.2651943820605469,0.2993116432726996,0.33232059673294334,0.3875813894902437,0.4697115256502873,,
bed_capacity_yield,Trophy,loss,56,0.11053861317569783,0.044133130223890316,0.08464046671994192,0.10116612638882642,0.13910557407230406,0.17453900739427536,,
bed_capacity_yield,Trophy,all,112,0.22865668837493763,0.08138552515203201,0.10120196983176397,0.24763129038189735,0.3320468820622955,0.39122805648546677,,
bed_capacity_yield,Autarky,win,56,0.06546777846007053,0.03839646923238128,0.053793549626318646,0.06147084385196452,0.07715939142571386,0.09991303178582059,,
bed_capacity_yield,Autarky,loss,56,0.02445549503089849,0.008575947351770256,0.016219208452008704,0.021940839561360732,0.028808136517234302,0.04137965355870665,,
bed_capacity_yield,Autarky,all,112,0.044961636745484514,0.015110124602630524,0.021551005549970324,0.04003240902423713,0.061893263752382605,0.08479477459880148,,
bed_capacity_yield,Default,win,56,0.3138351946123081,0.18688016052198647,0.25520259830154646,0.31991065691951703,0.38625676600111497,0.4266073285040776,,
bed_capacity_yield,Default,loss,56,0.11319544760257079,0.02620849588704957,0.05142141906075935,0.09502321602129479,0.16950023320028085,0.2120339995838719,,
bed_capacity_yield,Default,all,112,0.21351532110743945,0.04271624855249766,0.09555723130976697,0.20655996287857337,0.31925340485616294,0.39598294597448436,,
bed_capacity_yield,Queen Of Spades,win,56,0.2039354313704805,0.08466132417219463,0.1740528408446981,0.2112556169716701,0.26488605455026276,0.285167832456656,,
bed_capacity_yield,Queen Of Spades,loss,56,0.06011187085497849,0.0,0.010187169221095279,0.04443113218238831,0.10414242000679996,0.12815422397956122,,
bed_capacity_yield,Queen Of Spades,all,112,0.1320236511127295,0.004681676293642635,0.044468219938800985,0.11729131148999339,0.21187160733470642,0.26903458501756655,,
bed_capacity_yield,Schooltime,win,56,0.24919828478546022,0.17755643559836654,0.2037219533907019,0.25611889708064306,0.28117849920827226,0.3156563956089985,,
bed_capacity_yield,Schooltime,loss,56,0.11581165898811507,0.01157645485904886,0.06853116829299767,0.11204377895962253,0.16694523064983757,0.201942434548402,,
bed_capacity_yield,Schooltime,all,112,0.18250497188678766,0.05117105293191231,0.1140210221177335,0.18665175412567706,0.2569097943438874,0.28873022756842026,,
bed_capacity_yield,Slithery Fight,win,56,0.04631012126749604,0.0404254623761124,0.04210985664178375,0.04496165287376197,0.048055268084475196,0.055835168331363164,,
bed_capacity_yield,Slithery Fight,loss,56,0.04916846924520354,0.033954720048582854,0.03980006846559086,0.046996267729325386,0.06118020161995394,0.06492422649760957,,
bed_capacity_yield,Slithery Fight,all,112,0.04773929525634979,0.037847171747668926,0.04160120292789289,0.04572880273733507,0.05278324604801805,0.06396695688523792,,
bed_capacity_yield,Trauma,win,55,0.045223776075322075,0.02503473053892213,0.037612275449101756,0.04543562874251492,0.055741392215568814,0.06165404191616761,,
bed_capacity_yield,Trauma,loss,55,0.018803449103127357,0.0016850299401197592,0.009478293413173643,0.017752994011976032,0.026178143712574826,0.041704491017964036,,
bed_capacity_yield,Trauma,all,112,0.03191746756116649,0.0037160928143712556,0.017677769461077828,0.02971369760479039,0.04630071107784427,0.05705029940119756,,
bed_capacity_yield,ALL,win,559,0.14143296587915388,,0.04457311261482878,0.07051043837482508,0.25539540400983973,,0.02005042681471959,0.3871012654921857
bed_capacity_yield,ALL,loss,559,0.054886208487823045,,0.013634173142883394,0.03298858333548732,0.07811994621897266,,0.002004330333716131,0.17969297321165537
bed_capacity_yield,ALL,all,1120,0.09803185486890718,,0.0234532245568105,0.05007812232677495,0.1315633747300083,,0.004595326213750097,0.3318279103257772
corpse_recovered_share,Portals,win,56,0.9666516078863608,0.9488955823293173,0.9609797369968308,0.9689010989010989,0.9767202930869704,0.9802434570906877,,
corpse_recovered_share,Portals,loss,54,0.9603488365121046,0.9225957049486462,0.9587746822528407,0.9721643826771909,0.9838971742543171,0.9897385842811068,,
corpse_recovered_share,Portals,all,110,0.9635575201208171,0.9413433073372593,0.9598486621958441,0.9704429838115387,0.9780187014157498,0.9853533327985883,,
corpse_recovered_share,Prisoners Dilemma,win,56,0.7240564072340069,0.513157894736842,0.6151960784313726,0.7928931875525652,0.8551948051948052,0.9266478708924752,,
corpse_recovered_share,Prisoners Dilemma,loss,56,0.3103863509541037,0.0,0.0,0.20526315789473684,0.5896159317211949,0.7275172117039587,,
corpse_recovered_share,Prisoners Dilemma,all,112,0.5172213790940553,0.0,0.2,0.6127450980392157,0.8018348623853211,0.8766845804051262,,
corpse_recovered_share,Devil,win,56,0.9216317130332661,0.886807964858678,0.9171501555110798,0.9401059631888298,0.9573530634300441,0.9682627750839239,,
corpse_recovered_share,Devil,loss,56,0.4675004783765462,0.17132867132867133,0.3483626008542952,0.47722960151802657,0.6014084507042253,0.7638760407030527,,
corpse_recovered_share,Devil,all,112,0.6945660957049061,0.3340909090909091,0.48055028462998106,0.8528932487265821,0.9400990645437236,0.9613418228395906,,
corpse_recovered_share,Trophy,win,56,0.8497575648570371,0.7804369414101291,0.8167576889910895,0.8733974358974359,0.8979118907604904,0.934943865276664,,
corpse_recovered_share,Trophy,loss,56,0.3152724110107978,0.13574660633484165,0.21374458874458874,0.3234524847428073,0.3913671373555841,0.5159574468085106,,
corpse_recovered_share,Trophy,all,112,0.5825149879339174,0.2,0.3238884045335658,0.5973856209150327,0.8725961538461539,0.9049007765314927,,
corpse_recovered_share,Autarky,win,56,0.8255518150321448,0.7121851425648894,0.7856553512494107,0.8348516015280635,0.890472972972973,0.9356697224344284,,
corpse_recovered_share,Autarky,loss,56,0.5261840844623882,0.27466216216216216,0.47652916073968704,0.5417746759720837,0.6171511627906977,0.7262471655328797,,
corpse_recovered_share,Autarky,all,112,0.6758679497472665,0.4144282310899345,0.5399403239556693,0.7178334624989235,0.8610328638497653,0.9046082949308756,,
corpse_recovered_share,Default,win,56,0.8124031598654119,0.6409825347903241,0.7206439393939394,0.8299800689506571,0.9028904352122535,0.9364395367627256,,
corpse_recovered_share,Default,loss,56,0.4327168080041136,0.15,0.25197368421052635,0.4326341266639774,0.603688524590164,0.6805615863366623,,
corpse_recovered_share,Default,all,112,0.6225599839347628,0.23676470588235296,0.4327349737797499,0.665460367592227,0.8286805106658047,0.9119617224880382,,
corpse_recovered_share,Queen Of Spades,win,56,0.8060813044720627,0.5346153846153846,0.7685905019435524,0.8513901082821188,0.8917341820987654,0.9353077592037878,,
corpse_recovered_share,Queen Of Spades,loss,56,0.35432249104752983,0.0,0.0625,0.2885057471264368,0.6190476190476191,0.7186414708886619,,
corpse_recovered_share,Queen Of Spades,all,112,0.5802018977597961,0.0,0.29942528735632185,0.6942899517982944,0.8492244659057653,0.9066134224359236,,
corpse_recovered_share,Schooltime,win,56,0.7989990409136973,0.694271911663216,0.7301549132028975,0.7964231677056225,0.8567191462060959,0.9101266812636848,,
corpse_recovered_share,Schooltime,loss,56,0.5788761631937758,0.2982456140350877,0.516083681120464,0.6213289581624282,0.7170104018308195,0.764962865880297,,
corpse_recovered_share,Schooltime,all,112,0.6889376020537364,0.4937737781679836,0.6276456111566858,0.7222676056338029,0.8078924472629037,0.8696320346320346,,
corpse_recovered_share,Slithery Fight,win,56,0.9079297806174838,0.8831546637346528,0.8954545454545455,0.9053593768068711,0.9208444415474366,0.9350555747753502,,
corpse_recovered_share,Slithery Fight,loss,56,0.9131981211129377,0.880185817216534,0.8916487165679411,0.9149372933331332,0.9431136295874089,0.9482666773791267,,
corpse_recovered_share,Slithery Fight,all,112,0.9105639508652106,0.8823770327243525,0.8945757287794516,0.9080346137280904,0.9304899453640937,0.9464569279717787,,
corpse_recovered_share,Trauma,win,55,0.8574495825252763,0.7972022382094325,0.829221183800623,0.8630952380952381,0.8975090036014406,0.9059897600394794,,
corpse_recovered_share,Trauma,loss,55,0.6254410176525713,0.19047619047619052,0.5513157894736842,0.6847826086956522,0.8125996810207337,0.8541606299212599,,
corpse_recovered_share,Trauma,all,112,0.7412591539685555,0.5323897300855827,0.6944514661274015,0.8227126208777584,0.871300256629598,0.8998305084745764,,
corpse_recovered_share,ALL,win,559,0.8470325958818113,,0.8031462585034014,0.8813813813813813,0.928686463590483,,0.6077950198484301,0.9724245045935813
corpse_recovered_share,ALL,loss,557,0.5468073249544486,,0.32653061224489793,0.5676567656765676,0.8070175438596491,,0.0,0.9706637098051638
corpse_recovered_share,ALL,all,1118,0.6972495020860975,,0.5474741326841144,0.8044509528916757,0.9059081540981874,,0.0992857142857143,0.9720231465788581
corpse_lost_share,Portals,win,56,0.0,0.0,0.0,0.0,0.0,0.0,,
corpse_lost_share,Portals,loss,54,0.0,0.0,0.0,0.0,0.0,0.0,,
corpse_lost_share,Portals,all,110,0.0,0.0,0.0,0.0,0.0,0.0,,
corpse_lost_share,Prisoners Dilemma,win,56,0.09013798623187903,0.0,0.0,0.04904306220095694,0.16666666666666666,0.22877358490566038,,
corpse_lost_share,Prisoners Dilemma,loss,56,0.5126402894419919,0.1713169642857143,0.2744979919678715,0.5,0.7807017543859649,0.8377192982456141,,
corpse_lost_share,Prisoners Dilemma,all,112,0.30138913783693544,0.0,0.05083732057416268,0.19595692807801707,0.5,0.8181818181818182,,
corpse_lost_share,Devil,win,56,0.057817407015019064,0.007896458274927578,0.018334638621615575,0.03960525171724198,0.06044997127213735,0.0846547314578005,,
corpse_lost_share,Devil,loss,56,0.4953826578343476,0.22331174838112858,0.3763522012578617,0.5,0.6042877906976744,0.7380174291938998,,
corpse_lost_share,Devil,all,112,0.2766000324246834,0.016544566544566545,0.040539953047561084,0.13160990244323578,0.5,0.6286666666666667,,
corpse_lost_share,Trophy,win,56,0.11435155807737231,0.034833659491193734,0.06325782811459027,0.08876163206871868,0.14285714285714285,0.18974358974358974,,
corpse_lost_share,Trophy,loss,56,0.6294778713347225,0.44840425531914896,0.5535425101214575,0.6303921568627451,0.7142857142857143,0.7720779220779221,,
corpse_lost_share,Trophy,all,112,0.3719147147060475,0.05696990660671049,0.0898353614889048,0.37500827540549486,0.628921568627451,0.7272727272727273,,
corpse_lost_share,Autarky,win,56,0.12722685808589532,0.015855395442359248,0.04561538461538461,0.11603270223752152,0.1654575892857143,0.2608421418939493,,
corpse_lost_share,Autarky,loss,56,0.4402133625257039,0.24200680272108843,0.3702809601745772,0.43090075797637933,0.507325746799431,0.6721504112808461,,
corpse_lost_share,Autarky,all,112,0.2837201103057996,0.037480798771121364,0.09570571856928678,0.2608421418939493,0.43246614397719174,0.5750000000000003,,
corpse_lost_share,Default,win,56,0.12746341276252063,0.015560983296564765,0.04913880445795339,0.08812111801242237,0.1875827188504443,0.25551353503184715,,
corpse_lost_share,Default,loss,56,0.5218393575040723,0.2844077679033244,0.3531243721117139,0.5351976856316297,0.6799812030075189,0.782608695652174,,
corpse_lost_share,Default,all,112,0.32465138513329644,0.04136432350718065,0.08870341614906832,0.26678046218487395,0.532304725168756,0.7048593350383633,,
corpse_lost_share,Queen Of Spades,win,56,0.07900657286997669,0.0,0.008964104564962935,0.06350608342349902,0.1117191818684356,0.16063566063566065,,
corpse_lost_share,Queen Of Spades,loss,56,0.4527863908364837,0.22219251336898393,0.25632022471910115,0.3954545454545455,0.6666666666666666,0.820855614973262,,
corpse_lost_share,Queen Of Spades,all,112,0.2658964818532302,0.00048543689320389036,0.052937234755416576,0.18546218487394958,0.3931818181818182,0.7200000000000001,,
corpse_lost_share,Schooltime,win,56,0.14032889932313142,0.007532447030434244,0.05320174848414417,0.14382678690310474,0.22690430749160487,0.24709795472507337,,
corpse_lost_share,Schooltime,loss,56,0.3617244775166185,0.19374748207235518,0.24439416058394162,0.31235096795053147,0.45243659398799496,0.6033707865168539,,
corpse_lost_share,Schooltime,all,112,0.25102668841987497,0.042540091612116256,0.13369129866252072,0.23498727735368957,0.32383126072309676,0.46146304675716443,,
corpse_lost_share,Slithery Fight,win,56,0.06099541614497476,0.03308726553909587,0.047090701957551495,0.058251007748699846,0.07369023085792792,0.08694459197475793,,
corpse_lost_share,Slithery Fight,loss,56,0.060521783807773795,0.031481840000733494,0.04104898407255542,0.05149407555642608,0.07130217634026846,0.09437135242171468,,
corpse_lost_share,Slithery Fight,all,112,0.060758599976374277,0.03141871710291994,0.0441614540607055,0.05752219531194915,0.07236739725129818,0.09003642987249545,,
corpse_lost_share,Trauma,win,55,0.04509829165859535,0.00302519118308592,0.014952331297482496,0.041666666666666664,0.058903009056383286,0.09503968253968256,,
corpse_lost_share,Trauma,loss,55,0.2468628611396139,0.03753334791165537,0.08564073226544622,0.16993464052287582,0.3080923389142567,0.5211822660098523,,
corpse_lost_share,Trauma,all,112,0.14526880464065073,0.005930467478534151,0.03486852105183159,0.07052079016438734,0.16317331530313275,0.37707547169811356,,
corpse_lost_share,ALL,win,559,0.08431266588519824,,0.015095346036274106,0.0573025856044724,0.1236026580549,,0.0,0.27451914098972924
corpse_lost_share,ALL,loss,557,0.37370607548936224,,0.12837837837837837,0.3783783783783784,0.5833333333333334,,0.0,0.8333333333333334
corpse_lost_share,ALL,all,1118,0.22853068604047583,,0.0403726484917293,0.1237892048462952,0.38095238095238093,,0.0,0.7514999999999986
sprint_cost_per_pearl,Portals,win,56,0.009135554859658309,0.0024540209811266213,0.003960523136402078,0.007749287939326427,0.011033487954475998,0.018758760863470704,,
sprint_cost_per_pearl,Portals,loss,54,0.011200410175064094,0.0,0.0,0.007074160860459843,0.013867694766584534,0.03789640811151857,,
sprint_cost_per_pearl,Portals,all,110,0.01014921110540297,0.0,0.002317877184310761,0.0073540719524033795,0.01239120637945111,0.02426395626905601,,
sprint_cost_per_pearl,Prisoners Dilemma,win,56,0.006943813827076017,0.0,0.0,0.0,0.007590215128383067,0.02301011148561058,,
sprint_cost_per_pearl,Prisoners Dilemma,loss,56,0.13025998489965093,0.0,0.0,0.0,0.06076249665864742,0.5,,
sprint_cost_per_pearl,Prisoners Dilemma,all,112,0.06860189936336349,0.0,0.0,0.0,0.017965587044534412,0.16000000000000036,,
sprint_cost_per_pearl,Devil,win,56,0.014965866599029947,0.0,0.0,0.009412233689152678,0.018648324052844195,0.02387614976033165,,
sprint_cost_per_pearl,Devil,loss,56,0.06958387494623551,0.0,0.028437587559540487,0.07207792207792207,0.10421195652173913,0.13958333333333334,,
sprint_cost_per_pearl,Devil,all,112,0.042274870772632735,0.0,0.002461577002678677,0.022379652969627184,0.0750280254097048,0.10686513268390999,,
sprint_cost_per_pearl,Trophy,win,56,0.030489000785722555,0.0,0.00826053614297146,0.026425902864259027,0.04890489389739628,0.059984582927620905,,
sprint_cost_per_pearl,Trophy,loss,56,0.0811017368694492,0.0,0.0,0.07142857142857142,0.13346456692913386,0.1659583362363269,,
sprint_cost_per_pearl,Trophy,all,112,0.05579536882758588,0.0,0.0018610421836228288,0.03799874861625836,0.08367948006373874,0.13618881118881118,,
sprint_cost_per_pearl,Autarky,win,56,0.019829056960740832,0.0,0.0,0.014407131011608624,0.022195739153345138,0.04354659099073209,,
sprint_cost_per_pearl,Autarky,loss,56,0.07284138112882343,0.0,0.007352941176470588,0.051094890510948905,0.08384189068671169,0.1724700052164841,,
sprint_cost_per_pearl,Autarky,all,112,0.04633521904478212,0.0,0.0,0.02172724276382813,0.06116883116883117,0.10989431683381864,,
sprint_cost_per_pearl,Default,win,56,0.04145596003124185,0.001524390243902439,0.014953762084909627,0.02797373644831272,0.06054266777133389,0.08927694497390609,,
sprint_cost_per_pearl,Default,loss,56,0.05396931330056471,0.0,0.0,0.05017870662182862,0.08499214248297537,0.11666666666666667,,
sprint_cost_per_pearl,Default,all,112,0.04771263666590327,0.0,0.0,0.036962388261089565,0.08064516129032258,0.11392853721620845,,
sprint_cost_per_pearl,Queen Of Spades,win,56,0.026555035098646363,0.0,0.008185811980609418,0.020135135135135138,0.034608955320771864,0.05967873365228686,,
sprint_cost_per_pearl,Queen Of Spades,loss,49,0.0636455398631738,0.0,0.0,0.05726872246696035,0.10526315789473684,0.17095282146160962,,
sprint_cost_per_pearl,Queen Of Spades,all,105,0.04386393732209251,0.0,0.0,0.021406727828746176,0.06498194945848375,0.11551518761167363,,
sprint_cost_per_pearl,Schooltime,win,56,0.04464334055114209,0.0036432704188929183,0.025629244678222505,0.04180634481002181,0.05977749317203388,0.08216696283226588,,
sprint_cost_per_pearl,Schooltime,loss,56,0.045616136990162995,0.0,0.0,0.044504839910647805,0.07893145161290321,0.10608959512349037,,
sprint_cost_per_pearl,Schooltime,all,112,0.04512973877065253,0.0,0.0020542974094301635,0.04239137345527573,0.0683894440825535,0.09749309064213847,,
sprint_cost_per_pearl,Slithery Fight,win,56,0.02999760907815452,0.007990867579908675,0.02430701584985552,0.03093422720320272,0.03857639809106198,0.04865515006174011,,
sprint_cost_per_pearl,Slithery Fight,loss,56,0.029408498098541576,0.0,0.0,0.0318108201858785,0.04572788272752211,0.06815577260892153,,
sprint_cost_per_pearl,Slithery Fight,all,112,0.029703053588348047,0.0,0.012042696587548554,0.031122980867030907,0.04270579467572659,0.05923155339819417,,
sprint_cost_per_pearl,Trauma,win,55,0.041108552721023275,0.008079038156027035,0.020847920036698133,0.036020583190394515,0.05477643670278425,0.08216940711172963,,
sprint_cost_per_pearl,Trauma,loss,55,0.05432640872173037,0.0,0.0,0.035256410256410256,0.10551948051948051,0.14910262310170272,,
sprint_cost_per_pearl,Trauma,all,112,0.04765422164268272,0.0,0.004672897196261682,0.03699763336734915,0.0631626819126819,0.13316546103836652,,
sprint_cost_per_pearl,ALL,win,559,0.02648626782822071,,0.004628524564077141,0.019138755980861243,0.03850901514795495,,0.0,0.08616580787633421
sprint_cost_per_pearl,ALL,loss,550,0.06135843263912025,,0.0,0.03642999336429993,0.08608802613081948,,0.0,0.18035714285714272
sprint_cost_per_pearl,ALL,all,1111,0.04378155860676915,,0.0,0.022443890274314215,0.05851506660168941,,0.0,0.14694122351059574
density_ratio_mean,Portals,win,56,1.0986320727269008,1.0329806708526652,1.058775804121291,1.093073410319128,1.1383679270715552,1.1573474097057548,,
density_ratio_mean,Portals,loss,56,1.1131792089138268,1.0338220981080908,1.0736199473921775,1.1124293424432938,1.164037026607403,1.1890043237205334,,
density_ratio_mean,Portals,all,112,1.1059056408203636,1.0327414092529013,1.0649563377960525,1.1052663539318406,1.138717755335343,1.1808389739313834,,
density_ratio_mean,Prisoners Dilemma,win,56,1.7049736556886315,1.0753882500005003,1.2782115130839726,1.4641482128696337,2.072249548535964,2.7475553613540122,,
density_ratio_mean,Prisoners Dilemma,loss,56,1.3959983882996194,0.3744339168269126,0.748324438195844,1.1015824891651924,1.9197163540995303,2.638067998441428,,
density_ratio_mean,Prisoners Dilemma,all,112,1.5504860219941254,0.591707961346004,1.0339499161542571,1.3421540304432944,1.9808197413568316,2.7395589329745014,,
density_ratio_mean,Devil,win,56,1.1422661291109326,1.0613580571179928,1.1355444688007887,1.1656430285377928,1.2141334128643961,1.253616371053442,,
density_ratio_mean,Devil,loss,56,0.7618687206046886,0.564788136081928,0.6626706110639093,0.7569492712094923,0.8513219333284012,0.907222846268507,,
density_ratio_mean,Devil,all,112,0.9520674248578107,0.607160385847787,0.7448836633343838,0.9675213809048339,1.1701483446098615,1.2180640560924556,,
density_ratio_mean,Trophy,win,56,1.2431577820418702,1.0726700731781524,1.1990483280557689,1.2607673423225374,1.3100797984081112,1.365436345887936,,
density_ratio_mean,Trophy,loss,56,1.0025188849694622,0.8418719503168614,0.9253837143163244,0.9940103817751718,1.091948570426545,1.1247443343359733,,
density_ratio_mean,Trophy,all,112,1.1228383335056662,0.903595226054095,0.9902029064964877,1.1108689885290648,1.26775805391627,1.346386280204666,,
density_ratio_mean,Autarky,win,56,1.3640385607510943,1.0291775528325773,1.2012349898241197,1.3824229890222104,1.5536578480231609,1.7168068770905678,,
density_ratio_mean,Autarky,loss,56,1.2984923249981892,0.7267552456764335,0.867811986127242,1.1473491189559268,1.4135652399787184,2.1907747168983134,,
density_ratio_mean,Autarky,all,112,1.3312654428746418,0.7983612936426341,1.0373070875575534,1.2705628559644162,1.4638911763233262,1.8093806336311957,,
density_ratio_mean,Default,win,56,1.1053430000156454,0.9204610058915312,1.0046095351873858,1.087611977038664,1.203564849324945,1.2928223512481178,,
density_ratio_mean,Default,loss,56,1.1160276284312547,0.8578711053419916,0.9788043908840324,1.0911223533653553,1.255800936744367,1.3890090899368528,,
density_ratio_mean,Default,all,112,1.1106853142234503,0.8841823492565963,0.9945724255045321,1.0884073916306896,1.2370709232515635,1.3464092710532305,,
density_ratio_mean,Queen Of Spades,win,56,1.388694621400664,0.8276711030289251,1.0594358998127933,1.4120461458206202,1.70845146563314,2.027649289538652,,
density_ratio_mean,Queen Of Spades,loss,56,1.1781939660062968,0.5459801116248104,0.6468486891071447,0.8947722099579272,1.6713047162154715,2.1104442967639354,,
density_ratio_mean,Queen Of Spades,all,112,1.2834442937034805,0.5756846299515171,0.8054796969702329,1.2356565163646662,1.6905563141631703,2.028676145859885,,
density_ratio_mean,Schooltime,win,56,1.3059201206272033,0.9278946712531163,1.013110141430481,1.1691979488215973,1.5232340242154514,1.7843722354961202,,
density_ratio_mean,Schooltime,loss,56,1.1661309097546442,0.8041476535847261,0.9152329288617372,1.0418374785997822,1.2616759857482913,1.701300018686322,,
density_ratio_mean,Schooltime,all,112,1.2360255151909239,0.863369699730481,0.9485054201860749,1.1249570366681663,1.3969690550583067,1.7748021055879468,,
density_ratio_mean,Slithery Fight,win,56,1.4312569299783893,1.2828700001108193,1.3640639775568846,1.430606065081014,1.4941283289609308,1.553228946696316,,
density_ratio_mean,Slithery Fight,loss,56,1.4370548225419435,1.3251187291209487,1.3610678634252502,1.4427823310924957,1.5084779705732696,1.5908051294438947,,
density_ratio_mean,Slithery Fight,all,112,1.434155876260166,1.3020515931031866,1.36310891657343,1.4378448267332962,1.5063315053112214,1.581367706294459,,
density_ratio_mean,Trauma,win,55,0.9150738363314824,0.6855855949251614,0.7803003632859694,0.9334979140734954,1.0186710596887014,1.1289955713209756,,
density_ratio_mean,Trauma,loss,55,1.2504826071229254,0.6060100215023879,0.7993211712313275,0.9667051136909607,1.6170731153504907,2.264197203515047,,
density_ratio_mean,Trauma,all,112,1.0755047402866944,0.6615899144475768,0.7804395836357422,0.9428532251776214,1.0872810384348721,2.1801498605122056,,
density_ratio_mean,ALL,win,559,1.2705704863136782,,1.0616282705566575,1.2040968145551851,1.401772668957197,,0.798247051253353,1.9619978564110587
density_ratio_mean,ALL,loss,559,1.1718543385418188,,0.8593124422609848,1.0782064087970318,1.345105932002939,,0.5621830848187908,2.2605164047671855
density_ratio_mean,ALL,all,1120,1.2202378603717323,,0.955670875234821,1.1377686789914843,1.3839753742646932,,0.6258634636073053,2.1373598649057794
density_ratio@25,Portals,win,56,1.3614975241797371,1.068221574344021,1.1966310333657248,1.3776482021379954,1.5300291545189473,1.5860058309037866,,
density_ratio@25,Portals,loss,56,1.3832736359850035,1.1568513119533503,1.2896404275996085,1.418075801749268,1.4740524781341078,1.6270553935860022,,
density_ratio@25,Portals,all,112,1.3723855800823703,1.096209912536441,1.2338192419825047,1.399416909620988,1.5113702623906675,1.5860058309037868,,
density_ratio@25,Prisoners Dilemma,win,56,1.9416320824094977,0.49488677810360077,0.9490194923355082,1.7567282763094896,2.899673836867028,3.683730951222184,,
density_ratio@25,Prisoners Dilemma,loss,52,1.1845838831541444,0.0,0.001594649976727564,0.7523992284892399,1.7789944888384048,3.3475579125200685,,
density_ratio@25,Prisoners Dilemma,all,108,1.5771273938791424,0.0,0.390990012349828,1.2334081322941037,2.605369454073271,3.4902080294416598,,
density_ratio@25,Devil,win,56,1.1164265143072476,0.672453843417192,1.0024479133320063,1.1572612818070112,1.3197830677347302,1.4058584269941066,,
density_ratio@25,Devil,loss,56,0.7103218872520659,0.4714406624748657,0.4968953619507677,0.6998567595171676,0.8750356110275039,1.00092849249291,,
density_ratio@25,Devil,all,112,0.9133742007796567,0.4882501199353763,0.6624715903865216,0.894687403810025,1.1851010327880944,1.3553736066235458,,
density_ratio@25,Trophy,win,56,1.2792001877531847,0.8817029861983621,1.0179315823834658,1.101876044680833,1.3401646079751528,2.204195036679324,,
density_ratio@25,Trophy,loss,56,0.9990080066141197,0.6788093323056547,0.8426849758343798,1.0626216966540751,1.1543868546287794,1.207893552841254,,
density_ratio@25,Trophy,all,112,1.1391040971836521,0.7958633633976009,0.9450236430176242,1.0767930380182738,1.170436262891831,1.433058687049724,,
density_ratio@25,Autarky,win,56,1.5908166534261083,1.127500760347831,1.388951461605214,1.5316787930860065,1.931588459666198,2.2185686520222125,,
density_ratio@25,Autarky,loss,56,1.4997870912224467,0.626942216326468,1.0641444522210697,1.45282843328214,1.8500783832856686,2.676765312536986,,
density_ratio@25,Autarky,all,112,1.5453018723242775,0.8631996913771871,1.2209829223999504,1.4896243036573507,1.9096850664901104,2.36173112312608,,
density_ratio@25,Default,win,56,0.8919344995107432,0.7197791029142014,0.7829770099115291,0.8677571685431852,0.9905859963922259,1.1185044122480785,,
density_ratio@25,Default,loss,56,1.0468406565733561,0.8035893659611562,0.9009759877036627,1.091420037859653,1.1831311457358316,1.2567097680795483,,
density_ratio@25,Default,all,112,0.9693875780420498,0.7464385311678187,0.8217057531558226,0.9314051988147278,1.1308184450550771,1.2357710389674226,,
density_ratio@25,Queen Of Spades,win,56,0.9982787125276625,0.4343533624397594,0.5246644576005015,0.6020739677382805,0.7052866479219856,3.0253795258422986,,
density_ratio@25,Queen Of Spades,loss,56,0.845505555174358,0.3440422672790174,0.4365036266102533,0.6794834778760594,0.7988863824023056,1.7555150200309062,,
density_ratio@25,Queen Of Spades,all,112,0.9218921338510102,0.3707055429931413,0.485959702531612,0.6085388142639483,0.7988863824023054,2.6106736752348962,,
density_ratio@25,Schooltime,win,56,0.7352831529162002,0.5186005378390224,0.5840619523046708,0.6718748762658182,0.9303646134905122,1.0150212551622366,,
density_ratio@25,Schooltime,loss,56,0.7652949997409964,0.420917493929166,0.540890159446493,0.6804273831145782,0.9643230965664709,1.1386173567044229,,
density_ratio@25,Schooltime,all,112,0.7502890763285982,0.47472002884375075,0.5577296541405383,0.6718748762658182,0.9346967656524661,1.0683087231377502,,
density_ratio@25,Slithery Fight,win,56,1.449019857269059,1.217181619673005,1.2842166366241652,1.363702417629954,1.450454088209499,1.520290191681016,,
density_ratio@25,Slithery Fight,loss,56,1.6285697170205868,1.3063862452146706,1.3771593110726448,1.456741701035427,1.5660618622110754,2.633435372458899,,
density_ratio@25,Slithery Fight,all,112,1.5387947871448229,1.2486841873077108,1.3210204035712623,1.4043210822671142,1.5154679893552445,2.596593985729993,,
density_ratio@25,Trauma,win,55,1.2827587126303968,0.039594280826102855,0.06159110350727111,1.7993400953195633,2.2304778198704613,2.504118294024195,,
density_ratio@25,Trauma,loss,55,1.4956639596502719,0.039594280826102855,0.06159110350727111,1.7993400953195633,2.72320664792863,3.0949529512403737,,
density_ratio@25,Trauma,all,112,1.3808230477819858,0.039594280826102855,0.06159110350727111,1.7993400953195633,2.6572161798851255,2.72320664792863,,
density_ratio@25,ALL,win,559,1.2646524570938111,,0.7627224383194608,1.1630320211846934,1.4959332074700988,,0.07038983257973841,2.72320664792863
density_ratio@25,ALL,loss,555,1.1550658855521165,,0.6624715903865216,1.0767930380182738,1.4294987941635353,,0.043993645362336506,2.72320664792863
density_ratio@25,ALL,all,1116,1.209535147287644,,0.7052866479219856,1.118429902453868,1.4621495951580141,,0.06159110350727111,2.72320664792863
density_ratio@100,Portals,win,56,1.1259184010265568,0.953764001841336,1.06112308277348,1.127895706777692,1.1986623220716834,1.29461613216715,,
density_ratio@100,Portals,loss,56,1.1447221767031475,0.9816772423254997,1.0585484118459394,1.1568513119533503,1.199310400852068,1.2940490481907023,,
density_ratio@100,Portals,all,112,1.1353202888648521,0.9710087463556833,1.0585484118459394,1.1386834433021304,1.199310400852068,1.297850340136052,,
density_ratio@100,Prisoners Dilemma,win,56,1.7162005324331029,0.5958200488646965,1.1010928920307184,1.5856240386634126,2.388971433640334,2.984772767827079,,
density_ratio@100,Prisoners Dilemma,loss,40,1.97984121835851,0.0,0.06803109247793977,1.735028493751034,2.8557934325491505,4.181008938054222,,
density_ratio@100,Prisoners Dilemma,all,96,1.826050818235356,0.047244017179933255,0.8621646933085229,1.6535610595791512,2.4853978118869837,3.2475541271508632,,
density_ratio@100,Devil,win,56,1.2641696702468355,1.1010310168414177,1.2158096349140675,1.2799770487599829,1.3574608231959242,1.4427799928989584,,
density_ratio@100,Devil,loss,56,0.7726427710438805,0.2775224210958883,0.5350883853612873,0.7711180653755838,1.003145314742301,1.2831877332243349,,
density_ratio@100,Devil,all,112,1.0184062206453581,0.46925919543240785,0.7695900770538161,1.150610180256593,1.2974626776856906,1.40291947359288,,
density_ratio@100,Trophy,win,56,1.2658317901742075,0.9793049495012194,1.1099103901458294,1.2804386939303365,1.41850532797026,1.522367908805629,,
density_ratio@100,Trophy,loss,53,1.1846843271025667,0.8256812870840059,1.0335730880766314,1.2016506711830168,1.3614961877745924,1.5235541524193816,,
density_ratio@100,Trophy,all,109,1.2263747668457956,0.8655838657567935,1.063415434464908,1.222740594337873,1.3815205775201465,1.5258193765528612,,
density_ratio@100,Autarky,win,56,1.4317939229245948,0.6556857858241265,0.9066879026004523,1.3329819481050853,1.8292174735543536,2.427148042028571,,
density_ratio@100,Autarky,loss,55,1.432645613391393,0.2363449189132954,0.798747706807809,1.2721828481340214,1.828542385033928,2.425623129044883,,
density_ratio@100,Autarky,all,111,1.4322159317144498,0.5136713861948481,0.8970198123252977,1.274203423074901,1.8328202308373325,2.4448956784641758,,
density_ratio@100,Default,win,56,1.1231862818778942,0.8117145969930757,0.9229335747945495,1.0585233860512058,1.3640960416416212,1.5168961963425316,,
density_ratio@100,Default,loss,56,1.137427309975139,0.7423687146798973,0.9069842146658795,1.1541788668242785,1.3492586691899098,1.5228651817896615,,
density_ratio@100,Default,all,112,1.1303067959265165,0.7773202936297938,0.921274177828942,1.1075640464786163,1.363697616872786,1.5371710106060539,,
density_ratio@100,Queen Of Spades,win,56,1.6363862176926085,0.4680548884583494,1.0871061053336006,1.5326948413067432,2.269627723780383,2.5358456946048933,,
density_ratio@100,Queen Of Spades,loss,52,1.445499807182564,0.34232205594262227,0.5004803099888294,1.0504021308297686,2.308759720880534,2.6020852671656862,,
density_ratio@100,Queen Of Spades,all,108,1.5444779459655502,0.3784464940069191,0.6606792068948777,1.5098754465803559,2.3002710963120485,2.5890066015639763,,
density_ratio@100,Schooltime,win,56,1.2455307839109904,1.0527812238133827,1.1475779602665783,1.2109628895075195,1.3293091367647236,1.4064435764608019,,
density_ratio@100,Schooltime,loss,56,1.2046136155263123,0.8794894072014923,1.036032692243582,1.1789706817374417,1.3541119810093416,1.576674710297389,,
density_ratio@100,Schooltime,all,112,1.2250721997186511,0.9435497282156838,1.0848030162528857,1.203067875169147,1.350573845006104,1.5297526324176587,,
density_ratio@100,Slithery Fight,win,56,1.5924357527558708,1.4045293558491632,1.5089131244279783,1.5976166910758667,1.678401684142551,1.7530381706021856,,
density_ratio@100,Slithery Fight,loss,56,1.5290297725933513,1.3007426675613414,1.4110999713517927,1.5033645902571293,1.6296387980483085,1.7598704554784903,,
density_ratio@100,Slithery Fight,all,112,1.5607327626746113,1.3390006996503958,1.4531134212757053,1.5471614293489666,1.6608687413051486,1.7558794368650685,,
density_ratio@100,Trauma,win,55,1.2472327163890007,0.1920636860390005,0.7343056983272344,1.2393009898570195,1.8741292924355353,2.2698709868891935,,
density_ratio@100,Trauma,loss,55,1.919331017265758,0.13491384577783194,1.148234143956983,2.3404619332763024,3.0186239765367198,3.6162776487840613,,
density_ratio@100,Trauma,all,112,1.569803523031712,0.17597458144934602,0.9925958407315011,1.4407918856165207,2.3404619332763024,3.1653427838201122,,
density_ratio@100,ALL,win,559,1.365079046818934,,1.0845309427129124,1.2807132991170027,1.54948783229477,,0.5128969397420503,2.4865157729509266
density_ratio@100,ALL,loss,535,1.3563719979393563,,0.9066964225064382,1.2016506711830168,1.5609051261830156,,0.17478854710639483,3.134507339806119
density_ratio@100,ALL,all,1096,1.3598496307462404,,1.000512412029075,1.250506800681237,1.555560523782618,,0.3088546147447645,2.720094937517197
density_ratio@250,Portals,win,56,1.1047776369233326,0.9678286221320809,1.0299798594385976,1.1054234648606536,1.161213130892429,1.224023323615158,,
density_ratio@250,Portals,loss,56,1.1093476864529532,0.9994676131322076,1.054023853697321,1.100469007478766,1.1703940562400053,1.2119313367713844,,
density_ratio@250,Portals,all,112,1.1070626616881432,0.98179071540704,1.0490029154518932,1.1013188949048986,1.1673238917249544,1.2141462796298619,,
density_ratio@250,Prisoners Dilemma,win,56,1.4563058693020192,0.5809979218498615,0.9896138207730625,1.3708131291976289,1.745309876178307,2.4482845060663205,,
density_ratio@250,Prisoners Dilemma,loss,21,0.9412585711689443,0.0,0.0,0.08881816777594626,1.2841067527108834,2.089901132386431,,
density_ratio@250,Prisoners Dilemma,all,77,1.3158384243566352,0.011906719826232485,0.7191685078549185,1.2841067527108834,1.7372752514502041,2.3664290012579805,,
density_ratio@250,Devil,win,56,1.120011146565225,0.9011767448540848,1.0623254297791118,1.1364657559494995,1.1971179327424333,1.310934339999346,,
density_ratio@250,Devil,loss,28,0.768182349775169,0.3547943315227957,0.4719323465420149,0.7909190362220978,1.0510171345358705,1.1999895187834904,,
density_ratio@250,Devil,all,84,1.0027348809685397,0.547260412606291,0.853699977760705,1.0866869546302724,1.1788421447553257,1.2893212309992481,,
density_ratio@250,Trophy,win,56,1.2328117504312996,1.0785669965583404,1.1574797353360264,1.242513159422296,1.309482776945432,1.3627546239798356,,
density_ratio@250,Trophy,loss,20,0.9679087114588082,0.5149336887769292,0.8308547150920196,0.9680609573549888,1.0640235073536974,1.2172578753286096,,
density_ratio@250,Trophy,all,76,1.1631004243859075,0.9093384834798992,1.069977594927952,1.2077393594447414,1.2928444830765486,1.3594693614604396,,
density_ratio@250,Autarky,win,56,1.3220866024792193,0.8794328042063402,1.0572441887979667,1.2338706479563064,1.5808553914020416,1.8259270785758923,,
density_ratio@250,Autarky,loss,48,1.2369794942147996,0.06858408656470934,0.11811703797255498,0.8421105571007329,1.6924566627656945,3.014603690112548,,
density_ratio@250,Autarky,all,104,1.2828063986648717,0.11544987905059408,0.7701423702565064,1.1582365105113739,1.5969984046626282,2.4435094197279517,,
density_ratio@250,Default,win,56,1.1540746218823337,0.9414009832135711,0.996214275124569,1.1408833229018511,1.3025814934663753,1.410317285670477,,
density_ratio@250,Default,loss,53,1.147871642400641,0.6572279553765015,0.9158029884955248,1.115737046623298,1.3374076932431906,1.6685236751551376,,
density_ratio@250,Default,all,109,1.1510584942444466,0.8277520048613923,0.972276434955995,1.134421032032502,1.3214397089416499,1.5096214727808737,,
density_ratio@250,Queen Of Spades,win,56,1.493715874161062,0.9544909481023784,1.1182216927419233,1.5089594260128598,1.7278632786523505,2.142129518799421,,
density_ratio@250,Queen Of Spades,loss,40,1.6499373340839347,0.22878810774054653,0.3530733767950916,1.2434851211838298,2.517925614014258,4.005933717221543,,
density_ratio@250,Queen Of Spades,all,96,1.5588081491289258,0.3363013162652395,0.9679534529309274,1.461048287793831,1.9178775324209252,2.7435600009714145,,
density_ratio@250,Schooltime,win,56,1.452981743130209,0.8208769924271939,0.9287225880742882,1.1818259578831012,1.6482507014127084,2.56673414848305,,
density_ratio@250,Schooltime,loss,54,1.285766160361837,0.7917158855459657,0.9376306041320721,1.1604860237134635,1.4969241182162336,1.8600046933440137,,
density_ratio@250,Schooltime,all,110,1.3708940934075537,0.8024599171114922,0.9307598350335134,1.1604860237134635,1.5736196808888243,2.2948894812084872,,
density_ratio@250,Slithery Fight,win,56,1.4692541447906644,1.264625579772398,1.3977448715173701,1.4606796791565564,1.5862596030825131,1.718360747795768,,
density_ratio@250,Slithery Fight,loss,56,1.4312531252811347,1.1647191025396542,1.3209616573803658,1.4429748634486415,1.5733467616124317,1.642241949346253,,
density_ratio@250,Slithery Fight,all,112,1.4502536350358994,1.2061074961372398,1.3308491298068477,1.4596061648178202,1.5790749752890525,1.6851441336212067,,
density_ratio@250,Trauma,win,55,1.0173932421463834,0.40191588833993797,0.734372385527218,0.9774352854914414,1.3602625652485107,1.530299818019394,,
density_ratio@250,Trauma,loss,55,1.3625243097180002,0.2117166455975031,0.8410118538433331,1.253699991082368,2.0776732249786125,2.44604668214591,,
density_ratio@250,Trauma,all,112,1.1778321639477138,0.2819550626313038,0.7338140046437731,1.0917380310023588,1.4990945009169416,2.204961505560306,,
density_ratio@250,ALL,win,559,1.2828152310184464,,1.0366733572784959,1.2007264825383965,1.4596061648178202,,0.7180049154152017,2.174015050771899
density_ratio@250,ALL,loss,431,1.2377894925788133,,0.8575858258716872,1.134421032032502,1.4728995915906882,,0.09104234797204983,2.7636516196520553
density_ratio@250,ALL,all,992,1.2616962927927249,,0.9747597757197398,1.1721801497809352,1.4604658193562219,,0.2683962286797669,2.44604668214591
epg_tau1,Portals,win,56,775.2609421174136,689.2877370943513,725.2291711166563,790.0205040079929,828.10562617457,884.7995160545846,,
epg_tau1,Portals,loss,56,691.488833794213,451.9462659486792,678.3369559254485,740.982240584153,784.3218428360605,837.7347965941931,,
epg_tau1,Portals,all,112,733.3748879558133,639.3403122017262,695.5765937857317,759.2743711099956,811.8929682467246,857.9988421768545,,
epg_tau1,Prisoners Dilemma,win,56,304.5126906832053,64.9091857591693,122.8343386971828,240.3192475870792,390.021023217617,511.0860782339193,,
epg_tau1,Prisoners Dilemma,loss,56,107.52763959824492,8.13791384424832,9.207559849827947,52.489881658492166,158.15882748771992,258.9276363292598,,
epg_tau1,Prisoners Dilemma,all,112,206.0201651407251,8.702163422899535,25.989178202144643,141.0319041913605,292.5976861171756,418.0670270521066,,
epg_tau1,Devil,win,56,932.3970640971633,449.67832019096613,567.0361053294521,779.2834649357546,1235.3959622774044,1478.276135467885,,
epg_tau1,Devil,loss,56,252.7589519869925,34.30791449947331,60.52830432331412,114.0821555491286,228.71544580685176,453.0005739374335,,
epg_tau1,Devil,all,112,592.5780080420781,54.339451747599796,114.23363232926738,449.67832019096613,960.7461926854306,1395.242713575076,,
epg_tau1,Trophy,win,56,104.10168168528469,52.76475304226324,71.31238483161795,91.89982145743367,129.82545317996843,182.1464298248353,,
epg_tau1,Trophy,loss,56,32.53290667729674,5.957927558740927,11.819647769369842,20.175947193775407,41.43996839717548,83.00605799738068,,
epg_tau1,Trophy,all,112,68.3172941812907,10.181018863893456,20.62515951073786,61.85476109650601,95.88321263841343,139.6846088509977,,
epg_tau1,Autarky,win,56,538.9129015461402,269.3400734933143,445.8715837087406,559.2403870392534,659.4911321757928,731.6320759898247,,
epg_tau1,Autarky,loss,56,262.7669611050637,26.16262364138083,107.76286510312164,187.96309210294098,349.0119396571124,493.66575496791245,,
epg_tau1,Autarky,all,112,400.839931325602,75.00188270594113,152.3644477442984,380.04360015595324,597.5897863031253,716.0689790304529,,
epg_tau1,Default,win,56,62.64933359587038,36.36434154998925,50.569469530124174,62.055813726438785,76.48372527172174,87.41986057688686,,
epg_tau1,Default,loss,56,25.991327461979942,6.516975449165314,9.672543157853738,19.529855669850004,36.24025292582316,54.42958521497088,,
epg_tau1,Default,all,112,44.32033052892516,9.080887283249996,19.73526617580376,44.51673043894077,63.37396037476296,79.36125041080946,,
epg_tau1,Queen Of Spades,win,56,80.23649980075331,15.599099677098451,47.250504400987225,87.13525084053933,115.68159431552544,138.75472873671623,,
epg_tau1,Queen Of Spades,loss,56,30.82081003755886,0.7996868250660514,2.3282807069436595,10.455045392488241,50.56800228357817,88.7308049239755,,
epg_tau1,Queen Of Spades,all,112,55.528654919156075,0.9941915836962121,6.405295205225982,48.79515712013321,93.3703801067975,128.95526407842794,,
epg_tau1,Schooltime,win,56,346.84454751151725,211.01306566339133,264.8144983988411,334.7842212568228,434.595652972952,483.5667916179634,,
epg_tau1,Schooltime,loss,56,179.13628046239504,6.656620200200335,99.67084734596159,166.83388793601728,243.05069117381947,343.563021178682,,
epg_tau1,Schooltime,all,112,262.9904139869561,71.74012518890223,164.3539484917238,253.74861436960174,379.4455561230724,448.15337229897705,,
epg_tau1,Slithery Fight,win,56,3071.211496650441,2621.877007657793,2758.8471061163336,2916.3714994670163,3115.0080232716646,3939.2110466166514,,
epg_tau1,Slithery Fight,loss,56,3494.4406143268066,2385.178145872854,2782.5909387153624,3011.743257173167,4577.888774517464,4828.153968940289,,
epg_tau1,Slithery Fight,all,112,3282.826055488624,2563.3210732324847,2763.5505561960626,2952.3671658903327,3501.524930988815,4676.199844070395,,
epg_tau1,Trauma,win,55,304.10360064269344,64.67896484371171,117.75917168063393,344.5865334732731,481.3076611905432,552.9357129577025,,
epg_tau1,Trauma,loss,55,132.09591753776706,4.727978829370679,12.022774006078865,59.08282328262776,140.0550269933192,446.287825045483,,
epg_tau1,Trauma,all,112,216.4931452215506,6.795599065218512,48.40164464071807,125.1781537074489,434.05411949594634,498.9744201686733,,
epg_tau1,ALL,win,559,652.6454720319576,,94.41027560908849,355.5498916196533,726.2986494224734,,38.011751798309774,2915.916611198037
epg_tau1,ALL,loss,559,521.6516595524295,,18.34083308764711,94.49775872650933,412.89919847942963,,3.369420793242629,3005.6052478495144
epg_tau1,ALL,all,1120,586.3288886790721,,56.881400378104225,177.53724041269518,650.58851147733,,6.251505973117765,2952.299378764248
epg_tau2,Portals,win,56,1378.4872884991034,1277.9097108237147,1316.2291644558895,1380.02482339369,1437.5513507705741,1497.329490471446,,
epg_tau2,Portals,loss,56,1307.2197963696672,1069.8018217090953,1286.3953376559289,1368.7196467500623,1456.8425094102954,1505.0467460905124,,
epg_tau2,Portals,all,112,1342.8535424343852,1196.7946766654516,1305.1641508981743,1379.0454042849597,1447.289393495883,1505.178677262944,,
epg_tau2,Prisoners Dilemma,win,56,589.0956743683785,152.7632741802666,277.6686368058782,538.4757658198705,781.8172336911988,1049.1601226789971,,
epg_tau2,Prisoners Dilemma,loss,56,220.48247692800274,15.471629473916282,23.50524700318838,153.19426831896953,335.9228923903187,575.4275656968057,,
epg_tau2,Prisoners Dilemma,all,112,404.7890756481906,21.021710763193532,79.39070967934202,315.8144659190166,585.3823431712201,871.0619889114422,,
epg_tau2,Devil,win,56,1486.0473062702897,762.8991013506525,912.2107015725908,1235.2723949878746,1949.233657841401,2434.8415399934484,,
epg_tau2,Devil,loss,56,444.6923218464952,77.86616123254046,124.32619529417632,217.49448930603592,424.2591600364,788.2712291633788,,
epg_tau2,Devil,all,112,965.3698140583926,113.34460687799857,217.72254375809982,762.8991013506525,1504.8984286570353,2263.146678741839,,
epg_tau2,Trophy,win,56,183.80363465330825,93.23930725556353,124.52561004872832,162.1908754992566,228.55355658823055,312.1771568928477,,
epg_tau2,Trophy,loss,56,68.86656670807284,17.92060844585363,29.37914766396849,44.85736114520461,88.2594168417439,162.17658357269482,,
epg_tau2,Trophy,all,112,126.33510068069053,24.635892535978932,45.39365084183763,117.47061720325839,181.4118881517522,242.58546045793764,,
epg_tau2,Autarky,win,56,958.7119986068938,508.66301101471856,804.298996885636,997.4989060139708,1147.3195991195332,1290.9443063859114,,
epg_tau2,Autarky,loss,56,480.7281393539592,96.47633807862937,229.06027348179322,334.3334243328414,644.0669629914003,895.8454204922378,,
epg_tau2,Autarky,all,112,719.7200689804265,205.10243961596095,325.8776159149866,693.9912205134804,1041.5163429166655,1249.474633534488,,
epg_tau2,Default,win,56,131.19225183278073,84.4067788091498,104.95609513571478,128.97215987094205,157.3914025802878,176.13110847212906,,
epg_tau2,Default,loss,56,59.66581534283856,18.036931603963502,25.676482410849648,48.423443665086104,82.50350784061338,113.56478745829985,,
epg_tau2,Default,all,112,95.42903358780964,23.34094553839398,48.3028692324873,98.54986243668735,135.69477538550657,164.93264957668833,,
epg_tau2,Queen Of Spades,win,56,143.49765004091958,35.09335007713981,85.0478614650225,150.28404365193882,201.02475244856106,235.95545661405396,,
epg_tau2,Queen Of Spades,loss,56,58.636999964169,2.832674552301015,8.181600571439649,33.4878280697626,93.71827706325183,150.42545153830127,,
epg_tau2,Queen Of Spades,all,112,101.0673250025443,3.938339481354086,21.784391829510234,91.14118849795287,169.97270820546242,222.23407964128972,,
epg_tau2,Schooltime,win,56,639.1817029971443,398.3199251678308,501.6405222804711,657.268855689786,779.9048445115101,834.179755161094,,
epg_tau2,Schooltime,loss,56,327.2448530282766,19.972439953865944,187.19903757575042,313.2247933008505,448.98088112588704,616.2764286809697,,
epg_tau2,Schooltime,all,112,483.2132780127105,133.2205984859294,308.470463409349,478.3449221330852,694.5766615436418,793.5987743773635,,
epg_tau2,Slithery Fight,win,56,5540.5562247476255,4987.176287867913,5106.451939718439,5434.510973119869,5637.551220159332,6662.403483789719,,
epg_tau2,Slithery Fight,loss,56,5749.543729618402,4360.454740523699,4968.70464454003,5393.609625049085,6986.350548971161,7275.884278956334,,
epg_tau2,Slithery Fight,all,112,5645.049977183013,4685.299891804883,5031.154392523396,5403.090572870018,6252.6835196436705,7192.308767051016,,
epg_tau2,Trauma,win,55,505.67826311588647,121.57516735643839,215.63050809283394,568.4179064661644,781.9476096946958,898.289737942633,,
epg_tau2,Trauma,loss,55,219.75817320289505,8.954891596693425,29.41479559678757,112.89802219716805,243.28248990623155,706.0173622700239,,
epg_tau2,Trauma,all,112,360.16276995653544,20.578575745201068,99.51462617555246,224.29018256725124,696.3993852588742,795.9177387525237,,
epg_tau2,ALL,win,559,1156.7878952849637,,182.01485259794157,668.6997693262244,1284.0450639994094,,78.77924731193254,5409.648550466292
epg_tau2,ALL,loss,559,894.8894788535109,,46.31306034913929,187.28930681586317,719.8861367196655,,9.813568066949102,5393.12460854953
epg_tau2,ALL,all,1120,1024.39899855447,,115.04659963393452,332.3512246783173,1118.5552593752989,,15.8424669214058,5402.782438130427
epg_tau4,Portals,win,56,2224.552740675285,2103.960204128334,2157.1775410622577,2218.321757708118,2289.3409145284486,2367.7914660614524,,
epg_tau4,Portals,loss,56,2200.3968517098424,1959.2568429605758,2141.451065326648,2232.3279905556133,2389.043181444011,2469.7433289021337,,
epg_tau4,Portals,all,112,2212.4747961925636,2075.0942490189655,2150.6575916731804,2230.03483407503,2330.901888588293,2419.951273553016,,
epg_tau4,Prisoners Dilemma,win,56,1088.277026561878,288.00369481240784,477.51003529223584,1040.6055063100678,1562.0407001232534,1874.624578565691,,
epg_tau4,Prisoners Dilemma,loss,56,487.95576859123383,42.96521264762919,74.30070931039448,365.3332244467586,663.9914433546885,1210.1547770256736,,
epg_tau4,Prisoners Dilemma,all,112,788.1163975765559,61.52336599753825,270.23965735572943,606.7679698273352,1189.4793198911213,1752.0365707115395,,
epg_tau4,Devil,win,56,2296.361495846733,1267.0067430141694,1544.2663841473923,1889.3361494356855,2910.256417576469,3590.2497163203634,,
epg_tau4,Devil,loss,56,872.4842931778556,238.3579643608543,322.08500195720075,518.1771356475822,938.9914733457799,1616.4385691460202,,
epg_tau4,Devil,all,112,1584.422894512294,316.44456657281694,524.0493642131103,1327.4446623493814,2302.9903251267465,3519.380068440323,,
epg_tau4,Trophy,win,56,283.4779365576283,144.35749370136296,194.181837308959,254.54534390497392,351.9948877354898,466.59911111885367,,
epg_tau4,Trophy,loss,56,136.35798396865349,46.32569347445178,70.68691355353877,97.10106500857756,180.1983006663241,283.5839796677618,,
epg_tau4,Trophy,all,112,209.9179602631409,67.22041224484296,95.28139528009893,187.61490915666155,286.63921414664094,397.79883763381133,,
epg_tau4,Autarky,win,56,1621.3586544029135,941.5289828840188,1262.004812424005,1669.65482797566,1975.9629705517311,2168.0575772890375,,
epg_tau4,Autarky,loss,56,892.3116453023633,294.9014577567967,462.5279852456727,742.4037084328676,1218.6737723458632,1646.4523425520815,,
epg_tau4,Autarky,all,112,1256.8351498526386,431.2149321318605,705.8626773452147,1237.9947128968308,1753.7765107227842,2146.0682179381865,,
epg_tau4,Default,win,56,240.57998401155186,175.49927079595264,202.05862308983268,243.35583220387264,289.3453233585196,311.07961046328717,,
epg_tau4,Default,loss,56,127.9689626511524,48.90565967085499,70.09170936252573,117.48144712378497,180.88124520305675,219.13443428182515,,
epg_tau4,Default,all,112,184.2744733313521,63.32345038041467,110.27409046899471,193.13156385475023,251.22825966795148,293.1924894031513,,
epg_tau4,Queen Of Spades,win,56,234.34452992022412,65.33654647091466,136.66947538202712,254.7703150736747,327.06207309288243,352.5652165073045,,
epg_tau4,Queen Of Spades,loss,56,113.11515909181048,12.605338435391968,31.835809473039518,95.0282686018366,184.05189890236426,233.85474121991768,,
epg_tau4,Queen Of Spades,all,112,173.72984450601732,16.079174664018673,63.55973859266385,157.98637776389856,289.7156154850849,339.80970604914927,,
epg_tau4,Schooltime,win,56,1056.4399554071858,663.6074135527697,873.378074578205,1122.264263494689,1255.8417853621897,1354.7772672360752,,
epg_tau4,Schooltime,loss,56,566.5897346922072,70.5591817696519,356.6690753958048,553.1086088505344,770.0949675483138,1009.4292800171452,,
epg_tau4,Schooltime,all,112,811.5148450496965,275.6731730419301,548.8671972690781,815.9547358709062,1157.0218219485723,1269.8571433146442,,
epg_tau4,Slithery Fight,win,56,9106.661845843117,8222.195469365994,8476.369803711368,9073.910585274722,9451.60815106904,10399.199963034647,,
epg_tau4,Slithery Fight,loss,56,8868.867521085962,7329.505855112438,8026.792463220656,8648.459154788678,9949.010232792476,10619.130515704077,,
epg_tau4,Slithery Fight,all,112,8987.76468346454,7691.809673490592,8293.913874906926,8975.3971021284,9702.760115351159,10616.099984276929,,
epg_tau4,Trauma,win,55,811.2717142318251,240.00898491568753,405.6277718644229,924.9454754077967,1189.3679175582913,1357.6863527368866,,
epg_tau4,Trauma,loss,55,377.4731221557033,54.903155548174915,104.57278981366272,256.638526717255,437.8272370075085,1046.497044109038,,
epg_tau4,Trauma,all,112,590.8873224643352,97.00281917483049,209.08904334969617,414.20031712116645,1037.5587553139787,1209.2203310079665,,
epg_tau4,ALL,win,559,1898.2736632548038,,304.26233511351586,1119.6431192787957,2115.050792082802,,136.18810609724105,9056.073281686811
epg_tau4,ALL,loss,559,1466.296431580938,,114.80531376953257,398.2433653600878,1261.4273231152206,,32.006707860802535,8547.758589655108
epg_tau4,ALL,all,1120,1679.9938367213135,,215.37870150228736,616.2264242031081,1910.8819602146432,,51.501525091668704,8972.33828048207
epg_conversion,Portals,win,56,0.36857089934376386,0.2781056655693127,0.3226461660845676,0.4042117690931124,0.4208011662236137,0.4323516935418648,,
epg_conversion,Portals,loss,56,0.27170065954454875,0.10820683795610378,0.16230215232928774,0.2792157725275256,0.41146500758300997,0.43580987631015733,,
epg_conversion,Portals,all,112,0.32013577944415633,0.15554604897877614,0.22581179556854541,0.36275164866163667,0.41832814396358,0.4352029595410447,,
epg_conversion,Prisoners Dilemma,win,56,0.11227738566369985,0.0765503493916258,0.09663795922491818,0.1101684191879567,0.12412028561610618,0.15912971331792722,,
epg_conversion,Prisoners Dilemma,loss,56,0.12630917750716822,0.05983539127864252,0.07753490364075138,0.0976252058221353,0.1265129380486842,0.2950300775807563,,
epg_conversion,Prisoners Dilemma,all,112,0.11929328158543405,0.06596048295016706,0.08423932230508893,0.10442684605566284,0.12519073403210862,0.17209162575793185,,
epg_conversion,Devil,win,56,0.2810029365406357,0.2583234638849452,0.27030978260127153,0.2807616710082124,0.29028559772271223,0.30129712266850994,,
epg_conversion,Devil,loss,56,0.2863864269605533,0.23572750582407404,0.2615589095387353,0.2781137086895269,0.31199377002207873,0.3393563061965846,,
epg_conversion,Devil,all,112,0.2836946817505945,0.25183423867439897,0.2656010877996059,0.28048148544220874,0.29646766329107604,0.3264333971224359,,
epg_conversion,Trophy,win,56,1.0876184744958548,0.861265112288617,0.9128366865021333,1.0414090242985927,1.1610323354480356,1.4263622374058098,,
epg_conversion,Trophy,loss,56,1.0896541198736276,0.8132491879768016,0.8888655602336346,1.0305983238660439,1.2289179406845825,1.4508406562062355,,
epg_conversion,Trophy,all,112,1.0886362971847412,0.8445287904900157,0.8984711379054343,1.0345390890367447,1.2046916005283097,1.43158431869934,,
epg_conversion,Autarky,win,56,0.27558180113929814,0.2218292227763496,0.23634373102185366,0.25828934229808553,0.29813666380733594,0.3302374635924973,,
epg_conversion,Autarky,loss,56,0.25523840788409674,0.18299690714203526,0.20685464362673056,0.24061524167769266,0.27266783880581347,0.33793138197018335,,
epg_conversion,Autarky,all,112,0.2654101045116974,0.20379020897271022,0.22562294199248553,0.24955691831625026,0.29186936739633423,0.3349046052948583,,
epg_conversion,Default,win,56,1.6442468252081295,1.2988053925035024,1.4404318713797581,1.5772761070254036,1.8416477503784545,1.9823544241144961,,
epg_conversion,Default,loss,56,1.2684337226571658,0.8253255401456641,0.9810448728595417,1.3082842721741883,1.5065040980198618,1.7029416477332209,,
epg_conversion,Default,all,112,1.4563402739326476,0.9329971770558225,1.251253063301792,1.4739330436625462,1.7325252884301747,1.9176510603826038,,
epg_conversion,Queen Of Spades,win,56,1.1341752885777074,0.9465584012132604,1.0040849766327633,1.1168229352497732,1.188880446711539,1.4100103518442382,,
epg_conversion,Queen Of Spades,loss,56,0.8035051453666592,0.0,0.6056387076471142,0.8512885097365248,1.1102550584803752,1.3759226830712394,,
epg_conversion,Queen Of Spades,all,112,0.9688402169721834,0.3081956263928339,0.8418896596511173,1.0358340943931195,1.1704546500997248,1.3842877069782968,,
epg_conversion,Schooltime,win,56,1.4317327756613838,1.0485409429265833,1.1762644135120421,1.4036679373475014,1.6455901161615851,1.8486705390095768,,
epg_conversion,Schooltime,loss,56,1.322620856735552,0.9230690828656433,1.2077638406948352,1.344817418492976,1.5174400656377547,1.6820697607932393,,
epg_conversion,Schooltime,all,112,1.3771768161984674,0.9999395547441408,1.2004474751092304,1.3698269738240394,1.5924159813735237,1.7577642267765425,,
epg_conversion,Slithery Fight,win,56,0.25004376530115535,0.22945648264393825,0.24013909669391353,0.2516687704022176,0.26218112776147123,0.26588773253086573,,
epg_conversion,Slithery Fight,loss,56,0.25437141818181197,0.2296004857380951,0.2413889829668531,0.2550069148211971,0.2667623748485814,0.2738758000601913,,
epg_conversion,Slithery Fight,all,112,0.25220759174148366,0.22889465576762275,0.24078425150275273,0.2537929957931008,0.2643979567685001,0.27213508644281587,,
epg_conversion,Trauma,win,55,0.9038639504549156,0.4149000643281153,0.4584225597588249,0.5964276820621305,1.1190987251660263,1.6684320360008371,,
epg_conversion,Trauma,loss,55,1.1111886071388104,0.369067535955591,0.6147245481955947,0.8878929375630378,1.3797812499397795,2.5325555935320594,,
epg_conversion,Trauma,all,112,1.0040227097840069,0.4097535611653789,0.48092937952131004,0.7871688132459822,1.1996493110375166,2.144506678104362,,
epg_conversion,ALL,win,559,0.7486342142812012,,0.26194237061278824,0.42866384230304266,1.1658411867323415,,0.10992616437197236,1.8135814851115994
epg_conversion,ALL,loss,559,0.6781676023908065,,0.24121047525987055,0.40846952550562055,1.1086430302206824,,0.08074538589393296,1.6596896523242148
epg_conversion,ALL,all,1120,0.7135757753105412,,0.25473888454780225,0.42163293521194933,1.1491165945986952,,0.09668939412256601,1.7593867634143088
territory@50,Portals,win,56,0.5,0.5,0.5,0.5,0.5,0.5,,
territory@50,Portals,loss,56,0.5,0.5,0.5,0.5,0.5,0.5,,
territory@50,Portals,all,112,0.5,0.5,0.5,0.5,0.5,0.5,,
territory@50,Prisoners Dilemma,win,56,0.7403564453125,0.54150390625,0.59326171875,0.7529296875,0.901123046875,1.0,,
territory@50,Prisoners Dilemma,loss,56,0.2596435546875,0.0,0.098876953125,0.2470703125,0.40673828125,0.45849609375,,
territory@50,Prisoners Dilemma,all,112,0.5,0.0775390625,0.235107421875,0.5,0.764892578125,0.9224609375,,
territory@50,Devil,win,56,0.5822405133928571,0.4912109375,0.537841796875,0.595703125,0.621337890625,0.6591796875,,
territory@50,Devil,loss,56,0.41775948660714285,0.3408203125,0.378662109375,0.404296875,0.462158203125,0.5087890625,,
territory@50,Devil,all,112,0.5,0.3685546875,0.40185546875,0.5,0.59814453125,0.6314453125,,
territory@50,Trophy,win,56,0.6261571428571429,0.4408,0.504,0.614,0.7354,0.8140000000000001,,
territory@50,Trophy,loss,56,0.3738428571428572,0.186,0.2646,0.386,0.496,0.5591999999999999,,
territory@50,Trophy,all,112,0.5,0.24800000000000003,0.3762,0.5,0.6238,0.7520000000000001,,
territory@50,Autarky,win,56,0.5819922104644328,0.41975308641975306,0.5082304526748971,0.581275720164609,0.6342592592592593,0.7368827160493827,,
territory@50,Autarky,loss,56,0.41800778953556733,0.2631172839506173,0.36574074074074076,0.41872427983539096,0.49176954732510286,0.5802469135802468,,
territory@50,Autarky,all,112,0.5,0.3276234567901235,0.4088220164609054,0.5,0.5911779835390947,0.6723765432098766,,
territory@50,Default,win,56,0.5209612165178571,0.383056640625,0.4427490234375,0.53173828125,0.5811767578125,0.65478515625,,
territory@50,Default,loss,56,0.47903878348214285,0.34521484375,0.4188232421875,0.46826171875,0.5572509765625,0.616943359375,,
territory@50,Default,all,112,0.5,0.3732421875,0.4251708984375,0.5,0.5748291015625,0.6267578125,,
territory@50,Queen Of Spades,win,56,0.6061379097093383,0.35137085137085133,0.44137806637806637,0.5735930735930737,0.7638888888888888,0.875901875901876,,
territory@50,Queen Of Spades,loss,56,0.3938620902906617,0.1240981240981241,0.2361111111111111,0.4264069264069264,0.5586219336219337,0.6486291486291487,,
territory@50,Queen Of Spades,all,112,0.5,0.20880230880230882,0.3365800865800866,0.5,0.6634199134199135,0.7911976911976913,,
territory@50,Schooltime,win,56,0.5500814050159346,0.4090688651794374,0.46611299709020365,0.5314015518913675,0.6300921435499515,0.7130213385063046,,
territory@50,Schooltime,loss,56,0.44991859498406545,0.28697866149369544,0.36990785645004853,0.4685984481086324,0.5338870029097963,0.5909311348205626,,
territory@50,Schooltime,all,112,0.5,0.34190106692531524,0.42489088263821534,0.5,0.5751091173617847,0.6580989330746848,,
territory@50,Slithery Fight,win,56,0.49610590263180016,0.45526780459093585,0.4752060035314891,0.4998528546203649,0.5105208946439082,0.5336962919364332,,
territory@50,Slithery Fight,loss,56,0.5038940973681998,0.4663037080635668,0.4894791053560918,0.5001471453796351,0.5247939964685109,0.5447321954090641,,
territory@50,Slithery Fight,all,112,0.5,0.4560918187168923,0.4863154796939376,0.5,0.5136845203060624,0.5439081812831077,,
territory@50,Trauma,win,55,0.519516846789574,0.3702797202797203,0.44034090909090906,0.5013111888111889,0.6186625874125874,0.6453671328671329,,
territory@50,Trauma,loss,55,0.480483153210426,0.3546328671328671,0.3813374125874126,0.4986888111888112,0.5596590909090909,0.6297202797202798,,
territory@50,Trauma,all,112,0.5,0.3570804195804196,0.4256993006993007,0.5,0.5743006993006993,0.6429195804195804,,
territory@50,ALL,win,559,0.5724494818317191,,0.49333973639529194,0.54150390625,0.636978256118881,,0.3776147470376374,0.8802937297077923
territory@50,ALL,loss,559,0.42755051816828105,,0.36302174388111885,0.45849609375,0.5066602636047081,,0.1197062702922078,0.6223852529623626
territory@50,ALL,all,1120,0.5,,0.4246,0.5,0.5754,,0.23154107941867938,0.7684589205813206
bed_territory@50,Portals,win,56,0.38571428571428484,0.38571428571428484,0.38571428571428484,0.38571428571428484,0.38571428571428484,0.38571428571428484,,
bed_territory@50,Portals,loss,56,0.38571428571428484,0.38571428571428484,0.38571428571428484,0.38571428571428484,0.38571428571428484,0.38571428571428484,,
bed_territory@50,Portals,all,112,0.3857142857142849,0.38571428571428484,0.38571428571428484,0.38571428571428484,0.38571428571428484,0.38571428571428484,,
bed_territory@50,Prisoners Dilemma,win,56,0.7517284900349789,0.25367529830332125,0.508567304949066,0.8101767163978721,1.0,1.0,,
bed_territory@50,Prisoners Dilemma,loss,56,0.24827150996502118,0.0,0.0,0.18982328360212794,0.4914326950509341,0.746324701696679,,
bed_territory@50,Prisoners Dilemma,all,112,0.5000000000000001,0.0,0.13170605585110837,0.5,0.8682939441488917,1.0,,
bed_territory@50,Devil,win,56,0.6574330695420423,0.5164377817843181,0.5952915083256635,0.7081066717687482,0.7541837711934465,0.7818606163844581,,
bed_territory@50,Devil,loss,56,0.3425669304579572,0.2181393836155412,0.245816228806553,0.2918933282312514,0.4047084916743363,0.4835622182156816,,
bed_territory@50,Devil,all,112,0.4999999999999997,0.24295733850992252,0.276446167733273,0.4999999999999999,0.7235538322667265,0.7570426614900768,,
bed_territory@50,Trophy,win,56,0.6592467319846246,0.41695149467405496,0.5970547016606689,0.6650259485792209,0.7481362459478141,0.8830070659098721,,
bed_territory@50,Trophy,loss,56,0.340753268015364,0.1169929340901179,0.25186375405216926,0.3349740514207665,0.40294529833932247,0.5830485053259369,,
bed_territory@50,Trophy,all,112,0.4999999999999943,0.23565364152947138,0.3282799134666664,0.499999999999995,0.6717200865333213,0.7643463584705139,,
bed_territory@50,Autarky,win,56,0.5996885570600411,0.2768998393518217,0.49625445274848345,0.5690568904100052,0.7328394565900704,0.9581179716421062,,
bed_territory@50,Autarky,loss,56,0.40031144293996335,0.04188202835789638,0.26716054340993384,0.43094310959000026,0.5037455472515202,0.7231001606481846,,
bed_territory@50,Autarky,all,112,0.5000000000000021,0.24566948383041312,0.28223440664943933,0.5000000000000022,0.7177655933505649,0.7543305161695935,,
bed_territory@50,Default,win,56,0.5359570970714419,0.3613143012499085,0.4650080967981515,0.5196413134303316,0.6274658136449758,0.6940834309150534,,
bed_territory@50,Default,loss,56,0.4640429029285496,0.30591656908493925,0.37253418635501684,0.4803586865696596,0.5349919032018373,0.6386856987500817,,
bed_territory@50,Default,all,112,0.4999999999999957,0.3135060848733688,0.3964292439988313,0.49999999999999417,0.603570756001156,0.6864939151266285,,
bed_territory@50,Queen Of Spades,win,56,0.5165440482036964,0.12017396396056038,0.3830772354652263,0.4590589701937996,0.7562804578595457,0.7969806580786549,,
bed_territory@50,Queen Of Spades,loss,56,0.30813201239091886,0.027695402515960896,0.06839560273506862,0.365617090400816,0.44159882512938914,0.7045020966340534,,
bed_territory@50,Queen Of Spades,all,112,0.41233803029730753,0.06290468814929552,0.13028880661856346,0.4123380302973077,0.6943872539760509,0.7617713724453206,,
bed_territory@50,Schooltime,win,56,0.5307060645239148,0.28651194905389205,0.40015207368012856,0.4824359179201603,0.6706178242907036,0.7795673461002961,,
bed_territory@50,Schooltime,loss,56,0.4542292257000056,0.20536794412362253,0.31431746593321486,0.5024993723037626,0.5847832165437925,0.6984233411700271,,
bed_territory@50,Schooltime,all,112,0.4924676451119603,0.2608420259752125,0.3718757846203036,0.49246764511196117,0.6130595056036174,0.7240932642487066,,
bed_territory@50,Slithery Fight,win,56,0.4922841011039529,0.3976628146419272,0.46133928553139303,0.49166141452637746,0.5386607144686024,0.5792165619993933,,
bed_territory@50,Slithery Fight,loss,56,0.507715898896043,0.42078343800060247,0.46133928553139325,0.508338585473618,0.5386607144686025,0.6023371853580688,,
bed_territory@50,Slithery Fight,all,112,0.4999999999999979,0.40910941833753345,0.46133928553139303,0.4999999999999977,0.5386607144686025,0.5908905816624624,,
bed_territory@50,Trauma,win,55,0.5043004899292325,0.4730538922155685,0.4850299401197605,0.5000000000000003,0.5239520958083835,0.5317365269461081,,
bed_territory@50,Trauma,loss,55,0.49569951007076757,0.46826347305389193,0.4760479041916165,0.4999999999999997,0.5149700598802396,0.5269461077844314,,
bed_territory@50,Trauma,all,112,0.5,0.4730538922155685,0.4805389221556882,0.5,0.5194610778443117,0.5269461077844314,,
bed_territory@50,ALL,win,559,0.5634659461171566,,0.41650362319715606,0.5224550898203594,0.7140979294897268,,0.2609997667404453,0.9731453566258631
bed_territory@50,ALL,loss,559,0.39456309797199685,,0.2751803959688028,0.3940448745748808,0.505988023952096,,0.0075931243905541955,0.7187110422726766
bed_territory@50,ALL,all,1120,0.4790519961123542,,0.38571428571428484,0.4820359281437126,0.603570756001156,,0.07467974382642895,0.824676060594616
bed_expected_share@50,Portals,win,56,0.38571428571428484,0.38571428571428484,0.38571428571428484,0.38571428571428484,0.38571428571428484,0.38571428571428484,,
bed_expected_share@50,Portals,loss,56,0.38571428571428484,0.38571428571428484,0.38571428571428484,0.38571428571428484,0.38571428571428484,0.38571428571428484,,
bed_expected_share@50,Portals,all,112,0.3857142857142849,0.38571428571428484,0.38571428571428484,0.38571428571428484,0.38571428571428484,0.38571428571428484,,
bed_expected_share@50,Prisoners Dilemma,win,56,0.7365176576247628,0.2633408087418103,0.5112435872583276,0.8117313730023026,0.9983918023172318,1.0,,
bed_expected_share@50,Prisoners Dilemma,loss,56,0.2634823423752376,5.764185536750204e-39,0.00160819768276877,0.18826862699769814,0.48875641274167325,0.7366591912581901,,
bed_expected_share@50,Prisoners Dilemma,all,112,0.5000000000000002,0.000521182357326838,0.15048967658948365,0.5000000000000004,0.849510323410517,0.9994788176426737,,
bed_expected_share@50,Devil,win,56,0.6583383960864378,0.5223212392878276,0.5908348201230569,0.6953008739967905,0.7554887467595618,0.7819878140099117,,
bed_expected_share@50,Devil,loss,56,0.34166160391356126,0.21801218599008748,0.24451125324043732,0.30469912600320803,0.4091651798769422,0.4776787607121714,,
bed_expected_share@50,Devil,all,112,0.49999999999999956,0.2405821432777685,0.2918503501964803,0.49999999999999933,0.7081496498035192,0.7594178567222307,,
bed_expected_share@50,Trophy,win,56,0.6551595861033371,0.41872335411037603,0.5905099555492523,0.6481725404261158,0.7446349851569388,0.882327077912937,,
bed_expected_share@50,Trophy,loss,56,0.3448404138966552,0.11767292208705588,0.2553650148430552,0.3518274595738758,0.4094900444507379,0.5812766458896148,,
bed_expected_share@50,Trophy,all,112,0.49999999999999617,0.23849137018640734,0.3336846111050048,0.49999999999999667,0.6663153888949873,0.7615086298135858,,
bed_expected_share@50,Autarky,win,56,0.5960989018345637,0.3065842770740864,0.45221023873433025,0.5805108181341192,0.729923577650978,0.9375632463080705,,
bed_expected_share@50,Autarky,loss,56,0.4039010981654409,0.0624367536919342,0.2700764223490267,0.41948918186588524,0.5477897612656749,0.6934157229259176,,
bed_expected_share@50,Autarky,all,112,0.5000000000000023,0.24688809526073235,0.32321060963229825,0.5000000000000022,0.6767893903677068,0.7531119047392724,,
bed_expected_share@50,Default,win,56,0.5357719822076988,0.3604574381247033,0.4602671158559726,0.5283795431615288,0.6309924713284505,0.6883764701771076,,
bed_expected_share@50,Default,loss,56,0.46422801779229644,0.3116235298228863,0.36900752867154596,0.47162045683846665,0.5397328841440224,0.6395425618752923,,
bed_expected_share@50,Default,all,112,0.49999999999999767,0.31583245167426777,0.39693461650728484,0.5,0.6030653834927111,0.6841675483257309,,
bed_expected_share@50,Queen Of Spades,win,56,0.5122796612059225,0.12811926479757416,0.3830137314778239,0.46264566499950177,0.7520942703096756,0.7908584273077663,,
bed_expected_share@50,Queen Of Spades,loss,56,0.3123963993886911,0.03381763328684788,0.0725817902849378,0.36203039559511174,0.4416623291167894,0.6965567957970389,,
bed_expected_share@50,Queen Of Spades,all,112,0.4123380302973068,0.06571919803703792,0.1503232701326278,0.4123380302973069,0.6743527904619855,0.7589568625575754,,
bed_expected_share@50,Schooltime,win,56,0.5274734726630499,0.2858471794187887,0.4017477633818559,0.4822828118173651,0.6622803300452192,0.7730450736561423,,
bed_expected_share@50,Schooltime,loss,56,0.45746181756087057,0.2118902165677799,0.3226549601787018,0.5026524784065527,0.5831875268420632,0.6990881108051331,,
bed_expected_share@50,Schooltime,all,112,0.49246764511196023,0.2674826564278304,0.3782005315132485,0.49246764511195906,0.6067347587106717,0.7174526337960908,,
bed_expected_share@50,Slithery Fight,win,56,0.49361838061389524,0.4026942923101372,0.4653364407955,0.49026652464866943,0.5380176092983636,0.5653676118083042,,
bed_expected_share@50,Slithery Fight,loss,56,0.5063816193861009,0.4346323881916917,0.46198239070163294,0.5097334753513265,0.5346635592044964,0.597305707689859,,
bed_expected_share@50,Slithery Fight,all,112,0.49999999999999817,0.4165123885186923,0.46476709050342924,0.4999999999999981,0.5352329094965669,0.5834876114813058,,
bed_expected_share@50,Trauma,win,55,0.5040058333005148,0.47357553804545927,0.4860829850178182,0.5000310603623793,0.5238099021653061,0.5315435783887059,,
bed_expected_share@50,Trauma,loss,55,0.49599416669948493,0.46845642161129397,0.47619009783469346,0.4999689396376198,0.5139170149821812,0.5264244619545406,,
bed_expected_share@50,Trauma,all,112,0.4999999999999999,0.47158549665120275,0.4803192003915621,0.4999999999999999,0.5196807996084378,0.5284145033487972,,
bed_expected_share@50,ALL,win,559,0.5605988747380137,,0.4204267478664295,0.5238099021653061,0.698523110922473,,0.27468090298072784,0.9373121666834945
bed_expected_share@50,ALL,loss,559,0.39743016935114034,,0.29088605161407843,0.3980975063742056,0.5105602992837299,,0.03358713913504679,0.7020662741850698
bed_expected_share@50,ALL,all,1120,0.4790519961123546,,0.38571428571428484,0.47849198049244424,0.5942490434743312,,0.09495536873433387,0.8191495169132598
enclosed_share@50,Portals,win,56,0.32390979556158134,0.125,0.19545454545454546,0.2857142857142857,0.4487179487179487,0.5584415584415584,,
enclosed_share@50,Portals,loss,56,0.3506199915863781,0.21428571428571427,0.25555555555555554,0.3333333333333333,0.4444444444444444,0.5555555555555556,,
enclosed_share@50,Portals,all,112,0.33726489357397976,0.1267857142857143,0.2222222222222222,0.3038461538461539,0.4444444444444444,0.5555555555555556,,
enclosed_share@50,Prisoners Dilemma,win,56,0.15491111071468214,0.0,0.08603896103896104,0.14835164835164835,0.25,0.2857142857142857,,
enclosed_share@50,Prisoners Dilemma,loss,49,0.09130223517978618,0.0,0.0,0.0,0.14285714285714285,0.29523809523809535,,
enclosed_share@50,Prisoners Dilemma,all,105,0.12522696879839737,0.0,0.0,0.1,0.25,0.2857142857142857,,
enclosed_share@50,Devil,win,56,0.4609582985905686,0.3333333333333333,0.39722222222222225,0.4666666666666667,0.5402097902097902,0.5835913312693499,,
enclosed_share@50,Devil,loss,56,0.3970570104498676,0.225,0.29642857142857143,0.39230769230769236,0.5,0.5634920634920635,,
enclosed_share@50,Devil,all,112,0.42900765452021805,0.2727272727272727,0.3522058823529412,0.42857142857142855,0.5,0.5714285714285714,,
enclosed_share@50,Trophy,win,56,0.04079374627249766,0.0,0.0,0.0,0.0728021978021978,0.11805555555555555,,
enclosed_share@50,Trophy,loss,56,0.051635961402104705,0.0,0.0,0.0,0.1,0.14285714285714285,,
enclosed_share@50,Trophy,all,112,0.04621485383730119,0.0,0.0,0.0,0.08083333333333334,0.125,,
enclosed_share@50,Autarky,win,56,0.11455292505298033,0.0,0.08901515151515152,0.1213235294117647,0.15789473684210525,0.18898809523809523,,
enclosed_share@50,Autarky,loss,56,0.12093488059252655,0.0,0.059375,0.1111111111111111,0.18323863636363635,0.25,,
enclosed_share@50,Autarky,all,112,0.11774390282275345,0.0,0.06666666666666667,0.11764705882352941,0.16666666666666666,0.21052631578947367,,
enclosed_share@50,Default,win,56,0.14063654599368886,0.0,0.0,0.1111111111111111,0.22435897435897434,0.3,,
enclosed_share@50,Default,loss,56,0.12621044629973202,0.0,0.0,0.125,0.2,0.2792207792207792,,
enclosed_share@50,Default,all,112,0.13342349614671042,0.0,0.0,0.125,0.2222222222222222,0.29857142857142865,,
enclosed_share@50,Queen Of Spades,win,56,0.1755913729128015,0.0,0.0,0.0,0.3333333333333333,0.5357142857142857,,
enclosed_share@50,Queen Of Spades,loss,53,0.14645103324348607,0.0,0.0,0.0,0.25,0.5,,
enclosed_share@50,Queen Of Spades,all,109,0.16142221692680409,0.0,0.0,0.0,0.3333333333333333,0.5,,
enclosed_share@50,Schooltime,win,56,0.22689953803260968,0.0625,0.125,0.2330316742081448,0.3177083333333333,0.4142156862745098,,
enclosed_share@50,Schooltime,loss,56,0.14270015990079016,0.0,0.0,0.11805555555555555,0.26666666666666666,0.3582887700534759,,
enclosed_share@50,Schooltime,all,112,0.18479984896669993,0.0,0.0,0.19375,0.28781512605042014,0.4,,
enclosed_share@50,Slithery Fight,win,56,0.3355933163604567,0.2052139037433155,0.26573564122738,0.32971014492753625,0.3894927536231884,0.48886689757545765,,
enclosed_share@50,Slithery Fight,loss,56,0.3437692156537028,0.24357284113381675,0.2750143760782059,0.3495887191539365,0.383703481392557,0.4444444444444444,,
enclosed_share@50,Slithery Fight,all,112,0.3396812660070797,0.21978319783197833,0.2682926829268293,0.3333333333333333,0.38803854875283444,0.4839793281653749,,
enclosed_share@50,Trauma,win,55,0.31837662337662337,0.0,0.25,0.25,0.5,0.7142857142857143,,
enclosed_share@50,Trauma,loss,55,0.17045454545454544,0.0,0.0,0.25,0.25,0.39000000000000007,,
enclosed_share@50,Trauma,all,112,0.24005102040816326,0.0,0.0,0.25,0.375,0.6,,
enclosed_share@50,ALL,win,559,0.22906283838507838,,0.07692307692307693,0.2,0.36038961038961037,,0.0,0.5721804511278197
enclosed_share@50,ALL,loss,549,0.19572798465442623,,0.0,0.17647058823529413,0.3333333333333333,,0.0,0.5194074074074074
enclosed_share@50,ALL,all,1110,0.21216287408336829,,0.0,0.2,0.3333333333333333,,0.0,0.5579999999999998
reach_mean@50,Portals,win,56,20.67032471496757,15.296703296703297,17.299999999999997,20.878205128205128,24.0,26.38095238095238,,
reach_mean@50,Portals,loss,56,20.855692380390384,14.944444444444445,18.796875,21.345238095238095,23.444444444444443,25.30952380952381,,
reach_mean@50,Portals,all,112,20.763008547678975,15.028571428571428,18.07239819004525,21.316666666666666,23.827922077922075,25.483333333333334,,
reach_mean@50,Prisoners Dilemma,win,56,35.16861328155971,28.2125,30.831818181818182,36.73504273504274,39.1875,41.8,,
reach_mean@50,Prisoners Dilemma,loss,49,37.524927113702624,24.4,32.0,38.5,44.25,49.6,,
reach_mean@50,Prisoners Dilemma,all,105,36.26822640322641,26.497142857142858,31.5,36.8,40.5,45.50000000000001,,
reach_mean@50,Devil,win,56,19.240185783306085,16.106666666666666,17.248366013071895,18.758333333333333,20.81766917293233,21.826315789473686,,
reach_mean@50,Devil,loss,56,21.82236240941598,16.63888888888889,19.475,21.683333333333334,24.43253968253968,27.817460317460316,,
reach_mean@50,Devil,all,112,20.531274096361035,16.336842105263155,17.78181818181818,20.405594405594407,22.428571428571427,26.0,,
reach_mean@50,Trophy,win,56,36.750367934980154,31.52849002849003,34.55876068376068,36.89335664335664,39.0,41.72899159663866,,
reach_mean@50,Trophy,loss,56,35.7801861604659,30.25,31.822192513368982,35.34027777777778,38.962500000000006,40.59027777777778,,
reach_mean@50,Trophy,all,112,36.265277047723025,31.145238095238096,33.258403361344534,36.225,39.0,41.51176470588236,,
reach_mean@50,Autarky,win,56,37.19046676401207,33.08253588516746,34.49166666666667,36.77232142857143,39.59027777777778,41.122009569377994,,
reach_mean@50,Autarky,loss,56,35.65175006866322,29.13859649122807,33.135294117647064,36.111111111111114,39.08547008547009,40.5,,
reach_mean@50,Autarky,all,112,36.421108416337646,31.08,33.90821678321678,36.625,39.23260073260074,40.81688311688312,,
reach_mean@50,Default,win,56,35.73902417027417,27.183333333333334,31.761904761904763,35.375,40.93125,43.848214285714285,,
reach_mean@50,Default,loss,56,35.63712314471243,27.82142857142857,31.428571428571427,36.628571428571426,39.541666666666664,43.41666666666667,,
reach_mean@50,Default,all,112,35.6880736574933,27.17,31.65,35.75714285714285,40.375,43.56428571428571,,
reach_mean@50,Queen Of Spades,win,56,30.48030303030303,18.75,23.626623376623378,31.333333333333332,36.0,41.3,,
reach_mean@50,Queen Of Spades,loss,53,29.92733602875112,19.413333333333334,24.333333333333332,31.25,34.0,38.30666666666667,,
reach_mean@50,Queen Of Spades,all,109,30.211429167163114,18.9,23.714285714285715,31.25,35.5,40.733333333333334,,
reach_mean@50,Schooltime,win,56,31.04153203653563,26.139204545454547,28.531417112299465,30.431372549019606,33.08705357142857,37.02916666666667,,
reach_mean@50,Schooltime,loss,56,34.441750708150394,27.590909090909093,31.316666666666666,34.89090909090909,38.017857142857146,41.29166666666667,,
reach_mean@50,Schooltime,all,112,32.74164137234301,26.526470588235295,29.64423076923077,31.96153846153846,36.24166666666667,39.769999999999996,,
reach_mean@50,Slithery Fight,win,56,24.265923845657863,20.409090909090907,22.924242424242422,24.794191919191917,26.289268292682927,27.427906976744186,,
reach_mean@50,Slithery Fight,loss,56,23.875255989924785,19.72222222222222,22.994318181818183,24.38888888888889,25.43038172715895,26.56954515491101,,
reach_mean@50,Slithery Fight,all,112,24.070589917791324,20.029629629629632,22.943181818181817,24.613636363636363,25.88701923076923,27.14019933554817,,
reach_mean@50,Trauma,win,55,26.89162337662337,13.285714285714286,21.05,25.0,34.0,40.0,,
reach_mean@50,Trauma,loss,55,32.250454545454545,22.795,30.25,30.5,33.75,45.0,,
reach_mean@50,Trauma,all,112,29.723788265306123,15.870000000000001,23.8,30.25,34.0,42.95,,
reach_mean@50,ALL,win,559,29.74893884286883,,23.03609625668449,30.272727272727273,36.67708333333333,,16.0,42.56013986013986
reach_mean@50,ALL,loss,549,30.692597461478567,,24.166666666666668,30.666666666666668,37.333333333333336,,17.5,45.0
reach_mean@50,ALL,all,1110,30.230759296860732,,23.61036789297659,30.5,36.857142857142854,,16.64375,43.5
territory@100,Portals,win,56,0.5,0.5,0.5,0.5,0.5,0.5,,
territory@100,Portals,loss,56,0.5,0.5,0.5,0.5,0.5,0.5,,
territory@100,Portals,all,112,0.5,0.5,0.5,0.5,0.5,0.5,,
territory@100,Prisoners Dilemma,win,56,0.8036237444196429,0.52392578125,0.69580078125,0.86181640625,1.0,1.0,,
territory@100,Prisoners Dilemma,loss,56,0.19637625558035715,0.0,0.0,0.13818359375,0.30419921875,0.47607421875,,
territory@100,Prisoners Dilemma,all,112,0.5,0.0,0.147216796875,0.5,0.852783203125,1.0,,
territory@100,Devil,win,56,0.708251953125,0.5712890625,0.627685546875,0.71337890625,0.790283203125,0.89892578125,,
territory@100,Devil,loss,56,0.291748046875,0.10107421875,0.209716796875,0.28662109375,0.372314453125,0.4287109375,,
territory@100,Devil,all,112,0.5,0.16943359375000003,0.288818359375,0.5,0.711181640625,0.8305664062500001,,
territory@100,Trophy,win,56,0.7385285714285715,0.48360000000000003,0.6082000000000001,0.7812,0.8514,0.9744,,
territory@100,Trophy,loss,56,0.2614714285714286,0.0256,0.1486,0.2188,0.3918,0.5164,,
territory@100,Trophy,all,112,0.5,0.12984,0.21939999999999998,0.5,0.7806,0.8701599999999999,,
territory@100,Autarky,win,56,0.6487819664902998,0.47453703703703703,0.5655864197530864,0.6414609053497943,0.7067901234567902,0.8431069958847737,,
territory@100,Autarky,loss,56,0.35121803350970016,0.15689300411522633,0.2932098765432099,0.3585390946502057,0.43441358024691357,0.525462962962963,,
territory@100,Autarky,all,112,0.5,0.2108539094650207,0.3532664609053498,0.5,0.6467335390946503,0.7891460905349799,,
territory@100,Default,win,56,0.5938371930803571,0.4033203125,0.51416015625,0.603271484375,0.6632080078125,0.76416015625,,
territory@100,Default,loss,56,0.40616280691964285,0.23583984375,0.3367919921875,0.396728515625,0.48583984375,0.5966796875,,
territory@100,Default,all,112,0.5,0.3173828125,0.3677978515625,0.5,0.6322021484375,0.6826171875,,
territory@100,Queen Of Spades,win,56,0.6486678004535147,0.2846320346320346,0.45761183261183264,0.6930014430014431,0.8517316017316018,0.9368686868686869,,
territory@100,Queen Of Spades,loss,56,0.35133219954648526,0.06313131313131314,0.14826839826839827,0.30699855699855705,0.5423881673881674,0.7153679653679654,,
territory@100,Queen Of Spades,all,112,0.5,0.11911976911976911,0.24422799422799424,0.5,0.7557720057720059,0.8808802308802308,,
territory@100,Schooltime,win,56,0.6391332963835389,0.45320077594568375,0.514730843840931,0.63360814742968,0.7765518913676043,0.8540252182347235,,
territory@100,Schooltime,loss,56,0.36086670361646117,0.14597478176527642,0.22344810863239573,0.3663918525703201,0.48526915615906885,0.5467992240543162,,
territory@100,Schooltime,all,112,0.5,0.21331231813773038,0.34832686711930166,0.5,0.6516731328806984,0.7866876818622697,,
territory@100,Slithery Fight,win,56,0.5056598419238207,0.45011771630370806,0.4594614479105356,0.5004414361389052,0.5449529134785167,0.5603296056503826,,
territory@100,Slithery Fight,loss,56,0.4943401580761793,0.4396703943496174,0.45504708652148323,0.49955856386109476,0.5405385520894643,0.549882283696292,,
territory@100,Slithery Fight,all,112,0.5,0.4435256032960565,0.45615067686874633,0.5,0.5438493231312537,0.5564743967039435,,
territory@100,Trauma,win,55,0.5376350921805467,0.4277972027972028,0.4945367132867133,0.5034965034965035,0.607298951048951,0.6539335664335665,,
territory@100,Trauma,loss,55,0.4623649078194533,0.3460664335664336,0.39270104895104896,0.4965034965034965,0.5054632867132867,0.5722027972027972,,
territory@100,Trauma,all,112,0.5,0.37460664335664334,0.43094405594405594,0.5,0.5690559440559441,0.6253933566433566,,
territory@100,ALL,win,559,0.6325814930930157,,0.5,0.6022727272727273,0.7598570297344811,,0.39383741258741256,0.9748000000000001
territory@100,ALL,loss,559,0.3674185069069842,,0.2401429702655189,0.3977272727272727,0.5,,0.02520000000000001,0.6061625874125874
territory@100,ALL,all,1120,0.5,,0.375782421875,0.5,0.624217578125,,0.11023278370514064,0.8897672162948593
bed_territory@100,Portals,win,56,0.38571428571428484,0.38571428571428484,0.38571428571428484,0.38571428571428484,0.38571428571428484,0.38571428571428484,,
bed_territory@100,Portals,loss,56,0.38571428571428484,0.38571428571428484,0.38571428571428484,0.38571428571428484,0.38571428571428484,0.38571428571428484,,
bed_territory@100,Portals,all,112,0.3857142857142849,0.38571428571428484,0.38571428571428484,0.38571428571428484,0.38571428571428484,0.38571428571428484,,
bed_territory@100,Prisoners Dilemma,win,56,0.7908372721518836,0.4987014785104134,0.6252034839814054,0.7558192223135918,1.0,1.0,,
bed_territory@100,Prisoners Dilemma,loss,56,0.20916272784811651,0.0,0.0,0.2441807776864082,0.37479651601859476,0.5012985214895866,,
bed_territory@100,Prisoners Dilemma,all,112,0.5,0.0,0.2441807776864082,0.5,0.7558192223135918,1.0,,
bed_territory@100,Devil,win,56,0.779925483275919,0.6084859671735499,0.7289532625746877,0.7860088693894971,0.8863132858765299,0.9814173017281018,,
bed_territory@100,Devil,loss,56,0.22007451672408068,0.018582698271898263,0.1136867141234698,0.2139911306105024,0.27104673742531155,0.3915140328264499,,
bed_territory@100,Devil,all,112,0.49999999999999983,0.10739919194251765,0.21441351747810022,0.49999999999999994,0.7855864825218992,0.8926008080574825,,
bed_territory@100,Trophy,win,56,0.734476140405496,0.39627175773277346,0.6358399149676137,0.7673947659080718,0.8608363665136773,0.9748304491608496,,
bed_territory@100,Trophy,loss,56,0.2655238595944925,0.025169550839147948,0.13916363348630972,0.23260523409191186,0.36416008503237485,0.6037282422672177,,
bed_territory@100,Trophy,all,112,0.4999999999999943,0.10077119732177266,0.23353211473171037,0.4999999999999944,0.7664678852682731,0.8992288026782195,,
bed_territory@100,Autarky,win,56,0.6545870792963429,0.27603548229377806,0.5032391562478169,0.7352971991338974,0.887989365788924,0.9802070964587564,,
bed_territory@100,Autarky,loss,56,0.3454129207036606,0.019792903541244765,0.1120106342110783,0.26470280086610465,0.49676084375218527,0.7239645177062245,,
bed_territory@100,Autarky,all,112,0.5000000000000017,0.043392470489627896,0.2561858280366013,0.5000000000000011,0.7438141719634045,0.9566075295103763,,
bed_territory@100,Default,win,56,0.6057653614208789,0.4025319671544393,0.5265968182051475,0.6257116953819275,0.719035739261441,0.7792098270964475,,
bed_territory@100,Default,loss,56,0.39423463857911234,0.22079017290354402,0.2809642607385531,0.3742883046180636,0.47340318179484014,0.5974680328455485,,
bed_territory@100,Default,all,112,0.49999999999999567,0.26689094511432543,0.3687898443887032,0.49999999999999517,0.6312101556112895,0.7331090548856651,,
bed_territory@100,Queen Of Spades,win,56,0.5564757187110442,0.1486532431717726,0.4087704469041611,0.6693693098107381,0.7721752106078374,0.8039647161044192,,
bed_territory@100,Queen Of Spades,loss,56,0.2682003418835711,0.020711344490196848,0.05250084998677805,0.15530675078387646,0.41590561369045437,0.6760228174228411,,
bed_territory@100,Queen Of Spades,all,112,0.4123380302973077,0.04185618223716525,0.11210617279286748,0.41233803029730776,0.7125698878017468,0.7828198783574506,,
bed_territory@100,Schooltime,win,56,0.634648486029277,0.33440231905229545,0.5163343680810801,0.6462018671110019,0.7899970897719766,0.8726489922622177,,
bed_territory@100,Schooltime,loss,56,0.35028680419464286,0.11228629796169952,0.19493820045194243,0.33873342311291965,0.4686009221428433,0.650532971171626,,
bed_territory@100,Schooltime,all,112,0.49246764511195995,0.17088174202825862,0.30054951952706094,0.4924676451119617,0.6843857706968599,0.8140535481956587,,
bed_territory@100,Slithery Fight,win,56,0.5081211175446633,0.44617822103390115,0.46133928553139336,0.5098546919233673,0.5386607144686025,0.5702762717785292,,
bed_territory@100,Slithery Fight,loss,56,0.49187888245533234,0.4297237282214671,0.46133928553139303,0.49014530807662804,0.5386607144686024,0.5538217789660946,,
bed_territory@100,Slithery Fight,all,112,0.49999999999999784,0.4313421718565743,0.46133928553139303,0.4999999999999975,0.5386607144686025,0.5686578281434223,,
bed_territory@100,Trauma,win,55,0.5075394665215025,0.4811377245508978,0.4999999999999997,0.5000000000000003,0.5239520958083835,0.5329341317365273,,
bed_territory@100,Trauma,loss,55,0.4924605334784975,0.46706586826347285,0.4760479041916165,0.4999999999999997,0.5000000000000003,0.5188622754491021,,
bed_territory@100,Trauma,all,112,0.5,0.47604790419161636,0.4820359281437125,0.5,0.5179640718562876,0.5239520958083836,,
bed_territory@100,ALL,win,559,0.616002725498159,,0.4613392855313932,0.5712570031382106,0.7746782769150471,,0.29602177508766897,1.0
bed_territory@100,ALL,loss,559,0.3420263185909943,,0.20988435372945058,0.38571428571428484,0.48577174162121334,,0.0,0.6759910791052254
bed_territory@100,ALL,all,1120,0.4790519961123542,,0.3380784172861324,0.4760479041916165,0.6474258747803086,,0.03222723418211354,0.9534906055737956
bed_expected_share@100,Portals,win,56,0.38571428571428484,0.38571428571428484,0.38571428571428484,0.38571428571428484,0.38571428571428484,0.38571428571428484,,
bed_expected_share@100,Portals,loss,56,0.38571428571428484,0.38571428571428484,0.38571428571428484,0.38571428571428484,0.38571428571428484,0.38571428571428484,,
bed_expected_share@100,Portals,all,112,0.3857142857142849,0.38571428571428484,0.38571428571428484,0.38571428571428484,0.38571428571428484,0.38571428571428484,,
bed_expected_share@100,Prisoners Dilemma,win,56,0.7887791096557064,0.45114734038917514,0.6260686030067804,0.7912775531485905,1.0,1.0,,
bed_expected_share@100,Prisoners Dilemma,loss,56,0.21122089034429406,7.616603714426497e-42,5.7624067113775015e-39,0.20872244685141003,0.3739313969932203,0.5488526596108257,,
bed_expected_share@100,Prisoners Dilemma,all,112,0.5000000000000002,1.1246267556772303e-40,0.2145293104236129,0.5000000000000007,0.7854706895763874,1.0,,
bed_expected_share@100,Devil,win,56,0.7786566892022205,0.5987041270235273,0.7316702071618787,0.78760642477778,0.8736575158424817,0.9615656371110417,,
bed_expected_share@100,Devil,loss,56,0.22134331079777878,0.038434362888958004,0.12634248415751767,0.21239357522221963,0.2683297928381201,0.40129587297647185,,
bed_expected_share@100,Devil,all,112,0.4999999999999997,0.11548935552170102,0.21301353105433146,0.4999999999999998,0.7869864689456687,0.8845106444782979,,
bed_expected_share@100,Trophy,win,56,0.7311543873155282,0.4133097002905256,0.6232156724612521,0.755349584477909,0.8550800354761665,0.9714029579551023,,
bed_expected_share@100,Trophy,loss,56,0.26884561268446544,0.028597042044888304,0.14491996452382797,0.2446504155220829,0.3767843275387407,0.5866902997094661,,
bed_expected_share@100,Trophy,all,112,0.4999999999999968,0.11501740714163536,0.24498437116501642,0.4999999999999967,0.7550156288349751,0.8849825928583581,,
bed_expected_share@100,Autarky,win,56,0.6524993783576865,0.28030978499634807,0.5126034705280975,0.7227151973311379,0.8645343818797198,0.9793900493408532,,
bed_expected_share@100,Autarky,loss,56,0.34750062164231804,0.020609950659150028,0.13546561812028424,0.27728480266886774,0.4873965294719076,0.7196902150036564,,
bed_expected_share@100,Autarky,all,112,0.5000000000000023,0.059159775592836944,0.25852605030461334,0.5000000000000022,0.7414739496953913,0.9408402244071677,,
bed_expected_share@100,Default,win,56,0.6026897902712633,0.4045952836991008,0.5292753265431818,0.621365997570893,0.7122783538574886,0.7669773656650491,,
bed_expected_share@100,Default,loss,56,0.3973102097287315,0.23302263433494624,0.28772164614250395,0.37863400242910245,0.47072467345681773,0.5954047163008938,,
bed_expected_share@100,Default,all,112,0.4999999999999975,0.2660443650263597,0.3651096643262798,0.49999999999999833,0.6348903356737132,0.7339556349736356,,
bed_expected_share@100,Queen Of Spades,win,56,0.559337426903726,0.20167472930634778,0.3917647006409237,0.6489196741322003,0.7729747760807777,0.8026067244271029,,
bed_expected_share@100,Queen Of Spades,loss,56,0.2653386336908876,0.022069336167510837,0.05170128451383445,0.1757563864624132,0.4329113599536905,0.6230013312882644,,
bed_expected_share@100,Queen Of Spades,all,112,0.41233803029730687,0.047160691923018715,0.11403147998340941,0.412338030297307,0.7106445806112037,0.7775153686715947,,
bed_expected_share@100,Schooltime,win,56,0.633037763752933,0.3624187017768883,0.5097496063343294,0.6378390472812794,0.7871874250754345,0.8709206342076603,,
bed_expected_share@100,Schooltime,loss,56,0.3518975264709872,0.11401465601626044,0.1977478651484865,0.3470962429426411,0.47518568388959076,0.6225165884470326,,
bed_expected_share@100,Schooltime,all,112,0.4924676451119601,0.18067802199081387,0.33277341214500744,0.4924676451119594,0.6521618780789135,0.8042572682331067,,
bed_expected_share@100,Slithery Fight,win,56,0.5082181069984771,0.44909107046492924,0.46635007077560864,0.5067881771944407,0.5388381453658999,0.5705367454160233,,
bed_expected_share@100,Slithery Fight,loss,56,0.49178189300151903,0.4294632545839728,0.4611618546340961,0.4932118228055548,0.5336499292243873,0.5509089295350673,,
bed_expected_share@100,Slithery Fight,all,112,0.4999999999999981,0.4347811100474589,0.4634585537602094,0.4999999999999982,0.5365414462397877,0.5652188899525368,,
bed_expected_share@100,Trauma,win,55,0.5075136839367443,0.48181243675250385,0.4981041930605671,0.5015926143801038,0.5237464142308085,0.5328281865698511,,
bed_expected_share@100,Trauma,loss,55,0.4924863160632553,0.4671718134301489,0.4762535857691905,0.49840738561989595,0.5018958069394326,0.5181875632474962,,
bed_expected_share@100,Trauma,all,112,0.49999999999999983,0.4752536203455733,0.4840522912939163,0.49999999999999967,0.5159477087060836,0.5247463796544266,,
bed_expected_share@100,ALL,win,559,0.6149519161970362,,0.4629188836769683,0.5745673460655673,0.77259415649677,,0.3284035424131429,0.9995653269740705
bed_expected_share@100,ALL,loss,559,0.34307712789211803,,0.19964076628871033,0.38571428571428484,0.4794535522061052,,0.0001267085043667808,0.6539375253911496
bed_expected_share@100,ALL,all,1120,0.4790519961123546,,0.34680756373655586,0.47559621191136914,0.6366902925206505,,0.039207997315932996,0.9425062095306154
enclosed_share@100,Portals,win,56,0.4186765624922258,0.25,0.3333333333333333,0.4423913043478261,0.5,0.5358974358974359,,
enclosed_share@100,Portals,loss,56,0.38691339891679893,0.25,0.2727272727272727,0.3717105263157895,0.47431077694235585,0.5400641025641025,,
enclosed_share@100,Portals,all,112,0.40279498070451236,0.25,0.3112980769230769,0.4,0.5,0.5384615384615384,,
enclosed_share@100,Prisoners Dilemma,win,56,0.14693565363208222,0.0,0.05357142857142857,0.14285714285714285,0.25,0.2792207792207792,,
enclosed_share@100,Prisoners Dilemma,loss,40,0.16627976190476187,0.0,0.0,0.0,0.2708333333333333,0.5,,
enclosed_share@100,Prisoners Dilemma,all,96,0.15499569874569874,0.0,0.0,0.125,0.25,0.3333333333333333,,
enclosed_share@100,Devil,win,56,0.5375061299879921,0.41801075268817206,0.47368421052631576,0.5505050505050505,0.6135235732009926,0.6876847290640394,,
enclosed_share@100,Devil,loss,56,0.3585528063206635,0.0625,0.2,0.3333333333333333,0.5,0.6375,,
enclosed_share@100,Devil,all,112,0.44802946815432776,0.18363636363636368,0.3333333333333333,0.474937343358396,0.5804195804195804,0.665,,
enclosed_share@100,Trophy,win,56,0.08541860800001488,0.0,0.042608695652173914,0.07417582417582418,0.11823529411764705,0.15707236842105263,,
enclosed_share@100,Trophy,loss,53,0.13300821709461236,0.0,0.0,0.09090909090909091,0.16666666666666666,0.3575757575757577,,
enclosed_share@100,Trophy,all,109,0.108558509669865,0.0,0.0,0.08333333333333333,0.14285714285714285,0.22393162393162394,,
enclosed_share@100,Autarky,win,56,0.11959151622806938,0.021739130434782608,0.065625,0.1188235294117647,0.15789473684210525,0.21583850931677018,,
enclosed_share@100,Autarky,loss,55,0.12507759620059086,0.0,0.023809523809523808,0.1111111111111111,0.18823529411764706,0.2577540106951872,,
enclosed_share@100,Autarky,all,111,0.1223098441423818,0.0,0.05718954248366013,0.11764705882352941,0.16666666666666666,0.23529411764705882,,
enclosed_share@100,Default,win,56,0.10928942994148368,0.0,0.0,0.0625,0.17045454545454544,0.2967032967032967,,
enclosed_share@100,Default,loss,56,0.06678275331111465,0.0,0.0,0.0,0.10277777777777777,0.2,,
enclosed_share@100,Default,all,112,0.08803609162629915,0.0,0.0,0.058823529411764705,0.14285714285714285,0.28345864661654147,,
enclosed_share@100,Queen Of Spades,win,56,0.21354354387442623,0.0,0.0,0.2361111111111111,0.3333333333333333,0.41428571428571426,,
enclosed_share@100,Queen Of Spades,loss,52,0.2171223541415849,0.0,0.0,0.16233766233766234,0.38125,0.5,,
enclosed_share@100,Queen Of Spades,all,108,0.2152666747437989,0.0,0.0,0.2,0.3382352941176471,0.5,,
enclosed_share@100,Schooltime,win,56,0.27348548716010684,0.1867732558139535,0.22698412698412698,0.26598639455782314,0.3333333333333333,0.37228260869565216,,
enclosed_share@100,Schooltime,loss,56,0.21500249219352258,0.0,0.14953703703703702,0.2222222222222222,0.3076923076923077,0.3582887700534759,,
enclosed_share@100,Schooltime,all,112,0.2442439896768147,0.09399038461538461,0.19687500000000002,0.2586618876941458,0.3221525096525097,0.3689723320158103,,
enclosed_share@100,Slithery Fight,win,56,0.37805587666555124,0.2857142857142857,0.3237315010570825,0.36651835372636266,0.4175,0.47275862068965513,,
enclosed_share@100,Slithery Fight,loss,56,0.38099283771259834,0.26640711902113456,0.33064516129032256,0.375,0.42416487068965514,0.5080645161290323,,
enclosed_share@100,Slithery Fight,all,112,0.3795243571890748,0.275,0.3248312078019505,0.37298387096774194,0.42046875,0.4991803278688525,,
enclosed_share@100,Trauma,win,55,0.4148134708428825,0.14285714285714285,0.26785714285714285,0.4583333333333333,0.55,0.75,,
enclosed_share@100,Trauma,loss,55,0.22099567099567097,0.0,0.0,0.14285714285714285,0.375,0.6,,
enclosed_share@100,Trauma,all,112,0.3168514280712285,0.0,0.0,0.3333333333333333,0.5,0.7,,
enclosed_share@100,ALL,win,559,0.26947208970187453,,0.10172413793103449,0.25,0.4079352850539292,,0.0,0.6007142857142859
enclosed_share@100,ALL,loss,535,0.22969476307817727,,0.0,0.2,0.3678839957035446,,0.0,0.6
enclosed_share@100,ALL,all,1096,0.2500359977491148,,0.06666666666666667,0.23606811145510836,0.38095238095238093,,0.0,0.6
reach_mean@100,Portals,win,56,18.13076320747157,14.894736842105264,15.85625,18.227631578947367,19.50892857142857,22.16025641025641,,
reach_mean@100,Portals,loss,56,19.029527340886666,15.701754385964911,16.857142857142858,18.82675438596491,20.723684210526315,22.026315789473685,,
reach_mean@100,Portals,all,112,18.58014527417912,15.275303643724698,16.282692307692308,18.556140350877193,20.474999999999998,22.13,,
reach_mean@100,Prisoners Dilemma,win,56,36.142049617049615,29.553030303030305,32.33894230769231,36.00714285714285,39.25,44.0625,,
reach_mean@100,Prisoners Dilemma,loss,40,36.467043650793656,23.875,27.833333333333332,33.625,47.8125,54.1,,
reach_mean@100,Prisoners Dilemma,all,96,36.2774637977763,27.07142857142857,30.75,35.127272727272725,42.4875,49.4375,,
reach_mean@100,Devil,win,56,16.459528366082544,13.623774509803921,14.887362637362639,16.090992647058826,17.41388888888889,19.42391304347826,,
reach_mean@100,Devil,loss,56,21.84161729143872,15.366666666666667,17.964285714285715,20.333333333333336,24.4,28.732142857142858,,
reach_mean@100,Devil,all,112,19.15057282876063,13.863636363636363,15.75874125874126,17.62280701754386,20.651960784313726,26.34888888888889,,
reach_mean@100,Trophy,win,56,34.74693810272569,31.57465277777778,33.126344086021504,34.7875,36.23141025641026,37.236363636363635,,
reach_mean@100,Trophy,loss,53,32.0917200037632,24.91168831168831,29.571428571428573,32.44,35.42857142857143,37.830769230769235,,
reach_mean@100,Trophy,all,109,33.45586875185403,28.933333333333334,31.727272727272727,33.794117647058826,36.111111111111114,37.41818181818182,,
reach_mean@100,Autarky,win,56,36.045003440602194,31.592105263157897,33.83771929824561,36.57268170426065,38.15555555555555,39.07380952380952,,
reach_mean@100,Autarky,loss,55,34.05033060819157,28.574866310160427,30.45751633986928,34.166666666666664,37.83766233766234,39.76470588235294,,
reach_mean@100,Autarky,all,111,35.05665203715549,29.2,32.75396825396825,35.666666666666664,38.12222222222222,39.411764705882355,,
reach_mean@100,Default,win,56,35.97498266504745,28.901913875598087,30.975,35.75625,40.50833333333333,43.003846153846155,,
reach_mean@100,Default,loss,56,37.22084241476311,28.92063492063492,32.61363636363636,37.13333333333333,41.7625,44.269230769230774,,
reach_mean@100,Default,all,112,36.59791253990528,28.89617224880383,32.15625,36.79220779220779,41.0,43.75,,
reach_mean@100,Queen Of Spades,win,56,29.65664907134183,20.50892857142857,25.355555555555554,28.75,32.361111111111114,39.75,,
reach_mean@100,Queen Of Spades,loss,52,29.068993880051575,19.646153846153847,25.214285714285715,29.48701298701299,34.09090909090909,37.18,,
reach_mean@100,Queen Of Spades,all,108,29.373703979239107,20.289772727272727,25.355555555555554,28.9375,33.9375,39.666666666666664,,
reach_mean@100,Schooltime,win,56,28.241685027744847,25.38599033816425,26.889234449760764,28.342225113858163,29.74737762237762,30.932291666666664,,
reach_mean@100,Schooltime,loss,56,30.544003629364493,25.565714285714286,27.689393939393938,30.143360752056402,32.72824074074074,37.71666666666667,,
reach_mean@100,Schooltime,all,112,29.392844328554673,25.385396825396825,26.995454545454546,29.118847539015604,31.068667763157894,33.406854345165236,,
reach_mean@100,Slithery Fight,win,56,22.258146696060628,19.21773142112125,21.083333333333332,22.583478260869562,23.67857142857143,25.107843137254903,,
reach_mean@100,Slithery Fight,loss,56,22.34503735197302,18.667183622828784,20.870535714285715,22.526442307692307,23.941810344827587,25.70564516129032,,
reach_mean@100,Slithery Fight,all,112,22.301592024016827,18.70326923076923,21.0,22.583478260869562,23.892628205128204,25.515047021943577,,
reach_mean@100,Trauma,win,55,22.576770778241368,15.375,18.7,22.125,26.645833333333336,30.0,,
reach_mean@100,Trauma,loss,55,26.949823232323237,18.82,22.78125,28.6,30.5,34.25,,
reach_mean@100,Trauma,all,112,24.759233028147158,16.4,20.677884615384613,24.816176470588236,30.0,31.2,,
reach_mean@100,ALL,win,559,28.032994954694725,,20.841614906832298,28.6046511627907,34.778571428571425,,15.188076923076922,41.14
reach_mean@100,ALL,loss,535,28.712292745446817,,22.010416666666664,28.62962962962963,34.25,,16.26875,43.197777777777766
reach_mean@100,ALL,all,1096,28.358204586733418,,21.4875,28.60232558139535,34.35399159663865,,15.405555555555555,42.425
territory@250,Portals,win,56,0.5,0.5,0.5,0.5,0.5,0.5,,
territory@250,Portals,loss,56,0.5,0.5,0.5,0.5,0.5,0.5,,
territory@250,Portals,all,112,0.5,0.5,0.5,0.5,0.5,0.5,,
territory@250,Prisoners Dilemma,win,56,0.9216831752232143,0.73095703125,0.923095703125,1.0,1.0,1.0,,
territory@250,Prisoners Dilemma,loss,56,0.07831682477678571,0.0,0.0,0.0,0.076904296875,0.26904296875,,
territory@250,Prisoners Dilemma,all,112,0.5,0.0,0.0,0.5,1.0,1.0,,
territory@250,Devil,win,56,0.8567766462053571,0.61279296875,0.7353515625,0.990234375,1.0,1.0,,
territory@250,Devil,loss,56,0.14322335379464285,0.0,0.0,0.009765625,0.2646484375,0.38720703125,,
territory@250,Devil,all,112,0.5,0.0,0.0146484375,0.5,0.9853515625,1.0,,
territory@250,Trophy,win,56,0.9335857142857142,0.806,0.9524,1.0,1.0,1.0,,
territory@250,Trophy,loss,56,0.06641428571428572,0.0,0.0,0.0,0.0476,0.194,,
territory@250,Trophy,all,112,0.5,0.0,0.0,0.5,1.0,1.0,,
territory@250,Autarky,win,56,0.7829585537918871,0.49537037037037035,0.6365740740740741,0.8335905349794239,0.9747942386831276,1.0,,
territory@250,Autarky,loss,56,0.2170414462081129,0.0,0.025205761316872428,0.16640946502057613,0.36342592592592593,0.5046296296296297,,
territory@250,Autarky,all,112,0.5,0.01409465020576132,0.16730967078189302,0.5,0.832690329218107,0.9859053497942387,,
territory@250,Default,win,56,0.7464861188616071,0.474365234375,0.583984375,0.7763671875,0.9256591796875,0.97900390625,,
territory@250,Default,loss,56,0.25351388113839285,0.02099609375,0.0743408203125,0.2236328125,0.416015625,0.525634765625,,
territory@250,Default,all,112,0.5,0.06005859375000001,0.230224609375,0.5,0.769775390625,0.93994140625,,
territory@250,Queen Of Spades,win,56,0.8198438466295609,0.47763347763347763,0.687950937950938,0.902958152958153,1.0,1.0,,
territory@250,Queen Of Spades,loss,56,0.18015615337043908,0.0,0.0,0.09704184704184704,0.3120490620490621,0.5223665223665224,,
territory@250,Queen Of Spades,all,112,0.5,0.0,0.09830447330447331,0.5,0.9016955266955267,1.0,,
territory@250,Schooltime,win,56,0.7141644727726202,0.4669010669253152,0.5809893307468477,0.7428467507274491,0.8431134820562561,0.9719932104752667,,
territory@250,Schooltime,loss,56,0.28583552722737976,0.028006789524733268,0.15688651794374395,0.2571532492725509,0.4190106692531523,0.5330989330746847,,
territory@250,Schooltime,all,112,0.5,0.14512609117361785,0.2576988360814743,0.5,0.7423011639185257,0.8548739088263823,,
territory@250,Slithery Fight,win,56,0.538693979651896,0.46291936433195996,0.4977928193054738,0.5339905826957034,0.5665097115950559,0.6122719246615655,,
territory@250,Slithery Fight,loss,56,0.461306020348104,0.38772807533843434,0.4334902884049441,0.4660094173042967,0.5022071806945262,0.53708063566804,,
territory@250,Slithery Fight,all,112,0.5,0.42507357268981755,0.4559299587992937,0.5,0.5440700412007062,0.5749264273101825,,
territory@250,Trauma,win,55,0.6115384615384616,0.5001748251748251,0.5157342657342657,0.6188811188811189,0.6791958041958042,0.7238636363636364,,
territory@250,Trauma,loss,55,0.38846153846153847,0.2761363636363636,0.32080419580419584,0.3811188811188811,0.48426573426573427,0.49982517482517486,,
territory@250,Trauma,all,112,0.5,0.3071241258741259,0.38472465034965037,0.5,0.6152753496503496,0.6928758741258743,,
territory@250,ALL,win,559,0.7428075059038272,,0.5272092499264274,0.73828125,0.9832,,0.446528130073052,1.0
territory@250,ALL,loss,559,0.25719249409617284,,0.0168,0.26171875,0.4727907500735727,,0.0,0.5534718699269481
territory@250,ALL,all,1120,0.5,,0.2562762611011761,0.5,0.7437237388988239,,0.0,1.0
bed_territory@250,Portals,win,56,0.38571428571428484,0.38571428571428484,0.38571428571428484,0.38571428571428484,0.38571428571428484,0.38571428571428484,,
bed_territory@250,Portals,loss,56,0.38571428571428484,0.38571428571428484,0.38571428571428484,0.38571428571428484,0.38571428571428484,0.38571428571428484,,
bed_territory@250,Portals,all,112,0.3857142857142849,0.38571428571428484,0.38571428571428484,0.38571428571428484,0.38571428571428484,0.38571428571428484,,
bed_territory@250,Prisoners Dilemma,win,56,0.9222431966224656,0.7463781949082857,1.0,1.0,1.0,1.0,,
bed_territory@250,Prisoners Dilemma,loss,56,0.07775680337753443,0.0,0.0,0.0,0.0,0.2536218050917147,,
bed_territory@250,Prisoners Dilemma,all,112,0.5,0.0,0.0,0.5,1.0,1.0,,
bed_territory@250,Devil,win,56,0.8678396778116169,0.6656131115131876,0.8059453564716452,1.0,1.0,1.0,,
bed_territory@250,Devil,loss,56,0.13216032218838306,0.0,0.0,0.0,0.19405464352835472,0.33438688848681203,,
bed_territory@250,Devil,all,112,0.5,0.0,0.0,0.49999999999999983,1.0,1.0,,
bed_territory@250,Trophy,win,56,0.936403242226436,0.7966062912864513,0.9557483322266471,1.0,1.0,1.0,,
bed_territory@250,Trophy,loss,56,0.06359675777356057,0.0,0.0,0.0,0.04425166777334881,0.20339370871353268,,
bed_territory@250,Trophy,all,112,0.4999999999999983,0.0,0.0,0.49999999999999456,1.0,1.0,,
bed_territory@250,Autarky,win,56,0.8150350731897161,0.49875148424949656,0.7393963470000741,0.9669536215687666,0.997935147028009,1.0,,
bed_territory@250,Autarky,loss,56,0.1849649268102864,0.0,0.0020648529719913492,0.03304637843123574,0.26060365299993216,0.5012485157505081,,
bed_territory@250,Autarky,all,112,0.5000000000000012,0.0005954459733184359,0.0368923307955579,0.5000000000000033,0.9631076692044445,0.9994045540266819,,
bed_territory@250,Default,win,56,0.747011416493784,0.4174844117312274,0.5985763682798507,0.816965685611091,0.9241086800618359,0.9845001975574419,,
bed_territory@250,Default,loss,56,0.2529885835062097,0.015499802442556948,0.07589131993815776,0.183034314388902,0.40142363172013795,0.5825155882687647,,
bed_territory@250,Default,all,112,0.49999999999999684,0.05006601934821419,0.18945762452252946,0.49999999999999734,0.8105423754774631,0.9499339806517856,,
bed_territory@250,Queen Of Spades,win,56,0.664217782802746,0.3880661856371123,0.5163315515091986,0.7862613803785305,0.824676060594616,0.824676060594616,,
bed_territory@250,Queen Of Spades,loss,56,0.16045827779186958,0.0,0.0,0.03841468021608557,0.30834450908541444,0.4366098749575019,,
bed_territory@250,Queen Of Spades,all,112,0.41233803029730776,0.0,0.038714536662763074,0.4123380302973081,0.7859615239318533,0.824676060594616,,
bed_territory@250,Schooltime,win,56,0.7081383670767627,0.41039350847960965,0.6149953778731394,0.7073680125995767,0.8277273401657117,0.9811691127798955,,
bed_territory@250,Schooltime,loss,56,0.27679692314715626,0.003766177444020925,0.15720795005820531,0.2775672776243421,0.36993991235078244,0.5745417817443135,,
bed_territory@250,Schooltime,all,112,0.49246764511195945,0.08860788386478327,0.27440882426787927,0.4924676451119613,0.7105264659560381,0.8963274063591337,,
bed_territory@250,Slithery Fight,win,56,0.5393887629557115,0.4651230371358649,0.5049029165120528,0.5386607144686025,0.5662033149723799,0.6190059663933163,,
bed_territory@250,Slithery Fight,loss,56,0.4606112370442844,0.3809940336066804,0.43379668502761615,0.46133928553139303,0.49509708348794224,0.5348769628641306,,
bed_territory@250,Slithery Fight,all,112,0.4999999999999979,0.4126010825587957,0.45956911280549484,0.49999999999999734,0.5404308871945027,0.5873989174412004,,
bed_territory@250,Trauma,win,55,0.5682702776265652,0.4999999999999997,0.5059880239520956,0.5209580838323357,0.5338697604790422,0.7967065868263478,,
bed_territory@250,Trauma,loss,55,0.43172972237343477,0.2032934131736527,0.4661302395209578,0.47904191616766434,0.4940119760479044,0.5000000000000003,,
bed_territory@250,Trauma,all,112,0.5,0.4592440119760476,0.47904191616766456,0.5,0.5209580838323356,0.5407559880239524,,
bed_territory@250,ALL,win,559,0.7156894567862225,,0.5104860783949297,0.7412691206258337,0.9930745563554528,,0.38571428571428484,1.0
bed_territory@250,ALL,loss,559,0.24233958730293162,,0.0,0.24951107075504772,0.434049369435908,,0.0,0.5874185588933717
bed_territory@250,ALL,all,1120,0.4790519961123546,,0.24112362235344217,0.4702318374839406,0.7458688712755761,,0.0,1.0
bed_expected_share@250,Portals,win,56,0.38571428571428484,0.38571428571428484,0.38571428571428484,0.38571428571428484,0.38571428571428484,0.38571428571428484,,
bed_expected_share@250,Portals,loss,56,0.38571428571428484,0.38571428571428484,0.38571428571428484,0.38571428571428484,0.38571428571428484,0.38571428571428484,,
bed_expected_share@250,Portals,all,112,0.3857142857142849,0.38571428571428484,0.38571428571428484,0.38571428571428484,0.38571428571428484,0.38571428571428484,,
bed_expected_share@250,Prisoners Dilemma,win,56,0.9272982145689966,0.7394769853148828,0.9999932129317306,1.0,1.0,1.0,,
bed_expected_share@250,Prisoners Dilemma,loss,56,0.07270178543100377,6.582872523520497e-42,1.302966832659609e-41,4.204213232081111e-41,6.787068269950726e-06,0.2605230146851179,,
bed_expected_share@250,Prisoners Dilemma,all,112,0.5000000000000001,1.0652915003816894e-41,4.303621526686524e-41,0.5000000000000007,1.0,1.0,,
bed_expected_share@250,Devil,win,56,0.8673251633251391,0.6727398926917016,0.8048341874388161,0.9999998587968595,1.0,1.0,,
bed_expected_share@250,Devil,loss,56,0.13267483667486066,2.9199929013764687e-41,9.256258441010283e-41,1.412031406728167e-07,0.19516581256118234,0.32726010730829774,,
bed_expected_share@250,Devil,all,112,0.4999999999999999,6.547970190891544e-41,2.1180471100922506e-07,0.4999999999999996,0.9999997881952893,1.0,,
bed_expected_share@250,Trophy,win,56,0.9324030338148953,0.7846728892306188,0.9467918549537839,1.0,1.0,1.0,,
bed_expected_share@250,Trophy,loss,56,0.06759696618510229,1.7674697734341834e-42,2.090414853119592e-42,4.022464929926632e-42,0.05320814504620981,0.21532711076937633,,
bed_expected_share@250,Trophy,all,112,0.4999999999999987,1.961523854018689e-42,4.071168065911198e-42,0.49999999999999606,1.0,1.0,,
bed_expected_share@250,Autarky,win,56,0.8129585705106932,0.5036753094623831,0.7230430523565111,0.9502924321080011,0.9963941773455616,1.0,,
bed_expected_share@250,Autarky,loss,56,0.18704142948931052,7.557900605634457e-41,0.0036058226544415117,0.049707567892004506,0.2769569476434936,0.4963246905376223,,
bed_expected_share@250,Autarky,all,112,0.5000000000000019,0.0018007298644798452,0.0514980082613028,0.500000000000003,0.9485019917387028,0.9981992701355233,,
bed_expected_share@250,Default,win,56,0.7451521274088615,0.4306243885931227,0.5909278529916593,0.8043005866395792,0.9193087543385274,0.983653856531412,,
bed_expected_share@250,Default,loss,56,0.25484787259113295,0.01634614346858196,0.08069124566146761,0.1956994133604129,0.40907214700833516,0.5693756114068725,,
bed_expected_share@250,Default,all,112,0.49999999999999734,0.056824615684935846,0.20257367091233505,0.499999999999997,0.7974263290876569,0.9431753843150569,,
bed_expected_share@250,Queen Of Spades,win,56,0.6646809238115067,0.397895859541036,0.5173833831007406,0.7721403655250568,0.824676060594616,0.824676060594616,,
bed_expected_share@250,Queen Of Spades,loss,56,0.15999513678310778,5.2208488612994896e-40,8.381903097682019e-35,0.05253569506955644,0.30729267749387273,0.42678020105357706,,
bed_expected_share@250,Queen Of Spades,all,112,0.41233803029730726,3.231558515501078e-35,0.05938548505167116,0.41233803029730676,0.7652905755429419,0.824676060594616,,
bed_expected_share@250,Schooltime,win,56,0.7065896506839968,0.40813497651081865,0.5919105539251163,0.70471694633156,0.8187522200593208,0.9790662674220201,,
bed_expected_share@250,Schooltime,loss,56,0.2783456395399229,0.005869022801898362,0.16618307016459977,0.2802183438923594,0.3930247362988041,0.5768003137131004,,
bed_expected_share@250,Schooltime,all,112,0.4924676451119599,0.08985187832818987,0.27946051660739324,0.4924676451119596,0.705474773616527,0.8950834118957312,,
bed_expected_share@250,Slithery Fight,win,56,0.541034131826321,0.4649617803656729,0.5032642112122401,0.5393249284632762,0.5669916384920815,0.6241382993383443,,
bed_expected_share@250,Slithery Fight,loss,56,0.4589658681736755,0.3758617006616526,0.43300836150791544,0.46067507153672005,0.4967357887877579,0.535038219634322,,
bed_expected_share@250,Slithery Fight,all,112,0.4999999999999982,0.4116370744981545,0.4547358165457161,0.499999999999998,0.5452641834542806,0.5883629255018413,,
bed_expected_share@250,Trauma,win,55,0.5680704864505471,0.5000637702881018,0.5051794637798988,0.5209074790630663,0.5351472715691089,0.797344477039228,,
bed_expected_share@250,Trauma,loss,55,0.43192951354945225,0.2026555229607725,0.4648527284308908,0.47909252093693294,0.49482053622010064,0.49993622971189766,,
bed_expected_share@250,Trauma,all,112,0.4999999999999997,0.4601303980714689,0.4793713225790912,0.4999999999999998,0.5206286774209077,0.5398696019285308,,
bed_expected_share@250,ALL,win,559,0.715385721731669,,0.5165190088981197,0.7359697904778314,0.9902701257030917,,0.38571428571428484,1.0
bed_expected_share@250,ALL,loss,559,0.24264332235748542,,0.00048546978751305486,0.24870058505145326,0.4284804811357198,,3.372612687445913e-42,0.5891708727088666
bed_expected_share@250,ALL,all,1120,0.4790519961123548,,0.22282994099433978,0.466362624544025,0.7427755402603866,,1.0792036112491846e-41,1.0
enclosed_share@250,Portals,win,56,0.5030236906583582,0.37797619047619047,0.43322981366459623,0.5,0.5909090909090909,0.6464285714285715,,
enclosed_share@250,Portals,loss,56,0.44802978923575437,0.28869047619047616,0.35823529411764704,0.4472222222222222,0.5513888888888889,0.6138716356107661,,
enclosed_share@250,Portals,all,112,0.47552673994705624,0.3333333333333333,0.4,0.4782608695652174,0.5714285714285714,0.6309210526315789,,
enclosed_share@250,Prisoners Dilemma,win,56,0.12988311531461313,0.020833333333333332,0.06666666666666667,0.1213235294117647,0.18323863636363635,0.25,,
enclosed_share@250,Prisoners Dilemma,loss,21,0.10419210419210419,0.0,0.0,0.0,0.0,0.3333333333333333,,
enclosed_share@250,Prisoners Dilemma,all,77,0.12287647591756526,0.0,0.0,0.1,0.1724137931034483,0.25,,
enclosed_share@250,Devil,win,56,0.5887191837023941,0.4703525641025641,0.5465986394557822,0.6,0.6511627906976745,0.701063829787234,,
enclosed_share@250,Devil,loss,28,0.4324268658551947,0.0,0.25,0.5,0.6233766233766234,0.7110599078341014,,
enclosed_share@250,Devil,all,84,0.5366217444199942,0.3361904761904762,0.5,0.5823643410852714,0.6411465892597968,0.7038201160541586,,
enclosed_share@250,Trophy,win,56,0.10965922471063143,0.028629032258064516,0.05700808625336927,0.10300618921308577,0.13147993311036787,0.2019878706199461,,
enclosed_share@250,Trophy,loss,20,0.0966082002288899,0.0,0.0,0.0,0.16269841269841268,0.3333333333333333,,
enclosed_share@250,Trophy,all,76,0.10622474458385733,0.0,0.04861111111111111,0.09918032786885246,0.13667582417582416,0.2222222222222222,,
enclosed_share@250,Autarky,win,56,0.11253193599221115,0.03128054740957967,0.06956696070569367,0.11293260473588343,0.14733115468409586,0.19523809523809524,,
enclosed_share@250,Autarky,loss,48,0.1611051772606049,0.0,0.0,0.08333333333333333,0.2076923076923077,0.4500000000000003,,
enclosed_share@250,Autarky,all,104,0.1349503550391621,0.0,0.03176930596285435,0.1043557168784029,0.15885416666666666,0.23942857142857144,,
enclosed_share@250,Default,win,56,0.19036931471411006,0.06111111111111111,0.11764705882352941,0.18898809523809523,0.2722355769230769,0.3181818181818182,,
enclosed_share@250,Default,loss,53,0.16123155486869717,0.0,0.0,0.125,0.2222222222222222,0.39619047619047626,,
enclosed_share@250,Default,all,109,0.1762014131379001,0.0,0.07142857142857142,0.16,0.2558139534883721,0.3333333333333333,,
enclosed_share@250,Queen Of Spades,win,56,0.2265231468317565,0.0,0.1280241935483871,0.23904761904761904,0.31332236842105265,0.375,,
enclosed_share@250,Queen Of Spades,loss,40,0.2600033646908647,0.0,0.0,0.08680555555555555,0.5,0.7750000000000004,,
enclosed_share@250,Queen Of Spades,all,96,0.24047323760638492,0.0,0.0,0.22474747474747475,0.3333333333333333,0.5,,
enclosed_share@250,Schooltime,win,56,0.2021693051389826,0.1259920634920635,0.15625,0.19326542161856253,0.234375,0.2899011299435028,,
enclosed_share@250,Schooltime,loss,54,0.2337898330228327,0.0,0.16865079365079363,0.22956989247311826,0.29758064516129035,0.4379310344827587,,
enclosed_share@250,Schooltime,all,110,0.217692109736509,0.09961538461538462,0.15625,0.21498599439775912,0.26966698841698844,0.3684210526315789,,
enclosed_share@250,Slithery Fight,win,56,0.37844653924540267,0.2726899945325314,0.30158730158730157,0.36802355350742444,0.4466145833333333,0.4872185027388923,,
enclosed_share@250,Slithery Fight,loss,56,0.39732132758880123,0.2976190476190476,0.3548387096774194,0.39608711701734955,0.4458333333333333,0.5123018042646255,,
enclosed_share@250,Slithery Fight,all,112,0.38788393341710187,0.2768472906403941,0.3279119318181818,0.3846491228070176,0.4458333333333333,0.49920634920634926,,
enclosed_share@250,Trauma,win,55,0.5304442674501486,0.3969924812030075,0.48198757763975153,0.5526315789473685,0.6079192546583851,0.6489795918367347,,
enclosed_share@250,Trauma,loss,55,0.34035326762353213,0.0615384615384616,0.2,0.3333333333333333,0.5222816399286987,0.5975,,
enclosed_share@250,Trauma,all,112,0.43597713088164575,0.2,0.3,0.48827059465357336,0.5667701863354037,0.6356902356902357,,
enclosed_share@250,ALL,win,559,0.2967596784669623,,0.12712842712842712,0.25,0.4666666666666667,,0.03206256109481916,0.6435714285714288
enclosed_share@250,ALL,loss,431,0.2821121790845577,,0.07417582417582418,0.2702702702702703,0.4354166666666667,,0.0,0.6449579831932774
enclosed_share@250,ALL,all,992,0.29074050774008886,,0.11764705882352941,0.25925925925925924,0.45348011363636365,,0.0,0.6447478991596636
reach_mean@250,Portals,win,56,15.830180659367263,12.865151515151515,14.023538961038962,16.225,17.28409090909091,18.666666666666668,,
reach_mean@250,Portals,loss,56,17.004123054181616,13.416666666666668,14.803418803418804,16.621753246753247,18.27625,21.006265664160402,,
reach_mean@250,Portals,all,112,16.41715185677444,12.892000000000001,14.287439613526569,16.428571428571427,18.0,19.395833333333336,,
reach_mean@250,Prisoners Dilemma,win,56,35.669612103881285,30.575000000000003,32.5,35.75714285714285,38.055882352941175,40.68055555555556,,
reach_mean@250,Prisoners Dilemma,loss,21,36.02183557183557,29.0,31.333333333333332,37.23076923076923,43.5,45.0,,
reach_mean@250,Prisoners Dilemma,all,77,35.76567304968701,30.312608695652173,32.38095238095238,35.8,39.25,43.275000000000006,,
reach_mean@250,Devil,win,56,15.253788306365228,12.807236842105262,13.452978056426332,14.936973180076627,16.529181574239715,18.775862068965516,,
reach_mean@250,Devil,loss,28,19.48799720201915,13.552380952380952,15.3125,19.72222222222222,22.333333333333332,24.15,,
reach_mean@250,Devil,all,84,16.6651912715832,12.83375,13.75,15.565217391304348,19.06818181818182,21.173333333333332,,
reach_mean@250,Trophy,win,56,32.28947497787162,28.934775536759922,29.989583333333332,32.699305555555554,34.22149122807018,35.89507198228128,,
reach_mean@250,Trophy,loss,20,31.257080472209783,25.89090909090909,27.333333333333332,31.444444444444443,34.798701298701296,37.53000000000001,,
reach_mean@250,Trophy,all,76,32.017792213223764,27.53921568627451,29.514501891551074,32.13632246376811,34.339285714285715,36.60573476702508,,
reach_mean@250,Autarky,win,56,34.075638528612366,30.077047413793103,31.79563492063492,33.80291005291005,36.40267011197244,38.98529411764706,,
reach_mean@250,Autarky,loss,48,31.708936914693492,19.35,27.894736842105264,34.15,37.93181818181818,39.15833333333334,,
reach_mean@250,Autarky,all,104,32.983314706803654,26.871195652173913,30.89732142857143,33.842261904761905,37.43861607142857,39.05833333333334,,
reach_mean@250,Default,win,56,32.027875759838444,26.859615384615385,29.299107142857142,31.40854978354978,34.58739177489177,37.30882352941177,,
reach_mean@250,Default,loss,53,32.549674945457525,24.0,26.68,32.0,38.0,41.0,,
reach_mean@250,Default,all,109,32.28159462991012,25.4,28.5,31.5,35.6764705882353,39.666666666666664,,
reach_mean@250,Queen Of Spades,win,56,27.46552338483508,23.214646464646464,24.84625,27.27777777777778,30.013157894736842,31.65909090909091,,
reach_mean@250,Queen Of Spades,loss,40,27.207297390109886,11.8,22.575,27.93181818181818,34.75,36.550000000000004,,
reach_mean@250,Queen Of Spades,all,96,27.35792922036625,20.607142857142858,23.927083333333332,27.27777777777778,30.983851674641148,35.733333333333334,,
reach_mean@250,Schooltime,win,56,27.672274327171788,24.714139344262293,26.374404131355934,27.78125,29.091607862903224,30.55373086734694,,
reach_mean@250,Schooltime,loss,54,26.81893253601726,22.498736842105263,24.247998768472907,26.19435736677116,28.708333333333332,32.02,,
reach_mean@250,Schooltime,all,110,27.253361084241384,23.33209109730849,25.116396761133604,27.364583333333336,29.03515625,30.631960227272728,,
reach_mean@250,Slithery Fight,win,56,21.93313499864582,18.34538375973304,20.121341765873016,21.968005952380953,23.886968766001026,25.01718667371761,,
reach_mean@250,Slithery Fight,loss,56,21.641869526039866,18.235576923076923,20.47748064743139,21.924715909090907,23.24512670565302,24.431720430107525,,
reach_mean@250,Slithery Fight,all,112,21.787502262342848,18.23459399332592,20.162131519274375,21.968005952380953,23.647135416666668,24.856820276497697,,
reach_mean@250,Trauma,win,55,17.962037833207578,14.558385093167702,15.765567765567766,17.35,19.47754137115839,20.96923076923077,,
reach_mean@250,Trauma,loss,55,23.963273637059523,15.946666666666665,18.650238473767885,25.083333333333332,28.55,30.733333333333334,,
reach_mean@250,Trauma,all,112,20.968524677838495,15.123333333333333,16.58420745920746,19.17878787878788,25.8375,29.762857142857147,,
reach_mean@250,ALL,win,559,26.032365387183177,,18.20344827586207,27.125,32.23958333333333,,13.445114942528736,38.50555555555556
reach_mean@250,ALL,loss,431,25.970059650124874,,19.488095238095237,24.857142857142858,31.708333333333336,,13.693333333333333,41.33333333333333
reach_mean@250,ALL,all,992,25.99573648557705,,19.0,26.169034090909093,32.12708333333333,,13.479545454545455,39.26163793103448
territory_mean,Portals,win,56,0.5000892857142857,0.5,0.5,0.5,0.5,0.5,,
territory_mean,Portals,loss,56,0.4999107142857143,0.5,0.5,0.5,0.5,0.5,,
territory_mean,Portals,all,112,0.5,0.5,0.5,0.5,0.5,0.5,,
territory_mean,Prisoners Dilemma,win,56,0.7604085594282711,0.6426585533930311,0.700619167751736,0.7828169389204546,0.841234709087171,0.8816857993197279,,
territory_mean,Prisoners Dilemma,loss,56,0.2395914405717288,0.11831420068027211,0.15876529091282893,0.21718306107954544,0.2993808322482639,0.3573414466069688,,
territory_mean,Prisoners Dilemma,all,112,0.5,0.14867707473872388,0.21810857599431818,0.5,0.7818914240056818,0.8513229252612762,,
territory_mean,Devil,win,56,0.7067047316434708,0.66463682326659,0.6971310346554487,0.7241512317203984,0.7617485232469512,0.7960611979166667,,
territory_mean,Devil,loss,56,0.29329526835652914,0.20393880208333331,0.23825147675304878,0.27584876827960164,0.3028689653445513,0.33536317673341,,
territory_mean,Devil,all,112,0.5,0.22624267578125,0.27640897318089674,0.5,0.7235910268191033,0.7737573242187501,,
territory_mean,Trophy,win,56,0.7313132581653898,0.6331283088235293,0.6885125307125305,0.7467063492063493,0.794311011235955,0.8184115417743325,,
territory_mean,Trophy,loss,56,0.2686867418346102,0.18158845822566755,0.20568898876404484,0.25329365079365085,0.3114874692874693,0.36687169117647067,,
territory_mean,Trophy,all,112,0.5,0.20018535211267613,0.2533690476190477,0.5,0.7466309523809523,0.7998146478873239,,
territory_mean,Autarky,win,56,0.7085263383691816,0.5051745915332275,0.651978829788189,0.7367657505388989,0.7947081382968603,0.8318760397513351,,
territory_mean,Autarky,loss,56,0.29147366163081834,0.16812396024866472,0.20529186170313976,0.2632342494611014,0.34802117021181095,0.4948254084667726,,
territory_mean,Autarky,all,112,0.5,0.1960234533026435,0.2642443783068784,0.49999999999999994,0.735755621693122,0.8039765466973567,,
territory_mean,Default,win,56,0.6849938478967784,0.5341313428217822,0.5962796352877475,0.7233257798436095,0.7753301941522277,0.8435856280940595,,
territory_mean,Default,loss,56,0.31500615210322147,0.1564143719059406,0.22466980584777227,0.27667422015639065,0.4037203647122525,0.4658686571782178,,
territory_mean,Default,all,112,0.5,0.21729616221815054,0.27825632172592263,0.5,0.7217436782740775,0.7827038377818495,,
territory_mean,Queen Of Spades,win,56,0.7083076161916743,0.5163430628777161,0.6492787743289349,0.742744909411576,0.8010489824492653,0.8267794824595243,,
territory_mean,Queen Of Spades,loss,56,0.29169238380832574,0.1732205175404758,0.19895101755073472,0.25725509058842394,0.3507212256710652,0.48365693712228375,,
territory_mean,Queen Of Spades,all,112,0.5,0.19342540023233093,0.25841750841750843,0.5,0.7415824915824916,0.8065745997676689,,
territory_mean,Schooltime,win,56,0.667595826732162,0.4672347811890791,0.5657147007135243,0.6840794287964198,0.7944495356500388,0.834903729984515,,
territory_mean,Schooltime,loss,56,0.3324041732678379,0.16509627001548488,0.20555046434996116,0.3159205712035801,0.43428529928647563,0.5327652188109209,,
territory_mean,Schooltime,all,112,0.5,0.18963156984951646,0.3215955143040977,0.5000000000000001,0.6784044856959022,0.8103684301504835,,
territory_mean,Slithery Fight,win,56,0.5211967394082383,0.460795226079406,0.4835109761711898,0.5177332035734474,0.5481813705208073,0.575743448388394,,
territory_mean,Slithery Fight,loss,56,0.4788032605917617,0.424256551611606,0.4518186294791927,0.48226679642655246,0.5164890238288102,0.5392047739205941,,
territory_mean,Slithery Fight,all,112,0.5,0.4444431494356029,0.4616475037733319,0.5,0.538352496226668,0.555556850564397,,
territory_mean,Trauma,win,55,0.5923397488666213,0.48266028525929516,0.5215415772346463,0.5938214013709064,0.6486641452606798,0.7115854576653214,,
territory_mean,Trauma,loss,55,0.4076602511333786,0.2884145423346784,0.3513358547393203,0.4061785986290936,0.47845842276535355,0.5173397147407048,,
territory_mean,Trauma,all,112,0.49999999999999994,0.3379011458838191,0.40960586443259717,0.49999999999999994,0.5903941355674027,0.6620988541161809,,
territory_mean,ALL,win,559,0.6582653194748362,,0.524472334355951,0.6893643465909091,0.766696,,0.45800469566243995,0.8476237943559376
territory_mean,ALL,loss,559,0.34173468052516365,,0.23330400000000007,0.3106356534090909,0.4755276656440491,,0.15237620564406254,0.5419953043375602
territory_mean,ALL,all,1120,0.5,,0.31011915357964176,0.5,0.6898808464203582,,0.17488251533724805,0.825117484662752
bed_expected_share_mean,Portals,win,56,0.3857142857142855,0.3857142857142855,0.3857142857142855,0.3857142857142855,0.3857142857142855,0.3857142857142855,,
bed_expected_share_mean,Portals,loss,56,0.38564540816326515,0.3857142857142855,0.3857142857142855,0.3857142857142855,0.3857142857142855,0.3857142857142855,,
bed_expected_share_mean,Portals,all,112,0.3856798469387753,0.3857142857142855,0.3857142857142855,0.3857142857142855,0.3857142857142855,0.3857142857142855,,
bed_expected_share_mean,Prisoners Dilemma,win,56,0.8025717954582774,0.6601272971563042,0.7230998506024126,0.8411264999673786,0.9217909847180588,0.951894670003486,,
bed_expected_share_mean,Prisoners Dilemma,loss,56,0.1974282045417231,0.04810532999651453,0.07820901528194181,0.1588735000326219,0.2769001493975882,0.33987270284369636,,
bed_expected_share_mean,Prisoners Dilemma,all,112,0.5000000000000002,0.07072174018787086,0.1633138877200034,0.5000000000000003,0.8366861122799971,0.9292782598121295,,
bed_expected_share_mean,Devil,win,56,0.7565466842719362,0.7288276019790197,0.7597260248432971,0.7911224911682071,0.8150323388647566,0.8548921645829407,,
bed_expected_share_mean,Devil,loss,56,0.24345331572806314,0.14510783541705885,0.18496766113524302,0.208877508831792,0.2402739751567022,0.2711723980209798,,
bed_expected_share_mean,Devil,all,112,0.49999999999999967,0.17155037674477266,0.2090478069331406,0.49999999999999956,0.7909521930668584,0.8284496232552268,,
bed_expected_share_mean,Trophy,win,56,0.7381404250467608,0.6327565591136826,0.6962683920266367,0.7536053075354403,0.7966535145635916,0.8321610439712448,,
bed_expected_share_mean,Trophy,loss,56,0.2618595749532323,0.16783895602874777,0.20334648543640174,0.24639469246455284,0.3037316079733562,0.36724344088631067,,
bed_expected_share_mean,Trophy,all,112,0.49999999999999645,0.19766653040413412,0.24738892938980978,0.4999999999999967,0.7526110706101833,0.8023334695958593,,
bed_expected_share_mean,Autarky,win,56,0.7120388829446865,0.44763463183073704,0.6741118813036734,0.7618598870046062,0.8351381104859732,0.8901243875129224,,
bed_expected_share_mean,Autarky,loss,56,0.2879611170553177,0.10987561248708186,0.16486188951403064,0.2381401129953984,0.3258881186963307,0.5523653681692677,,
bed_expected_share_mean,Autarky,all,112,0.5000000000000021,0.1484222040025902,0.2258507860522215,0.5000000000000024,0.7741492139477826,0.8515777959974135,,
bed_expected_share_mean,Default,win,56,0.6875593784169086,0.48944758668414057,0.6085315793706123,0.7047659337795407,0.783797169546198,0.8454044065119503,,
bed_expected_share_mean,Default,loss,56,0.3124406215830862,0.15459559348804403,0.21620283045379618,0.2952340662204545,0.3914684206293827,0.5105524133158551,,
bed_expected_share_mean,Default,all,112,0.49999999999999734,0.20858594315549164,0.29541238508180906,0.4999999999999978,0.7045876149181862,0.791414056844503,,
bed_expected_share_mean,Queen Of Spades,win,56,0.6044464741891798,0.45742600777813375,0.5192766303107412,0.6412999924272684,0.7003081595367446,0.7442334630428324,,
bed_expected_share_mean,Queen Of Spades,loss,56,0.2202295864054339,0.08044259755178182,0.12436790105786918,0.1833760681673452,0.3053994302838725,0.36725005281647977,,
bed_expected_share_mean,Queen Of Spades,all,112,0.41233803029730687,0.09504972262212519,0.18572702449139655,0.41233803029730687,0.638949036103217,0.7296263379724888,,
bed_expected_share_mean,Schooltime,win,56,0.6641967117324439,0.46012560192956875,0.5857034045915089,0.6938318355357409,0.7676508360959392,0.8144637760257138,,
bed_expected_share_mean,Schooltime,loss,56,0.32073857849147636,0.170471514198206,0.2172844541279809,0.29110345468817983,0.3992318856324112,0.5248096882943509,,
bed_expected_share_mean,Schooltime,all,112,0.4924676451119601,0.2007854339372935,0.29324764273963677,0.49246764511195995,0.6916876474842839,0.784149856286627,,
bed_expected_share_mean,Slithery Fight,win,56,0.5203160579141043,0.464171249060031,0.4891748593116051,0.5107192086760377,0.550463038644736,0.5879546443575829,,
bed_expected_share_mean,Slithery Fight,loss,56,0.4796839420858921,0.41204535564241346,0.4495369613552611,0.48928079132395863,0.5108251406883905,0.5358287509399657,,
bed_expected_share_mean,Slithery Fight,all,112,0.4999999999999982,0.43934164689834126,0.4664981329135687,0.4999999999999984,0.533501867086428,0.5606583531016548,,
bed_expected_share_mean,Trauma,win,55,0.553665152968653,0.4957172177970127,0.5075090550497592,0.5244878102796776,0.5799516246457543,0.659716937416092,,
bed_expected_share_mean,Trauma,loss,55,0.4463348470313465,0.34028306258390767,0.4200483753542452,0.47551218972032205,0.4924909449502404,0.5042827822029868,,
bed_expected_share_mean,Trauma,all,112,0.4999999999999999,0.40635628020293707,0.47540593863134395,0.4999999999999998,0.5245940613686557,0.5936437197970628,,
bed_expected_share_mean,ALL,win,559,0.6426785373378113,,0.5084657192644437,0.6695430327264285,0.7780487036094057,,0.3857142857142855,0.8948243776722563
bed_expected_share_mean,ALL,loss,559,0.31534360667467526,,0.20162300943413725,0.3029790824563711,0.4207588595503202,,0.08425501541657456,0.5490157279306976
bed_expected_share_mean,ALL,all,1120,0.47904855223480364,,0.29055955601441474,0.4719240017687063,0.6757451355367025,,0.12691554432035254,0.8507577973132553
enclosed_share_mean,Portals,win,56,0.44424891108356884,0.39260931280955164,0.40941586281724135,0.44898149270265747,0.47898144077609495,0.51108516236668,,
enclosed_share_mean,Portals,loss,56,0.41557253387601545,0.31310055879430276,0.3465424563181638,0.4307533102833263,0.47235419541929163,0.5067880358056981,,
enclosed_share_mean,Portals,all,112,0.4299107224797921,0.3269268104016522,0.39806685599599434,0.4417523696373608,0.47431703931014885,0.5105874409612341,,
enclosed_share_mean,Prisoners Dilemma,win,56,0.14954499956601616,0.0916874440671232,0.09921970623311688,0.1305911705593072,0.17908675044091707,0.23162038369682225,,
enclosed_share_mean,Prisoners Dilemma,loss,56,0.12306371851790769,0.03259847148736037,0.055412371134020616,0.11022787493375727,0.16249999999999998,0.208957562840845,,
enclosed_share_mean,Prisoners Dilemma,all,112,0.13630435904196195,0.041666666666666664,0.08822998704581474,0.12031249999999999,0.16666666666666666,0.22814424001924008,,
enclosed_share_mean,Devil,win,56,0.5024088189645993,0.4378036672407979,0.47826209992837637,0.49965715546055745,0.5272284263111039,0.5736081576402555,,
enclosed_share_mean,Devil,loss,56,0.370801674844545,0.20692499221910987,0.28125180608223244,0.37815367965367963,0.48582238021606794,0.5065604433396036,,
enclosed_share_mean,Devil,all,112,0.4366052469045721,0.26582353249254653,0.37574234185952937,0.4801621897054715,0.514572724970902,0.5450731544356282,,
enclosed_share_mean,Trophy,win,56,0.08085366128195805,0.05425414291186009,0.06264937649736833,0.07219860380439372,0.0826237042032783,0.14227511971689544,,
enclosed_share_mean,Trophy,loss,56,0.07228476049787255,0.017105263157894735,0.0445114826103304,0.07238366913591955,0.09543617130344868,0.13074458892715474,,
enclosed_share_mean,Trophy,all,112,0.07656921088991529,0.039899394722924135,0.06040911835748792,0.07238366913591955,0.089348953244916,0.13400663407187027,,
enclosed_share_mean,Autarky,win,56,0.11847096467664506,0.08839112560501608,0.10006389681259681,0.11382815446580256,0.13872504621340948,0.1481637824518604,,
enclosed_share_mean,Autarky,loss,56,0.14912943122326186,0.05449188572353934,0.07588319959972359,0.13277392067978178,0.19142985525120051,0.2591830104973406,,
enclosed_share_mean,Autarky,all,112,0.13380019794995346,0.06335189117367336,0.09354282023044132,0.11776910163136813,0.15457594371813527,0.20732010723186428,,
enclosed_share_mean,Default,win,56,0.15902819167546442,0.1089587493279642,0.13558313502666136,0.15936824711787012,0.1805219737851332,0.20930876778815466,,
enclosed_share_mean,Default,loss,56,0.12659335324236845,0.04334707496252424,0.06883765162230511,0.11683251813121942,0.17802264148230712,0.22789928058124154,,
enclosed_share_mean,Default,all,112,0.14281077245891644,0.06730139611542202,0.09978810976477495,0.1485538070992648,0.1805219737851332,0.21446393793939994,,
enclosed_share_mean,Queen Of Spades,win,56,0.172991384939293,0.0631523934525033,0.11666077855399455,0.17270603170141852,0.23527855908912898,0.27958952567203926,,
enclosed_share_mean,Queen Of Spades,loss,56,0.13725816615641576,0.012689393939393938,0.030020661227613443,0.07491639650929109,0.24704149673209075,0.3405764946242524,,
enclosed_share_mean,Queen Of Spades,all,112,0.1551247755478544,0.018015406162464987,0.05038541354135414,0.15102378931804414,0.239894302605552,0.29780955534241815,,
enclosed_share_mean,Schooltime,win,56,0.20637856246648725,0.1671411509102873,0.18086651543242666,0.20235532065958073,0.2254356369818982,0.24918825785906396,,
enclosed_share_mean,Schooltime,loss,56,0.20297061602198938,0.0897237251197647,0.1663029917334849,0.20720092926033679,0.2500334629918221,0.2809853054775996,,
enclosed_share_mean,Schooltime,all,112,0.20467458924423831,0.14357145986345365,0.174247561214594,0.20604188982536242,0.23401441079930246,0.27488809989998686,,
enclosed_share_mean,Slithery Fight,win,56,0.34865607518688563,0.3039115503455501,0.3099563622168063,0.3324188659221359,0.3642172942665128,0.4066554022383873,,
enclosed_share_mean,Slithery Fight,loss,56,0.3731449523018983,0.30624990617345593,0.32618656275657487,0.3486632462740289,0.40401119461332347,0.4929833263298893,,
enclosed_share_mean,Slithery Fight,all,112,0.36090051374439197,0.303768599957378,0.3176888518127404,0.34309709037718206,0.38401598196769665,0.48364913346295746,,
enclosed_share_mean,Trauma,win,55,0.4240267489671576,0.3435832584423744,0.39900150269238854,0.4343973327878619,0.46707998447820687,0.48910624773800115,,
enclosed_share_mean,Trauma,loss,55,0.2733287186367321,0.07278149243495775,0.15750189272320897,0.2968700441472718,0.36653790914286133,0.45414433128281717,,
enclosed_share_mean,Trauma,all,112,0.34858475622284496,0.09443697941222695,0.2788855553469474,0.3955219179179922,0.4528269322069022,0.4767533082219514,,
enclosed_share_mean,ALL,win,559,0.26036858515972283,,0.1297706465997136,0.21287484190809405,0.40679024104585926,,0.06803179330048495,0.5159856592076586
enclosed_share_mean,ALL,loss,559,0.22432728998072923,,0.08147756050981858,0.2018546087923487,0.3451072999527779,,0.024032296086751535,0.49051619290561305
enclosed_share_mean,ALL,all,1120,0.2425285144484441,,0.10689672941508331,0.20815206902120068,0.3738757797141855,,0.03995694828047769,0.5073421417538774
deaths_per1k,Portals,win,56,51.83785816462518,36.36011787139397,43.017686072218126,53.21137445267573,62.937367967149804,65.15860261576879,,
deaths_per1k,Portals,loss,56,34.460347874603194,7.127493538311992,19.297510272718554,39.715890058032386,49.668439385078685,60.25963936054581,,
deaths_per1k,Portals,all,112,43.14910301961419,17.96871533626955,28.358333018846476,47.43609923277272,58.76802829124985,64.17560190825142,,
deaths_per1k,Prisoners Dilemma,win,56,31.676020069605336,11.19675255325544,14.702038264492348,20.025335573956596,35.377727698884414,45.660423552454404,,
deaths_per1k,Prisoners Dilemma,loss,56,49.70673626437216,12.955974842767297,20.55079842629021,27.989529996975797,49.69096877487679,98.11715481171548,,
deaths_per1k,Prisoners Dilemma,all,112,40.69137816698874,11.36037181419394,15.6047603626943,22.987933551466508,41.69386422976502,93.20805180180189,,
deaths_per1k,Devil,win,56,34.56230492494029,29.463461890532255,31.292243726937244,35.01798605516868,37.503689153235115,39.22538285991137,,
deaths_per1k,Devil,loss,56,28.2797014136797,18.50116515444494,22.078925472483064,28.410109452131245,34.90906232333471,38.66029741942151,,
deaths_per1k,Devil,all,112,31.42100316930999,20.22165281120954,27.01149425287356,34.067527123082684,36.41563083019529,39.2193719415832,,
deaths_per1k,Trophy,win,56,12.619478042180576,9.589497622978957,11.128800756806147,12.578627429258283,13.558107945034237,15.479537681895255,,
deaths_per1k,Trophy,loss,56,23.24876664921702,13.574198816084916,18.029641761126058,22.572429162687044,29.4555052386184,33.64863083832638,,
deaths_per1k,Trophy,all,112,17.9341223456988,10.12349459266488,12.381402240104393,15.12737260205341,22.397325692454633,30.311387495710207,,
deaths_per1k,Autarky,win,56,16.117471044410145,13.137624951721772,13.845241642214548,16.00109696148364,18.471402424157493,20.40319131141632,,
deaths_per1k,Autarky,loss,56,21.498992298606293,11.00275575466415,16.571836247272326,22.85794914484016,24.991617307212355,28.405797101449274,,
deaths_per1k,Autarky,all,112,18.80823167150822,12.23151439162052,14.379859737295035,18.36813868781668,22.867552921647707,25.997178268590503,,
deaths_per1k,Default,win,56,11.526720167757519,7.5352510812029845,9.082869606513942,11.598255022249663,13.598379246208701,15.61409094059778,,
deaths_per1k,Default,loss,56,12.428285257391794,6.91280073714055,9.062556906528842,11.80689691014528,14.70635783722656,18.400995472344427,,
deaths_per1k,Default,all,112,11.977502712574658,7.18015349699298,9.067582776125455,11.619260251773392,13.997482331369113,16.545112232968698,,
deaths_per1k,Queen Of Spades,win,56,19.850933023786116,10.812569225480917,14.476764498667425,18.40963033145873,23.285822811884305,34.16027498199722,,
deaths_per1k,Queen Of Spades,loss,56,17.924027910792507,7.3756724152167745,9.91019176267069,14.355783754420898,27.861270673168697,32.796657704879976,,
deaths_per1k,Queen Of Spades,all,112,18.88748046728931,8.042105263157895,11.454092102905218,16.978213358951503,23.89542444384541,34.017295841289396,,
deaths_per1k,Schooltime,win,56,16.258730775124043,11.139310994090172,12.578930828912856,15.444814594946934,19.305409968989533,22.792464826209017,,
deaths_per1k,Schooltime,loss,56,19.15156019589219,13.269250297203872,16.57124615581375,20.176134125988963,22.53201717626051,25.92694370207779,,
deaths_per1k,Schooltime,all,112,17.70514548550812,11.206214108495349,13.60774598647031,18.202181703445525,21.239606306390904,24.488882931103337,,
deaths_per1k,Slithery Fight,win,56,39.99400203003374,32.75938762248403,34.872522209618964,38.05791268606477,43.0755795589081,50.44520713095487,,
deaths_per1k,Slithery Fight,loss,56,45.94922728097298,35.15803337549569,39.33959256304209,44.535247223952965,54.113087266694656,57.4301818543296,,
deaths_per1k,Slithery Fight,all,112,42.97161465550335,33.634289694007066,36.40952093363877,40.800000117472905,49.947630986661835,56.270310274139014,,
deaths_per1k,Trauma,win,55,18.372290173855728,12.930571090305357,17.187091476756116,19.457436856875585,20.325013469525864,21.3325155502739,,
deaths_per1k,Trauma,loss,55,10.67724447571796,2.352659944897265,5.451555526336934,11.2400733048259,15.06239356801876,18.950145218953544,,
deaths_per1k,Trauma,all,112,14.575018370033705,3.6206332040487266,11.068223463684708,16.93213207472007,19.800579170140562,20.853482655541274,,
deaths_per1k,ALL,win,559,25.293940932271894,,13.48566835340435,19.119508226360512,35.067449372600166,,9.259159193993865,57.51337724634329
deaths_per1k,ALL,loss,559,26.360494766214753,,13.677518728250941,21.066491112574063,33.46884636960364,,6.041384715633872,57.09886859880314
deaths_per1k,ALL,all,1120,25.81206000640291,,13.532137100772006,20.044386319993276,34.43398613285001,,7.7789698751187855,57.33056830304382
death_wall_per1k,Portals,win,56,19.672813096539098,5.5950652104498255,17.18658184410861,19.765895690631698,26.55258533427972,29.0795872078197,,
death_wall_per1k,Portals,loss,56,10.960490928931677,0.0,0.0,8.773009039228253,21.21113794342141,26.644887328943298,,
death_wall_per1k,Portals,all,112,15.316652012735387,0.0,5.881276440486967,18.12655342336565,24.13345700862323,28.327349609548346,,
death_wall_per1k,Prisoners Dilemma,win,56,9.141865811591542,2.7840187894986888,4.757260986442263,7.052230455540084,12.205758800146063,20.25210150298863,,
death_wall_per1k,Prisoners Dilemma,loss,56,8.556792629691657,0.0,0.0,3.1266812484409874,10.487105310738178,22.934759014937185,,
death_wall_per1k,Prisoners Dilemma,all,112,8.849329220641602,0.0,0.0,6.124690416213559,11.043819497514589,21.95827517164279,,
death_wall_per1k,Devil,win,56,5.714299780525025,0.0,0.0,7.616995087901312,8.729729425474751,9.724990185610423,,
death_wall_per1k,Devil,loss,56,2.1685891720328327,0.0,0.0,1.372689416065271,3.126307572758183,6.629902686160126,,
death_wall_per1k,Devil,all,112,3.9414444762789285,0.0,0.0,2.1855555137667313,7.744409726710752,9.424856679540811,,
death_wall_per1k,Trophy,win,56,1.7374273968077514,0.0,0.9444188964064656,1.7521003544961111,2.468821286928941,3.146810833232568,,
death_wall_per1k,Trophy,loss,56,1.8574584480111547,0.0,0.0,1.0553220290681105,3.4278583582213864,5.384859043395629,,
death_wall_per1k,Trophy,all,112,1.7974429224094528,0.0,0.0,1.6261983499238135,2.650337554480319,4.5154721324538505,,
death_wall_per1k,Autarky,win,56,6.800002203893484,0.0,0.0,8.522179459449664,10.21849016685662,11.063818364355775,,
death_wall_per1k,Autarky,loss,56,9.471894785659353,0.0,6.781234229687838,10.034106735184974,12.436056919122443,16.295344002993065,,
death_wall_per1k,Autarky,all,112,8.135948494776418,0.0,3.0882887247184208,9.309271911397953,10.990641520815704,14.014028018728899,,
death_wall_per1k,Default,win,56,1.1014013774254579,0.0,0.6462673237897467,0.9369739153298106,1.5508433453349675,1.947403251869018,,
death_wall_per1k,Default,loss,56,0.49573286695144325,0.0,0.0,0.0,0.9280000327710145,1.598413301995891,,
death_wall_per1k,Default,all,112,0.7985671221884506,0.0,0.0,0.6889917136070458,1.3575570909292711,1.8094307052848626,,
death_wall_per1k,Queen Of Spades,win,56,5.184902714493562,0.0,2.031260627661166,4.735886894756971,7.055190890660728,9.877039501495085,,
death_wall_per1k,Queen Of Spades,loss,56,2.167020244027191,0.0,0.0,0.0,3.279032253127516,6.337150447876345,,
death_wall_per1k,Queen Of Spades,all,112,3.675961479260377,0.0,0.0,2.929416242871497,5.792559671647311,9.117426354509918,,
death_wall_per1k,Schooltime,win,56,3.885169163725165,0.0,3.164648698787097,4.035574864673107,5.0847009672545935,5.966364112705576,,
death_wall_per1k,Schooltime,loss,56,3.3448079653890708,0.0,0.0,3.851401715982906,6.147009604199887,7.514182078490766,,
death_wall_per1k,Schooltime,all,112,3.6149885645571183,0.0,0.0,4.035574864673107,5.43599862690718,6.9334668963852515,,
death_wall_per1k,Slithery Fight,win,56,13.896055889417786,0.0,13.109369764965063,14.554909264225344,16.773274529638762,19.27887020109323,,
death_wall_per1k,Slithery Fight,loss,56,14.207279292708273,0.0,0.0,16.481450662201716,26.50950261499502,28.49163052656033,,
death_wall_per1k,Slithery Fight,all,112,14.051667591063032,0.0,8.51472471190781,15.232588677277045,19.13370093999012,27.7954329885687,,
death_wall_per1k,Trauma,win,55,8.372981748343523,0.0,7.79936365503778,9.458749343142408,10.637036669329765,11.78448777857525,,
death_wall_per1k,Trauma,loss,55,3.125367174054804,0.0,0.0,0.651890482398957,6.71521826116896,9.118083222425849,,
death_wall_per1k,Trauma,all,112,5.785976752698381,0.0,0.0,7.450746656631203,9.748381323366846,10.894388268778156,,
death_wall_per1k,ALL,win,559,7.549220916791324,,1.5583416263026924,6.079027355623101,10.92738360199416,,0.0,22.17093537547327
death_wall_per1k,ALL,loss,559,5.64003382691156,,0.0,1.5082956259426847,8.510792409097494,,0.0,26.24828288327715
death_wall_per1k,ALL,all,1120,6.596797863660914,,0.0,4.014211446459498,9.953553406090993,,0.0,24.075648286286523
death_self_per1k,Portals,win,56,13.75418610581465,7.465409775651558,9.177812831575633,11.790225287602787,16.13695930747248,22.901338436960504,,
death_self_per1k,Portals,loss,56,10.043990606261014,0.0,2.4208529000288292,8.21084863277753,13.07321107918563,29.984834612218954,,
death_self_per1k,Portals,all,112,11.899088356037831,0.18149602978483587,5.392704698908057,9.995407417332785,14.780796445337547,28.811968159981387,,
death_self_per1k,Prisoners Dilemma,win,56,10.548142396794793,2.148157337526922,4.09402311644177,6.630908534844249,10.79802245444692,20.032905325655424,,
death_self_per1k,Prisoners Dilemma,loss,56,7.8364345993855,0.0,2.478734715576821,4.472784862882388,9.274660298457656,18.885753833049403,,
death_self_per1k,Prisoners Dilemma,all,112,9.192288498090146,0.0,3.393640350877193,5.6562124532474325,10.44374968637046,20.716763832755117,,
death_self_per1k,Devil,win,56,9.852695032220817,0.0,1.371951219512195,12.230684533262686,14.768463894676525,16.672378913417937,,
death_self_per1k,Devil,loss,56,4.198487800172122,0.8694303154359357,1.479387871902415,2.6666666666666665,5.510056033048919,11.185221624484939,,
death_self_per1k,Devil,all,112,7.0255914161964705,0.0,1.479387871902415,5.483912092864449,12.474874854598635,15.316419731881439,,
death_self_per1k,Trophy,win,56,1.5404835401353913,0.0,0.8039052762775238,1.4847305828806343,2.3675172171008754,2.770598377019641,,
death_self_per1k,Trophy,loss,56,0.9571661324507167,0.0,0.0,0.9148820818650041,1.5087575351448028,2.3582616974723756,,
death_self_per1k,Trophy,all,112,1.248824836293054,0.0,0.0,1.0700016027842651,1.8654161200459667,2.7308648415669268,,
death_self_per1k,Autarky,win,56,1.2112307796142365,0.0,0.1803475532976545,0.9472948815861224,2.1895754238735146,2.709315329452866,,
death_self_per1k,Autarky,loss,56,0.7368969798726156,0.0,0.22201942376864942,0.644622533615874,1.034037052994399,1.5775388785519031,,
death_self_per1k,Autarky,all,112,0.974063879743426,0.0,0.20329375493715615,0.7500140904083088,1.5937019969278032,2.48673506715209,,
death_self_per1k,Default,win,56,2.006523487713989,0.4720336366833196,1.1629614430980983,2.240446695423583,2.6892521982937443,3.169624832317973,,
death_self_per1k,Default,loss,56,0.6274590514998233,0.0,0.0,0.19224486189700057,1.1274502401356403,1.8631040597224136,,
death_self_per1k,Default,all,112,1.316991269606906,0.0,0.0,1.161507422758842,2.365269474774424,2.7988055446486895,,
death_self_per1k,Queen Of Spades,win,56,4.102275692938028,0.0,2.3801616192698836,3.8467676952481793,5.873983535629114,7.865718040541719,,
death_self_per1k,Queen Of Spades,loss,56,3.3217847185107283,0.0,0.0,1.5218649889999614,5.969442635725037,9.195788601491872,,
death_self_per1k,Queen Of Spades,all,112,3.712030205724379,0.0,0.0,2.9633251902751847,5.931706163552379,8.67889306885545,,
death_self_per1k,Schooltime,win,56,3.291472820294811,2.482531583121207,2.917574987752804,3.34992534716816,3.972062611452348,4.408125527850332,,
death_self_per1k,Schooltime,loss,56,2.3454646993451496,0.0,0.0,2.583370620363868,3.4127497609128974,4.405106642275905,,
death_self_per1k,Schooltime,all,112,2.818468759819981,0.0,2.018503524262412,3.126279571905722,3.814793751207929,4.418328868921032,,
death_self_per1k,Slithery Fight,win,56,12.464589483206108,8.968033948412023,10.433419876567992,13.828037976226131,15.368783722854163,17.124796923293044,,
death_self_per1k,Slithery Fight,loss,56,11.130110739802749,0.0,9.369758229566957,11.655849687212807,14.500893807913979,18.65797052957619,,
death_self_per1k,Slithery Fight,all,112,11.79735011150443,0.0,9.98510795760361,12.346762928977295,15.12932964511363,18.096743369441374,,
death_self_per1k,Trauma,win,55,4.9906704132698865,3.7172968693972135,4.221646454518293,5.183361409874303,5.775997381353497,6.644468433668756,,
death_self_per1k,Trauma,loss,55,2.1857042646555715,0.0,0.0,1.8005041411595246,4.048934225146119,4.96312732493637,,
death_self_per1k,Trauma,all,112,3.597339499727194,0.0,1.6454321841731043,4.136825841208703,5.345400166403441,6.317375929242392,,
death_self_per1k,ALL,win,559,6.3787056094792165,,1.8089510619043163,3.9726329728536744,9.693644465565686,,0.0,17.70595041151901
death_self_per1k,ALL,loss,559,4.342200845947907,,0.0,1.7660044150110374,5.237040977413098,,0.0,15.483172968205876
death_self_per1k,ALL,all,1120,5.358203683274382,,0.7369922242124531,2.995167848842282,7.684372356453998,,0.0,17.14876585006554
death_ally_body_per1k,Portals,win,56,5.6074026832367405,4.166884956577862,4.670272637190867,5.494754506686847,6.41010897652566,8.24594976164335,,
death_ally_body_per1k,Portals,loss,56,3.608671038505277,0.14673291137307523,0.8534757118835236,3.9012075288790697,6.383504954969906,7.066555620495445,,
death_ally_body_per1k,Portals,all,112,4.6080368608710085,0.48178415908604916,3.090236542140036,5.045533681868498,6.403576766409973,7.448905324284661,,
death_ally_body_per1k,Prisoners Dilemma,win,56,1.9642169677743528,0.0,0.0,0.0,0.4724084177796013,1.3990338927433004,,
death_ally_body_per1k,Prisoners Dilemma,loss,56,0.14398019951414837,0.0,0.0,0.0,0.0,0.0,,
death_ally_body_per1k,Prisoners Dilemma,all,112,1.0540985836442505,0.0,0.0,0.0,0.02012072434607646,1.04868554364635,,
death_ally_body_per1k,Devil,win,56,6.080444622535625,0.0,1.6768292682926829,7.457613072023072,9.256550169054275,10.061033010667675,,
death_ally_body_per1k,Devil,loss,56,2.253000245004214,0.0,0.0,1.503387235786568,3.2092868849555005,5.45634564652566,,
death_ally_body_per1k,Devil,all,112,4.16672243376992,0.0,0.0,2.9915974882092558,7.738076267393835,9.698888542245815,,
death_ally_body_per1k,Trophy,win,56,1.705503921881023,0.205373338679939,1.0166887267727605,1.5699164725146844,2.3088238724991,3.2780165615325423,,
death_ally_body_per1k,Trophy,loss,56,0.34376686776649945,0.0,0.0,0.0,0.5508302293922441,1.158865289300072,,
death_ally_body_per1k,Trophy,all,112,1.0246353948237612,0.0,0.0,0.8696753772863368,1.7206683376810337,2.822318462568899,,
death_ally_body_per1k,Autarky,win,56,0.7461935779423788,0.15359389451476968,0.3324408209394532,0.6362714214695901,1.0649505291911117,1.5139591799802852,,
death_ally_body_per1k,Autarky,loss,56,0.511088726230335,0.0,0.0,0.40970815506384656,0.8163814898491133,1.3532684927136582,,
death_ally_body_per1k,Autarky,all,112,0.628641152086357,0.0,0.18715852829707533,0.5662543206551365,0.9448764327009342,1.4196136616371755,,
death_ally_body_per1k,Default,win,56,2.0676092879384096,0.6876889336422278,1.468083379706636,1.8893613523577755,2.577058247547943,3.280864716294701,,
death_ally_body_per1k,Default,loss,56,0.8801976421319078,0.0,0.0,0.7226758041090289,1.4039743480429707,1.9848566533578733,,
death_ally_body_per1k,Default,all,112,1.4739034650351586,0.0,0.585281996186057,1.4255096442444368,2.1105520623239853,2.8568593347552205,,
death_ally_body_per1k,Queen Of Spades,win,56,3.110849385933334,0.0,1.7319839312827434,2.8319931931548044,4.374237966497032,5.872898440504461,,
death_ally_body_per1k,Queen Of Spades,loss,56,1.9214046141507535,0.0,0.0,0.0,3.428721603296127,7.082543528687688,,
death_ally_body_per1k,Queen Of Spades,all,112,2.5161270000420437,0.0,0.0,1.934305824516211,3.8016174644331793,6.369274971574859,,
death_ally_body_per1k,Schooltime,win,56,2.6645317717642776,1.1788511700022188,1.9547150487621652,2.544609902461011,2.9697535594077085,3.4051604825082475,,
death_ally_body_per1k,Schooltime,loss,56,2.1461690660895982,0.0,0.1395854788623772,1.5606049279094933,3.080853503221666,5.499821047540886,,
death_ally_body_per1k,Schooltime,all,112,2.4053504189269383,0.0075774797302418295,1.0881478428894074,2.2721797029981787,2.9742747974985257,4.754068445361765,,
death_ally_body_per1k,Slithery Fight,win,56,4.704030646968513,2.6095728234383913,3.6026673074265974,4.373874872085279,5.993835471036133,6.591692200172422,,
death_ally_body_per1k,Slithery Fight,loss,56,6.703939033414905,0.0,2.461510198709862,5.767685747940083,8.336404484393423,15.74654017302681,,
death_ally_body_per1k,Slithery Fight,all,112,5.703984840191708,0.0,3.517423218678778,5.003833538449897,6.545128691884711,13.729253682354596,,
death_ally_body_per1k,Trauma,win,55,2.349915772049378,1.1208210918058876,1.487576605492914,2.226599297764837,2.6635632984593185,3.641055823758335,,
death_ally_body_per1k,Trauma,loss,55,1.2748154532257132,0.0,0.0,0.9825595676737903,2.0545497154243693,2.8762033857505154,,
death_ally_body_per1k,Trauma,all,112,1.8136431828493553,0.0,0.4857517312085945,1.6335000587832063,2.4881188614299,3.2189177932640596,,
death_ally_body_per1k,ALL,win,559,3.1014118210327304,,0.8297604905138416,2.2821280844387393,4.446832742946273,,0.0,8.812581079051993
death_ally_body_per1k,ALL,loss,559,1.9799624797220785,,0.0,0.6438320885912954,2.4074650979142067,,0.0,7.7277880777062435
death_ally_body_per1k,ALL,all,1120,2.53951433322405,,0.0,1.513842875610051,3.674725372052087,,0.0,8.374116386175286
death_enemy_body_per1k,Portals,win,56,0.0,0.0,0.0,0.0,0.0,0.0,,
death_enemy_body_per1k,Portals,loss,56,0.0,0.0,0.0,0.0,0.0,0.0,,
death_enemy_body_per1k,Portals,all,112,0.0,0.0,0.0,0.0,0.0,0.0,,
death_enemy_body_per1k,Prisoners Dilemma,win,56,0.027430986049150834,0.0,0.0,0.0,0.0,0.0,,
death_enemy_body_per1k,Prisoners Dilemma,loss,56,0.22787321241919742,0.0,0.0,0.0,0.0,0.14961101137043686,,
death_enemy_body_per1k,Prisoners Dilemma,all,112,0.12765209923417414,0.0,0.0,0.0,0.0,0.0,,
death_enemy_body_per1k,Devil,win,56,0.11514163052049463,0.0,0.0,0.0,0.07468118698257326,0.4935615323704081,,
death_enemy_body_per1k,Devil,loss,56,0.6048271962707593,0.0,0.0,0.27027280334144366,0.9779304876437162,1.6554931151204442,,
death_enemy_body_per1k,Devil,all,112,0.3599844133956269,0.0,0.0,0.0,0.5420831384141124,1.255452478958039,,
death_enemy_body_per1k,Trophy,win,56,0.09193490828326821,0.0,0.0,0.0,0.1408639275085734,0.26014680834245607,,
death_enemy_body_per1k,Trophy,loss,56,0.2934708265152367,0.0,0.0,0.0,0.3772193727900456,1.1162290755448723,,
death_enemy_body_per1k,Trophy,all,112,0.1927028673992524,0.0,0.0,0.0,0.1895045806684855,0.7974024944159809,,
death_enemy_body_per1k,Autarky,win,56,0.1822844878042118,0.0,0.0,0.08567264937915953,0.1902766212077776,0.4420169953972833,,
death_enemy_body_per1k,Autarky,loss,56,0.31102687077426516,0.0,0.0,0.0,0.4490614876866499,0.9565250345844738,,
death_enemy_body_per1k,Autarky,all,112,0.24665567928923846,0.0,0.0,0.08243992689366877,0.3324843751511293,0.749506157425564,,
death_enemy_body_per1k,Default,win,56,0.22854510192711766,0.0,0.0,0.1140541660193672,0.26744225008604294,0.5211317004465411,,
death_enemy_body_per1k,Default,loss,56,0.7498018942827495,0.0,0.0,0.5588259059565741,1.0291471872763633,2.0548704433296,,
death_enemy_body_per1k,Default,all,112,0.48917349810493355,0.0,0.0,0.18997619342781258,0.6643259066980084,1.4244176275771168,,
death_enemy_body_per1k,Queen Of Spades,win,56,0.3135227572444081,0.0,0.0,0.0,0.511836034395078,1.0717285835734305,,
death_enemy_body_per1k,Queen Of Spades,loss,56,0.6254990159209425,0.0,0.0,0.0769704433497537,0.983342948678606,1.9003846143580463,,
death_enemy_body_per1k,Queen Of Spades,all,112,0.46951088658267526,0.0,0.0,0.0,0.7152030840439821,1.339576688808325,,
death_enemy_body_per1k,Schooltime,win,56,0.23670271625081662,0.0,0.05512099891051932,0.17415553672661838,0.3648162555830786,0.4470963310906032,,
death_enemy_body_per1k,Schooltime,loss,56,0.7398465672512321,0.0,0.20898887892464008,0.4870428668159207,1.0258562494160086,1.7155376097289081,,
death_enemy_body_per1k,Schooltime,all,112,0.4882746417510244,0.0,0.0811583351852628,0.28469025839544804,0.5307646885227147,1.0815724496512766,,
death_enemy_body_per1k,Slithery Fight,win,56,0.0519070952942715,0.0,0.0,0.041870795634247865,0.08236398530038415,0.13473630087952843,,
death_enemy_body_per1k,Slithery Fight,loss,56,0.0964058386892399,0.0,0.0,0.04441121263884947,0.13243546527540973,0.2272589808038275,,
death_enemy_body_per1k,Slithery Fight,all,112,0.0741564669917557,0.0,0.0,0.042567690328656274,0.09843639044551483,0.17175846987849155,,
death_enemy_body_per1k,Trauma,win,55,0.06789609002831583,0.0,0.0,0.0,0.09502589316754481,0.14426986161415492,,
death_enemy_body_per1k,Trauma,loss,55,0.13101974983597553,0.0,0.0,0.0,0.20327520499891372,0.4895730651073319,,
death_enemy_body_per1k,Trauma,all,112,0.09768188564764306,0.0,0.0,0.0,0.11285194832663153,0.3514629889938296,,
death_enemy_body_per1k,ALL,win,559,0.13165042436580818,,0.0,0.0,0.14272467173325504,,0.0,0.6492063794920067
death_enemy_body_per1k,ALL,loss,559,0.37841890139517265,,0.0,0.0,0.48546148987716853,,0.0,1.8031323735887632
death_enemy_body_per1k,ALL,all,1120,0.2545792438396324,,0.0,0.0,0.24595719248030398,,0.0,1.307139830665539
death_h2h_enemy_per1k,Portals,win,56,0.0,0.0,0.0,0.0,0.0,0.0,,
death_h2h_enemy_per1k,Portals,loss,56,0.0,0.0,0.0,0.0,0.0,0.0,,
death_h2h_enemy_per1k,Portals,all,112,0.0,0.0,0.0,0.0,0.0,0.0,,
death_h2h_enemy_per1k,Prisoners Dilemma,win,56,6.131910183337546,0.8968633216749113,1.5279502529979798,2.7320156834655833,4.681974521872504,6.56169109073906,,
death_h2h_enemy_per1k,Prisoners Dilemma,loss,56,15.508884155464509,5.905517532005173,7.655783183952197,10.624509735685223,13.88888888888889,26.875901875901874,,
death_h2h_enemy_per1k,Prisoners Dilemma,all,112,10.820397169401028,1.301239100045523,2.627715476704089,6.145103739923352,10.989456609894566,19.211839266450927,,
death_h2h_enemy_per1k,Devil,win,56,4.941741093250927,2.6566229894607325,3.2009423878970367,4.329335598001778,5.7051663906950445,6.758793180819911,,
death_h2h_enemy_per1k,Devil,loss,56,18.546096572931486,9.94742918699816,14.411300788827031,18.877666559320513,23.2812516018127,27.000130819114542,,
death_h2h_enemy_per1k,Devil,all,112,11.743918833091206,3.126116652372398,4.2555051588005774,8.96177218334149,18.69137319257753,24.204084194313882,,
death_h2h_enemy_per1k,Trophy,win,56,5.038991321954794,2.006302293403331,3.3819419100433494,4.871177015755329,6.335991788490663,8.400100876501433,,
death_h2h_enemy_per1k,Trophy,loss,56,19.365963372847457,10.818400911639971,14.891881299331766,19.255621607650554,23.846764231294365,28.06157601527589,,
death_h2h_enemy_per1k,Trophy,all,112,12.202477347401125,3.122406080914904,4.897126969416126,9.57316680813673,19.061773067976223,24.31604973892275,,
death_h2h_enemy_per1k,Autarky,win,56,3.1481916964884027,1.6932633305113414,1.996963073394716,3.046399231725654,4.260006371583407,5.196443403558257,,
death_h2h_enemy_per1k,Autarky,loss,56,9.103381701472118,4.254944205100166,7.138773021682863,8.591373471847557,11.144116482163376,13.63150164028394,,
death_h2h_enemy_per1k,Autarky,all,112,6.125786698980259,1.8357839968225749,2.7249335413836855,4.944681646222023,8.525010044194456,11.547195973021138,,
death_h2h_enemy_per1k,Default,win,56,3.034133089936362,0.5607189845752614,1.8321714832554017,2.9192997086634875,4.263277224454835,5.167923418109618,,
death_h2h_enemy_per1k,Default,loss,56,7.5959747954793215,3.1662318063379398,4.425851210553356,7.232820261017283,10.16699163995749,12.553009317950067,,
death_h2h_enemy_per1k,Default,all,112,5.315053942707841,1.0179588031527902,2.801344148159986,4.304580515057408,7.544233081321073,11.547367361320854,,
death_h2h_enemy_per1k,Queen Of Spades,win,56,3.5334813472744395,0.8629876759924311,1.3974119690434263,2.504002937506553,4.00371591811405,5.565185827203294,,
death_h2h_enemy_per1k,Queen Of Spades,loss,56,8.623201786591014,3.629032258064516,5.017321386566302,7.697681866439709,9.93031028065778,13.651702628080582,,
death_h2h_enemy_per1k,Queen Of Spades,all,112,6.078341566932727,1.0054165874642733,2.3865468633766707,4.475301224123566,8.051983584131326,10.537970088572676,,
death_h2h_enemy_per1k,Schooltime,win,56,4.052057564768871,0.6730612885076673,1.61289593248948,3.1424485698454334,6.148317014633108,8.144022544806504,,
death_h2h_enemy_per1k,Schooltime,loss,56,7.389951708302144,4.799914370155387,5.7488294076642275,7.210656627528449,9.325555910348761,10.635464520581682,,
death_h2h_enemy_per1k,Schooltime,all,112,5.7210046365355085,1.3229125838338105,2.8627419287028713,5.943334718055771,7.618946065960056,9.743320055826976,,
death_h2h_enemy_per1k,Slithery Fight,win,56,3.283842259641515,1.9043234347137152,2.520561004841082,3.2945284555610073,4.14839927203385,4.568802899154646,,
death_h2h_enemy_per1k,Slithery Fight,loss,56,3.369730542105727,2.0074936277210877,2.431418902459812,3.488281708539307,4.305468969285924,4.782846291406228,,
death_h2h_enemy_per1k,Slithery Fight,all,112,3.3267864008736203,1.9446995145315578,2.483225591166914,3.3465731695385856,4.200324164135814,4.658905808241328,,
death_h2h_enemy_per1k,Trauma,win,55,1.0176877581539727,0.08752448010878808,0.41107214922222013,0.9877936922317082,1.4558629161682384,2.0124298531400777,,
death_h2h_enemy_per1k,Trauma,loss,55,1.9161874382606383,0.3718844159107051,0.9388451368869593,1.6861826697892273,2.9520863858492485,3.531990360502091,,
death_h2h_enemy_per1k,Trauma,all,112,1.4829774830909268,0.19448244063628684,0.6561745634105299,1.336127286596446,2.0571183826349366,3.116459044825856,,
death_h2h_enemy_per1k,ALL,win,559,3.422497935368566,,1.1707092946342708,2.7094708321359664,4.457856394718139,,0.0,7.468902571274906
death_h2h_enemy_per1k,ALL,loss,559,9.154863414445773,,3.0977559538757236,7.223113964686998,12.032107066450045,,0.0,25.974025974025974
death_h2h_enemy_per1k,ALL,all,1120,6.281674407901424,,1.8055554973865113,3.940898573771403,7.874033860875967,,0.0,21.35298492855743
death_h2h_ally_per1k,Portals,win,56,12.741539649775993,6.827830171823149,8.853946809545345,11.490552367263188,14.71792525375189,21.81235866059027,,
death_h2h_ally_per1k,Portals,loss,56,7.8291597401662045,0.23499785895132913,3.638835773788298,7.182268258424479,12.150482114073728,14.539989038311118,,
death_h2h_ally_per1k,Portals,all,112,10.2853496949711,0.8473802709322892,5.969988389762502,10.136058937798243,13.881103147088758,18.908741081687072,,
death_h2h_ally_per1k,Prisoners Dilemma,win,56,0.96817051172434,0.0,0.0,0.08048289738430583,1.240670753265539,2.2407273150835136,,
death_h2h_ally_per1k,Prisoners Dilemma,loss,56,7.871649787210248,0.0,0.0,0.0,0.31094527363184077,24.624624624624623,,
death_h2h_ally_per1k,Prisoners Dilemma,all,112,4.419910149467294,0.0,0.0,0.0,1.2178376557358312,7.984017329196187,,
death_h2h_ally_per1k,Devil,win,56,1.0798903911533235,0.0,0.0,0.0,0.0,0.0,,
death_h2h_ally_per1k,Devil,loss,56,0.5087004272682849,0.0,0.0,0.0,0.0,0.6687666262681697,,
death_h2h_ally_per1k,Devil,all,112,0.7942954092108042,0.0,0.0,0.0,0.0,0.3854323574740254,,
death_h2h_ally_per1k,Trophy,win,56,1.7739689887926435,0.0,0.5622162742852099,1.6193533666977833,2.211368483460546,3.248939051766163,,
death_h2h_ally_per1k,Trophy,loss,56,0.2997511887269498,0.0,0.0,0.0,0.0,1.319145665757461,,
death_h2h_ally_per1k,Trophy,all,112,1.0368600887597967,0.0,0.0,0.45544901221978684,1.7175278947656294,2.6338989167497284,,
death_h2h_ally_per1k,Autarky,win,56,1.2143103995068703,0.22606526251925285,0.44130525288197886,0.9115842182659986,1.4096298158706575,2.528183929936391,,
death_h2h_ally_per1k,Autarky,loss,56,1.1710393816218656,0.0,0.0,0.8249202469350869,1.5036860944194652,2.880112127807468,,
death_h2h_ally_per1k,Autarky,all,112,1.192674890564368,0.0,0.3789137376678373,0.8479576397219353,1.47592506011404,2.6236141569331393,,
death_h2h_ally_per1k,Default,win,56,2.96082252831206,0.4423283128010195,1.8548082758339326,3.133129122206774,4.089013388058711,4.944643797200579,,
death_h2h_ally_per1k,Default,loss,56,1.7968750061087575,0.0,0.0,1.2652433951687012,2.7134100618724792,4.673106812830827,,
death_h2h_ally_per1k,Default,all,112,2.378848767210409,0.0,0.5965670580792357,2.083337518355507,3.834767257352975,4.903524957301306,,
death_h2h_ally_per1k,Queen Of Spades,win,56,3.3179102751855125,0.0,1.231439265390839,2.961826819093733,4.727955288588862,6.65804095039651,,
death_h2h_ally_per1k,Queen Of Spades,loss,56,1.1120286409184348,0.0,0.0,0.0,1.0017586268220229,3.6160705294334425,,
death_h2h_ally_per1k,Queen Of Spades,all,112,2.2149694580519736,0.0,0.0,1.1106346406073895,3.4743391656574936,6.147136529581339,,
death_h2h_ally_per1k,Schooltime,win,56,0.9989148891740427,0.26703417935313517,0.5132815616695526,0.8171002319386198,1.101216994671962,2.1366549377186304,,
death_h2h_ally_per1k,Schooltime,loss,56,0.9500251874516531,0.0,0.2275534518141576,0.6955609569414329,1.2960279113665916,1.9807065655649745,,
death_h2h_ally_per1k,Schooltime,all,112,0.974470038312848,0.0,0.4198560870938105,0.7841478993873487,1.1591751273801625,2.089139662251841,,
death_h2h_ally_per1k,Slithery Fight,win,56,0.9406316037828188,0.22399046519281868,0.44974713751635825,0.7546367301762985,1.063950528096202,2.2180462179245675,,
death_h2h_ally_per1k,Slithery Fight,loss,56,1.8375659979061116,0.0,0.3057813237059475,0.9337357802936532,2.9020319565980683,5.468361946165801,,
death_h2h_ally_per1k,Slithery Fight,all,112,1.3890988008444651,0.0,0.41751501956893483,0.7937397226266869,1.5404924632324684,4.020722517550295,,
death_h2h_ally_per1k,Trauma,win,55,0.971631086948362,0.26012998873873777,0.4443904572586008,1.0366722819748606,1.4749531165574337,1.63900766299029,,
death_h2h_ally_per1k,Trauma,loss,55,0.44260376053679856,0.0,0.0,0.0,0.7380692891234437,1.3596082683105646,,
death_h2h_ally_per1k,Trauma,all,112,0.7155427203810005,0.0,0.0,0.5493570116104114,1.2715737692229467,1.5778189591928722,,
death_h2h_ally_per1k,ALL,win,559,2.6998651647173273,,0.36289073788167137,1.07342206955775,2.897360540504858,,0.0,12.331213633748655
death_h2h_ally_per1k,ALL,loss,559,2.385409207232058,,0.0,0.351493848857645,1.6882434770829933,,0.0,10.174138535954318
death_h2h_ally_per1k,ALL,all,1120,2.540202001777406,,0.0,0.7933361026144531,2.168501198740146,,0.0,11.53229755816982
death_suicide_per1k,Portals,win,56,0.0,0.0,0.0,0.0,0.0,0.0,,
death_suicide_per1k,Portals,loss,56,0.0,0.0,0.0,0.0,0.0,0.0,,
death_suicide_per1k,Portals,all,112,0.0,0.0,0.0,0.0,0.0,0.0,,
death_suicide_per1k,Prisoners Dilemma,win,56,0.0,0.0,0.0,0.0,0.0,0.0,,
death_suicide_per1k,Prisoners Dilemma,loss,56,0.0,0.0,0.0,0.0,0.0,0.0,,
death_suicide_per1k,Prisoners Dilemma,all,112,0.0,0.0,0.0,0.0,0.0,0.0,,
death_suicide_per1k,Devil,win,56,0.0,0.0,0.0,0.0,0.0,0.0,,
death_suicide_per1k,Devil,loss,56,0.0,0.0,0.0,0.0,0.0,0.0,,
death_suicide_per1k,Devil,all,112,0.0,0.0,0.0,0.0,0.0,0.0,,
death_suicide_per1k,Trophy,win,56,0.0,0.0,0.0,0.0,0.0,0.0,,
death_suicide_per1k,Trophy,loss,56,0.0,0.0,0.0,0.0,0.0,0.0,,
death_suicide_per1k,Trophy,all,112,0.0,0.0,0.0,0.0,0.0,0.0,,
death_suicide_per1k,Autarky,win,56,0.0,0.0,0.0,0.0,0.0,0.0,,
death_suicide_per1k,Autarky,loss,56,0.0,0.0,0.0,0.0,0.0,0.0,,
death_suicide_per1k,Autarky,all,112,0.0,0.0,0.0,0.0,0.0,0.0,,
death_suicide_per1k,Default,win,56,0.0,0.0,0.0,0.0,0.0,0.0,,
death_suicide_per1k,Default,loss,56,0.0,0.0,0.0,0.0,0.0,0.0,,
death_suicide_per1k,Default,all,112,0.0,0.0,0.0,0.0,0.0,0.0,,
death_suicide_per1k,Queen Of Spades,win,56,0.0,0.0,0.0,0.0,0.0,0.0,,
death_suicide_per1k,Queen Of Spades,loss,56,0.0,0.0,0.0,0.0,0.0,0.0,,
death_suicide_per1k,Queen Of Spades,all,112,0.0,0.0,0.0,0.0,0.0,0.0,,
death_suicide_per1k,Schooltime,win,56,0.0,0.0,0.0,0.0,0.0,0.0,,
death_suicide_per1k,Schooltime,loss,56,0.0,0.0,0.0,0.0,0.0,0.0,,
death_suicide_per1k,Schooltime,all,112,0.0,0.0,0.0,0.0,0.0,0.0,,
death_suicide_per1k,Slithery Fight,win,56,0.0,0.0,0.0,0.0,0.0,0.0,,
death_suicide_per1k,Slithery Fight,loss,56,0.0,0.0,0.0,0.0,0.0,0.0,,
death_suicide_per1k,Slithery Fight,all,112,0.0,0.0,0.0,0.0,0.0,0.0,,
death_suicide_per1k,Trauma,win,55,0.0,0.0,0.0,0.0,0.0,0.0,,
death_suicide_per1k,Trauma,loss,55,0.0,0.0,0.0,0.0,0.0,0.0,,
death_suicide_per1k,Trauma,all,112,0.0,0.0,0.0,0.0,0.0,0.0,,
death_suicide_per1k,ALL,win,559,0.0,,0.0,0.0,0.0,,0.0,0.0
death_suicide_per1k,ALL,loss,559,0.0,,0.0,0.0,0.0,,0.0,0.0
death_suicide_per1k,ALL,all,1120,0.0,,0.0,0.0,0.0,,0.0,0.0
death_invalid_per1k,Portals,win,56,0.06191662925870316,0.0,0.0,0.0,0.0,0.0,,
death_invalid_per1k,Portals,loss,56,2.0180355607390212,0.0,0.0,0.0,0.0,7.5711622050294825,,
death_invalid_per1k,Portals,all,112,1.039976094998862,0.0,0.0,0.0,0.0,1.1217948717948787,,
death_invalid_per1k,Prisoners Dilemma,win,56,2.8942832123336095,0.0,0.0,0.0,0.0,0.0,,
death_invalid_per1k,Prisoners Dilemma,loss,56,9.561121680686897,0.0,0.0,0.0,0.0,52.02702702702703,,
death_invalid_per1k,Prisoners Dilemma,all,112,6.227702446510254,0.0,0.0,0.0,0.0,30.85538775078592,,
death_invalid_per1k,Devil,win,56,6.778092374734075,0.0,0.0,0.0,3.2881626145874847,28.195629213400544,,
death_invalid_per1k,Devil,loss,56,0.0,0.0,0.0,0.0,0.0,0.0,,
death_invalid_per1k,Devil,all,112,3.389046187367037,0.0,0.0,0.0,0.0,22.83862970950071,,
death_invalid_per1k,Trophy,win,56,0.7311679643257065,0.0,0.0,0.0,0.0,3.551558987391262,,
death_invalid_per1k,Trophy,loss,56,0.1311898128990061,0.0,0.0,0.0,0.0,0.0,,
death_invalid_per1k,Trophy,all,112,0.43117888861235626,0.0,0.0,0.0,0.0,0.0,,
death_invalid_per1k,Autarky,win,56,2.81525789916056,0.0,0.0,0.0,0.0,11.100862028814259,,
death_invalid_per1k,Autarky,loss,56,0.19366385297574526,0.0,0.0,0.0,0.0,0.0,,
death_invalid_per1k,Autarky,all,112,1.5044608760681528,0.0,0.0,0.0,0.0,9.975190923405735,,
death_invalid_per1k,Default,win,56,0.1276852945041229,0.0,0.0,0.0,0.0,0.0,,
death_invalid_per1k,Default,loss,56,0.28224400093779234,0.0,0.0,0.0,0.0,1.0300457397562668,,
death_invalid_per1k,Default,all,112,0.2049646477209576,0.0,0.0,0.0,0.0,0.7186516229161256,,
death_invalid_per1k,Queen Of Spades,win,56,0.28799085071682745,0.0,0.0,0.0,0.0,0.0,,
death_invalid_per1k,Queen Of Spades,loss,56,0.15308889067344245,0.0,0.0,0.0,0.0,0.0,,
death_invalid_per1k,Queen Of Spades,all,112,0.22053987069513495,0.0,0.0,0.0,0.0,0.0,,
death_invalid_per1k,Schooltime,win,56,1.1298818491460587,0.0,0.0,0.0,0.0,0.0,,
death_invalid_per1k,Schooltime,loss,56,2.2352950020633418,0.0,0.0,0.0,0.0,12.326677759519939,,
death_invalid_per1k,Schooltime,all,112,1.6825884256047001,0.0,0.0,0.0,0.0,11.191969186057444,,
death_invalid_per1k,Slithery Fight,win,56,4.652945051722724,0.0,0.0,0.0,0.0,0.0,,
death_invalid_per1k,Slithery Fight,loss,56,8.60419583634597,0.0,0.0,0.0,0.0,52.71770486944081,,
death_invalid_per1k,Slithery Fight,all,112,6.628570444034347,0.0,0.0,0.0,0.0,48.88083669143317,,
death_invalid_per1k,Trauma,win,55,0.6015073050622919,0.0,0.0,0.0,0.0,0.0,,
death_invalid_per1k,Trauma,loss,55,1.601546635148457,0.0,0.0,0.0,0.0,7.6588568853270855,,
death_invalid_per1k,Trauma,all,112,1.0818568456392073,0.0,0.0,0.0,0.0,4.858929364900623,,
death_invalid_per1k,ALL,win,559,2.0105890605169225,,0.0,0.0,0.0,,0.0,13.195729526357129
death_invalid_per1k,ALL,loss,559,2.479606090560203,,0.0,0.0,0.0,,0.0,12.58501615363957
death_invalid_per1k,ALL,all,1120,2.2410884727251013,,0.0,0.0,0.0,,0.0,12.92253529626782
kills_per1k,Portals,win,56,0.0,0.0,0.0,0.0,0.0,0.0,,
kills_per1k,Portals,loss,56,0.0,0.0,0.0,0.0,0.0,0.0,,
kills_per1k,Portals,all,112,0.0,0.0,0.0,0.0,0.0,0.0,,
kills_per1k,Prisoners Dilemma,win,56,6.191025769156759,0.8968633216749113,1.6816241429255,2.7320156834655833,4.740839603106316,6.780701165202485,,
kills_per1k,Prisoners Dilemma,loss,56,15.619053547873742,5.905517532005173,7.841667228249882,10.805351889039368,13.88888888888889,26.875901875901874,,
kills_per1k,Prisoners Dilemma,all,112,10.905039658515252,1.5128908494430338,2.627715476704089,6.145103739923352,11.179217746643316,20.691747572815544,,
kills_per1k,Devil,win,56,5.119500510631005,2.753454741929607,3.369946158455364,4.357290093608818,5.883418786985198,6.864838359487839,,
kills_per1k,Devil,loss,56,18.862398044226147,9.94742918699816,15.136649003069355,19.3490915146592,24.102685591719386,27.000130819114542,,
kills_per1k,Devil,all,112,11.990949277428573,3.2060033580104683,4.36214697163601,8.96177218334149,19.299672403732842,24.814887466446418,,
kills_per1k,Trophy,win,56,5.172723713669043,2.1579783134245663,3.4163905654475735,4.936173452877239,6.448551448551449,8.564139412695638,,
kills_per1k,Trophy,loss,56,19.62953938549136,11.221464192575077,14.891881299331766,19.734259977216812,23.846764231294365,28.540075272412405,,
kills_per1k,Trophy,all,112,12.401131549580201,3.1926851930963775,4.942721717777397,10.109660217071998,19.65049826254272,24.31604973892275,,
kills_per1k,Autarky,win,56,3.2723402843860763,1.723611777742224,2.145171328017988,3.1711438458344183,4.260006371583407,5.341464882167116,,
kills_per1k,Autarky,loss,56,9.49030239226967,4.313560852227951,7.323179096586118,9.478100915957034,11.489496449144932,14.229856165340035,,
kills_per1k,Autarky,all,112,6.381321338327874,2.0666025187742996,2.9183811274821307,5.155250193472885,9.420311644815913,11.830435413467468,,
kills_per1k,Default,win,56,3.406816103046105,0.5999469776711346,1.9248556319135801,3.2561409008189446,4.952920053420113,5.872765343359965,,
kills_per1k,Default,loss,56,8.202125396817992,3.908515852682755,4.5109477378185225,7.776029037848203,11.52220295797122,13.794498509736494,,
kills_per1k,Default,all,112,5.804470749932049,1.3514420837512229,3.130680601392487,4.909250878140955,7.787856990822283,11.995853824790299,,
kills_per1k,Queen Of Spades,win,56,3.7807817318316244,0.9299000353863832,1.3974119690434263,2.7088628340010033,4.5110692889080655,5.879651236008326,,
kills_per1k,Queen Of Spades,loss,56,9.422979864341007,3.767579056094073,5.67514918669071,8.238712115270816,11.198706308591884,14.870093974571585,,
kills_per1k,Queen Of Spades,all,112,6.601880798086316,1.024118002568558,2.5903127059196422,4.8395798823295975,8.634042644105456,14.172522955547453,,
kills_per1k,Schooltime,win,56,4.390226765411164,0.6730612885076673,1.8299781072227668,3.5845182844020353,6.410020454788569,8.309216690191624,,
kills_per1k,Schooltime,loss,56,7.791243791611902,5.062385669790841,6.027388839540565,7.542107184843044,9.79423670301846,10.931879538873858,,
kills_per1k,Schooltime,all,112,6.0907352785115325,1.5546679357895214,3.4801863954043912,6.295520822228065,7.945674809681556,10.195668476223082,,
kills_per1k,Slithery Fight,win,56,3.3668877599495763,2.195150264394493,2.6006770220312116,3.318083446445165,4.14839927203385,4.638070982081476,,
kills_per1k,Slithery Fight,loss,56,3.4214622801373444,2.0074936277210877,2.4668092264418284,3.5712348750314504,4.380294971426491,4.829293284436334,,
kills_per1k,Slithery Fight,all,112,3.3941750200434604,2.043653867323775,2.5150888832660536,3.392555513086566,4.226962416666449,4.72922226174104,,
kills_per1k,Trauma,win,55,1.0768154781821002,0.08752448010878808,0.48807991151164587,1.0939323220536756,1.563006773078153,2.1538314021677234,,
kills_per1k,Trauma,loss,55,2.0467134811128225,0.5056787657593378,0.98757073510309,1.8343815513626835,2.9984502869819663,3.6789415243846815,,
kills_per1k,Trauma,all,112,1.576111027362509,0.23307663349003968,0.8115562145039263,1.4558629161682384,2.176765959149379,3.116459044825856,,
kills_per1k,ALL,win,559,3.5821856869992335,,1.2183657059133175,2.8467499604618065,4.699203037153321,,0.0,7.895127935884879
kills_per1k,ALL,loss,559,9.461823085538962,,3.264194153047743,7.547594908189704,12.590041186845369,,0.0,25.974025974025974
kills_per1k,ALL,all,1120,6.5145814697787765,,1.901683687836447,4.130140179239644,8.189948765519103,,0.0,21.76328502415457
kill_length,Portals,win,56,0.0,0.0,0.0,0.0,0.0,0.0,,
kill_length,Portals,loss,56,0.0,0.0,0.0,0.0,0.0,0.0,,
kill_length,Portals,all,112,0.0,0.0,0.0,0.0,0.0,0.0,,
kill_length,Prisoners Dilemma,win,56,16.089285714285715,5.5,6.0,12.5,20.0,34.5,,
kill_length,Prisoners Dilemma,loss,56,14.803571428571429,3.0,4.0,8.5,20.25,34.5,,
kill_length,Prisoners Dilemma,all,112,15.446428571428571,4.0,6.0,11.0,20.0,36.50000000000003,,
kill_length,Devil,win,56,99.48214285714286,40.5,48.75,83.0,132.0,195.0,,
kill_length,Devil,loss,56,96.10714285714286,39.5,51.5,84.0,130.0,182.5,,
kill_length,Devil,all,112,97.79464285714286,40.1,49.75,83.0,131.5,189.8,,
kill_length,Trophy,win,56,80.17857142857143,26.0,44.25,63.0,105.75,169.0,,
kill_length,Trophy,loss,56,75.98214285714286,24.0,44.0,59.5,101.75,160.5,,
kill_length,Trophy,all,112,78.08035714285714,25.0,44.0,61.5,104.0,164.8,,
kill_length,Autarky,win,56,78.26785714285714,35.0,48.25,78.0,104.25,121.5,,
kill_length,Autarky,loss,56,83.17857142857143,41.5,57.75,84.0,111.0,124.0,,
kill_length,Autarky,all,112,80.72321428571429,36.400000000000006,54.0,79.0,106.75,122.0,,
kill_length,Default,win,56,81.01785714285714,29.5,40.75,92.0,110.25,130.5,,
kill_length,Default,loss,56,70.91071428571429,22.0,35.75,72.5,96.0,123.5,,
kill_length,Default,all,112,75.96428571428571,26.0,39.75,73.5,108.5,125.9,,
kill_length,Queen Of Spades,win,56,34.55357142857143,6.0,11.75,34.0,51.75,72.5,,
kill_length,Queen Of Spades,loss,56,32.339285714285715,4.0,9.75,29.0,48.75,63.5,,
kill_length,Queen Of Spades,all,112,33.44642857142857,5.0,10.75,33.0,51.75,66.80000000000001,,
kill_length,Schooltime,win,56,282.94642857142856,29.0,129.75,306.0,418.0,469.5,,
kill_length,Schooltime,loss,56,275.60714285714283,38.5,154.5,266.5,408.0,481.0,,
kill_length,Schooltime,all,112,279.2767857142857,29.300000000000004,148.5,297.0,409.0,478.5000000000001,,
kill_length,Slithery Fight,win,56,241.01785714285714,159.0,197.0,239.5,279.5,320.5,,
kill_length,Slithery Fight,loss,56,215.42857142857142,152.5,173.5,217.5,253.25,284.5,,
kill_length,Slithery Fight,all,112,228.22321428571428,154.1,180.5,231.0,269.0,303.0,,
kill_length,Trauma,win,55,30.363636363636363,3.4000000000000004,14.0,33.0,46.0,54.0,,
kill_length,Trauma,loss,55,26.654545454545456,4.4,12.0,28.0,37.0,48.0,,
kill_length,Trauma,all,112,28.803571428571427,4.0,13.0,30.0,44.0,51.0,,
kill_length,ALL,win,559,94.50626118067979,,19.0,51.0,118.5,,0.0,326.1
kill_length,ALL,loss,559,89.2128801431127,,16.0,53.0,121.0,,0.0,308.0000000000002
kill_length,ALL,all,1120,91.77589285714286,,17.0,51.0,119.25,,0.0,321.0
length_lost,Portals,win,56,1072.7857142857142,743.0,914.0,1162.5,1262.5,1328.5,,
length_lost,Portals,loss,56,731.4642857142857,144.0,439.25,778.5,1108.5,1270.0,,
length_lost,Portals,all,112,902.125,400.8,541.5,1006.5,1219.5,1313.7,,
length_lost,Prisoners Dilemma,win,56,122.08928571428571,20.5,46.0,92.5,157.25,244.0,,
length_lost,Prisoners Dilemma,loss,56,62.25,18.5,20.5,34.5,79.25,127.5,,
length_lost,Prisoners Dilemma,all,112,92.16964285714286,19.0,24.0,68.0,124.5,184.9,,
length_lost,Devil,win,56,706.9107142857143,305.5,387.25,556.0,949.75,1213.0,,
length_lost,Devil,loss,56,225.14285714285714,46.5,57.75,110.0,182.75,407.5,,
length_lost,Devil,all,112,466.0267857142857,55.2,112.5,324.5,740.75,1161.1000000000001,,
length_lost,Trophy,win,56,196.26785714285714,78.5,114.0,166.5,232.0,350.0,,
length_lost,Trophy,loss,56,97.46428571428571,29.0,51.75,71.5,116.75,208.0,,
length_lost,Trophy,all,112,146.86607142857142,44.2,66.0,115.0,191.0,286.30000000000007,,
length_lost,Autarky,win,56,415.94642857142856,207.5,331.5,407.5,544.75,597.5,,
length_lost,Autarky,loss,56,233.05357142857142,72.0,125.75,181.5,300.5,415.0,,
length_lost,Autarky,all,112,324.5,120.1,168.75,313.0,436.0,573.2,,
length_lost,Default,win,56,294.125,163.0,214.25,282.0,367.25,472.0,,
length_lost,Default,loss,56,128.67857142857142,37.0,54.75,107.5,197.75,250.5,,
length_lost,Default,all,112,211.40178571428572,43.60000000000001,106.0,209.0,286.5,387.9,,
length_lost,Queen Of Spades,win,56,230.03571428571428,24.5,108.5,255.0,335.25,405.0,,
length_lost,Queen Of Spades,loss,56,90.73214285714286,6.0,12.75,49.0,160.0,213.0,,
length_lost,Queen Of Spades,all,112,160.38392857142858,6.100000000000001,28.25,136.0,268.0,344.9,,
length_lost,Schooltime,win,56,1231.2857142857142,792.0,1065.0,1262.5,1463.0,1546.5,,
length_lost,Schooltime,loss,56,649.4107142857143,38.5,356.5,571.5,965.0,1206.0,,
length_lost,Schooltime,all,112,940.3482142857143,268.1,569.25,1019.0,1302.5,1485.9,,
length_lost,Slithery Fight,win,56,2612.5178571428573,2257.5,2379.5,2546.5,2777.5,3178.0,,
length_lost,Slithery Fight,loss,56,2826.660714285714,1634.5,2238.5,2720.0,3516.75,4148.0,,
length_lost,Slithery Fight,all,112,2719.589285714286,1825.6,2344.25,2591.0,3043.0,3971.8,,
length_lost,Trauma,win,55,461.92727272727274,233.6,313.0,493.0,604.5,674.6,,
length_lost,Trauma,loss,55,167.1818181818182,12.0,57.0,137.0,219.5,427.6000000000001,,
length_lost,Trauma,all,112,313.82142857142856,21.80000000000001,133.5,272.0,509.5,611.7,,
length_lost,ALL,win,559,734.8765652951699,,215.5,421.0,1083.0,,60.7,2544.5
length_lost,ALL,loss,559,521.8372093023256,,56.0,149.0,480.5,,13.900000000000002,2718.4
length_lost,ALL,all,1120,627.7232142857143,,107.0,280.5,820.5,,19.0,2587.3999999999996
kill_length_ratio,Portals,win,56,0.0,0.0,0.0,0.0,0.0,0.0,,
kill_length_ratio,Portals,loss,54,0.0,0.0,0.0,0.0,0.0,0.0,,
kill_length_ratio,Portals,all,110,0.0,0.0,0.0,0.0,0.0,0.0,,
kill_length_ratio,Prisoners Dilemma,win,56,0.16390212943359486,0.046862154014798575,0.07692307692307693,0.13572744014732965,0.2084313066845818,0.267921146953405,,
kill_length_ratio,Prisoners Dilemma,loss,56,0.1906805977311871,0.08758503401360544,0.13424608819345663,0.17914438502673796,0.2425,0.2928571428571428,,
kill_length_ratio,Prisoners Dilemma,all,112,0.17729136358239095,0.06435897435897436,0.09949759720401923,0.15960199004975123,0.235708280790248,0.28557422969187674,,
kill_length_ratio,Devil,win,56,0.1350985457032579,0.07268048218881214,0.09470939067948705,0.11659689852225436,0.14124958011420893,0.20964118440898627,,
kill_length_ratio,Devil,loss,56,0.4058801950061701,0.3093142952017267,0.38770933014354064,0.432776560788609,0.46329097676806574,0.48492613807657525,,
kill_length_ratio,Devil,all,112,0.270489370354714,0.09006442995207041,0.11465378907117772,0.2378801497447258,0.4338176883357606,0.4708669029970996,,
kill_length_ratio,Trophy,win,56,0.28926564083724776,0.17660380160380162,0.228125,0.29653679653679654,0.35655430711610486,0.39619357013699474,,
kill_length_ratio,Trophy,loss,56,0.4492104230753263,0.4111388544292295,0.4273226689820999,0.459005376344086,0.4688986013986014,0.4815610859728507,,
kill_length_ratio,Trophy,all,112,0.36923803195628707,0.21281920326864148,0.29707792207792205,0.4042516899693496,0.4599032927318967,0.4730963480963481,,
kill_length_ratio,Autarky,win,56,0.16241970546542714,0.09740259740259741,0.12339930729328027,0.16202051107711485,0.19540637877895903,0.22806197240054593,,
kill_length_ratio,Autarky,loss,56,0.2934133150422355,0.1915222956480324,0.26153612629022466,0.2986954774490711,0.3331240072402202,0.38791023166023164,,
kill_length_ratio,Autarky,all,112,0.22791651025383133,0.10084721988441901,0.1494407622203811,0.22156845525599367,0.30188094253823894,0.34752623688155926,,
kill_length_ratio,Default,win,56,0.2308191166405984,0.0864972761675053,0.1492937761889747,0.2266304347826087,0.31101373781238906,0.36748311364679653,,
kill_length_ratio,Default,loss,56,0.3711725239437335,0.2386128364389234,0.2880213160333642,0.38982683982683985,0.44027512532824065,0.4943368035473299,,
kill_length_ratio,Default,all,112,0.300995820292166,0.13385520542481055,0.2071558566300996,0.29996396829209704,0.4013888888888889,0.44789272030651345,,
kill_length_ratio,Queen Of Spades,win,56,0.17559701079495418,0.051940984863000576,0.08040826843792946,0.12056461322719095,0.21798871063576947,0.4426008623344626,,
kill_length_ratio,Queen Of Spades,loss,56,0.32995385697228896,0.17450890116635973,0.22853343465045592,0.32456140350877194,0.4373881932021467,0.5,,
kill_length_ratio,Queen Of Spades,all,112,0.25277543388362156,0.05951515151515152,0.11583549107934593,0.22761812655429675,0.4,0.4983870967741936,,
kill_length_ratio,Schooltime,win,56,0.17887158263566638,0.03298308377114528,0.10086341004173568,0.18056436995780933,0.25446015956038137,0.3110300666648673,,
kill_length_ratio,Schooltime,loss,56,0.3196317492651838,0.23460117497425959,0.2512812467875133,0.3061618087871698,0.34548204500336105,0.45999999999999996,,
kill_length_ratio,Schooltime,all,112,0.24925166595042508,0.07323679471788717,0.17562318038545752,0.2520911408255445,0.31826601608385285,0.36581081081081085,,
kill_length_ratio,Slithery Fight,win,56,0.08621534546211156,0.050584592025592956,0.06858934092817622,0.08712770618653205,0.10601262772138964,0.11668553916943014,,
kill_length_ratio,Slithery Fight,loss,56,0.07665120221124752,0.043464518865679674,0.05291626262865564,0.08018493185213701,0.09655515012238172,0.10894110130506873,,
kill_length_ratio,Slithery Fight,all,112,0.08143327383667955,0.04587820487630374,0.05971181317124889,0.0823662781046752,0.10089231501819676,0.11457218335255115,,
kill_length_ratio,Trauma,win,55,0.06682455342073253,0.005501101391700728,0.03189739752811051,0.061746987951807226,0.0898575140050337,0.13047004608294932,,
kill_length_ratio,Trauma,loss,55,0.17954563404319415,0.058452920778874366,0.08850269249597874,0.16774193548387098,0.25704225352112675,0.3151257253384913,,
kill_length_ratio,Trauma,all,112,0.1235505894214929,0.012542974519368012,0.05377847069153988,0.0898575140050337,0.17020665901262916,0.266271186440678,,
kill_length_ratio,ALL,win,559,0.14904819096354266,,0.0641025641025641,0.12132822477650064,0.2133929500745932,,0.0,0.3789352426186511
kill_length_ratio,ALL,loss,557,0.2627006574761733,,0.10933940774487472,0.27370689655172414,0.41330166270783847,,0.0,0.5
kill_length_ratio,ALL,all,1118,0.20566145855772822,,0.08164115646258503,0.17391304347826086,0.3187267814927389,,0.0,0.47350158092732325
enclosed_death_share,Portals,win,56,0.8956617053876256,0.8484790142472083,0.8738965739968243,0.8947019683755524,0.9261020197552705,0.9345724023143378,,
enclosed_death_share,Portals,loss,54,0.9291872119940313,0.872528523931399,0.9012221369816307,0.9279875661984803,0.9629803675856308,0.9945417789757413,,
enclosed_death_share,Portals,all,110,0.9121196813580431,0.8584183548938247,0.8810101996302374,0.9109792124897572,0.9351154412968724,0.9734565434565435,,
enclosed_death_share,Prisoners Dilemma,win,56,0.8032229940153067,0.6666666666666666,0.6934850863422292,0.8,0.8893229166666666,0.9492990654205608,,
enclosed_death_share,Prisoners Dilemma,loss,56,0.5634693033994581,0.3333333333333333,0.3333333333333333,0.5714285714285714,0.7063492063492064,0.8398093841642229,,
enclosed_death_share,Prisoners Dilemma,all,112,0.6833461487073825,0.3333333333333333,0.5714285714285714,0.6969387755102041,0.8392595307917889,0.9163043478260869,,
enclosed_death_share,Devil,win,56,0.9057158170325881,0.8621697451484686,0.889674786237973,0.9090665044026058,0.9259321599179251,0.9605624347802968,,
enclosed_death_share,Devil,loss,56,0.6225658266532254,0.45072463768115945,0.5076530612244898,0.6099033816425121,0.7114825581395349,0.8629663986806844,,
enclosed_death_share,Devil,all,112,0.7641408218429068,0.5,0.6105072463768116,0.8621697451484686,0.910347366307476,0.9365576323987539,,
enclosed_death_share,Trophy,win,56,0.5136439818786468,0.36441213653603033,0.40182926829268295,0.4967532467532467,0.5942234848484849,0.7154827651875832,,
enclosed_death_share,Trophy,loss,56,0.2811114237987767,0.1375,0.2,0.2883631713554987,0.3760775862068966,0.44096573208722745,,
enclosed_death_share,Trophy,all,112,0.39737770283871177,0.18363636363636368,0.2912404092071611,0.3854895104895105,0.5016666666666667,0.6285982008995503,,
enclosed_death_share,Autarky,win,56,0.7182272459030427,0.6074074074074074,0.6666666666666666,0.6989654181435003,0.7902848101265822,0.8561646757679181,,
enclosed_death_share,Autarky,loss,56,0.5657373542660677,0.3094017094017094,0.46484153933220146,0.5851624231782265,0.6798281505728314,0.7320724980299449,,
enclosed_death_share,Autarky,all,112,0.6419823000845553,0.42009803921568634,0.5448051948051947,0.671916335978836,0.7411024305555556,0.8421004356798899,,
enclosed_death_share,Default,win,56,0.4545607229771279,0.3283040765994487,0.3825413223140496,0.4521746108168833,0.5114297040169133,0.6018334162933466,,
enclosed_death_share,Default,loss,56,0.38661386394073655,0.21842105263157896,0.31496710526315785,0.3842268842268842,0.4562937062937063,0.6,,
enclosed_death_share,Default,all,112,0.4205872934589322,0.26077718758736373,0.35254372019077906,0.41483757682177347,0.5,0.6014634146341464,,
enclosed_death_share,Queen Of Spades,win,56,0.7200222160155524,0.6296583850931676,0.7035163339382939,0.7738636363636364,0.8273447676943118,0.8674999999999999,,
enclosed_death_share,Queen Of Spades,loss,56,0.5355947540252818,0.0,0.3194444444444444,0.6975051975051976,0.7704737870400521,0.8344640434192674,,
enclosed_death_share,Queen Of Spades,all,112,0.627808485020417,0.011111111111111268,0.5,0.75,0.8017543859649123,0.8550021105951878,,
enclosed_death_share,Schooltime,win,56,0.7004720542705615,0.5713960269728449,0.6345751944047336,0.6754836162652981,0.77102552619794,0.878726057462091,,
enclosed_death_share,Schooltime,loss,56,0.6199757593792773,0.4778447330069266,0.559132007233273,0.6422231727530343,0.7104147914791479,0.7981603629493025,,
enclosed_death_share,Schooltime,all,112,0.6602239068249194,0.515952409494126,0.5909191518245805,0.6653436906398159,0.752886292291594,0.8200404858299595,,
enclosed_death_share,Slithery Fight,win,56,0.9087753607439034,0.8782928663205748,0.8876314201411317,0.902234186276289,0.9229540400296516,0.9504688650768129,,
enclosed_death_share,Slithery Fight,loss,56,0.9305097317703565,0.8883153862952946,0.900725941552398,0.9371291474482963,0.9598127784456545,0.97044438074483,,
enclosed_death_share,Slithery Fight,all,112,0.91964254625713,0.8798118479480921,0.8914440931236557,0.9150315808238159,0.9471175289919714,0.9696509115168743,,
enclosed_death_share,Trauma,win,55,0.9062853010985831,0.8612876254180601,0.8895745798319328,0.9116465863453815,0.9307950191570882,0.9482312925170068,,
enclosed_death_share,Trauma,loss,55,0.8231414803104644,0.5714285714285714,0.7846153846153847,0.8881987577639752,0.9340504128639722,0.980430065101598,,
enclosed_death_share,Trauma,all,112,0.8645146742869042,0.7649019607843137,0.8576923076923076,0.903708386009271,0.9313267095265926,0.9584648370497427,,
enclosed_death_share,ALL,win,559,0.7523839160303863,,0.6534065441506052,0.8151260504201681,0.9018835019183815,,0.375,0.948631934778286
enclosed_death_share,ALL,loss,557,0.6243469655831442,,0.40217391304347827,0.6446280991735537,0.8783783783783784,,0.18181818181818182,0.967940276428188
enclosed_death_share,ALL,all,1118,0.6887755272213175,,0.5125869096140014,0.75,0.8940589808790991,,0.25,0.9605521719145024
death_rate_enclosed_per1k,Portals,win,56,102.99638338790977,80.15015943653523,91.45140448810766,103.3967632326596,118.6696660544603,127.92767690143097,,
death_rate_enclosed_per1k,Portals,loss,56,73.68504579887839,16.80998944193787,53.72519362238585,85.17172391127215,100.29569624749283,115.08829279174319,,
death_rate_enclosed_per1k,Portals,all,112,88.3407145933941,35.93958783180364,76.86670161229972,95.75566048800586,113.03605603907519,122.9393270903955,,
death_rate_enclosed_per1k,Prisoners Dilemma,win,56,146.09792382384558,77.75107183645599,106.57964514000996,140.85591034029733,168.66343966745532,198.96744061558437,,
death_rate_enclosed_per1k,Prisoners Dilemma,loss,56,265.26153588104995,63.90417269539354,124.86653447223918,183.8486137941837,345.15559353595165,444.44444444444446,,
death_rate_enclosed_per1k,Prisoners Dilemma,all,112,205.67972985244776,71.68106660575297,115.18452634832249,157.1308756449058,223.7572271200844,399.2224880382777,,
death_rate_enclosed_per1k,Devil,win,56,62.68815898365381,55.58097570112197,58.32448537385267,62.88747256117825,67.59194479637424,70.87034582172895,,
death_rate_enclosed_per1k,Devil,loss,56,52.245116375167065,26.890896960483396,35.16092476061473,48.072292679350525,62.781960521289335,73.33586628767968,,
death_rate_enclosed_per1k,Devil,all,112,57.46663767941045,30.1477324442696,47.62006509456181,59.47431141615799,66.23523034348331,71.03982396419688,,
death_rate_enclosed_per1k,Trophy,win,56,83.6933561938494,58.24286208527617,67.35655362881718,77.96954789501744,97.05210289672043,111.23447352296984,,
death_rate_enclosed_per1k,Trophy,loss,53,96.09602627268073,47.98176144869505,66.2733557531291,83.20750942263378,122.8476821192053,141.22049255170896,,
death_rate_enclosed_per1k,Trophy,all,109,89.7240122872261,52.16760366586953,66.2733557531291,80.41001857313533,103.56465663446258,136.22948032254865,,
death_rate_enclosed_per1k,Autarky,win,56,100.75839806332856,65.31372847985297,83.83508768666198,104.76273284107793,115.49938949369283,130.37385127979923,,
death_rate_enclosed_per1k,Autarky,loss,56,111.58544732789467,51.247655805805664,61.397720781049316,93.61507193248238,129.65043865120143,172.08933255170706,,
death_rate_enclosed_per1k,Autarky,all,112,106.1719226956116,51.65977185381927,71.36324816957242,103.31487176365579,121.52676296040926,153.27685382737675,,
death_rate_enclosed_per1k,Default,win,56,32.93849701370862,21.4050110294931,26.203047906312396,31.69515548751449,40.67753442064609,43.14257818294191,,
death_rate_enclosed_per1k,Default,loss,56,52.44555884688895,21.06651694186845,24.70901727930856,36.93054021723377,57.69207875225468,87.12680950881145,,
death_rate_enclosed_per1k,Default,all,112,42.69202793029878,20.891149983603768,25.565669180688438,35.20182236433701,46.681938375136795,63.22473703372791,,
death_rate_enclosed_per1k,Queen Of Spades,win,53,84.26983019379912,63.329292870609635,68.85478752116754,81.50753870810314,99.98944629939629,109.5770841746837,,
death_rate_enclosed_per1k,Queen Of Spades,loss,51,99.58306196613381,23.762376237623762,54.55203153142607,80.52372815177637,122.74252581326527,183.12005421317394,,
death_rate_enclosed_per1k,Queen Of Spades,all,104,91.77920346677092,41.855233366864844,65.57008244197473,81.01563342993975,105.12805414572126,148.86409273544353,,
death_rate_enclosed_per1k,Schooltime,win,56,53.866813877589784,44.39488056669592,46.73439923364805,55.82645996158634,59.07418284235303,62.21767679097496,,
death_rate_enclosed_per1k,Schooltime,loss,56,63.842565198239264,43.667454892107884,51.94582974312107,60.8429976884205,69.81931544107181,86.79293290964196,,
death_rate_enclosed_per1k,Schooltime,all,112,58.85468953791453,43.868801005189205,48.74018832731393,57.21424758527496,62.25884428013442,73.21351606826077,,
death_rate_enclosed_per1k,Slithery Fight,win,56,104.67452173160711,92.85376148944925,98.54476095762801,102.71420980655495,110.67193845304224,114.56130825373774,,
death_rate_enclosed_per1k,Slithery Fight,loss,56,115.93763689691289,92.17021143151402,97.78591569265642,110.94844964409893,135.7320417917857,151.3006590643413,,
death_rate_enclosed_per1k,Slithery Fight,all,112,110.30607931426,92.41513842074178,97.92161773558358,106.41055304829356,114.62202150685135,145.21347650729902,,
death_rate_enclosed_per1k,Trauma,win,55,39.33966399356342,33.723473186101884,37.16346456948851,39.350996118286915,41.71962915224897,44.39319879286382,,
death_rate_enclosed_per1k,Trauma,loss,55,33.91174249357091,16.866031491118587,23.40260741986486,30.088648650875754,40.53471887730345,44.6558768265969,,
death_rate_enclosed_per1k,Trauma,all,112,36.74511129543911,22.665905970284783,29.87542966506502,38.60325349310324,41.29944575799596,44.788738363607884,,
death_rate_enclosed_per1k,ALL,win,556,81.19059261177146,,50.87768477928511,74.98344624346457,104.81260295990486,,30.523939530610033,154.7725285971049
death_rate_enclosed_per1k,ALL,loss,551,96.54652294750099,,44.337773308678,69.15792552196096,114.29018519220347,,19.3355932161168,252.51071874330893
death_rate_enclosed_per1k,ALL,all,1109,88.75178426015759,,46.627656094603395,71.57180783901366,109.2330341371579,,23.466123484536478,180.05802826523527
death_rate_open_per1k,Portals,win,56,10.670493705446173,4.662861929128626,5.7629538953525055,10.091493300540431,14.421750450657614,19.717769838695524,,
death_rate_open_per1k,Portals,loss,56,5.772520960009706,0.0,0.7341673261129087,4.8979692799933705,9.227116292687725,13.774156329445105,,
death_rate_open_per1k,Portals,all,112,8.221507332727938,0.222075062265588,2.889012049814231,7.190172187360251,12.15100159944749,17.883723845490238,,
death_rate_open_per1k,Prisoners Dilemma,win,56,9.214705619543567,1.3260094426790827,2.639435261132528,3.845426034860875,7.097109034950435,9.796158854417865,,
death_rate_open_per1k,Prisoners Dilemma,loss,56,26.315275004505768,6.17313553103121,8.37756748259698,12.512072137712284,17.815098137749324,40.13934034960107,,
death_rate_open_per1k,Prisoners Dilemma,all,112,17.764990312024672,2.123310689391606,3.807118509548068,7.516592943854938,13.826758012215816,33.90951821386605,,
death_rate_open_per1k,Devil,win,56,6.3443940979076325,3.622454055421611,4.817399163530632,6.3869633608898475,7.5973026986276775,8.321619597619057,,
death_rate_open_per1k,Devil,loss,56,16.349665192752948,5.442032483381736,10.699810288567635,16.96467869452642,21.58049450078714,24.3664510485196,,
death_rate_open_per1k,Devil,all,112,11.347029645330293,4.536784416113389,5.885070789463246,8.182584133124253,16.7303713219468,21.992256791618754,,
death_rate_open_per1k,Trophy,win,56,6.680267470707973,3.696595616035979,4.7989606599760535,6.4450408453139545,8.214318050263447,10.401113396932573,,
death_rate_open_per1k,Trophy,loss,56,18.09647381420959,10.070989647871043,14.129008385028836,17.683959648291626,22.336174790619474,26.52753332726158,,
death_rate_open_per1k,Trophy,all,112,12.38837064245878,4.617449861472295,6.035831806576001,10.381004390774939,17.478320424818392,22.979974592362844,,
death_rate_open_per1k,Autarky,win,56,5.042517170418544,2.481497542846241,3.5196004759518686,4.684155196374838,6.534316106704499,7.530872413033938,,
death_rate_open_per1k,Autarky,loss,56,10.377570410883559,6.246111956005755,7.736369113744694,10.015343321810597,12.792880009444433,15.198707316234355,,
death_rate_open_per1k,Autarky,all,112,7.71004379065105,2.876449494376967,4.538271276250824,7.126258614554236,9.978237189670681,13.418463708671231,,
death_rate_open_per1k,Default,win,56,7.585516712534239,4.203574524081594,5.49946929117103,7.77082710308623,9.174053166528893,10.52663850446371,,
death_rate_open_per1k,Default,loss,56,8.916142662331723,3.9360801710406452,6.572873059966576,8.538153957569149,11.134867697685982,13.654705972905626,,
death_rate_open_per1k,Default,all,112,8.250829687432981,4.043737597121077,5.847856695741605,8.429563583352499,10.113749733268065,12.743440070168383,,
death_rate_open_per1k,Queen Of Spades,win,56,6.421140378050572,2.3228246577510125,3.4679448886280397,5.295986790257713,7.322367229113412,12.031112455348286,,
death_rate_open_per1k,Queen Of Spades,loss,56,8.479519992902599,3.244034562647851,4.554420364603401,7.239588209278086,10.755182109431594,13.699550688330833,,
death_rate_open_per1k,Queen Of Spades,all,112,7.450330185476586,2.412530554243465,3.8849402609496164,5.921463205591782,9.634326069027946,12.516227980536012,,
death_rate_open_per1k,Schooltime,win,56,6.436711260213867,2.4487887513834323,3.713432641833985,5.906039492184993,8.49605931131278,11.03903562439766,,
death_rate_open_per1k,Schooltime,loss,56,8.692972507721002,4.527645972027006,6.168173129512074,8.314986878044891,11.362226786555585,12.601370388790997,,
death_rate_open_per1k,Schooltime,all,112,7.564841883967434,2.9740480059229912,4.819115552469582,7.54208162599798,10.0686932358731,12.509156289335802,,
death_rate_open_per1k,Slithery Fight,win,56,5.370112747820291,2.8853674727027254,4.478214690355695,5.389908117492553,6.477027612607816,7.397125474858994,,
death_rate_open_per1k,Slithery Fight,loss,56,4.798334121525658,2.4124908915716574,3.1034905740616163,4.437549888023678,6.188168767997636,8.050695737349553,,
death_rate_open_per1k,Slithery Fight,all,112,5.084223434672974,2.4458224729637688,3.539894523815396,5.0981461767310075,6.4348494343353275,8.029012576223797,,
death_rate_open_per1k,Trauma,win,55,2.9613465926062874,1.234269965290119,2.360735295052884,3.1384006823151975,3.631534453183272,4.166601386760349,,
death_rate_open_per1k,Trauma,loss,55,1.9570678305721656,0.3183773855796658,1.0753313992408193,1.6018816986858415,3.1263698468460106,3.7750684379349457,,
death_rate_open_per1k,Trauma,all,112,2.4839313386481243,0.5528124869737995,1.3284135937786006,2.685953664560069,3.476851590165033,4.078074470869468,,
death_rate_open_per1k,ALL,win,559,6.679359884975574,,3.6348550198072767,5.543253311091849,7.882882622051056,,1.552903375741315,13.68707569037419
death_rate_open_per1k,ALL,loss,559,10.991687499149647,,4.29564712911235,8.389126401548761,13.420577023391083,,0.8307748370080795,25.258619616031677
death_rate_open_per1k,ALL,all,1120,8.826609825339084,,3.840642754616706,6.507137106018085,10.252131194050474,,1.2552342047770992,20.922758066653415
portal_death_share,Portals,win,56,0.818394958177273,0.7496489010603188,0.802751662462738,0.84532101016259,0.8699165699165698,0.8865038525415884,,
portal_death_share,Portals,loss,54,0.6380019503306893,0.3318181818181818,0.43778350793822224,0.7423352377886859,0.865030993524258,0.881209457677771,,
portal_death_share,Portals,all,110,0.7298383906889504,0.3928107606679035,0.696733544435216,0.8301026002506265,0.8675481236171714,0.8849220672682526,,
portal_death_share,Prisoners Dilemma,win,56,0.13006360143758897,0.0,0.028932005494505496,0.1,0.17805383022774326,0.3416666666666667,,
portal_death_share,Prisoners Dilemma,loss,56,0.1627162557670683,0.0,0.0,0.1111111111111111,0.3333333333333333,0.3333333333333333,,
portal_death_share,Prisoners Dilemma,all,112,0.14638992860232866,0.0,0.0,0.1,0.29081632653061223,0.3333333333333333,,
portal_death_share,Devil,win,56,0.0,0.0,0.0,0.0,0.0,0.0,,
portal_death_share,Devil,loss,56,0.0,0.0,0.0,0.0,0.0,0.0,,
portal_death_share,Devil,all,112,0.0,0.0,0.0,0.0,0.0,0.0,,
portal_death_share,Trophy,win,56,0.34236799425438147,0.07987288135593221,0.22100207684319834,0.3956521739130435,0.45750393391030686,0.5200757575757575,,
portal_death_share,Trophy,loss,56,0.1430135681465709,0.0,0.03746684350132626,0.12916666666666665,0.20208333333333334,0.3333333333333333,,
portal_death_share,Trophy,all,112,0.24269078120047619,0.0,0.08501622791200865,0.20972222222222223,0.4,0.4762681159420291,,
portal_death_share,Autarky,win,56,0.23713557469153493,0.07684173978915472,0.12464887640449437,0.21736111111111112,0.3098014888337469,0.39380494505494507,,
portal_death_share,Autarky,loss,56,0.25753340018666476,0.10677083333333334,0.16790697674418603,0.25169123685136663,0.325,0.4083333333333333,,
portal_death_share,Autarky,all,112,0.24733448743909983,0.0928896473265074,0.1455505279034691,0.23384424192212094,0.32318548387096774,0.39990384615384617,,
portal_death_share,Default,win,56,0.6831964887830617,0.45002269117313365,0.5826612903225807,0.733110295704727,0.7923154093097914,0.816635998091733,,
portal_death_share,Default,loss,56,0.6163524735241657,0.37652270210409744,0.49404761904761907,0.6248858447488584,0.7603046594982079,0.8428319623971798,,
portal_death_share,Default,all,112,0.6497744811536137,0.4,0.5344961240310078,0.7015625,0.7790880503144655,0.8291490486257929,,
portal_death_share,Queen Of Spades,win,56,0.5482614869349228,0.2792207792207792,0.5,0.5769736842105263,0.6600485436893204,0.7028218694885362,,
portal_death_share,Queen Of Spades,loss,56,0.40880217096583144,0.0,0.16477272727272727,0.4409722222222222,0.5964285714285714,0.7385733409829796,,
portal_death_share,Queen Of Spades,all,112,0.47853182895037705,0.0,0.31727941176470587,0.5469298245614036,0.6294022033592198,0.7285714285714286,,
portal_death_share,Schooltime,win,56,0.28201025019784975,0.17223095051060489,0.24248485122036537,0.2776396359822727,0.32713134802561905,0.4041478615946701,,
portal_death_share,Schooltime,loss,56,0.2521820138183485,0.137241054613936,0.16738921001926782,0.2586292320396366,0.3271917376222012,0.35761463998424503,,
portal_death_share,Schooltime,all,112,0.2670961320080992,0.14615009721588082,0.20435486944920908,0.27523399949405514,0.3271917376222012,0.35937318080281594,,
portal_death_share,Slithery Fight,win,56,0.06176736979604985,0.024216207692417967,0.03987654320987655,0.054684408581293406,0.0775722042934715,0.11521447262512668,,
portal_death_share,Slithery Fight,loss,56,0.04702356545997521,0.0010741646291768541,0.01803651035494611,0.036256483344949186,0.06831262082297708,0.09686297946640182,,
portal_death_share,Slithery Fight,all,112,0.05439546762801254,0.001431593206210274,0.02881549423296461,0.04433900114245687,0.07597492211699192,0.10863705933718017,,
portal_death_share,Trauma,win,55,0.14258287162422667,0.06082171680117389,0.10423057259713701,0.136986301369863,0.1880482456140351,0.2272086330935252,,
portal_death_share,Trauma,loss,55,0.24641547495741203,0.03195767195767196,0.0931712962962963,0.14285714285714285,0.3333333333333333,0.5272727272727273,,
portal_death_share,Trauma,all,112,0.19343115095492294,0.039981617647058834,0.09903846153846155,0.13864087301587302,0.21421754857942668,0.3534956605593058,,
portal_death_share,ALL,win,559,0.324903632376747,,0.07692307692307693,0.25462962962962965,0.55,,0.0,0.8514602069869391
portal_death_share,ALL,loss,557,0.27596385910441273,,0.038461538461538464,0.2,0.40707964601769914,,0.0,0.8546567870741995
portal_death_share,ALL,all,1118,0.3001810195569953,,0.059117647058823525,0.2281078838174274,0.475,,0.0,0.8522530889122183
alive_end,Portals,win,56,2.8214285714285716,1.0,1.0,2.0,2.0,5.0,,
alive_end,Portals,loss,56,9.875,1.0,2.0,6.0,18.25,22.0,,
alive_end,Portals,all,112,6.348214285714286,1.0,1.0,2.0,9.5,19.900000000000006,,
alive_end,Prisoners Dilemma,win,56,13.160714285714286,4.0,7.75,12.0,16.25,20.5,,
alive_end,Prisoners Dilemma,loss,56,0.5,0.0,0.0,0.0,0.0,1.0,,
alive_end,Prisoners Dilemma,all,112,6.830357142857143,0.0,0.0,2.0,12.0,18.0,,
alive_end,Devil,win,56,39.05357142857143,5.5,32.75,43.0,51.0,59.0,,
alive_end,Devil,loss,56,1.5,0.0,0.0,0.0,0.0,1.0,,
alive_end,Devil,all,112,20.276785714285715,0.0,0.0,2.0,43.0,52.0,,
alive_end,Trophy,win,56,44.44642857142857,32.5,40.0,44.0,53.25,60.0,,
alive_end,Trophy,loss,56,0.75,0.0,0.0,0.0,0.0,0.0,,
alive_end,Trophy,all,112,22.598214285714285,0.0,0.0,2.0,43.5,55.80000000000001,,
alive_end,Autarky,win,56,28.589285714285715,4.0,7.0,22.0,51.5,61.0,,
alive_end,Autarky,loss,56,2.8214285714285716,0.0,0.0,1.0,2.0,6.0,,
alive_end,Autarky,all,112,15.705357142857142,0.0,1.0,5.0,25.0,58.50000000000003,,
alive_end,Default,win,56,18.339285714285715,5.0,6.0,10.0,32.25,44.5,,
alive_end,Default,loss,56,5.553571428571429,0.0,0.0,1.0,4.0,10.0,,
alive_end,Default,all,112,11.946428571428571,0.0,1.0,6.0,12.25,38.0,,
alive_end,Queen Of Spades,win,56,13.714285714285714,3.0,4.0,11.0,20.25,29.5,,
alive_end,Queen Of Spades,loss,56,1.4107142857142858,0.0,0.0,0.0,1.0,3.5,,
alive_end,Queen Of Spades,all,112,7.5625,0.0,0.0,3.0,12.0,21.0,,
alive_end,Schooltime,win,56,22.767857142857142,6.0,9.0,14.5,23.25,64.0,,
alive_end,Schooltime,loss,56,15.214285714285714,0.0,2.0,5.5,12.5,61.0,,
alive_end,Schooltime,all,112,18.991071428571427,1.0,4.0,10.5,21.25,61.0,,
alive_end,Slithery Fight,win,56,12.5,3.0,4.0,6.0,8.25,48.5,,
alive_end,Slithery Fight,loss,56,31.178571428571427,3.5,6.0,24.5,60.0,62.0,,
alive_end,Slithery Fight,all,112,21.839285714285715,3.0,5.0,8.0,48.75,61.0,,
alive_end,Trauma,win,55,7.9818181818181815,3.0,3.5,6.0,8.0,15.600000000000001,,
alive_end,Trauma,loss,55,8.8,1.4000000000000004,2.0,6.0,10.0,22.6,,
alive_end,Trauma,all,112,8.276785714285714,2.0,3.0,6.0,9.0,19.80000000000001,,
alive_end,ALL,win,559,20.359570661896242,,5.0,11.0,37.0,,2.0,60.0
alive_end,ALL,loss,559,7.758497316636851,,0.0,1.0,7.0,,0.0,59.0
alive_end,ALL,all,1120,14.0375,,1.0,5.0,19.0,,0.0,60.0
lifetime_median,Portals,win,56,13.446428571428571,10.0,11.0,12.0,13.0,14.0,,
lifetime_median,Portals,loss,56,39.625,10.0,11.75,13.0,19.0,22.0,,
lifetime_median,Portals,all,112,26.535714285714285,10.0,11.0,12.0,14.0,20.0,,
lifetime_median,Prisoners Dilemma,win,56,23.642857142857142,9.5,12.0,19.0,35.5,43.0,,
lifetime_median,Prisoners Dilemma,loss,56,29.053571428571427,7.0,9.0,15.0,41.75,68.0,,
lifetime_median,Prisoners Dilemma,all,112,26.348214285714285,7.0,10.0,18.0,37.25,57.0,,
lifetime_median,Devil,win,56,14.553571428571429,12.0,13.0,14.0,15.0,17.0,,
lifetime_median,Devil,loss,56,24.25,12.5,16.0,22.0,30.25,37.5,,
lifetime_median,Devil,all,112,19.401785714285715,12.0,13.0,16.0,23.0,31.0,,
lifetime_median,Trophy,win,56,38.32142857142857,28.5,34.0,37.0,44.0,47.5,,
lifetime_median,Trophy,loss,56,41.964285714285715,24.0,29.75,37.0,48.0,70.5,,
lifetime_median,Trophy,all,112,40.142857142857146,26.1,32.0,37.0,46.0,54.900000000000006,,
lifetime_median,Autarky,win,56,37.107142857142854,25.5,30.0,34.5,40.25,48.0,,
lifetime_median,Autarky,loss,56,33.107142857142854,16.5,20.0,25.0,34.0,68.5,,
lifetime_median,Autarky,all,112,35.107142857142854,19.0,23.75,30.5,38.0,59.900000000000006,,
lifetime_median,Default,win,56,63.375,42.0,46.75,57.0,71.0,100.0,,
lifetime_median,Default,loss,56,62.17857142857143,32.5,45.75,63.5,81.25,92.0,,
lifetime_median,Default,all,112,62.776785714285715,37.1,46.0,59.0,75.25,95.0,,
lifetime_median,Queen Of Spades,win,56,27.589285714285715,12.5,17.75,25.0,30.25,42.5,,
lifetime_median,Queen Of Spades,loss,56,61.214285714285715,14.0,19.5,44.5,86.0,125.0,,
lifetime_median,Queen Of Spades,all,112,44.401785714285715,13.100000000000001,18.0,27.5,51.5,95.30000000000004,,
lifetime_median,Schooltime,win,56,38.875,25.5,30.0,37.0,44.0,56.0,,
lifetime_median,Schooltime,loss,56,40.035714285714285,21.5,23.75,27.5,36.0,63.0,,
lifetime_median,Schooltime,all,112,39.455357142857146,23.0,25.75,32.0,42.25,57.900000000000006,,
lifetime_median,Slithery Fight,win,56,8.642857142857142,6.0,8.0,9.0,10.0,11.0,,
lifetime_median,Slithery Fight,loss,56,6.892857142857143,4.0,4.0,7.5,9.0,10.0,,
lifetime_median,Slithery Fight,all,112,7.767857142857143,4.0,5.0,8.0,9.0,11.0,,
lifetime_median,Trauma,win,55,32.25454545454546,25.0,28.0,30.0,35.0,42.0,,
lifetime_median,Trauma,loss,55,94.83636363636364,28.0,36.5,50.0,106.5,280.6,,
lifetime_median,Trauma,all,112,63.00892857142857,26.0,28.75,35.0,50.25,127.30000000000004,,
lifetime_median,ALL,win,559,29.77638640429338,,13.0,28.0,40.0,,8.0,64.10000000000002
lifetime_median,ALL,loss,559,43.22361359570662,,15.0,27.0,48.0,,5.900000000000002,116.10000000000002
lifetime_median,ALL,all,1120,36.49464285714286,,13.0,28.0,43.0,,7.0,90.04999999999995
sprint_share,Portals,win,56,0.002004571444726503,0.0004356833539269773,0.000699903896315051,0.0012389522566778068,0.0031744945620866957,0.004497541089619412,,
sprint_share,Portals,loss,56,0.0017932094390365318,0.0,0.0,0.000952978850053653,0.002243164025674591,0.0056151689169458546,,
sprint_share,Portals,all,112,0.0018988904418815174,0.0,0.0001709986320109439,0.0011629657914488402,0.0024728511381149243,0.005122682086851173,,
sprint_share,Prisoners Dilemma,win,56,0.0004802249184043431,0.0,0.0,0.0,0.0006719590949403362,0.0013275769023205612,,
sprint_share,Prisoners Dilemma,loss,56,0.0024710038087375126,0.0,0.0,0.00031133250311332503,0.003172837091015797,0.0057861530798605345,,
sprint_share,Prisoners Dilemma,all,112,0.0014756143635709276,0.0,0.0,0.0,0.001422455182652155,0.004150305761184424,,
sprint_share,Devil,win,56,0.0018594643688704248,0.0,0.0,0.0014602638836563857,0.0026339797169609575,0.003618556175026574,,
sprint_share,Devil,loss,56,0.005349281902522233,0.0,0.002932572615930439,0.005866401922947878,0.007739490045636111,0.009590641434949063,,
sprint_share,Devil,all,112,0.0036043731356963293,0.0,0.0005302697746633898,0.0028101497716256263,0.00611311803076531,0.008338967149105259,,
sprint_share,Trophy,win,56,0.0021783239918306252,0.0,0.0005233711448953345,0.001948059340754793,0.002985819194377289,0.004383794932262449,,
sprint_share,Trophy,loss,56,0.005158247642290041,0.0,0.001071635071489118,0.005586984145958012,0.007622684124813603,0.010943898677439601,,
sprint_share,Trophy,all,112,0.0036682858170603333,0.0,0.0009056486220252661,0.002905967207854239,0.005872571790540541,0.008333900275647777,,
sprint_share,Autarky,win,56,0.0011638251778551567,0.0,0.0002513031980047624,0.0010159521937879007,0.0014965937843223142,0.0026392338314174847,,
sprint_share,Autarky,loss,56,0.0033412866069207755,0.0,0.0013777677801839706,0.0035524562681240454,0.004867241608904523,0.0056108482646134656,,
sprint_share,Autarky,all,112,0.002252555892387966,0.0,0.00039872786287282693,0.0015037885849404054,0.0036792153043882546,0.005150174609135895,,
sprint_share,Default,win,56,0.002022274182092561,0.00017194420243870246,0.0006951590608836225,0.0015688318032187005,0.0031474704363891517,0.004508093813100816,,
sprint_share,Default,loss,56,0.0021184442043866805,0.0,0.0,0.002052612952695529,0.003879589859913121,0.0050633235912423726,,
sprint_share,Default,all,112,0.002070359193239621,0.0,4.8024588589357754e-05,0.0018058470795785713,0.003511529769404612,0.004892679351618222,,
sprint_share,Queen Of Spades,win,56,0.002084829427657091,0.00013109596224436288,0.0007592295137419156,0.0015316047733805638,0.0028246995544839284,0.004859559896532556,,
sprint_share,Queen Of Spades,loss,56,0.0034450715192765,0.0,0.0,0.0027599819806808142,0.0061210548026184395,0.008708663216346967,,
sprint_share,Queen Of Spades,all,112,0.0027649504734667957,0.0,0.0,0.001680104003942085,0.004546207279302505,0.0071231837527641435,,
sprint_share,Schooltime,win,56,0.0037710237255561747,0.0004014277907123606,0.002283757670896124,0.0038501400414516695,0.004872111997567683,0.006415027060481547,,
sprint_share,Schooltime,loss,56,0.003968023040630152,0.0,0.0,0.003937229460628522,0.0067976474466834415,0.008309338162167161,,
sprint_share,Schooltime,all,112,0.0038695233830931632,0.0,0.0007530998716529046,0.003874385047948868,0.006118502997606417,0.007940662278897573,,
sprint_share,Slithery Fight,win,56,0.0037947192389986245,0.0012246990391515497,0.0031172934402331326,0.003988638566203467,0.00479076119493242,0.005798134708341774,,
sprint_share,Slithery Fight,loss,56,0.0035184147283671137,0.0,7.376008528903686e-05,0.0042395776475087285,0.006162354017060702,0.007169019267731081,,
sprint_share,Slithery Fight,all,112,0.003656566983682869,0.0,0.0017570361751305238,0.004011350543167863,0.005226786403616157,0.006719651805202258,,
sprint_share,Trauma,win,55,0.002204977504014414,0.0004288850605911212,0.0012669495786202423,0.0020134228187919465,0.0028981994266452536,0.004236144038338032,,
sprint_share,Trauma,loss,55,0.002278322676135228,0.0,0.0,0.0016822144058724576,0.0040439976103385095,0.005851492894609501,,
sprint_share,Trauma,all,112,0.002249727375820671,0.0,0.0002516567402063585,0.002043458327953743,0.0032538810738487337,0.005234730148276443,,
sprint_share,ALL,win,559,0.002156336539134735,,0.0004940097429823573,0.0016505054672993605,0.0033827767329149003,,0.0,0.005957265032538444
sprint_share,ALL,loss,559,0.0033460371898905547,,0.0,0.002834008097165992,0.0056108482646134656,,0.0,0.009336989648278754
sprint_share,ALL,all,1120,0.0027510847059900195,,6.663768956398895e-05,0.001997685066350139,0.004446612628840188,,0.0,0.00815760725304422
contact_share_mean,Portals,win,56,0.48523718556719986,0.29280188243346317,0.3415919522203821,0.46449250422348065,0.6480680015551952,0.6969177019122361,,
contact_share_mean,Portals,loss,56,0.5935327644141618,0.4619787570537353,0.5476995848622215,0.622758210770443,0.66540420930802,0.6851507391927867,,
contact_share_mean,Portals,all,112,0.5393849749906808,0.3143856542031299,0.4141963306524331,0.5869549051368034,0.6621453643696109,0.6945650398856676,,
contact_share_mean,Prisoners Dilemma,win,56,0.2608645133438542,0.13356463599281385,0.16749577609273247,0.22744330009551897,0.3222851970546464,0.4265316878779994,,
contact_share_mean,Prisoners Dilemma,loss,56,0.6146993651614778,0.41889995331465923,0.5098354051565377,0.6241434335056263,0.7398782074880678,0.7842133628432127,,
contact_share_mean,Prisoners Dilemma,all,112,0.43778193925266595,0.16266976563261462,0.22983524964860474,0.4221592852805967,0.6207964543709936,0.760067217522461,,
contact_share_mean,Devil,win,56,0.21727505190427213,0.13457335989514474,0.15888157833894373,0.19192421196733994,0.24018173917433616,0.30010091834534536,,
contact_share_mean,Devil,loss,56,0.5726269347629065,0.46822394377774135,0.5172041779904681,0.580617664515481,0.6702943147676073,0.7530988099576914,,
contact_share_mean,Devil,all,112,0.3949509933335893,0.14828390719110227,0.1923202452750546,0.3234100665468126,0.5819633163047595,0.6832016351087284,,
contact_share_mean,Trophy,win,56,0.3251508253724399,0.20168185996486943,0.22239748565952333,0.29540117474383165,0.37679884923930745,0.48771824536852537,,
contact_share_mean,Trophy,loss,56,0.7293024912814561,0.6427466569345491,0.6885089842469179,0.7225678451851779,0.7786410362277415,0.8230125657446103,,
contact_share_mean,Trophy,all,112,0.527226658326948,0.2172592689479157,0.29761204771062866,0.6306882522513408,0.72551501362327,0.7812008871925881,,
contact_share_mean,Autarky,win,56,0.34388531984683,0.21909657355459838,0.24368302783696955,0.3077693550503664,0.4062886665954527,0.5253636344292775,,
contact_share_mean,Autarky,loss,56,0.6697422874948831,0.5130722487172454,0.6212712178036192,0.6804711931858989,0.7350459940294333,0.7916729154720129,,
contact_share_mean,Autarky,all,112,0.5068138036708565,0.23845807606649483,0.3079421362240754,0.523623134807681,0.6853713601118967,0.756433367815813,,
contact_share_mean,Default,win,56,0.30542101880434236,0.15895803874218195,0.1960029335045942,0.29723335900754577,0.39095402149717756,0.46680469387300666,,
contact_share_mean,Default,loss,56,0.5870967715469391,0.4303477606328002,0.5061275833741271,0.6109088280140912,0.6572466893185455,0.7150302621695921,,
contact_share_mean,Default,all,112,0.44625889517564066,0.18950980888101612,0.30122654533328364,0.45951784223183934,0.6114310919343815,0.6737134415584417,,
contact_share_mean,Queen Of Spades,win,56,0.21910679261762558,0.09871241355605932,0.1379532335994093,0.20247743369885934,0.2838745800394113,0.3763542018485937,,
contact_share_mean,Queen Of Spades,loss,56,0.48489246964755583,0.356866082787253,0.41470490640895075,0.5023392857142855,0.5709285714285712,0.6279667919799495,,
contact_share_mean,Queen Of Spades,all,112,0.3519996311325907,0.11839578524172152,0.1879038612823714,0.3605564004755606,0.5033446067821067,0.5820573772106037,,
contact_share_mean,Schooltime,win,56,0.28763299486117966,0.10888433524184063,0.18263896627311416,0.29017588278504364,0.39479810342810284,0.447195455814563,,
contact_share_mean,Schooltime,loss,56,0.5410113666071444,0.38411970676636237,0.4497170165810543,0.5712723556435974,0.6151843985994543,0.6838706199172595,,
contact_share_mean,Schooltime,all,112,0.4143221807341621,0.17264194447392908,0.28942489184419007,0.4205726436609696,0.5757737040428677,0.6417836842688361,,
contact_share_mean,Slithery Fight,win,56,0.2843671750763704,0.21545906921640062,0.24047348319502884,0.2808895490218497,0.3195471256335372,0.3525597548493882,,
contact_share_mean,Slithery Fight,loss,56,0.31114232510441137,0.23152435658004078,0.259191013656219,0.3076154112690649,0.3540751052582953,0.3948581730518058,,
contact_share_mean,Slithery Fight,all,112,0.2977547500903909,0.2200228292840153,0.2531760698078364,0.29399347289909056,0.3406317554896863,0.38165099233729965,,
contact_share_mean,Trauma,win,55,0.13449283778911347,0.07078282222338894,0.09377461406622503,0.13620717201221227,0.16221754228900498,0.2087613958626887,,
contact_share_mean,Trauma,loss,55,0.25455265937805527,0.15294690798865368,0.19468867245568316,0.24137841325341308,0.30635293302328864,0.3577243112443112,,
contact_share_mean,Trauma,all,112,0.19363799558124598,0.08947781467277705,0.12487382750697291,0.17096987077845616,0.242048668442809,0.3168928138528144,,
contact_share_mean,ALL,win,559,0.28661501826918,,0.1794820836954993,0.25770808877107504,0.36271934932509975,,0.10106394034008827,0.60515183373934
contact_share_mean,ALL,loss,559,0.5363631766063783,,0.40577204394261773,0.5673076923076923,0.6742895021645023,,0.2207235020592261,0.7852700894226432
contact_share_mean,ALL,all,1120,0.41101318222887706,,0.2357121348304132,0.38031747094832474,0.5957372245011077,,0.12144037012403251,0.7523875695174552
rays_per_dt,Portals,win,56,3.7983943571658836,3.41333805731787,3.9152978311178193,3.9569312870059754,4.011638830983079,4.016749973633779,,
rays_per_dt,Portals,loss,56,3.0360710788651994,0.0,3.4079356158260947,4.009285115778874,4.011597099959985,4.014932395266985,,
rays_per_dt,Portals,all,112,3.4172327180155415,0.0,3.7907042737018615,3.9939958207523434,4.011597099959985,4.01644858256856,,
rays_per_dt,Prisoners Dilemma,win,56,3.553148567192981,1.9696897996977372,3.797940011902011,4.016549065384675,4.031111451051858,4.059354203204959,,
rays_per_dt,Prisoners Dilemma,loss,56,2.795190392824002,0.0,1.3877840909090908,3.9333872707659117,4.0005263157894735,4.0097082834397515,,
rays_per_dt,Prisoners Dilemma,all,112,3.174169480008492,0.0,3.4067516010355634,4.0,4.017294668484842,4.036203788190232,,
rays_per_dt,Devil,win,56,2.947478735908404,0.0,1.839817778872199,4.010097546489433,4.029850102847699,4.04125893775422,,
rays_per_dt,Devil,loss,56,3.6479573829833263,2.270586276454551,3.87577613835799,4.014944298819472,4.033122579175211,4.042049244665008,,
rays_per_dt,Devil,all,112,3.2977180594458653,0.0,3.694004198503661,4.014203665290285,4.031343385469306,4.041334063380987,,
rays_per_dt,Trophy,win,56,3.1869577220323686,0.0,3.066257388281132,3.996616945146357,4.032742601067557,4.044276278668393,,
rays_per_dt,Trophy,loss,56,3.548204020486535,2.211973069324289,4.012158750990198,4.021076375835044,4.030908141933287,4.044838196830606,,
rays_per_dt,Trophy,all,112,3.367580871259452,0.0,3.750712796003316,4.017347378103426,4.031320430907925,4.045096671624186,,
rays_per_dt,Autarky,win,56,2.964087170307675,0.0,2.4930747104776017,4.001482906610198,4.009443713304389,4.019695341175291,,
rays_per_dt,Autarky,loss,56,3.4543398987126075,1.485039306371283,3.7112091450144242,4.003835543932324,4.012033964198324,4.013567199435531,,
rays_per_dt,Autarky,all,112,3.209213534510141,0.0,3.416191052523631,4.002777646988681,4.011498743833013,4.015195361569387,,
rays_per_dt,Default,win,56,3.480384977689867,2.6361128223037964,3.6232172133224942,3.990436346943586,4.0081582616348115,4.014893104823454,,
rays_per_dt,Default,loss,56,3.016117306475153,0.0,2.2536744275375793,4.006963278941488,4.01209648211592,4.014397835271829,,
rays_per_dt,Default,all,112,3.24825114208251,0.0,3.4155398546400697,4.003729812604679,4.010757027755739,4.0144553847574835,,
rays_per_dt,Queen Of Spades,win,56,3.6416339140206064,2.704049911304428,3.7948030529912264,4.004468401998283,4.0205368706755005,4.036603481462883,,
rays_per_dt,Queen Of Spades,loss,56,2.9693460161749465,0.0,2.1754530396868006,3.996923076923077,4.009605203196962,4.013912044270176,,
rays_per_dt,Queen Of Spades,all,112,3.3054899650977765,0.0,3.632247757375094,4.003462634975407,4.012636335722963,4.02405985391415,,
rays_per_dt,Schooltime,win,56,3.5390384491321774,2.970856913477041,3.8006637713964793,3.9904441011516183,4.007845832713113,4.010092809629809,,
rays_per_dt,Schooltime,loss,56,3.1846938739564554,0.0,3.201135861375517,4.00607500345957,4.0128096396000785,4.016124457370209,,
rays_per_dt,Schooltime,all,112,3.361866161544316,0.0,3.669554912698393,3.9945416811885215,4.009979048271781,4.014117278778525,,
rays_per_dt,Slithery Fight,win,56,3.483036734351848,3.1555910676692838,3.2668299475406295,3.9725239552445,4.004406252935854,4.006457633064934,,
rays_per_dt,Slithery Fight,loss,56,3.3130583061284953,0.0,3.953481566287429,4.005086827194563,4.013714383529483,4.018257279367367,,
rays_per_dt,Slithery Fight,all,112,3.3980475202401714,0.0,3.7952947666451733,3.990229058114192,4.00782107385626,4.015894250748332,,
rays_per_dt,Trauma,win,55,3.515514611909623,2.724426115697239,3.5355605407735666,3.923942568878541,4.003125510986473,4.006097103781312,,
rays_per_dt,Trauma,loss,55,3.116699688153451,0.0,3.2496605423933085,4.0042194092827,4.008686660515647,4.009850694874828,,
rays_per_dt,Trauma,all,112,3.3274420339764057,0.0,3.6738558865849718,3.9880115750310043,4.005988129214069,4.009440607937688,,
rays_per_dt,ALL,win,559,3.410780498769107,,3.6300576730708443,4.001279385894771,4.012830195428203,,0.0,4.040572309471048
rays_per_dt,ALL,loss,559,3.2083314245767727,,3.3122227867982357,4.00478787072749,4.012908432919367,,0.0,4.032435942435942
rays_per_dt,ALL,all,1120,3.310701148618067,,3.509988292407313,4.003103542007392,4.012854417180637,,0.0,4.0377400966758135
rays_per_dt_0_100,Portals,win,56,3.8350074419747275,3.4054635991981552,3.9133793107546753,4.0097001615291425,4.074201371517557,4.087569087249609,,
rays_per_dt_0_100,Portals,loss,56,3.0722637699307884,0.0,3.435801548049647,4.056384781719362,4.066074397833626,4.076923076923077,,
rays_per_dt_0_100,Portals,all,112,3.4536356059527584,0.0,3.8003131468784925,4.041776816470399,4.067662498645617,4.085751122089346,,
rays_per_dt_0_100,Prisoners Dilemma,win,56,3.534494322035472,1.4200487496722212,3.7638322989746356,4.028869348891312,4.038178415470992,4.059354203204959,,
rays_per_dt_0_100,Prisoners Dilemma,loss,56,2.7107406431577252,0.0,1.1472901853199708,3.9333872707659117,4.008034661101534,4.022511763914144,,
rays_per_dt_0_100,Prisoners Dilemma,all,112,3.122617482596599,0.0,3.228032328633933,3.993475570272862,4.0306223473639795,4.040135508155584,,
rays_per_dt_0_100,Devil,win,56,2.939934024196261,0.0,1.4156716417910447,4.052572340036399,4.0640737766510115,4.072965180749613,,
rays_per_dt_0_100,Devil,loss,56,3.577281927633049,1.7419215294285642,3.8862757330006237,4.0397132550545045,4.055603948896632,4.061830365627834,,
rays_per_dt_0_100,Devil,all,112,3.258607975914655,0.0,3.5147524738656504,4.045901762702937,4.060220277596956,4.071323987573236,,
rays_per_dt_0_100,Trophy,win,56,3.1331858336237977,0.0,2.6279562501354023,4.000078751036198,4.066646311925604,4.0738736522772925,,
rays_per_dt_0_100,Trophy,loss,56,3.575460440696633,2.2270270396488114,4.035141242937853,4.051621338041071,4.064603195768607,4.071805006587615,,
rays_per_dt_0_100,Trophy,all,112,3.354323137160215,0.0,3.651424597492035,4.049866724970759,4.066015298880062,4.073629355534998,,
rays_per_dt_0_100,Autarky,win,56,2.92102461687706,0.0,1.3517800560654376,4.02372959899475,4.039342835055802,4.046177323460174,,
rays_per_dt_0_100,Autarky,loss,56,3.390197196746255,1.2756124434593228,3.6765767477203646,4.019881059472322,4.033107357564578,4.041655660259316,,
rays_per_dt_0_100,Autarky,all,112,3.1556109068116576,0.0,3.1330798417955563,4.0203082896880735,4.035234887133101,4.045421245421245,,
rays_per_dt_0_100,Default,win,56,3.301830058476742,1.1538618749276175,3.5822221674644634,4.037055889239539,4.048588510293985,4.059160007210238,,
rays_per_dt_0_100,Default,loss,56,2.963994454149915,0.0,1.2818751093365433,4.018984636840093,4.034878165312948,4.04838555023084,,
rays_per_dt_0_100,Default,all,112,3.1329122563133285,0.0,3.0202529462984833,4.026995758813248,4.043703007518797,4.056437838271878,,
rays_per_dt_0_100,Queen Of Spades,win,56,3.4857808759619937,1.5367196402722598,3.7678182725481593,4.029184397163121,4.060082241851965,4.0779274925616384,,
rays_per_dt_0_100,Queen Of Spades,loss,56,2.9388728010062377,0.0,1.4890179772532712,4.0,4.046115546398832,4.061367283620413,,
rays_per_dt_0_100,Queen Of Spades,all,112,3.212326838484116,0.0,3.3311409146258963,4.0158595565605175,4.051805237732012,4.072651896541182,,
rays_per_dt_0_100,Schooltime,win,56,3.5097485910853266,2.4822397630759747,3.8530888074900447,4.048124619015841,4.085891694251531,4.096111128217084,,
rays_per_dt_0_100,Schooltime,loss,56,3.1700911672173935,0.0,2.6948659588805484,4.027340263558566,4.068211784369543,4.08319485986485,,
rays_per_dt_0_100,Schooltime,all,112,3.3399198791513602,0.0,3.5104894761202443,4.040919802796131,4.081900229492762,4.090663986520061,,
rays_per_dt_0_100,Slithery Fight,win,56,3.4291687797840575,2.699188617545937,2.8451964816260293,4.0121914393502145,4.051161735320603,4.05567218427549,,
rays_per_dt_0_100,Slithery Fight,loss,56,3.3243295277535703,0.0,3.9839663334504616,4.050703819349581,4.057678274297661,4.062795416903065,,
rays_per_dt_0_100,Slithery Fight,all,112,3.376749153768814,0.0,3.702987350717366,4.027217277208411,4.054850572320485,4.0614491058656,,
rays_per_dt_0_100,Trauma,win,55,3.25278975062891,0.9375719787273061,2.734438897819895,4.01010101010101,4.0444943775736455,4.0870425321463895,,
rays_per_dt_0_100,Trauma,loss,55,3.041404532629561,0.0,2.3368294196258113,4.0201005025125625,4.037296037296037,4.04538166220707,,
rays_per_dt_0_100,Trauma,all,112,3.1632219403575297,0.0,3.3169049835011424,4.0201005025125625,4.043196544276458,4.053333333333334,,
rays_per_dt_0_100,ALL,win,559,3.334442237476663,,3.6156753636392196,4.028368794326241,4.056697478917547,,0.0,4.087970436643003
rays_per_dt_0_100,ALL,loss,559,3.1767052545240677,,3.157296698307986,4.0201005025125625,4.052990861873795,,0.0,4.074124293785311
rays_per_dt_0_100,ALL,all,1120,3.256992517651103,,3.5176928608154023,4.0249090725790815,4.054919349031132,,0.0,4.083222229821336
rays_per_dt_100_250,Portals,win,56,3.7880251012416717,3.359341600945702,3.894798216489393,3.956027552919049,4.021666037809567,4.029117349913969,,
rays_per_dt_100_250,Portals,loss,56,3.0334901875974927,0.0,3.3475777539500977,4.007643631373198,4.01781389469552,4.024054139019567,,
rays_per_dt_100_250,Portals,all,112,3.410757644419582,0.0,3.7337157472419777,4.002854269335531,4.019253597930049,4.0276213259648825,,
rays_per_dt_100_250,Prisoners Dilemma,win,56,2.4287186878037352,0.0,0.0,3.844443908865966,4.020764991731494,4.035802365506298,,
rays_per_dt_100_250,Prisoners Dilemma,loss,56,2.443645719358646,0.0,0.0,3.805186968023521,4.0,4.014722304709883,,
rays_per_dt_100_250,Prisoners Dilemma,all,112,2.4361822035811906,0.0,0.0,3.8307995537309507,4.009027932707397,4.030908693201141,,
rays_per_dt_100_250,Devil,win,56,2.9331656509407913,0.0,1.8144303797468355,4.00819938059483,4.01764454390576,4.0309817231648175,,
rays_per_dt_100_250,Devil,loss,56,3.6415704185239903,2.4217924935545656,3.8247466216216215,3.979943701618579,4.013372876040072,4.023886041633423,,
rays_per_dt_100_250,Devil,all,112,3.287368034732391,0.0,3.6204191280815814,4.0,4.015977515062197,4.028709207573908,,
rays_per_dt_100_250,Trophy,win,56,2.9073876847504594,0.0,2.624263623430445,3.947764686135434,4.019065713276921,4.029508986846069,,
rays_per_dt_100_250,Trophy,loss,56,3.3443468505813176,0.0,3.88899085575694,3.966546142668874,4.0,4.009426118202519,,
rays_per_dt_100_250,Trophy,all,112,3.1258672676658885,0.0,2.711808431764587,3.956505249393812,4.0092195935762485,4.023652860109609,,
rays_per_dt_100_250,Autarky,win,56,2.8487356513717392,0.0,0.9387247278382582,4.007272487077421,4.015665952097454,4.021209908861518,,
rays_per_dt_100_250,Autarky,loss,56,3.311104991607205,1.3281791548411568,3.6516294810913106,3.9921425757542393,4.008852893493252,4.016154774732442,,
rays_per_dt_100_250,Autarky,all,112,3.079920321489472,0.0,1.7688652211699012,3.9951423473942764,4.012173738070599,4.019559751671534,,
rays_per_dt_100_250,Default,win,56,3.360572597057339,1.6657952495649335,3.5647282658704316,3.999194522754732,4.020574332088927,4.028401414239676,,
rays_per_dt_100_250,Default,loss,56,2.9947610575438866,0.0,1.821610173180904,3.9944895570563475,4.018115358992266,4.027050472166126,,
rays_per_dt_100_250,Default,all,112,3.177666827300613,0.0,3.175172739037392,3.996214372103103,4.019522824180995,4.027661455307757,,
rays_per_dt_100_250,Queen Of Spades,win,56,3.3204633562663948,1.1038011695906433,2.9449281048303684,4.005716258360291,4.024586285421667,4.034206707861699,,
rays_per_dt_100_250,Queen Of Spades,loss,56,2.758099073924154,0.0,0.0,3.994169182689761,4.0127247800373445,4.0232389374557,,
rays_per_dt_100_250,Queen Of Spades,all,112,3.039281215095275,0.0,2.471448575581092,4.0,4.019185436248517,4.028516571059005,,
rays_per_dt_100_250,Schooltime,win,56,3.452797105392166,2.369561557655251,3.7954843081559497,3.990088310947992,4.013997826901035,4.018719510546933,,
rays_per_dt_100_250,Schooltime,loss,56,3.149850653603921,0.0,2.808720863271793,3.9922978248538348,4.017778031192557,4.025133877163952,,
rays_per_dt_100_250,Schooltime,all,112,3.3013238794980433,0.0,3.558316596244497,3.9910352292506888,4.014966916416395,4.0221412183829015,,
rays_per_dt_100_250,Slithery Fight,win,56,3.439268173155164,2.835852659203507,3.0679151456834624,3.9801763659599745,4.009339021788077,4.012113885453862,,
rays_per_dt_100_250,Slithery Fight,loss,56,3.298113437129277,0.0,3.9498905711009282,3.9972835081962494,4.008695609688877,4.01389525687177,,
rays_per_dt_100_250,Slithery Fight,all,112,3.3686908051422213,0.0,3.729760765409396,3.993341464441408,4.009339021788077,4.013255984734493,,
rays_per_dt_100_250,Trauma,win,55,3.4083857597101903,2.148162612258362,3.1912116167221605,3.9210526315789473,4.0262389540796555,4.039486294264353,,
rays_per_dt_100_250,Trauma,loss,55,3.098180332001915,0.0,3.0248295090103587,4.0054274084124835,4.018780933701079,4.030457668576253,,
rays_per_dt_100_250,Trauma,all,112,3.265821502019953,0.0,3.5109944861251794,4.0,4.0214692008879025,4.032372384247817,,
rays_per_dt_100_250,ALL,win,559,3.1883590719694284,,2.951835784159634,3.9922680412371134,4.017985976045656,,0.0,4.0343896596466715
rays_per_dt_100_250,ALL,loss,559,3.10733261555066,,2.5796609742692014,3.9886363636363638,4.011045921406954,,0.0,4.028527775807156
rays_per_dt_100_250,ALL,all,1120,3.1492879700944627,,2.8291481722185665,3.9902178222201803,4.015128798066634,,0.0,4.032299555116165
rays_per_dt_250_500,Portals,win,56,3.7983908930316232,3.463328788128951,3.9147365274236274,3.9599665840032516,3.989908385940728,3.993990715042008,,
rays_per_dt_250_500,Portals,loss,56,3.029193532184436,0.0,3.449322829383709,3.9819348372731254,3.9953438273030732,4.003247640260821,,
rays_per_dt_250_500,Portals,all,112,3.41379221260803,0.0,3.8083174439165726,3.97541864203031,3.9916884385352116,4.000647016534867,,
rays_per_dt_250_500,Prisoners Dilemma,win,56,1.3628216850267159,0.0,0.0,0.0,3.9802304820646,3.99880810488677,,
rays_per_dt_250_500,Prisoners Dilemma,loss,56,1.4664304901350806,0.0,0.0,0.0,3.9729887543252596,4.0,,
rays_per_dt_250_500,Prisoners Dilemma,all,112,1.414626087580898,0.0,0.0,0.0,3.9796648895658797,4.0,,
rays_per_dt_250_500,Devil,win,56,1.5973601695847925,0.0,0.0,0.0,3.986300111782815,4.006370996535161,,
rays_per_dt_250_500,Devil,loss,56,1.839423587643292,0.0,0.0,0.9147727272727273,3.9809354634266922,4.00030959752322,,
rays_per_dt_250_500,Devil,all,112,1.7183918786140424,0.0,0.0,0.0,3.9838476548694772,4.005489444811558,,
rays_per_dt_250_500,Trophy,win,56,1.295519434642944,0.0,0.0,0.0,3.702332136125121,4.005902804193839,,
rays_per_dt_250_500,Trophy,loss,56,1.2016681166017371,0.0,0.0,0.0,3.825396825396825,3.9855858314180317,,
rays_per_dt_250_500,Trophy,all,112,1.2485937756223404,0.0,0.0,0.0,3.728789414641147,3.9920025976754623,,
rays_per_dt_250_500,Autarky,win,56,2.4953233241015766,0.0,0.0,3.757491166922078,3.991929549669268,3.9953847829688844,,
rays_per_dt_250_500,Autarky,loss,56,3.0235341934544,0.0,2.393789086929331,3.966759520193612,3.994554127241795,4.000497017892644,,
rays_per_dt_250_500,Autarky,all,112,2.759428758777989,0.0,0.0,3.917110016420361,3.993662435701908,4.0,,
rays_per_dt_250_500,Default,win,56,3.4031480988830936,1.506072607260726,3.5782253662305954,3.9701616768641452,3.9910275008332556,3.996965840928305,,
rays_per_dt_250_500,Default,loss,56,2.838932991081932,0.0,1.679726368159204,3.96893347647429,3.992523177482825,4.0,,
rays_per_dt_250_500,Default,all,112,3.1210405449825127,0.0,3.170435911208706,3.9701616768641452,3.9922375424171443,4.0,,
rays_per_dt_250_500,Queen Of Spades,win,56,2.6329553063535434,0.0,0.0,3.855800765907306,3.990001308636648,4.0035346380778165,,
rays_per_dt_250_500,Queen Of Spades,loss,56,2.2487345201992706,0.0,0.0,3.6405204296067115,3.9821700202175796,4.0,,
rays_per_dt_250_500,Queen Of Spades,all,112,2.4408449132764067,0.0,0.0,3.838680221940467,3.9895397952764315,4.0,,
rays_per_dt_250_500,Schooltime,win,56,3.456521415507139,1.7162236987818382,3.6259121516827792,3.9804458656026203,3.98752234759238,3.990484426475681,,
rays_per_dt_250_500,Schooltime,loss,56,3.133264411290141,0.0,3.544601617999473,3.973220197343442,3.9901210043582838,4.007179917311817,,
rays_per_dt_250_500,Schooltime,all,112,3.29489291339864,0.0,3.5954626743629694,3.9754461216970496,3.9877664676973503,3.997526148286164,,
rays_per_dt_250_500,Slithery Fight,win,56,3.5383898876624573,3.479453421586323,3.6356059881531024,3.9596382883398533,3.9843431948345676,3.9861936669474463,,
rays_per_dt_250_500,Slithery Fight,loss,56,3.321344876380414,0.0,3.9411703904879465,3.98394530394512,4.003459886535372,4.009533906615522,,
rays_per_dt_250_500,Slithery Fight,all,112,3.4298673820214356,0.0,3.879410604156434,3.9744038847165477,3.9875824846980095,4.00651496548572,,
rays_per_dt_250_500,Trauma,win,55,3.5951005810724026,3.164875086066983,3.698806490073861,3.914746543778802,3.9811481575914325,3.9902482281912337,,
rays_per_dt_250_500,Trauma,loss,55,3.1372784685037365,0.0,3.492712454631658,3.9869646182495346,3.9990138067061145,4.00598524526205,,
rays_per_dt_250_500,Trauma,all,112,3.376377374581397,0.0,3.727758157465657,3.973779960248906,3.990741389045737,4.0,,
rays_per_dt_250_500,ALL,win,559,2.7159832271689437,,0.0,3.904679040989946,3.9877883254513447,,0.0,4.0056228120276725
rays_per_dt_250_500,ALL,loss,559,2.522883384669168,,0.0,3.9159663865546217,3.992244969333729,,0.0,4.007830491908246
rays_per_dt_250_500,ALL,all,1120,2.621785584146369,,0.0,3.9105231410899135,3.989302273973424,,0.0,4.006673551656002
rays_toward_com_share,Portals,win,55,0.46940523677861185,0.4611115543825301,0.46753941803164867,0.47005588720945,0.47300665049872925,0.47471197411447785,,
rays_toward_com_share,Portals,loss,43,0.4714266842841564,0.46582955899926887,0.46891289667804226,0.47233754948344114,0.4739569518943793,0.4762685714327629,,
rays_toward_com_share,Portals,all,98,0.4702921984392079,0.4630270577947674,0.46810605566647545,0.4709882154869851,0.4734442746937499,0.47517878536812136,,
rays_toward_com_share,Prisoners Dilemma,win,51,0.47869319011134864,0.46238745280278826,0.46691640650839894,0.4715322183964584,0.47929448464389757,0.5,,
rays_toward_com_share,Prisoners Dilemma,loss,47,0.3854672054356914,0.2514313511601167,0.32382246376811596,0.4172222222222222,0.45694284107499294,0.46718018074037226,,
rays_toward_com_share,Prisoners Dilemma,all,98,0.4339827688893497,0.3023644993114302,0.418094028770129,0.46466204380822784,0.47277099779875936,0.4850247021585338,,
rays_toward_com_share,Devil,win,42,0.46486516901994385,0.45073948639951783,0.4555939243114362,0.46831900395361636,0.47437336926968227,0.4775875410818184,,
rays_toward_com_share,Devil,loss,56,0.4411821166877047,0.41422979689844286,0.4320083432736824,0.4446217144324894,0.4564348872086484,0.47299022128881874,,
rays_toward_com_share,Devil,all,98,0.4513319962586643,0.42320361111783644,0.44154768766419195,0.4552432490419629,0.4712139378127655,0.4759951407612604,,
rays_toward_com_share,Trophy,win,47,0.4695871475536809,0.461764770152825,0.46528810239254204,0.47025602409638556,0.4739037126169854,0.47839159500573075,,
rays_toward_com_share,Trophy,loss,51,0.44979799167576084,0.4242622950819672,0.4393491402556031,0.4536538854457536,0.4621166126279693,0.4689265536723164,,
rays_toward_com_share,Trophy,all,98,0.4592887092906817,0.43602359972329013,0.45148951386166253,0.46397870104174965,0.470732343540732,0.4749906480998348,,
rays_toward_com_share,Autarky,win,43,0.4750710773752516,0.4688191773750079,0.4706135482319442,0.475253063399041,0.47795282893393537,0.4818829086086835,,
rays_toward_com_share,Autarky,loss,55,0.4646167712834929,0.4498094973578886,0.4580266601243049,0.4688381937911571,0.47527356346042116,0.48073512040202304,,
rays_toward_com_share,Autarky,all,98,0.46920386477273396,0.454112446696284,0.4640208377990475,0.4720887462437554,0.47756360143247195,0.4810081253382201,,
rays_toward_com_share,Default,win,52,0.481911218719451,0.47727133906625735,0.4795795878800915,0.48310460654101406,0.4850783930660838,0.48666539106805534,,
rays_toward_com_share,Default,loss,46,0.45760879513841746,0.41737605585346177,0.45484094529422514,0.47008554113629764,0.47922133619445606,0.48293593001500756,,
rays_toward_com_share,Default,all,98,0.4705039586712107,0.4519760957179588,0.47001026785958977,0.47959731773845937,0.4837827246865626,0.4856474443652623,,
rays_toward_com_share,Queen Of Spades,win,54,0.4773092234795751,0.4644725844706163,0.47317137749605537,0.47767115409995853,0.482473053741361,0.48898438149749496,,
rays_toward_com_share,Queen Of Spades,loss,44,0.4351989866041206,0.3923816348719976,0.43003339012464964,0.45589642304108224,0.4706263033288882,0.4757987133211078,,
rays_toward_com_share,Queen Of Spades,all,98,0.4584025865150853,0.4258169876508639,0.45743600568452286,0.4732874483122424,0.47902242702737813,0.4839277602880971,,
rays_toward_com_share,Schooltime,win,52,0.4830694350108698,0.4767489077201438,0.47995975051691053,0.4842374290296206,0.4858278293060999,0.4881489125559781,,
rays_toward_com_share,Schooltime,loss,46,0.4704477614327462,0.45509293477719664,0.4656088057083632,0.47407401344022787,0.4812374300566038,0.48402885818120756,,
rays_toward_com_share,Schooltime,all,98,0.47714497598440364,0.46258646015026894,0.47493315032929745,0.4812336258916088,0.4845447312921327,0.48719917841053073,,
rays_toward_com_share,Slithery Fight,win,51,0.4713488220753615,0.46430719230227885,0.4692106170414852,0.47244335153308603,0.4743165091780006,0.47668892685199565,,
rays_toward_com_share,Slithery Fight,loss,47,0.47021836843604825,0.46414654854817244,0.46668440145779505,0.4710458911419424,0.47309464982344973,0.4761932744836455,,
rays_toward_com_share,Slithery Fight,all,98,0.4708066657381399,0.4639327475928134,0.4685992259024775,0.47171661701622414,0.4737813069234196,0.47657469714867745,,
rays_toward_com_share,Trauma,win,52,0.47083164936557154,0.45220800261105565,0.4657753779396882,0.47452611814365064,0.47756730445289725,0.4791057126502631,,
rays_toward_com_share,Trauma,loss,44,0.46651980314874364,0.4539940347340827,0.4629156317334446,0.46840331126778767,0.4733591513066287,0.47811073310755575,,
rays_toward_com_share,Trauma,all,98,0.4687935583265474,0.4530438358898069,0.4639543191353042,0.46955029835332984,0.47637866709280996,0.4788734461439953,,
rays_toward_com_share,ALL,win,499,0.4744075307299114,,0.4687532922479768,0.47427973756774744,0.4799812306545146,,0.4570649956842773,0.4876982095509744
rays_toward_com_share,ALL,loss,479,0.45105347866003637,,0.44755162503494783,0.46534749034749034,0.47306926732612664,,0.3712837004513949,0.48237167505743317
rays_toward_com_share,ALL,all,980,0.46297512828860243,,0.46081525055842565,0.47083200987561735,0.47751068313490613,,0.4187896983880428,0.48589498600833275
rays_away_com_share,Portals,win,55,0.4760723724275757,0.47249076677793433,0.47413433081829104,0.4762481981391692,0.47812653599066446,0.4796567299522498,,
rays_away_com_share,Portals,loss,43,0.4770439021203181,0.47492919701266223,0.47567241197198645,0.4769906928645295,0.4784253720890397,0.4794308779439696,,
rays_away_com_share,Portals,all,98,0.476498655864187,0.4732923693280064,0.47503415376434494,0.47631960329775763,0.4782961810021011,0.4795193347658455,,
rays_away_com_share,Prisoners Dilemma,win,51,0.46958489615224325,0.44,0.47063648917889184,0.4763895720609936,0.47952761824879775,0.48148464163822524,,
rays_away_com_share,Prisoners Dilemma,loss,47,0.37793038353613917,0.23204062788550323,0.3174876442939103,0.4166666666666667,0.45489764549710054,0.475052733948589,,
rays_away_com_share,Prisoners Dilemma,all,98,0.42562814010166283,0.30842244787922357,0.41220238095238093,0.4631596573852525,0.47702161624674433,0.47977218523360887,,
rays_away_com_share,Devil,win,42,0.47303715609580216,0.47063647326812275,0.47217278877316704,0.47434323387368865,0.4759126666676311,0.4768707120634031,,
rays_away_com_share,Devil,loss,56,0.44909848434640526,0.4155021312448942,0.4478836397977023,0.4599383721141026,0.4656445959284774,0.47318644628231843,,
rays_away_com_share,Devil,all,98,0.4593579150961467,0.43639430107413757,0.45548218316683453,0.4675675844450149,0.47446929059454596,0.47639368209411936,,
rays_away_com_share,Trophy,win,47,0.47909747126553337,0.476098345240722,0.47868693402745577,0.4798716864072194,0.48125548784059347,0.4822722149058508,,
rays_away_com_share,Trophy,loss,51,0.4688867082435438,0.45739549839228294,0.46532486116687877,0.4724152910512598,0.4752004891371848,0.48015478164731895,,
rays_away_com_share,Trophy,all,98,0.47378370683572235,0.46128343690025747,0.47138776229472856,0.47775414088388557,0.4802374710967045,0.48185169675743983,,
rays_away_com_share,Autarky,win,43,0.4807017091838601,0.4793905493891846,0.4800960265798535,0.4808345176061898,0.4821375480776374,0.483322351337504,,
rays_away_com_share,Autarky,loss,55,0.47102940927820447,0.45501632656437796,0.46556967370211544,0.47640341221794164,0.4808837047464003,0.4827805461243497,,
rays_away_com_share,Autarky,all,98,0.4752733776041555,0.46072851553567196,0.47447541285252337,0.48011669341633134,0.48168562148206784,0.4832339065093681,,
rays_away_com_share,Default,win,52,0.4843711357279839,0.4824259144551467,0.4829628058195694,0.48394909345911863,0.4845749765384077,0.48657654295342684,,
rays_away_com_share,Default,loss,46,0.46872016052104,0.43167520603456877,0.4654934837352943,0.48067289139268,0.4832201331593653,0.48557798218373116,,
rays_away_com_share,Default,all,98,0.47702475961043883,0.4619128212395648,0.48083617277761986,0.4832282273873349,0.48453835830346664,0.4862734342630508,,
rays_away_com_share,Queen Of Spades,win,54,0.4828740852191495,0.4796680846793605,0.4810519251831182,0.4820551153944481,0.48364569107141947,0.4877751762225785,,
rays_away_com_share,Queen Of Spades,loss,44,0.445468123441821,0.4040500385609944,0.438527976648611,0.4703456287236703,0.47920733807992655,0.48259561843838117,,
rays_away_com_share,Queen Of Spades,all,98,0.466079571768104,0.43846153846153846,0.47103319397561944,0.4808280468397421,0.4826093244626889,0.48505379744084365,,
rays_away_com_share,Schooltime,win,52,0.4899372688185592,0.4879366462578089,0.4888489848001792,0.4896152700034201,0.4905572791590287,0.4917605025201798,,
rays_away_com_share,Schooltime,loss,46,0.48316424422702337,0.4651579533910512,0.4845270435827159,0.48744823248457436,0.4901042983909303,0.49186397489173106,,
rays_away_com_share,Schooltime,all,98,0.48675809401028736,0.4836135943308812,0.48728508637417467,0.489236814544881,0.49026424974683824,0.4918472956985967,,
rays_away_com_share,Slithery Fight,win,51,0.48589161676342985,0.48291050440462774,0.4844361718826332,0.48626807379092574,0.4877920191491072,0.48863923783829355,,
rays_away_com_share,Slithery Fight,loss,47,0.4877539693992173,0.4854311457725897,0.4867494276081246,0.48798834926866336,0.4888153688860071,0.4895621625810509,,
rays_away_com_share,Slithery Fight,all,98,0.48678478588467483,0.4837138739780954,0.48556046011413806,0.48717501885765374,0.48851616208836274,0.48952441490537757,,
rays_away_com_share,Trauma,win,52,0.48545513646945193,0.48121966102166214,0.4826826815924475,0.4842462389151192,0.48555250672197436,0.498734846221062,,
rays_away_com_share,Trauma,loss,44,0.47868770408420674,0.46932671263506714,0.47845342312670835,0.4814633111687452,0.4835933409871854,0.4852696799426694,,
rays_away_com_share,Trauma,all,98,0.48237732221778234,0.47689473829166545,0.4809954171541463,0.4832121998437573,0.4849544936543126,0.48642042592878093,,
rays_away_com_share,ALL,win,499,0.4808647346238308,,0.4776730264706611,0.4817696754112939,0.48492196837128865,,0.4706924046400371,0.49059893260945897
rays_away_com_share,ALL,loss,479,0.46058235107058926,,0.46134481605512273,0.4761472058155384,0.4831348042156852,,0.3632442685812189,0.489850094919004
rays_away_com_share,ALL,all,980,0.4709566328993162,,0.47317086598041597,0.48007910011602767,0.4844033083499092,,0.4222486725225339,0.4901469002473303
rays_side_com_share,Portals,win,55,0.053020865957305714,0.047882146722796295,0.04952674289656172,0.05243151545614476,0.05460242563603317,0.06015435493686439,,
rays_side_com_share,Portals,loss,43,0.05105435905576843,0.04589848600390896,0.04869865545766948,0.050873869469567345,0.05314535201674585,0.05728807052026553,,
rays_side_com_share,Portals,all,98,0.052158010888263856,0.046705477215826574,0.04928279551121413,0.05153579453537474,0.0540991184978462,0.05849883010078762,,
rays_side_com_share,Prisoners Dilemma,win,51,0.051721913736407936,0.0394619831036016,0.04629717861823101,0.05207820954254796,0.05791800675216567,0.06502607561929596,,
rays_side_com_share,Prisoners Dilemma,loss,47,0.05717603654275241,0.0348943661971831,0.04466474121373978,0.055819316332067284,0.07071103238866397,0.09231229044137855,,
rays_side_com_share,Prisoners Dilemma,all,98,0.05433766651087926,0.038948100092678406,0.04512196255764306,0.05399560749356914,0.06058340536271139,0.07539237235847601,,
rays_side_com_share,Devil,win,42,0.06151129482117458,0.047760058477239825,0.05143380584436395,0.05715290073780859,0.07099671643582531,0.07555579796244714,,
rays_side_com_share,Devil,loss,56,0.07716107969222932,0.048751227191660404,0.0629871927363992,0.08269748276924994,0.09317678784949246,0.10430887746016282,,
rays_side_com_share,Devil,all,98,0.07045402903320587,0.04793448881081584,0.05432531136768354,0.06728087817691406,0.08575785028162605,0.09820087197948582,,
rays_side_com_share,Trophy,win,47,0.05131538118078569,0.04116900994854235,0.04447615818908962,0.05133032128514056,0.05681075950038861,0.06113617588151812,,
rays_side_com_share,Trophy,loss,51,0.06440950374849704,0.04783847184986595,0.05465863707111826,0.0625,0.06837933767556559,0.08840749414519906,,
rays_side_com_share,Trophy,all,98,0.05812966945581914,0.04290367348591876,0.04803836541553874,0.05609437117223595,0.06430031403974228,0.0736289940338007,,
rays_side_com_share,Autarky,win,43,0.04422721344088814,0.03894351608965028,0.04128159874467551,0.04334143588853199,0.04742631941609869,0.049473798362222474,,
rays_side_com_share,Autarky,loss,55,0.0493463137540079,0.03761687381265341,0.042529930571861926,0.04801458670988655,0.05468262491622426,0.06346587924449569,,
rays_side_com_share,Autarky,all,98,0.0471001779023329,0.03835995236773617,0.041673389699238415,0.04580670138683396,0.050405415974791284,0.05753388730395931,,
rays_side_com_share,Default,win,52,0.03350796426811745,0.028723363053513036,0.03085899235601245,0.033245266115270525,0.03543854563967567,0.037900258922185806,,
rays_side_com_share,Default,loss,46,0.03982429938248608,0.03154214486585088,0.03471583346430423,0.0395033141653132,0.0444282278188892,0.04931286744391434,,
rays_side_com_share,Default,all,98,0.036472774627923144,0.029652969435709813,0.031878932583062354,0.03501410445772313,0.03951812914270664,0.04523726773134418,,
rays_side_com_share,Queen Of Spades,win,54,0.03981669130127544,0.028794936561750376,0.03657028741681889,0.04039697786351352,0.0444342196144063,0.052631950046753154,,
rays_side_com_share,Queen Of Spades,loss,44,0.045027215671722236,0.024619456248543163,0.03603200337759302,0.046867601698437136,0.05260599975350139,0.06475265238714845,,
rays_side_com_share,Queen Of Spades,all,98,0.04215611040637401,0.025989581755958693,0.03645080822311017,0.041656980502233265,0.04974467620727649,0.05933959775432025,,
rays_side_com_share,Schooltime,win,52,0.02699329617057089,0.02201436017509566,0.02401998606406477,0.02640515381893837,0.029695742086569284,0.03243698454818712,,
rays_side_com_share,Schooltime,loss,46,0.03463304487706465,0.024372884501485212,0.027294605320548723,0.032441552930558365,0.03887691310941173,0.04953350516353197,,
rays_side_com_share,Schooltime,all,98,0.030579300665455722,0.022399800048621,0.025424124330660786,0.028338456964898222,0.033571018281791376,0.040409006395406614,,
rays_side_com_share,Slithery Fight,win,51,0.04275956116120866,0.0359221015102082,0.038436541865387225,0.04191732222736388,0.045653713434793165,0.051473529803973864,,
rays_side_com_share,Slithery Fight,loss,47,0.04202766216473447,0.03645091774033768,0.03813805342187788,0.04095866091808268,0.04505122158521867,0.049212104814657195,,
rays_side_com_share,Slithery Fight,all,98,0.04240854837718532,0.03635795668331837,0.03833484487658663,0.04131063425837481,0.045226693566230144,0.05112983868844728,,
rays_side_com_share,Trauma,win,52,0.043713214164976526,0.03608164268911329,0.039009234056965505,0.042837946380094895,0.046560404811099534,0.053194899002988474,,
rays_side_com_share,Trauma,loss,44,0.050781365489625085,0.038941675740706186,0.04476990115883638,0.0500041327738692,0.054869768290669356,0.06031042283630505,,
rays_side_com_share,Trauma,all,98,0.04702820516784693,0.03683434649371591,0.040122074545446904,0.04615844340881503,0.05200297089769887,0.05560166539105639,,
rays_side_com_share,ALL,win,499,0.04449103072752336,,0.03640230971863628,0.04355291158831495,0.05216728790565167,,0.0254220705655316,0.06632246834950896
rays_side_com_share,ALL,loss,479,0.05181310876011934,,0.040055060518087604,0.04918032786885246,0.059390519959716614,,0.028265947835657133,0.09165372670807448
rays_side_com_share,ALL,all,980,0.04808244930352862,,0.038104466482104096,0.046435181905093104,0.05452981778005935,,0.025910303806953226,0.07975963490768417
rays_toward_enemy_share,Portals,win,55,0.44652160935411933,0.43868585660450765,0.44081949327632786,0.4440470417070805,0.4475568634505016,0.4558468547171734,,
rays_toward_enemy_share,Portals,loss,43,0.4463170609733396,0.43961440504735017,0.44184100567530876,0.4445031712473573,0.4521728704514358,0.45336496929508496,,
rays_toward_enemy_share,Portals,all,98,0.4464318585339813,0.438799063939996,0.44091979161381545,0.4443971897223049,0.44990149275353963,0.4552158953832036,,
rays_toward_enemy_share,Prisoners Dilemma,win,51,0.45717597682557976,0.43333333333333335,0.4478706579134586,0.4591723549488055,0.46890776424923564,0.4769037581845905,,
rays_toward_enemy_share,Prisoners Dilemma,loss,47,0.429639928941066,0.4155049210863386,0.42531920077972707,0.43130745658835545,0.44527051895472947,0.45558776029690157,,
rays_toward_enemy_share,Prisoners Dilemma,all,98,0.44396991304423133,0.4223246365596153,0.4307822659796344,0.44719331092503045,0.4637401579225214,0.4703891188265317,,
rays_toward_enemy_share,Devil,win,42,0.4535518545118581,0.4444929088232129,0.4482631351875451,0.45231985684192105,0.459333009230683,0.47576021053909195,,
rays_toward_enemy_share,Devil,loss,56,0.4248762229617163,0.3949144689950107,0.41663775078327725,0.42916984908877076,0.4391185461192076,0.44895047661131204,,
rays_toward_enemy_share,Devil,all,98,0.4371657793403485,0.4114580666160356,0.42716030748906836,0.44151564451626246,0.45331980094494917,0.4664816871262346,,
rays_toward_enemy_share,Trophy,win,47,0.45828803383041655,0.4460114672321968,0.45295031008034703,0.45748064159292035,0.46413984063690306,0.46980230286141095,,
rays_toward_enemy_share,Trophy,loss,51,0.43481029791830583,0.4269366197183099,0.42963550427214126,0.4335169743895176,0.43912004090112455,0.44675090252707583,,
rays_toward_enemy_share,Trophy,all,98,0.4460700284067672,0.4293021816341177,0.4331371458481298,0.4458111286119227,0.456726672673823,0.4653544892582924,,
rays_toward_enemy_share,Autarky,win,43,0.4576299436366273,0.44377030925727073,0.45193668435260326,0.4588770211735586,0.46435300990657685,0.47052595508652517,,
rays_toward_enemy_share,Autarky,loss,55,0.4418885081421627,0.4286194510959661,0.4379963044407794,0.4409801806660375,0.44804248589018114,0.45327535132175667,,
rays_toward_enemy_share,Autarky,all,98,0.44879546453259106,0.43538629389981054,0.43885975402191796,0.4481797881695224,0.4564278413170626,0.4653304793974785,,
rays_toward_enemy_share,Default,win,52,0.46179477398900787,0.4460814600935025,0.4533687031585669,0.460354109936464,0.46974853434900754,0.47885568433786196,,
rays_toward_enemy_share,Default,loss,46,0.4427982560666294,0.43072322343772884,0.43843049602632006,0.44319625896371784,0.44824342162270836,0.4526646046311019,,
rays_toward_enemy_share,Default,all,98,0.452878041086667,0.4356898159137914,0.4433277664953626,0.4504866203505815,0.4618632324597054,0.47317385092167097,,
rays_toward_enemy_share,Queen Of Spades,win,54,0.47006591884304705,0.4468175105485232,0.4613269798537657,0.4702489238880603,0.47790685659080284,0.48784588553209846,,
rays_toward_enemy_share,Queen Of Spades,loss,44,0.45368027087121,0.43485435752877616,0.4424538085696786,0.4488869480440346,0.45766680682376126,0.47300577231039986,,
rays_toward_enemy_share,Queen Of Spades,all,98,0.4627090973046713,0.44021055977236584,0.447280037285535,0.46136566763871056,0.4740684346907671,0.4838024759194763,,
rays_toward_enemy_share,Schooltime,win,52,0.45985238696918923,0.4467830735566685,0.45021040083104336,0.4603319189898658,0.46585364567018417,0.4779438245094457,,
rays_toward_enemy_share,Schooltime,loss,46,0.44699432753323515,0.4404622813384089,0.4433418191859982,0.44706468259344934,0.45097273600632476,0.45368976749130996,,
rays_toward_enemy_share,Schooltime,all,98,0.4538169713155782,0.44213431553829025,0.4466946562989342,0.451190222974023,0.4606519893313508,0.4676443165826832,,
rays_toward_enemy_share,Slithery Fight,win,51,0.4483568292514008,0.44140142315394776,0.44586619822396145,0.4490065342045606,0.4521011544103394,0.4541805782482063,,
rays_toward_enemy_share,Slithery Fight,loss,47,0.44769729369837974,0.4394986340179677,0.4443670654991333,0.44916217359128874,0.45134387011937116,0.4548992023185942,,
rays_toward_enemy_share,Slithery Fight,all,98,0.44804052138413564,0.4407395590574129,0.44529060571562035,0.4490096266148659,0.4520760692613655,0.45480718469836084,,
rays_toward_enemy_share,Trauma,win,52,0.47048439678041787,0.45762759531547215,0.4645655006582665,0.46948593653296977,0.4760687901770996,0.48761454320696707,,
rays_toward_enemy_share,Trauma,loss,44,0.45739836216921365,0.45153342552558334,0.4543698481084739,0.4597339277972803,0.4633563061094569,0.46731519087535356,,
rays_toward_enemy_share,Trauma,all,98,0.4645909423702621,0.45281691370647636,0.4575849848168607,0.46505931492230707,0.4714355862402693,0.47660820484310146,,
rays_toward_enemy_share,ALL,win,499,0.4584810927860475,,0.4481135619427212,0.45731008513425014,0.4679511063817663,,0.4386567824404085,0.4827544326602462
rays_toward_enemy_share,ALL,loss,479,0.4419972096300388,,0.43440885944758356,0.44373264327190104,0.45134458492043367,,0.41710141422328845,0.463824743693578
rays_toward_enemy_share,ALL,all,980,0.4504468617319233,,0.4412610056853206,0.44976471857384126,0.4607597053551348,,0.4250813378823096,0.4785009375940606
rays_away_enemy_share,Portals,win,55,0.4175120027474127,0.4087328902863503,0.4126758658727343,0.41519209792752393,0.4198422305311444,0.4240837423963787,,
rays_away_enemy_share,Portals,loss,43,0.42151839651099743,0.41333374431621295,0.41705736849529906,0.42013985045693714,0.42610091795193594,0.43184102747239006,,
rays_away_enemy_share,Portals,all,98,0.4192699102151081,0.409961345011684,0.4137022127545296,0.41792247925714976,0.4226198367776578,0.4300875684662175,,
rays_away_enemy_share,Prisoners Dilemma,win,51,0.463136881027323,0.44822406785651175,0.4567838535233767,0.4647327519724743,0.47250998643362596,0.47619047619047616,,
rays_away_enemy_share,Prisoners Dilemma,loss,47,0.4192318452396642,0.39408590993982157,0.401064684140574,0.4189075630252101,0.4293602282717741,0.4384881922496164,,
rays_away_enemy_share,Prisoners Dilemma,all,98,0.44208038427201735,0.3997890025575448,0.4224415643648804,0.44767834296554465,0.46616810775719286,0.47394434082372916,,
rays_away_enemy_share,Devil,win,42,0.44995994376566273,0.43724012580827193,0.443315340248425,0.4484353346166632,0.45956658968675107,0.46779816385881356,,
rays_away_enemy_share,Devil,loss,56,0.4130889118132372,0.3902473972637578,0.4071059782608696,0.4149300435565759,0.42109204558787594,0.4393285650484764,,
rays_away_enemy_share,Devil,all,98,0.4288907826499909,0.40000597084367245,0.4112318681267819,0.4313584255330549,0.4487513543962879,0.4640669474080627,,
rays_away_enemy_share,Trophy,win,47,0.4486825706805365,0.43443793019241994,0.44300608095812166,0.450077101002313,0.4568437593516459,0.46309378434949183,,
rays_away_enemy_share,Trophy,loss,51,0.4038770731592834,0.3928074245939675,0.39818712019994795,0.4051278149726111,0.41005413555688774,0.4156050955414013,,
rays_away_enemy_share,Trophy,all,98,0.42536542401131283,0.3962082283965662,0.40413097714970236,0.41603849924787795,0.449598678685738,0.4577353684573665,,
rays_away_enemy_share,Autarky,win,43,0.45295810963590066,0.43621569309930736,0.4452869953332933,0.45500757084144494,0.4628045794464912,0.46701386699888325,,
rays_away_enemy_share,Autarky,loss,55,0.4228487794867459,0.41133361469779495,0.41830805335566146,0.4232909379968203,0.4304500534106234,0.43497237477449974,,
rays_away_enemy_share,Autarky,all,98,0.43606001618484436,0.4139414881179271,0.4220572907619081,0.4329617429455658,0.45118138288243137,0.4630308608133078,,
rays_away_enemy_share,Default,win,52,0.4541803325432268,0.4335121288602671,0.43929238782800595,0.4548862520048199,0.4674599137860158,0.47568409628248054,,
rays_away_enemy_share,Default,loss,46,0.4261349910918625,0.41173976532309164,0.4216646571578091,0.4284703122472092,0.43254942165728505,0.4363780462911778,,
rays_away_enemy_share,Default,all,98,0.44101619267830067,0.42111135208570327,0.4284197540850995,0.4363780462911778,0.4570899392522516,0.4695323980795387,,
rays_away_enemy_share,Queen Of Spades,win,54,0.46339558775167694,0.4475741445778861,0.45403597075354446,0.46473053845462187,0.4723175196785753,0.4806992299914444,,
rays_away_enemy_share,Queen Of Spades,loss,44,0.4359882314901501,0.4219638667339124,0.4282297437661515,0.43683122944923103,0.44154202788686836,0.4482871682776051,,
rays_away_enemy_share,Queen Of Spades,all,98,0.45109024412405263,0.42609185868691846,0.43597157786478175,0.4489660773174554,0.46830608468366497,0.47421621509761064,,
rays_away_enemy_share,Schooltime,win,52,0.45150349087975233,0.42831997336849686,0.43773777793960145,0.4509374182287886,0.4629058431591738,0.4785492511396302,,
rays_away_enemy_share,Schooltime,loss,46,0.4278195662206787,0.41768650421263953,0.4218783501931439,0.4262881614690338,0.43330214032632974,0.43969357149916977,,
rays_away_enemy_share,Schooltime,all,98,0.4403865466520238,0.4203729432561985,0.4259832768009866,0.4368105049828106,0.45097284706175594,0.46865872105656325,,
rays_away_enemy_share,Slithery Fight,win,51,0.43748719139336445,0.4272089088995751,0.43296436512836706,0.435913002726653,0.44470036106579836,0.44705014144561517,,
rays_away_enemy_share,Slithery Fight,loss,47,0.4361669808620106,0.426128714281482,0.4295603035667216,0.43786172512377103,0.4417069296388959,0.44495984570318464,,
rays_away_enemy_share,Slithery Fight,all,98,0.43685402919975597,0.42674903862936514,0.43057019802564944,0.43698310692591136,0.44279356296973804,0.4465686420318349,,
rays_away_enemy_share,Trauma,win,52,0.4560595947097094,0.4364463503466144,0.4516799498377114,0.4589748989483149,0.4634773812920989,0.47056526887788924,,
rays_away_enemy_share,Trauma,loss,44,0.4471793029160391,0.4369623322596114,0.4401269573853892,0.4448682673721131,0.4503911385940501,0.45954537350437175,,
rays_away_enemy_share,Trauma,all,98,0.45205935965107524,0.43660254397681214,0.443684275289701,0.4522570078164072,0.4611356890177042,0.4692180788004976,,
rays_away_enemy_share,ALL,win,499,0.44928377655418816,,0.4360927711959604,0.450758895247574,0.46391871108997584,,0.41419431229927467,0.4767368920888565
rays_away_enemy_share,ALL,loss,479,0.4247551350551912,,0.4147487238162295,0.4252336448598131,0.4366184731240119,,0.3954326985304904,0.45023912362462115
rays_away_enemy_share,ALL,all,980,0.4373072889638482,,0.4216658482467627,0.43667680801818176,0.45286149158641076,,0.40192935827039533,0.4729473749747669
ray_hit_kelp_share,Portals,win,55,0.74119584554371,0.7167740839951509,0.7304028643701437,0.7422750324330699,0.7541896652885729,0.7613407186323254,,
ray_hit_kelp_share,Portals,loss,43,0.7241972387967934,0.6626138175463714,0.7130197343557559,0.7372292993630574,0.7503356903319349,0.7580614348304987,,
ray_hit_kelp_share,Portals,all,98,0.7337372731955732,0.69273680226318,0.7263306842864992,0.740647445877259,0.7529092656730678,0.7599756288336473,,
ray_hit_kelp_share,Prisoners Dilemma,win,51,0.7400568028615085,0.676978417266187,0.7186322510519025,0.7564858490566038,0.7738444630787213,0.7892277422528283,,
ray_hit_kelp_share,Prisoners Dilemma,loss,47,0.7710321995423699,0.7134353624517559,0.7387889017093412,0.7672222222222222,0.8007858546168959,0.8352673269056103,,
ray_hit_kelp_share,Prisoners Dilemma,all,98,0.7549123502492685,0.6805619912488409,0.729204659796928,0.7628062239360681,0.7829294356722414,0.8172312124873271,,
ray_hit_kelp_share,Devil,win,42,0.5370402464352234,0.5092502340828997,0.5237525959810689,0.5343686620968566,0.5499188831381512,0.5690278729297179,,
ray_hit_kelp_share,Devil,loss,56,0.6126827227132594,0.5159827630563416,0.5364298296778776,0.6225287145982541,0.6687976892059554,0.7175987052429668,,
ray_hit_kelp_share,Devil,all,98,0.5802645185941011,0.5139369220909191,0.5253661006642992,0.5529817562115906,0.6348212581328813,0.6903839262972029,,
ray_hit_kelp_share,Trophy,win,47,0.42746908521863436,0.3735719385950811,0.41092546386758083,0.4299943286544733,0.45311191918765803,0.4726679355468594,,
ray_hit_kelp_share,Trophy,loss,51,0.48378940629287576,0.4054154995331466,0.4513632051493193,0.4904138770541692,0.5241642007412721,0.5521235521235521,,
ray_hit_kelp_share,Trophy,all,98,0.4567786400633926,0.3764404219740762,0.4199092065909369,0.4541950942658787,0.4941093937583801,0.5326209417062632,,
ray_hit_kelp_share,Autarky,win,43,0.6475278192154796,0.610394133239378,0.624556094821818,0.6423015450186468,0.6670731571340263,0.6909308566739727,,
ray_hit_kelp_share,Autarky,loss,55,0.688477093562887,0.6288702725294001,0.6522958079819757,0.6932395466979289,0.7198280554766638,0.7466135508406643,,
ray_hit_kelp_share,Autarky,all,98,0.6705095548186164,0.6179902484057715,0.636264308051614,0.6654776572437959,0.6999824990758303,0.7294059028103319,,
ray_hit_kelp_share,Default,win,52,0.5735594499942471,0.4875930130043675,0.5177775165608063,0.5805821340831292,0.6283350740757975,0.6608920836278667,,
ray_hit_kelp_share,Default,loss,46,0.6131043525937052,0.5033514088356296,0.5767382424913572,0.614283943940107,0.6731627920114444,0.6827047286489714,,
ray_hit_kelp_share,Default,all,98,0.5921213430511357,0.49002126297275583,0.543979102309526,0.5985424255680694,0.6463673352541152,0.6769190016628527,,
ray_hit_kelp_share,Queen Of Spades,win,54,0.7160875147505573,0.6754792287048859,0.6898233736302649,0.7190423371230721,0.7411370520606719,0.7596499176306887,,
ray_hit_kelp_share,Queen Of Spades,loss,44,0.7405623199545324,0.6723038900364199,0.6964761379049591,0.726010722538593,0.762019050967134,0.8250000000000001,,
ray_hit_kelp_share,Queen Of Spades,all,98,0.7270762028013218,0.6745603018222669,0.6898233736302649,0.7223025965938992,0.7473027597596001,0.7714729407760381,,
ray_hit_kelp_share,Schooltime,win,52,0.6418460352261087,0.621495001974371,0.6296000814017042,0.6375875087610634,0.6506090497516872,0.6722883081518017,,
ray_hit_kelp_share,Schooltime,loss,46,0.6725843473925363,0.6253579409359721,0.6481432700439562,0.6624095216885135,0.6948651689695835,0.726168847011568,,
ray_hit_kelp_share,Schooltime,all,98,0.6562742225695339,0.6205127303857068,0.6342534898047494,0.6485450220321884,0.6728200886833632,0.6983291266776045,,
ray_hit_kelp_share,Slithery Fight,win,51,0.6011432006099259,0.569724306550881,0.585277487237862,0.5992170264859281,0.6221619934271314,0.6345419646058765,,
ray_hit_kelp_share,Slithery Fight,loss,47,0.6057238028350179,0.5634283891952899,0.5855386877697268,0.6073373241341992,0.626940301129597,0.6468245724796738,,
ray_hit_kelp_share,Slithery Fight,all,98,0.6033400200444088,0.5671806192992478,0.5851891987040121,0.6023164182172671,0.6241602673728032,0.6406349595303733,,
ray_hit_kelp_share,Trauma,win,52,0.8111158889522442,0.7719546556317991,0.7905075410872728,0.8151774781806571,0.8343996671929853,0.8471662170610441,,
ray_hit_kelp_share,Trauma,loss,44,0.8119405720279513,0.7717747524677289,0.7890600097903733,0.8124458322646568,0.8485016791791148,0.8574672944814791,,
ray_hit_kelp_share,Trauma,all,98,0.8119221648360375,0.7714585751270204,0.7900931471686372,0.8151774781806571,0.8355139551136093,0.8562750839928085,,
ray_hit_kelp_share,ALL,win,499,0.6487079008362192,,0.5809650109097174,0.6516528925619834,0.741036633113439,,0.43394731775030415,0.81815950077358
ray_hit_kelp_share,ALL,loss,479,0.6683706746668762,,0.6023164182172671,0.6734835911986723,0.743521643811605,,0.4845662428430289,0.8343032433983926
ray_hit_kelp_share,ALL,all,980,0.6586936290223389,,0.5926023392069524,0.6643474312479549,0.7424200459853594,,0.4536331750296348,0.8274234252578206
ray_hit_ally_share,Portals,win,55,0.15980080514081865,0.14658698040797144,0.1519638544891891,0.15779534993508793,0.16656194626482795,0.17611128781113525,,
ray_hit_ally_share,Portals,loss,43,0.16584769631431193,0.15017132205076147,0.1534216677880786,0.1627786575709587,0.1790629530147112,0.18776823586475883,,
ray_hit_ally_share,Portals,all,98,0.1624540329006167,0.14740237700459952,0.1522016969884437,0.15956199420490136,0.17071645028861024,0.18227648532118457,,
ray_hit_ally_share,Prisoners Dilemma,win,51,0.13146427444820089,0.09298477829252151,0.10578881063611284,0.12247838616714697,0.14956931367679835,0.18980815347721822,,
ray_hit_ally_share,Prisoners Dilemma,loss,47,0.04509652925476289,0.017412587412587412,0.024303164453189047,0.044366197183098595,0.05927117618128854,0.07807620721745424,,
ray_hit_ally_share,Prisoners Dilemma,all,98,0.09004300889624593,0.02259379044859801,0.044710002220355836,0.09094465754802163,0.12317074743692741,0.16427205968852648,,
ray_hit_ally_share,Devil,win,42,0.24721593582714213,0.21881352081587654,0.23579338363078495,0.24791274136473557,0.25906159327953543,0.2655191019153673,,
ray_hit_ally_share,Devil,loss,56,0.15918674115074735,0.09532011860311883,0.11750521400238145,0.15496804319821736,0.20139368167263866,0.2241189631685273,,
ray_hit_ally_share,Devil,all,98,0.19691353886920226,0.10808547008547009,0.14235999241448832,0.21547735345032495,0.24797418105429025,0.2635961027828412,,
ray_hit_ally_share,Trophy,win,47,0.27641131779192074,0.2259690533059147,0.2564353793761356,0.27711284807034686,0.2970828082203706,0.3251762144785012,,
ray_hit_ally_share,Trophy,loss,51,0.13313695925020583,0.09605568445475637,0.10967992061216174,0.12574493444576879,0.1455055895594112,0.17653068174078868,,
ray_hit_ally_share,Trophy,all,98,0.20185017202021194,0.10639958147063776,0.12476366439057936,0.2110772003660502,0.2770063727784239,0.30768130598135907,,
ray_hit_ally_share,Autarky,win,43,0.17103172572065697,0.13609814183090818,0.15704052894845638,0.17159163644122039,0.18923542777672525,0.20098421517466306,,
ray_hit_ally_share,Autarky,loss,55,0.0957410788003143,0.06270781830324192,0.07451233297787331,0.089818113632102,0.1074443496655633,0.13632150764200893,,
ray_hit_ally_share,Autarky,all,98,0.128776770816383,0.07155173912246136,0.08545080500461535,0.13318043080975245,0.16832861498040202,0.1933075292022038,,
ray_hit_ally_share,Default,win,52,0.19806477277598813,0.12866805729819566,0.1718213186709231,0.1982412099650704,0.22846534672517993,0.2613486622681407,,
ray_hit_ally_share,Default,loss,46,0.10993287854282414,0.07144991728765385,0.08435396924775666,0.10687702435949982,0.1235359984953962,0.15358628688332177,,
ray_hit_ally_share,Default,all,98,0.1566967407889928,0.0822563909338589,0.10602449176313034,0.14429095703838105,0.20273023071585816,0.24187878157638437,,
ray_hit_ally_share,Queen Of Spades,win,54,0.1365809752318359,0.11097837602779634,0.12161304933314177,0.13371645234316235,0.15102081668842343,0.1684544189205663,,
ray_hit_ally_share,Queen Of Spades,loss,44,0.08267185569528233,0.035337994839555804,0.056650470000061744,0.07999060218700893,0.11229931217089006,0.12440496543581839,,
ray_hit_ally_share,Queen Of Spades,all,98,0.11237688074603636,0.05414292751322423,0.08199895771587296,0.11966975450424383,0.1392461038547762,0.1549780584587024,,
ray_hit_ally_share,Schooltime,win,52,0.20056456498701444,0.15171039090368385,0.18336381667173446,0.2031878944475778,0.2194671866423255,0.24040926154048,,
ray_hit_ally_share,Schooltime,loss,46,0.12191921895456499,0.05485793264016117,0.08440710770140514,0.13272329549540726,0.1563801210046687,0.1807007464329205,,
ray_hit_ally_share,Schooltime,all,98,0.16364940256361984,0.07650657526717884,0.1325148016729693,0.17060201293972893,0.20954223235563435,0.2286144697397775,,
ray_hit_ally_share,Slithery Fight,win,51,0.23636681272894727,0.21652007002889748,0.22242592457106547,0.238021846166577,0.24608132510378905,0.25438732722472435,,
ray_hit_ally_share,Slithery Fight,loss,47,0.2357009407918575,0.20262763784398974,0.2160750935877827,0.22905368140454085,0.24979699399670927,0.2831524079196329,,
ray_hit_ally_share,Slithery Fight,all,98,0.2360474659836083,0.20773567664967116,0.2188357054999781,0.23359874027705485,0.2485001316655368,0.2647607965991475,,
ray_hit_ally_share,Trauma,win,52,0.11027194175399185,0.09083416735816523,0.09820142803014784,0.10672201668773315,0.12312976107768786,0.13433044131831687,,
ray_hit_ally_share,Trauma,loss,44,0.09641815584161409,0.06576742809342295,0.07735520703665692,0.0925609939802732,0.11230915965208858,0.127511200513988,,
ray_hit_ally_share,Trauma,all,98,0.10380297887885966,0.07482803167470804,0.08939238613948228,0.10361585574200777,0.11786564986590206,0.1300682555895246,,
ray_hit_ally_share,ALL,win,499,0.1846000688840299,,0.13517699916893208,0.17718214046181854,0.23251619971426624,,0.09741260266778815,0.2819852070339538
ray_hit_ally_share,ALL,loss,479,0.12493588890695105,,0.07978981813201158,0.1164187643020595,0.15896678811068188,,0.03455965785109541,0.2373601304283003
ray_hit_ally_share,ALL,all,980,0.1552610992463777,,0.10491689901167513,0.150230313783219,0.20690306224861046,,0.054250307012927663,0.26940723111087184
ray_hit_ally_head_share,Portals,win,55,0.09900334931547126,0.08882960395452687,0.09326162434174787,0.09803632503832999,0.10389403320243726,0.10761143781163543,,
ray_hit_ally_head_share,Portals,loss,43,0.10995506488889464,0.08880156078136683,0.09326201867372397,0.10057434991163848,0.1287657138512397,0.14878208050736458,,
ray_hit_ally_head_share,Portals,all,98,0.1038086939038101,0.08865301678031284,0.093148220150867,0.09906341495516094,0.10583672975372388,0.13782594779650612,,
ray_hit_ally_head_share,Prisoners Dilemma,win,51,0.08220026169698497,0.05357142857142857,0.06607400982943047,0.07724719101123595,0.08879260084145078,0.11407723794269443,,
ray_hit_ally_head_share,Prisoners Dilemma,loss,47,0.025560073305712465,0.009169884169884172,0.016746607199707438,0.0241773002014775,0.031365011292397854,0.03847497744574307,,
ray_hit_ally_head_share,Prisoners Dilemma,all,98,0.055036089713415504,0.014326373525073747,0.024848509441108047,0.05323748593925759,0.07878345183775158,0.09730417243140005,,
ray_hit_ally_head_share,Devil,win,42,0.18867237011961052,0.1738236516397241,0.18315205180916433,0.19020358045391922,0.19761381913684384,0.20114114143790662,,
ray_hit_ally_head_share,Devil,loss,56,0.13328502253117683,0.0935351125250383,0.1110101182813003,0.12651114829413684,0.15972185949295642,0.18378235529957146,,
ray_hit_ally_head_share,Devil,all,98,0.1570224572119341,0.10197405857609045,0.12500415645236182,0.1689168868503974,0.19008304010404603,0.19849243932584204,,
ray_hit_ally_head_share,Trophy,win,47,0.22228261225007626,0.20120787802852586,0.21180500378371425,0.2249422147509981,0.23782798387417478,0.24914717201306566,,
ray_hit_ally_head_share,Trophy,loss,51,0.12658770744143336,0.09556907037358818,0.10897926626084872,0.1211734693877551,0.1446187612316876,0.16592039800995026,,
ray_hit_ally_head_share,Trophy,all,98,0.1724822026047621,0.10516954441439567,0.11961147385823444,0.16988917074605425,0.22394265485104142,0.23934723803232816,,
ray_hit_ally_head_share,Autarky,win,43,0.11369231780751649,0.08980185072386475,0.09776845116585128,0.1125701296188818,0.12316540306047277,0.14923520907294663,,
ray_hit_ally_head_share,Autarky,loss,55,0.062051330500619596,0.03786826517781591,0.045204073366065134,0.055569493226292024,0.07417883702662877,0.09569361194345208,,
ray_hit_ally_head_share,Autarky,all,98,0.08471013105364578,0.0422489497842336,0.05465109786817871,0.08848420825829978,0.1100198400060565,0.12679197139798368,,
ray_hit_ally_head_share,Default,win,52,0.15190958436848587,0.09463122565551967,0.126347633219729,0.16184139489471386,0.17607120638954274,0.18874418996925613,,
ray_hit_ally_head_share,Default,loss,46,0.09981727208255335,0.0715579271210979,0.08154850239167942,0.09509070618798086,0.11012324882795066,0.1319444167915314,,
ray_hit_ally_head_share,Default,all,98,0.12745809084651752,0.07736041191335181,0.09280648014757348,0.12269782857273878,0.1652848463544402,0.1799914846111466,,
ray_hit_ally_head_share,Queen Of Spades,win,54,0.10477304040607084,0.0799031441900215,0.09392143857663658,0.10430384703956108,0.11424915549779324,0.12764181842076047,,
ray_hit_ally_head_share,Queen Of Spades,loss,44,0.06538440683403184,0.03896914391771711,0.04975050122973773,0.06766293598811972,0.08107660080081475,0.0904536870272653,,
ray_hit_ally_head_share,Queen Of Spades,all,98,0.08708834778189008,0.04865439764601973,0.06688617924026047,0.08679222395723304,0.1065273116683812,0.11808583303515555,,
ray_hit_ally_head_share,Schooltime,win,52,0.1036048397677556,0.0903216567217642,0.10060275945277225,0.10511412747398569,0.11004480187631407,0.11513924972148093,,
ray_hit_ally_head_share,Schooltime,loss,46,0.07481985166087912,0.03904293984817474,0.04992805691809132,0.079878816312618,0.09926724678694654,0.10751694386584978,,
ray_hit_ally_head_share,Schooltime,all,98,0.09009351881962989,0.04536386961170926,0.07966378431448687,0.10077643590619376,0.1071483470530816,0.11347836257693761,,
ray_hit_ally_head_share,Slithery Fight,win,51,0.14286551899447872,0.12901558775759878,0.13436939918044805,0.14281733613409353,0.15100327037117084,0.1586945855269265,,
ray_hit_ally_head_share,Slithery Fight,loss,47,0.13716511354947297,0.122674727609795,0.12849085422292433,0.13753013576957238,0.144368197490706,0.15228121430800792,,
ray_hit_ally_head_share,Slithery Fight,all,98,0.14013165107697595,0.12483878288253454,0.13164818923393298,0.13947413477103932,0.14806297054264161,0.15606578162852483,,
ray_hit_ally_head_share,Trauma,win,52,0.07262277067578891,0.05438588877680503,0.06290193208817654,0.07177740600827487,0.08323639460566279,0.08932557377163056,,
ray_hit_ally_head_share,Trauma,loss,44,0.07553137989424391,0.045199975312130304,0.057106696152882844,0.0764008856747121,0.088986789951095,0.10274288217596317,,
ray_hit_ally_head_share,Trauma,all,98,0.07375730099033564,0.049343550440903175,0.06147325801987488,0.07261907142455964,0.08580003668431412,0.09550173745599694,,
ray_hit_ally_head_share,ALL,win,499,0.12606154173601083,,0.09214168310220366,0.11022642448370241,0.1590719599707372,,0.06285506417955217,0.2233485304783983
ray_hit_ally_head_share,ALL,loss,479,0.09173801962307158,,0.05884857754259763,0.09264409705572073,0.1235821911648339,,0.02111934766493699,0.16145261780740805
ray_hit_ally_head_share,ALL,all,980,0.10915884840029168,,0.07737130756384708,0.10258965634153866,0.13787558638488998,,0.03329954954954955,0.20119525355400975
ray_hit_enemy_share,Portals,win,55,0.0,0.0,0.0,0.0,0.0,0.0,,
ray_hit_enemy_share,Portals,loss,43,0.0,0.0,0.0,0.0,0.0,0.0,,
ray_hit_enemy_share,Portals,all,98,0.0,0.0,0.0,0.0,0.0,0.0,,
ray_hit_enemy_share,Prisoners Dilemma,win,51,0.029330272872609232,0.013169603132229934,0.015527086463133086,0.02406764960971379,0.038387031302815205,0.05016150484514535,,
ray_hit_enemy_share,Prisoners Dilemma,loss,47,0.09638569245972076,0.05527435882055594,0.0646250759856767,0.09375,0.12313846387422189,0.13647220158848067,,
ray_hit_enemy_share,Prisoners Dilemma,all,98,0.061489504715407615,0.013969091347749065,0.024009336644852688,0.04905122639304665,0.09046067382141043,0.12745182628702903,,
ray_hit_enemy_share,Devil,win,42,0.014596403090743563,0.0058311438185597595,0.008485008706053614,0.010502214572903115,0.015604340828176683,0.020665817627571182,,
ray_hit_enemy_share,Devil,loss,56,0.05058211149059793,0.03225776901442261,0.03842897211817725,0.04634038502524756,0.06174809242152415,0.07410310938100731,,
ray_hit_enemy_share,Devil,all,98,0.03515966503351748,0.00842068341377107,0.011544422638578349,0.036817223815935836,0.04966545049577334,0.0707120952406126,,
ray_hit_enemy_share,Trophy,win,47,0.041012836311849245,0.015978143725148254,0.026370766813766273,0.03575482406356413,0.044673233785281125,0.0634581459216965,,
ray_hit_enemy_share,Trophy,loss,51,0.14046758673479504,0.11078111078111078,0.124944300155323,0.13642691415313224,0.15287696352376995,0.17707212055974167,,
ray_hit_enemy_share,Trophy,all,98,0.0927699003074639,0.02261267573874693,0.03626534413381542,0.1005169151097613,0.14107709086441722,0.15799352021219,,
ray_hit_enemy_share,Autarky,win,43,0.03988846186994171,0.016351430683959774,0.026366800100977316,0.03427384076990376,0.05193091301272135,0.06630559019516338,,
ray_hit_enemy_share,Autarky,loss,55,0.08894356515469733,0.0586216089595488,0.07542975512040558,0.08915606667828309,0.10235789199683301,0.11307153665701287,,
ray_hit_enemy_share,Autarky,all,98,0.06741938718281476,0.025257985564218464,0.03611536953549191,0.06860875630719233,0.09472467947489278,0.1069781552384151,,
ray_hit_enemy_share,Default,win,52,0.043624967100079945,0.015814664263731373,0.020934404738922354,0.03784022494855172,0.06340264283270118,0.08059668994271013,,
ray_hit_enemy_share,Default,loss,46,0.0989146018370282,0.0692564673989987,0.0734101109540462,0.09037246355061984,0.11768968545472885,0.1418311590602031,,
ray_hit_enemy_share,Default,all,98,0.0695772446296679,0.01808527430677165,0.03487629680817429,0.07006364870541396,0.09067752530764822,0.1225203539419371,,
ray_hit_enemy_share,Queen Of Spades,win,54,0.02506082545017861,0.009707059258516965,0.012688675570723663,0.018883917117449345,0.033295107033639144,0.05452217467694401,,
ray_hit_enemy_share,Queen Of Spades,loss,44,0.06298093149066247,0.03784229104248744,0.048598833097595474,0.05970068102289769,0.07564806593128724,0.08516202743815939,,
ray_hit_enemy_share,Queen Of Spades,all,98,0.04208617918264075,0.011034925924490771,0.017219507288905717,0.035464061653121326,0.06027046729190156,0.07768097914194481,,
ray_hit_enemy_share,Schooltime,win,52,0.03214851291979882,0.012212729394758533,0.01983190058652055,0.030085670927702368,0.04303063717072432,0.05363105364851875,,
ray_hit_enemy_share,Schooltime,loss,46,0.08157208507694992,0.046208293352408114,0.05574220578715517,0.07611351197285357,0.09874983730582729,0.12887809302258318,,
ray_hit_enemy_share,Schooltime,all,98,0.05534733250376771,0.01623874940630591,0.029908327920256578,0.04666538543558422,0.07606152519735603,0.09933936059279792,,
ray_hit_enemy_share,Slithery Fight,win,51,0.012174703337044068,0.007668763243752312,0.00993001985565196,0.012046126805847301,0.014611084018014512,0.017052698682532938,,
ray_hit_enemy_share,Slithery Fight,loss,47,0.012840741261613333,0.0077602489203889916,0.009644870616129156,0.01229865420821421,0.014944707229572942,0.018509141898739843,,
ray_hit_enemy_share,Slithery Fight,all,98,0.012494129688623207,0.007731014167874994,0.009743459798237635,0.012109185989552098,0.014873838165925376,0.017742739597345816,,
ray_hit_enemy_share,Trauma,win,52,0.0034350368083862224,0.0010394850527182756,0.0025092524417197008,0.0031092961038302223,0.004425305401154533,0.0056218018141690525,,
ray_hit_enemy_share,Trauma,loss,44,0.00993956422216447,0.0005056933196501582,0.00307177873354237,0.0067783757972280576,0.010318267532946302,0.028168855075718698,,
ray_hit_enemy_share,Trauma,all,98,0.006346008208067895,0.0007516207727907144,0.0027376318473419374,0.003956014765636624,0.00677399175073032,0.010811991216080803,,
ray_hit_enemy_share,ALL,win,499,0.023736948563020797,,0.00740696293247418,0.016865949978060554,0.03449532146574376,,0.0,0.06669828515313328
ray_hit_enemy_share,ALL,loss,479,0.06583063266130786,,0.01467740001129457,0.06453558504221954,0.09924797037366989,,0.0,0.14878441533805276
ray_hit_enemy_share,ALL,all,980,0.044268935145197114,,0.01018001451375375,0.030396908394049262,0.06884842363701867,,0.0,0.13382015298874925
ray_hit_enemy_head_share,Portals,win,55,0.0,0.0,0.0,0.0,0.0,0.0,,
ray_hit_enemy_head_share,Portals,loss,43,0.0,0.0,0.0,0.0,0.0,0.0,,
ray_hit_enemy_head_share,Portals,all,98,0.0,0.0,0.0,0.0,0.0,0.0,,
ray_hit_enemy_head_share,Prisoners Dilemma,win,51,0.016948388120696403,0.007898894154818325,0.010202065569588756,0.014299610894941634,0.02199956081445685,0.027268453220498354,,
ray_hit_enemy_head_share,Prisoners Dilemma,loss,47,0.06192550543743416,0.029304686114965863,0.045375488067807154,0.06153846153846154,0.07695907374802607,0.09375853825136612,,
ray_hit_enemy_head_share,Prisoners Dilemma,all,98,0.038519046425662465,0.00841601637335298,0.012552250295467393,0.025146287328490717,0.06117989602269831,0.08011908727514988,,
ray_hit_enemy_head_share,Devil,win,42,0.012475044527280361,0.005635345433768611,0.008369907789393284,0.009435894643982128,0.013395679079082044,0.01901125276745639,,
ray_hit_enemy_head_share,Devil,loss,56,0.044263402114218454,0.02741174152002824,0.0371837529566485,0.04480716677137804,0.052408336645469,0.06163605023510246,,
ray_hit_enemy_head_share,Devil,all,98,0.030639820291244985,0.008247445533269837,0.010170866716549938,0.03187154227335981,0.04680368448246492,0.05917239879822897,,
ray_hit_enemy_head_share,Trophy,win,47,0.032824148427519434,0.014544568707967677,0.021206907151122865,0.027612473220661748,0.036653534398931084,0.05137418572195265,,
ray_hit_enemy_head_share,Trophy,loss,51,0.11601834028069005,0.0892811131151765,0.10486116456535899,0.11506368028107158,0.12735383821940982,0.1532983508245877,,
ray_hit_enemy_head_share,Trophy,all,98,0.07611908500416945,0.01925994893149512,0.02805801478344957,0.08373149351922937,0.11597388334163491,0.13384341912048844,,
ray_hit_enemy_head_share,Autarky,win,43,0.02785967538640522,0.01311321646789698,0.01829909185370794,0.02469018414630281,0.03403035223283389,0.04303216259042696,,
ray_hit_enemy_head_share,Autarky,loss,55,0.06478693198148183,0.04109087669280114,0.05315047420407049,0.06350784183786172,0.07708557496883059,0.08944256866552348,,
ray_hit_enemy_head_share,Autarky,all,98,0.04858415612854005,0.01813978446995074,0.026113515295101183,0.04567358329496434,0.06665719218822615,0.0835800774861264,,
ray_hit_enemy_head_share,Default,win,52,0.03284122576119894,0.010379660336340028,0.015646904803414418,0.030085821234194204,0.05147176811492583,0.05846973564285411,,
ray_hit_enemy_head_share,Default,loss,46,0.07823089494388896,0.0550321415315191,0.060131963867304586,0.07663121931270189,0.09075553080366217,0.1048478400136513,,
ray_hit_enemy_head_share,Default,all,98,0.05414658068368609,0.013732066078511206,0.02737963679896333,0.0550321415315191,0.07458641292594181,0.09389148689921989,,
ray_hit_enemy_head_share,Queen Of Spades,win,54,0.017497644161357077,0.005653834665358409,0.009833132562796354,0.014657198970065809,0.022652776911670964,0.03569095876054058,,
ray_hit_enemy_head_share,Queen Of Spades,loss,44,0.048400486025490935,0.030407545018894214,0.03769828574290038,0.046353625644670424,0.05969157929798405,0.06894583972109217,,
ray_hit_enemy_head_share,Queen Of Spades,all,98,0.03137238948811105,0.008502382573179035,0.0127122527499481,0.02706791412840833,0.04475762865679043,0.06047921572377412,,
ray_hit_enemy_head_share,Schooltime,win,52,0.02183604709932225,0.007452161249919257,0.011881895545625298,0.02160384984523094,0.029319738428413074,0.04027448218041015,,
ray_hit_enemy_head_share,Schooltime,loss,46,0.04910449691506982,0.031722233470103174,0.037009047560952184,0.04581841099109177,0.05952858487407509,0.06809105751691194,,
ray_hit_enemy_head_share,Schooltime,all,98,0.03463552354344866,0.011039185224577107,0.020727596319989296,0.03337349671272978,0.04556048542629244,0.061403483313778505,,
ray_hit_enemy_head_share,Slithery Fight,win,51,0.007449764329604052,0.004671837438200209,0.005431399534046132,0.007574643329901456,0.009232601784161258,0.011012567777731075,,
ray_hit_enemy_head_share,Slithery Fight,loss,47,0.008569401562038335,0.004972341124648732,0.006347022921341261,0.00847943584300233,0.010686381236311639,0.012301957267015969,,
ray_hit_enemy_head_share,Slithery Fight,all,98,0.007986733206383758,0.004714187579840664,0.005804720080563475,0.00768247795014452,0.010085292855898436,0.011407957667322794,,
ray_hit_enemy_head_share,Trauma,win,52,0.0025543618095888424,0.0008934969728832275,0.0017758755114755948,0.002410290712076744,0.0034692220174255125,0.004065316930326201,,
ray_hit_enemy_head_share,Trauma,loss,44,0.006170328014026166,0.0003794931490217184,0.002372479499851806,0.004738293822263722,0.007655188104538135,0.01357842834711185,,
ray_hit_enemy_head_share,Trauma,all,98,0.004171547086699185,0.0006706943754322134,0.001959809296832672,0.003042742747578528,0.004861584140460863,0.007910161127593473,,
ray_hit_enemy_head_share,ALL,win,499,0.01689353998071932,,0.005094419160670502,0.011603407737640844,0.02459010075370696,,0.0,0.05026766415132756
ray_hit_enemy_head_share,ALL,loss,479,0.0491247841417933,,0.010610566805690943,0.04707233065442021,0.07187983813858356,,0.0,0.11768517378519293
ray_hit_enemy_head_share,ALL,all,980,0.032617488185794574,,0.007017000493584098,0.021519431810897795,0.05147176811492583,,0.0,0.10445764605321393
ray_hit_empty_share,Portals,win,55,0.0,0.0,0.0,0.0,0.0,0.0,,
ray_hit_empty_share,Portals,loss,43,0.0,0.0,0.0,0.0,0.0,0.0,,
ray_hit_empty_share,Portals,all,98,0.0,0.0,0.0,0.0,0.0,0.0,,
ray_hit_empty_share,Prisoners Dilemma,win,51,0.0,0.0,0.0,0.0,0.0,0.0,,
ray_hit_empty_share,Prisoners Dilemma,loss,47,0.0,0.0,0.0,0.0,0.0,0.0,,
ray_hit_empty_share,Prisoners Dilemma,all,98,0.0,0.0,0.0,0.0,0.0,0.0,,
ray_hit_empty_share,Devil,win,42,0.0,0.0,0.0,0.0,0.0,0.0,,
ray_hit_empty_share,Devil,loss,56,0.0,0.0,0.0,0.0,0.0,0.0,,
ray_hit_empty_share,Devil,all,98,0.0,0.0,0.0,0.0,0.0,0.0,,
ray_hit_empty_share,Trophy,win,47,0.0,0.0,0.0,0.0,0.0,0.0,,
ray_hit_empty_share,Trophy,loss,51,0.0,0.0,0.0,0.0,0.0,0.0,,
ray_hit_empty_share,Trophy,all,98,0.0,0.0,0.0,0.0,0.0,0.0,,
ray_hit_empty_share,Autarky,win,43,0.0,0.0,0.0,0.0,0.0,0.0,,
ray_hit_empty_share,Autarky,loss,55,0.0,0.0,0.0,0.0,0.0,0.0,,
ray_hit_empty_share,Autarky,all,98,0.0,0.0,0.0,0.0,0.0,0.0,,
ray_hit_empty_share,Default,win,52,0.0,0.0,0.0,0.0,0.0,0.0,,
ray_hit_empty_share,Default,loss,46,0.0,0.0,0.0,0.0,0.0,0.0,,
ray_hit_empty_share,Default,all,98,0.0,0.0,0.0,0.0,0.0,0.0,,
ray_hit_empty_share,Queen Of Spades,win,54,0.0,0.0,0.0,0.0,0.0,0.0,,
ray_hit_empty_share,Queen Of Spades,loss,44,0.0,0.0,0.0,0.0,0.0,0.0,,
ray_hit_empty_share,Queen Of Spades,all,98,0.0,0.0,0.0,0.0,0.0,0.0,,
ray_hit_empty_share,Schooltime,win,52,0.0,0.0,0.0,0.0,0.0,0.0,,
ray_hit_empty_share,Schooltime,loss,46,0.0,0.0,0.0,0.0,0.0,0.0,,
ray_hit_empty_share,Schooltime,all,98,0.0,0.0,0.0,0.0,0.0,0.0,,
ray_hit_empty_share,Slithery Fight,win,51,0.0,0.0,0.0,0.0,0.0,0.0,,
ray_hit_empty_share,Slithery Fight,loss,47,0.0,0.0,0.0,0.0,0.0,0.0,,
ray_hit_empty_share,Slithery Fight,all,98,0.0,0.0,0.0,0.0,0.0,0.0,,
ray_hit_empty_share,Trauma,win,52,0.0,0.0,0.0,0.0,0.0,0.0,,
ray_hit_empty_share,Trauma,loss,44,0.0,0.0,0.0,0.0,0.0,0.0,,
ray_hit_empty_share,Trauma,all,98,0.0,0.0,0.0,0.0,0.0,0.0,,
ray_hit_empty_share,ALL,win,499,0.0,,0.0,0.0,0.0,,0.0,0.0
ray_hit_empty_share,ALL,loss,479,0.0,,0.0,0.0,0.0,,0.0,0.0
ray_hit_empty_share,ALL,all,980,0.0,,0.0,0.0,0.0,,0.0,0.0
ray_leak_share,Portals,win,55,0.0,0.0,0.0,0.0,0.0,0.0,,
ray_leak_share,Portals,loss,43,0.0,0.0,0.0,0.0,0.0,0.0,,
ray_leak_share,Portals,all,98,0.0,0.0,0.0,0.0,0.0,0.0,,
ray_leak_share,Prisoners Dilemma,win,51,0.046278660993305624,0.022080066033842344,0.026889567567805812,0.04229797979797979,0.06291327894876624,0.07276657060518732,,
ray_leak_share,Prisoners Dilemma,loss,47,0.1583111978971549,0.09100879252671353,0.11585905870445344,0.15287517531556802,0.20947966507177035,0.2284531891587931,,
ray_leak_share,Prisoners Dilemma,all,98,0.10000855114107009,0.024665103401950553,0.039545849116161616,0.0824129710799203,0.14831191311337646,0.21131983645835223,,
ray_leak_share,Devil,win,42,0.02707144761802392,0.011855701552194424,0.01681008682571789,0.020089504468990892,0.028885973202844917,0.0396466983919901,,
ray_leak_share,Devil,loss,56,0.09484551360481638,0.0630312799492633,0.07685022514209788,0.08969317569925025,0.11141185513984811,0.1348009179161861,,
ray_leak_share,Devil,all,98,0.06579948532476247,0.01672684248732935,0.021531759784831093,0.06923040019906625,0.09713900341548351,0.130761015225591,,
ray_leak_share,Trophy,win,47,0.07383698473936866,0.030412421878852697,0.04877213667260287,0.06424669048119352,0.08124394815042256,0.11424557004463834,,
ray_leak_share,Trophy,loss,51,0.2564859270154851,0.19868852459016395,0.2327705189547295,0.25260642919200693,0.27817695349095706,0.31938325991189426,,
ray_leak_share,Trophy,all,98,0.16888898531163332,0.04172512198718964,0.06472815599067197,0.19041739561579807,0.25800220645397315,0.29560113519091846,,
ray_leak_share,Autarky,win,43,0.06774813725634693,0.02932407943533606,0.04542975191709369,0.05815854533854375,0.08460957776811759,0.10906450107489042,,
ray_leak_share,Autarky,loss,55,0.1537304971361792,0.09960749430196911,0.12443657818368464,0.15171051867340418,0.1775814275814276,0.20348244970107335,,
ray_leak_share,Autarky,all,98,0.11600354331135482,0.044375987784538856,0.06222888483059309,0.11897637995563577,0.16426606413220074,0.193088467600442,,
ray_leak_share,Default,win,52,0.07646619286127888,0.026402837952218552,0.039518362479434854,0.06804612391818415,0.11485881488851,0.1404708613343163,,
ray_leak_share,Default,loss,46,0.17714549678091715,0.12507698306707232,0.13312026239279873,0.16908105276466218,0.2111689177438989,0.24384103973441615,,
ray_leak_share,Default,all,98,0.12372382531335399,0.030015882463242334,0.060676139704673615,0.12576932941346505,0.16471466519939368,0.21979878695855762,,
ray_leak_share,Queen Of Spades,win,54,0.04255846961153569,0.01719362076451738,0.022114386529631717,0.03402961751244636,0.054517888766812655,0.09270611495736188,,
ray_leak_share,Queen Of Spades,loss,44,0.1113814175161534,0.07242268041237113,0.08721188394449712,0.10768758099015563,0.13256866534357564,0.1589259530791789,,
ray_leak_share,Queen Of Spades,all,98,0.0734585686707518,0.018505879170535523,0.030118761399692138,0.061883939880614976,0.10977397235595765,0.13996010678881066,,
ray_leak_share,Schooltime,win,52,0.05398456001912107,0.02015761131880579,0.03242036504445947,0.05109849227876271,0.07310799292519685,0.0937215633005023,,
ray_leak_share,Schooltime,loss,46,0.13067658199201973,0.07958796347147135,0.09498277155044665,0.12263837003678338,0.16157921484068227,0.19158865485182242,,
ray_leak_share,Schooltime,all,98,0.08998285604721637,0.025253363745224307,0.05048874206322927,0.07996701006872452,0.1214231606348938,0.17269237058841017,,
ray_leak_share,Slithery Fight,win,51,0.019624467666648115,0.012259930712051394,0.015177128034793201,0.02017215774709862,0.022465711647751213,0.027865308093934726,,
ray_leak_share,Slithery Fight,loss,47,0.02141014282365167,0.012588120424469084,0.016491006980357874,0.02027027027027027,0.025740915267403946,0.03214467922756506,,
ray_leak_share,Slithery Fight,all,98,0.020480862895006967,0.01222252535455409,0.01560161731792181,0.02021948608521072,0.02524198928468006,0.029956039127268335,,
ray_leak_share,Trauma,win,52,0.005989398617975065,0.001889703431101656,0.0042795092879015905,0.005445721830647389,0.007890630022500804,0.009829772733703826,,
ray_leak_share,Trauma,loss,44,0.016109892236190637,0.0008707266972935749,0.005978436394471831,0.011740185561231499,0.01726646705643626,0.04686035490460304,,
ray_leak_share,Trauma,all,98,0.010517555294767078,0.0013780642111064253,0.004710789166197705,0.00678215362805104,0.011683886389870474,0.01809488097378491,,
ray_leak_share,ALL,win,499,0.04063048854374012,,0.012721698889488353,0.029206888986397544,0.05832936354761496,,0.0,0.11513645195044445
ray_leak_share,ALL,loss,479,0.11495541680310116,,0.025137980185427816,0.11302521008403361,0.17161064296693992,,0.0,0.26257119174836563
ray_leak_share,ALL,all,980,0.07688642333099169,,0.016978778350386456,0.052176647581477324,0.12063797481526058,,0.0,0.23359310559810725
ray_refracted_share,Portals,win,55,0.250563750218935,0.25,0.25,0.25,0.2503493142857055,0.25301066463934957,,
ray_refracted_share,Portals,loss,43,0.25024137797034207,0.25,0.25,0.25,0.25,0.2504144502336459,,
ray_refracted_share,Portals,all,98,0.250422301171083,0.25,0.25,0.25,0.25,0.252093307740187,,
ray_refracted_share,Prisoners Dilemma,win,51,0.2503556925912794,0.25,0.25,0.25,0.25,0.25232087598190905,,
ray_refracted_share,Prisoners Dilemma,loss,47,0.25362889243292847,0.24945217024863042,0.25,0.25,0.25044703170944926,0.2541581745680106,,
ray_refracted_share,Prisoners Dilemma,all,98,0.2519254925153356,0.25,0.25,0.25,0.25,0.2525517615434231,,
ray_refracted_share,Devil,win,42,0.2508104804401441,0.25,0.25,0.25,0.25,0.25,,
ray_refracted_share,Devil,loss,56,0.2547427152976494,0.25,0.25,0.25,0.25,0.27222655905154247,,
ray_refracted_share,Devil,all,98,0.25305747178729,0.25,0.25,0.25,0.25,0.2606204331927494,,
ray_refracted_share,Trophy,win,47,0.2495626682486792,0.24832593979971382,0.24981443023932037,0.25,0.25,0.2500123655249165,,
ray_refracted_share,Trophy,loss,51,0.2494884803630615,0.24991144172865745,0.25,0.25,0.25,0.25,,
ray_refracted_share,Trophy,all,98,0.2495240602673884,0.24936805769743967,0.25,0.25,0.25,0.25,,
ray_refracted_share,Autarky,win,43,0.2506521810187276,0.25,0.25,0.25,0.25,0.25276177546085976,,
ray_refracted_share,Autarky,loss,55,0.2508911278057607,0.25,0.25,0.25,0.250293979303857,0.25412555235147155,,
ray_refracted_share,Autarky,all,98,0.2507862838073686,0.25,0.25,0.25,0.25,0.2531014176771717,,
ray_refracted_share,Default,win,52,0.24985547233555175,0.24889351332871987,0.25,0.25,0.25,0.2520872114311403,,
ray_refracted_share,Default,loss,46,0.24837290095544387,0.24910086626672245,0.25,0.25,0.25,0.2522917710348038,,
ray_refracted_share,Default,all,98,0.2491595714836644,0.24872297186996817,0.25,0.25,0.25,0.25226781886452565,,
ray_refracted_share,Queen Of Spades,win,54,0.250066088475353,0.24966842738423783,0.25,0.25,0.25,0.25339240581743483,,
ray_refracted_share,Queen Of Spades,loss,44,0.25020042135504883,0.25,0.25,0.25,0.25,0.2528893541619521,,
ray_refracted_share,Queen Of Spades,all,98,0.25012640119684904,0.2499035605019288,0.25,0.25,0.25,0.25315251645601033,,
ray_refracted_share,Schooltime,win,52,0.2499519056957711,0.2484729604069818,0.25,0.25,0.25,0.25089172006999916,,
ray_refracted_share,Schooltime,loss,46,0.2500342760678353,0.25,0.25,0.25,0.25,0.2507213054253784,,
ray_refracted_share,Schooltime,all,98,0.24999056933980118,0.24996663835982047,0.25,0.25,0.25,0.25077457171990764,,
ray_refracted_share,Slithery Fight,win,51,0.2500350015877464,0.24997568735325582,0.25,0.25,0.25,0.25043214700101823,,
ray_refracted_share,Slithery Fight,loss,47,0.2500580663995589,0.25,0.25,0.25,0.25,0.2503692982630992,,
ray_refracted_share,Slithery Fight,all,98,0.2500460632832075,0.25,0.25,0.25,0.25,0.2504301857357804,,
ray_refracted_share,Trauma,win,52,0.2496210532769766,0.24454271635407637,0.25,0.25,0.251228339451664,0.25176078504356075,,
ray_refracted_share,Trauma,loss,44,0.25046489047156295,0.25,0.25,0.25,0.25,0.25153188559304784,,
ray_refracted_share,Trauma,all,98,0.2500076525627709,0.25,0.25,0.25,0.25,0.25166936939869905,,
ray_refracted_share,ALL,win,499,0.2501328822461956,,0.25,0.25,0.25,,0.24787523037168643,0.25299247606067166
ray_refracted_share,ALL,loss,479,0.25089391809142947,,0.25,0.25,0.25,,0.24987005190749662,0.2545310138721814
ray_refracted_share,ALL,all,980,0.25050458674147585,,0.25,0.25,0.25,,0.2486301861162175,0.25343355484760244
rays_N_share,Portals,win,55,0.24402934402092255,0.22450151928705137,0.24184169408050205,0.2453176643408006,0.25134177960024273,0.25362144929181774,,
rays_N_share,Portals,loss,43,0.24667320680171037,0.23906515245210613,0.24200650963792553,0.24693793670365805,0.2512968995503684,0.2528160862562431,,
rays_N_share,Portals,all,98,0.24518940626147226,0.23854549484264478,0.2417635110528578,0.24578369816725357,0.2513053809374139,0.2535930760045314,,
rays_N_share,Prisoners Dilemma,win,51,0.2536578176324627,0.24399615754082613,0.2478726882216716,0.25147881694644286,0.2581007954317479,0.26202974628171477,,
rays_N_share,Prisoners Dilemma,loss,47,0.28037993962153074,0.23654970760233918,0.24628679962013295,0.25766733825833893,0.26560974759447775,0.3587656425900238,,
rays_N_share,Prisoners Dilemma,all,98,0.26647352919864836,0.2378531785743366,0.24649460484106153,0.2525418268866111,0.26082187189410566,0.28937693960372396,,
rays_N_share,Devil,win,42,0.2279175967296269,0.21804493719960483,0.21996913392439574,0.22664967384807577,0.22910736037160767,0.2334045866904819,,
rays_N_share,Devil,loss,56,0.246301143732888,0.21495748979127965,0.22375004054587613,0.23028928890130418,0.24366911537054237,0.3152419829997981,,
rays_N_share,Devil,all,98,0.23842248073149042,0.21726119617606213,0.2229383315176125,0.2281047197640118,0.23558217312863805,0.26992822886906964,,
rays_N_share,Trophy,win,47,0.26656091700597895,0.24507317005451598,0.2503377708839874,0.25416756873782204,0.2652105640274988,0.3098598202125579,,
rays_N_share,Trophy,loss,51,0.25986788127440547,0.2434875066454014,0.24851739075272325,0.2524964336661912,0.2568055399903451,0.26725403817914833,,
rays_N_share,Trophy,all,98,0.2630778065742417,0.24386872001808585,0.2486994574080369,0.2531821250229756,0.26012748329852686,0.29861391352964506,,
rays_N_share,Autarky,win,43,0.25858794075078434,0.25116823243816044,0.2521990299223902,0.25337830670994294,0.25557150782566795,0.2601136687563052,,
rays_N_share,Autarky,loss,55,0.2918701605706787,0.25019871058166326,0.2523914646625367,0.25489212242849973,0.26060246353812055,0.4233173046504271,,
rays_N_share,Autarky,all,98,0.2772667375884802,0.25067357157555387,0.2522538204989162,0.2541002130939678,0.25884890535612337,0.3300527618661085,,
rays_N_share,Default,win,52,0.2734676667641914,0.258434312967595,0.26158847742198615,0.2651522318571261,0.26840368466121495,0.31794967057859347,,
rays_N_share,Default,loss,46,0.28879530967987893,0.2556694619467827,0.2595110752624133,0.26371385547568255,0.2689226403371786,0.35027555825894774,,
rays_N_share,Default,all,98,0.2806622746633916,0.2576066902543055,0.2602557468719221,0.2644494122654782,0.2689226403371786,0.32506574487569,,
rays_N_share,Queen Of Spades,win,54,0.26078326530972545,0.23588761117006088,0.2408379669101267,0.2474171364766059,0.25542936537258215,0.295267733744215,,
rays_N_share,Queen Of Spades,loss,44,0.268880329471266,0.2352997515222178,0.24286077702104364,0.2500258745601325,0.2583867982123328,0.32847176306192705,,
rays_N_share,Queen Of Spades,all,98,0.26441868187204975,0.2354892758395447,0.24144273500752123,0.2487478686463236,0.25677473110701043,0.3128205128205128,,
rays_N_share,Schooltime,win,52,0.2698461764918716,0.25443800323221955,0.25708656838419097,0.2595950098246035,0.2642065762909568,0.3241555265693126,,
rays_N_share,Schooltime,loss,46,0.26348088946800446,0.24819151081210972,0.2526863643074567,0.2558449401546097,0.2622138592486941,0.28963029056152123,,
rays_N_share,Schooltime,all,98,0.26685838870515843,0.25216035609326864,0.2544972105852935,0.25822254225220215,0.26236110735601137,0.3190081507658919,,
rays_N_share,Slithery Fight,win,51,0.25887173327836843,0.25045956517532586,0.2515461593424422,0.25329331859105986,0.2563719617791681,0.2818057455540356,,
rays_N_share,Slithery Fight,loss,47,0.25523843402131563,0.2494290384924252,0.2514605441966174,0.25423207140658666,0.2555411015608549,0.257249525543861,,
rays_N_share,Slithery Fight,all,98,0.25712923261427173,0.24961698257399853,0.25153248289233654,0.25356461824779886,0.2555591213407168,0.2795438078454703,,
rays_N_share,Trauma,win,52,0.25843734528344336,0.24576631513088712,0.24822624387632777,0.25018871611713844,0.25338980681285594,0.2914341570437165,,
rays_N_share,Trauma,loss,44,0.25042526478756294,0.24219686142030117,0.2446029558009002,0.24730057667964064,0.25043467151792653,0.25263343947771855,,
rays_N_share,Trauma,all,98,0.2546830144901285,0.24405689959126842,0.24650987330339866,0.24890562875855315,0.2518548444862717,0.289042230633179,,
rays_N_share,ALL,win,499,0.2576235726705245,,0.24709323443967562,0.2529432841932842,0.2606379887055737,,0.2252374989801963,0.3127171125989164
rays_N_share,ALL,loss,479,0.2654157569672279,,0.24641613518774652,0.25280956099548435,0.2594821572884573,,0.22704085810202246,0.37421253790778447
rays_N_share,ALL,all,980,0.26141815526993334,,0.2467954451279467,0.25283938471330014,0.26010709221506556,,0.22575420766069912,0.3293602947620361
rays_E_share,Portals,win,55,0.25760629099320426,0.2528040305650521,0.2539330096470891,0.25551587301587303,0.2602893440618931,0.2628365116768937,,
rays_E_share,Portals,loss,43,0.2563239136627613,0.25149175037699295,0.25260652424141394,0.25409621182330583,0.2589945375068746,0.2617709315295707,,
rays_E_share,Portals,all,98,0.257043615225765,0.25232002498280603,0.2532454274365438,0.2551200352691275,0.26012516346441505,0.2627313871515782,,
rays_E_share,Prisoners Dilemma,win,51,0.2587186390618776,0.24217026907807676,0.24830548063532357,0.2519981194170193,0.2573001753492197,0.2890904750537121,,
rays_E_share,Prisoners Dilemma,loss,47,0.2578183863336344,0.21407557354925777,0.236451481717236,0.2526246719160105,0.26446821957385336,0.32122756897951943,,
rays_E_share,Prisoners Dilemma,all,98,0.25828688520241405,0.2330412975508077,0.24416727566527294,0.2520841291529541,0.260403671946142,0.30695960698689956,,
rays_E_share,Devil,win,42,0.27908062146824736,0.2701742095269412,0.2719432092035082,0.27612594852886424,0.279944348713646,0.2861977057960852,,
rays_E_share,Devil,loss,56,0.2888150465965022,0.26278444225657627,0.2689081292482678,0.27785144694560693,0.28935901534526853,0.35799113256529125,,
rays_E_share,Devil,all,98,0.28464315011296437,0.2660001999795774,0.2713511625424325,0.2765702734045715,0.2861477786702377,0.33056194058949034,,
rays_E_share,Trophy,win,47,0.26194114720922546,0.2573117269140111,0.2592971230133589,0.26252938410907384,0.26557706954792115,0.27001232055575786,,
rays_E_share,Trophy,loss,51,0.2556990297697464,0.24188190631143652,0.24776675843674933,0.25551833719831657,0.2631644135407965,0.27088716623600345,,
rays_E_share,Trophy,all,98,0.25869269833765984,0.24500928579453915,0.2529435304785521,0.25984983283814744,0.2648270492265222,0.27068123333144684,,
rays_E_share,Autarky,win,43,0.2519185306985312,0.2459568042537028,0.24889147990318894,0.2507425505413433,0.2547922441845905,0.25973757552688015,,
rays_E_share,Autarky,loss,55,0.24873368426169973,0.23704186518859763,0.24237339403997057,0.246677471636953,0.25399244221083306,0.25936036970054815,,
rays_E_share,Autarky,all,98,0.2501311168819422,0.2409325959118862,0.2446378953837383,0.24975648828817432,0.25437762194669133,0.25987296151978023,,
rays_E_share,Default,win,52,0.24639180850323594,0.2361512849359692,0.2416401143157838,0.24665475545772764,0.25229146371255234,0.2554430635417502,,
rays_E_share,Default,loss,46,0.2361067145096332,0.21525170679109662,0.23702124657313337,0.24234905129597512,0.24776883528601545,0.2525281889778862,,
rays_E_share,Default,all,98,0.24156411132256525,0.23254225567438022,0.2396545668368873,0.24479816320290734,0.25093947682119083,0.25417149695246793,,
rays_E_share,Queen Of Spades,win,54,0.2646998322636039,0.2552485020215335,0.2600881609129059,0.26398740501657847,0.2695211490856641,0.2727820058568524,,
rays_E_share,Queen Of Spades,loss,44,0.2616257722299371,0.24901379083013284,0.25426263308633634,0.25927706968182673,0.263254791644265,0.2764610500890508,,
rays_E_share,Queen Of Spades,all,98,0.26331964204440655,0.252401779993783,0.2559846028072068,0.26246814142164976,0.2669514738116525,0.2731756766645646,,
rays_E_share,Schooltime,win,52,0.2496770451073835,0.24493691353313568,0.24694961345428423,0.24938180930603987,0.25242000137497,0.2550219274321552,,
rays_E_share,Schooltime,loss,46,0.24806687236896618,0.24229565398574077,0.2443691684920788,0.24733236071184025,0.25142348290441285,0.2541444216322233,,
rays_E_share,Schooltime,all,98,0.2489212497403713,0.24355175362563336,0.24590725634875532,0.24862200693731018,0.25194832870642925,0.2545671469725987,,
rays_E_share,Slithery Fight,win,51,0.2527607433812086,0.24429306568852702,0.24686433496089816,0.2538616620712147,0.25635488393732586,0.26441770598685055,,
rays_E_share,Slithery Fight,loss,47,0.24724743881716646,0.24152401894255607,0.24408325416318016,0.2468196074285513,0.2502823960537387,0.25467994284846024,,
rays_E_share,Slithery Fight,all,98,0.25011660751886183,0.2421231261709265,0.24529263754981184,0.24909923044028676,0.25507896943548525,0.25755133107965944,,
rays_E_share,Trauma,win,52,0.25291680919894305,0.2477727627557918,0.2494972260856595,0.2525821525054654,0.2569122677932276,0.25879202977901505,,
rays_E_share,Trauma,loss,44,0.2538290965208516,0.24822669476384454,0.25053700690120073,0.25437745002607753,0.25672373148211447,0.25847249873237726,,
rays_E_share,Trauma,all,98,0.25330763300847375,0.2478897098819278,0.2500693699223979,0.25311742386796987,0.2567922274270527,0.25881717299581497,,
rays_E_share,ALL,win,499,0.25723438228074613,,0.2494887421955393,0.25484470400849485,0.2627116834304995,,0.24190166528292537,0.2773538692032053
rays_E_share,ALL,loss,479,0.25596381430708,,0.24532348719985003,0.2526246719160105,0.26000220978533484,,0.23434737638686298,0.29111401200126324
rays_E_share,ALL,all,980,0.2566026709395424,,0.24768284680350044,0.2538218797001607,0.26154381829869294,,0.23787859779083534,0.28465914213457016
rays_S_share,Portals,win,55,0.243521872301248,0.23812829521376175,0.2406735970306922,0.24354066985645934,0.24909111327754965,0.25072129881524985,,
rays_S_share,Portals,loss,43,0.24277258792438475,0.2327557243384571,0.23989509062649766,0.2446376111714757,0.24875756739791072,0.250812228627793,,
rays_S_share,Portals,all,98,0.24319310466650185,0.23462698238198848,0.2406361997129509,0.2442444957731582,0.2490936813563528,0.2508091619774509,,
rays_S_share,Prisoners Dilemma,win,51,0.23875958890458981,0.22321428571428573,0.24063557255940968,0.24793568013906997,0.25083915115287786,0.25708373129576567,,
rays_S_share,Prisoners Dilemma,loss,47,0.21780458697579153,0.06846191031364632,0.23213403880070546,0.2508250825082508,0.2580834857602347,0.26130614817793524,,
rays_S_share,Prisoners Dilemma,all,98,0.2287097410407784,0.1694262426861411,0.23885544712575724,0.24819090046987496,0.2548466435185185,0.260427566915267,,
rays_S_share,Devil,win,42,0.22219157070072326,0.2169912569831089,0.2212333975737467,0.2228332229142771,0.22670664360369008,0.2290198640930696,,
rays_S_share,Devil,loss,56,0.21893950511238813,0.18372858532336603,0.2199308054442642,0.2270872148678789,0.23275716023120974,0.2358835236213199,,
rays_S_share,Devil,all,98,0.2203332475073889,0.19219948818867383,0.22099090195089244,0.2243999869438865,0.22972812886795815,0.23393773465928486,,
rays_S_share,Trophy,win,47,0.2300424691226382,0.18628679215950675,0.23243791469427613,0.23847713864306785,0.24531201103869216,0.2511275231860972,,
rays_S_share,Trophy,loss,51,0.23697876245304714,0.22206371849738468,0.23425285297618956,0.24274921687857012,0.2461254137756317,0.25272862856755474,,
rays_S_share,Trophy,all,98,0.23365217279458572,0.19665351409831125,0.23412340688431205,0.24111066909146017,0.2463095848897371,0.2518126978885905,,
rays_S_share,Autarky,win,43,0.24739500245998727,0.24893197541689113,0.2501117467638067,0.25170696647671853,0.2529743940524556,0.25532783610307747,,
rays_S_share,Autarky,loss,55,0.22859831662070526,0.13674107901329424,0.2471548458304545,0.2512188863228124,0.2548514487762318,0.2574633091883694,,
rays_S_share,Autarky,all,98,0.23684584203998207,0.17609740817597047,0.24892479401828277,0.2516714472923469,0.2539549796965191,0.2570518835345619,,
rays_S_share,Default,win,52,0.24061938329666518,0.18002567904957534,0.24628305926792946,0.2508613115766822,0.25577337753910734,0.25855112856972406,,
rays_S_share,Default,loss,46,0.23358994851721912,0.16736252634339596,0.24688145747839957,0.2523741464251549,0.2567217872281306,0.26275134093942454,,
rays_S_share,Default,all,98,0.23731985268590478,0.17325813277528299,0.24681888791635323,0.25160694337795864,0.25609928562356393,0.2598724545417143,,
rays_S_share,Queen Of Spades,win,54,0.2262229990625519,0.2023609399832089,0.22445573772942456,0.23497111550128044,0.24092059446022557,0.24425936919056682,,
rays_S_share,Queen Of Spades,loss,44,0.22560427639568179,0.16173783979618073,0.2226556610884969,0.23812937967567377,0.24606785580545812,0.2519022419441866,,
rays_S_share,Queen Of Spades,all,98,0.22594520521212044,0.17182044175797734,0.22442244224422442,0.2358749948437187,0.24310190844970797,0.2482941875075915,,
rays_S_share,Schooltime,win,52,0.24518145515190484,0.19601014325864885,0.24952993042138663,0.2544471330586826,0.2571106435266583,0.2592215114656343,,
rays_S_share,Schooltime,loss,46,0.25194002941739024,0.23215964253017338,0.2520659457086155,0.2578095772540217,0.2604641326128951,0.2624929362078531,,
rays_S_share,Schooltime,all,98,0.24835384715407152,0.2105027929737576,0.25012974937258003,0.25533793222417633,0.25919668707481625,0.26090546016676036,,
rays_S_share,Slithery Fight,win,51,0.24637636006487,0.22370757358464796,0.24810462240441938,0.25194859911523065,0.25362803007733614,0.2550701900606298,,
rays_S_share,Slithery Fight,loss,47,0.2505477076066095,0.24615125480465722,0.25023187800935287,0.2523975855623985,0.25518241495172145,0.2564690876636498,,
rays_S_share,Slithery Fight,all,98,0.24837690429407167,0.22611241241721175,0.2486038700769627,0.25223107921246485,0.2543985744419518,0.25592741312429573,,
rays_S_share,Trauma,win,52,0.23878510905490247,0.20563140506971408,0.24312344852652837,0.2462270525613312,0.24803870948743129,0.2512283234897607,,
rays_S_share,Trauma,loss,44,0.24255443080977226,0.23892848900637798,0.24197858909502754,0.24631808309108924,0.24868528937685833,0.2497869616597931,,
rays_S_share,Trauma,all,98,0.24060743087787909,0.20976678824453918,0.24230949033923135,0.24622847248844182,0.24857926631345834,0.25083222475962313,,
rays_S_share,ALL,win,499,0.2381005505361589,,0.2311327027062302,0.24651889741403807,0.2519306108820103,,0.18870853679265387,0.25757638705291386
rays_S_share,ALL,loss,479,0.23445632111417816,,0.23409966523884804,0.24706943192064923,0.2531732334560594,,0.15427857822720395,0.26117317190377654
rays_S_share,ALL,all,980,0.23633373482732842,,0.23262245649426366,0.24681063475403042,0.25243899326246444,,0.17490189497047504,0.2598877407823664
rays_W_share,Portals,win,55,0.2548424926846253,0.24810946327683617,0.2507721963867409,0.2524048972452995,0.2546684590432216,0.2714124763726257,,
rays_W_share,Portals,loss,43,0.25423029161114363,0.2494115939756456,0.25141246521922245,0.2537230161795631,0.25572166866636514,0.2607646232547923,,
rays_W_share,Portals,all,98,0.25457387384626085,0.2488382981614278,0.2509979266240015,0.25298202573769146,0.25520981340186993,0.26127119108848557,,
rays_W_share,Prisoners Dilemma,win,51,0.24886395440106993,0.23800429696825018,0.2429053783994113,0.2495659722222222,0.25561464646448817,0.26342710997442453,,
rays_W_share,Prisoners Dilemma,loss,47,0.24399708706904322,0.194112799729821,0.23068141903758344,0.24765558397271953,0.2562622081250112,0.2743108974358974,,
rays_W_share,Prisoners Dilemma,all,98,0.24652984455815916,0.22002965299334196,0.23901707011209608,0.24868433260962347,0.25620868714223644,0.2662416132260815,,
rays_W_share,Devil,win,42,0.27081021110140246,0.2678346820522796,0.2693771952300826,0.2753720511733912,0.2776331526283499,0.28251981409703675,,
rays_W_share,Devil,loss,56,0.24594430455822167,0.14474239090575725,0.24768115942028987,0.26596679558754754,0.27702009209824036,0.2858583679362157,,
rays_W_share,Devil,all,98,0.25660112164815635,0.21290220119654651,0.26075405996733536,0.2707973221718517,0.27735504520844045,0.2843769701204258,,
rays_W_share,Trophy,win,47,0.2414554666621573,0.23110253346920132,0.23788092388349763,0.24288045090477603,0.2486123480220713,0.25105852185042027,,
rays_W_share,Trophy,loss,51,0.24745432650280097,0.23909515114627714,0.24538467143149764,0.2531132348682305,0.2570507593821326,0.2623239436619718,,
rays_W_share,Trophy,all,98,0.24457732229351273,0.23265123547360084,0.24061478811528167,0.24783284561675198,0.25418637667498706,0.25878665884460034,,
rays_W_share,Autarky,win,43,0.24209852609069715,0.2327261239709938,0.23820975022301175,0.24333333333333335,0.24771015121009127,0.24918945709858106,,
rays_W_share,Autarky,loss,55,0.23079783854691627,0.1854012331582553,0.23368549602083954,0.244672131147541,0.2508044477791382,0.25489488852348874,,
rays_W_share,Autarky,all,98,0.23575630348959567,0.22715648319610887,0.23668770454707244,0.243868171683618,0.24903922629116995,0.2537293903646501,,
rays_W_share,Default,win,52,0.2395211414359075,0.22844249995597737,0.23160877543186476,0.23629753487839894,0.24257866605013956,0.260312661052209,,
rays_W_share,Default,loss,46,0.2415080272932688,0.2297946986418406,0.2353694161913697,0.2411908218646637,0.2474788166468886,0.25494549289041746,,
rays_W_share,Default,all,98,0.2404537613281384,0.22845215417499412,0.23281210433021018,0.23771812927841993,0.24355581739466164,0.25586778365420604,,
rays_W_share,Queen Of Spades,win,54,0.2482939033641188,0.23594783193672672,0.24615057635930218,0.25215432583853636,0.2563320484018561,0.26082586647506906,,
rays_W_share,Queen Of Spades,loss,44,0.24388962190311514,0.2184637292051043,0.24785357377757272,0.25343953938790065,0.2608698138153923,0.26666666666666666,,
rays_W_share,Queen Of Spades,all,98,0.24631647087142325,0.23315253209797313,0.24694693405705437,0.2525219521725329,0.2582354924970985,0.26470489519877827,,
rays_W_share,Schooltime,win,52,0.2352953232488401,0.22849566048083306,0.23203248815711885,0.23529814325235812,0.23999824983692766,0.2415650481682882,,
rays_W_share,Schooltime,loss,46,0.23651220874563905,0.22497389785706712,0.23317428893487513,0.2375123810629619,0.2428768502004088,0.2464700682541989,,
rays_W_share,Schooltime,all,98,0.23586651440039874,0.2270504761731106,0.2325590685041351,0.23662799114297212,0.2406062730782735,0.2438648282809898,,
rays_W_share,Slithery Fight,win,51,0.24199116327555292,0.22853923376357305,0.23879179309238613,0.24187332175011847,0.24917734081773685,0.2513111213944162,,
rays_W_share,Slithery Fight,loss,47,0.2469664195549084,0.2397506750109968,0.24275380479767206,0.2484645074676959,0.25027063954660234,0.2519440608565379,,
rays_W_share,Slithery Fight,all,98,0.24437725557279488,0.23751721898824035,0.23978768154920332,0.24639730669300292,0.24997226429122307,0.25161583060060216,,
rays_W_share,Trauma,win,52,0.24986073646271112,0.24504721577300906,0.24681284957454938,0.24904988638818645,0.2531026424321863,0.2573577370322279,,
rays_W_share,Trauma,loss,44,0.2531912078818132,0.24763949134766056,0.249594946000489,0.2520486371371532,0.25614333935195466,0.26096106587750506,,
rays_W_share,Trauma,all,98,0.25140192162351865,0.24594087516117333,0.24814638522397306,0.250462327079918,0.2554795217917649,0.2593888915473389,,
rays_W_share,ALL,win,499,0.24704149451257054,,0.23862577639146237,0.24692832764505118,0.2531663941939434,,0.22774230010128255,0.2751107370394962
rays_W_share,ALL,loss,479,0.24416410761151391,,0.24061242654520298,0.24957545877841686,0.25570450841650916,,0.19381566665868893,0.2736924268949643
rays_W_share,ALL,all,980,0.24564543896319585,,0.23913709966949548,0.24833364766040633,0.25458081339738275,,0.21934767032659944,0.2750967136134636
crown20,Portals,win,51,465.11764705882354,445.0,452.0,464.0,478.5,491.0,,
crown20,Portals,loss,26,464.34615384615387,424.5,456.0,470.5,479.5,491.5,,
crown20,Portals,all,77,464.85714285714283,442.2,455.0,466.0,480.0,491.0,,
crown20,Prisoners Dilemma,win,5,470.4,457.2,459.0,466.0,475.0,487.6,,
crown20,Prisoners Dilemma,all,5,470.4,457.2,459.0,466.0,475.0,487.6,,
crown20,Devil,win,6,435.1666666666667,393.0,435.75,444.5,454.0,468.0,,
crown20,Devil,loss,6,466.8333333333333,449.5,454.25,457.0,483.0,494.0,,
crown20,Devil,all,12,451.0,434.1,444.75,454.5,464.0,489.8,,
crown20,Trophy,win,3,417.3333333333333,378.6,397.5,429.0,443.0,451.4,,
crown20,Trophy,loss,1,468.0,468.0,468.0,468.0,468.0,468.0,,
crown20,Trophy,all,4,430.0,384.9,413.25,443.0,459.75,464.7,,
crown20,Autarky,win,27,407.51851851851853,291.80000000000007,442.0,447.0,455.0,463.2,,
crown20,Autarky,loss,4,468.5,454.8,457.5,464.0,475.0,485.8,,
crown20,Autarky,all,31,415.38709677419354,421.0,442.5,450.0,457.5,465.0,,
crown20,Default,win,25,452.44,400.2,436.0,470.0,483.0,493.0,,
crown20,Default,loss,7,393.57142857142856,278.2,346.5,428.0,448.5,457.6,,
crown20,Default,all,32,439.5625,339.6,426.25,460.5,481.5,492.0,,
crown20,Queen Of Spades,win,20,451.5,428.90000000000003,445.0,458.0,471.0,482.4,,
crown20,Queen Of Spades,loss,1,485.0,485.0,485.0,485.0,485.0,485.0,,
crown20,Queen Of Spades,all,21,453.0952380952381,435.0,445.0,459.0,474.0,485.0,,
crown20,Schooltime,win,55,282.4,155.0,187.5,256.0,408.0,418.0,,
crown20,Schooltime,loss,32,400.96875,294.0,372.0,424.0,450.0,468.5,,
crown20,Schooltime,all,87,326.01149425287355,159.4,218.0,349.0,420.0,449.4,,
crown20,Slithery Fight,win,56,0.0,0.0,0.0,0.0,0.0,0.0,,
crown20,Slithery Fight,loss,56,0.0,0.0,0.0,0.0,0.0,0.0,,
crown20,Slithery Fight,all,112,0.0,0.0,0.0,0.0,0.0,0.0,,
crown20,Trauma,win,23,468.1304347826087,448.0,472.5,486.0,492.5,496.0,,
crown20,Trauma,loss,1,478.0,478.0,478.0,478.0,478.0,478.0,,
crown20,Trauma,all,24,468.5416666666667,449.5,475.0,485.0,492.25,496.0,,
crown20,ALL,win,271,323.16974169741695,,159.0,440.0,465.0,,0.0,493.0
crown20,ALL,loss,134,251.97761194029852,,0.0,380.0,458.25,,0.0,492.35
crown20,ALL,all,405,299.6148148148148,,0.0,426.0,464.0,,0.0,493.0
longest_margin_end,Portals,win,56,11.607142857142858,2.0,4.75,9.5,17.0,24.5,,
longest_margin_end,Portals,loss,56,-11.607142857142858,-24.5,-17.0,-9.5,-4.75,-2.0,,
longest_margin_end,Portals,all,112,0.0,-19.0,-9.25,0.0,9.25,19.0,,
longest_margin_end,Prisoners Dilemma,win,56,6.285714285714286,3.0,3.0,3.5,6.0,12.0,,
longest_margin_end,Prisoners Dilemma,loss,56,-6.285714285714286,-12.0,-6.0,-3.5,-3.0,-3.0,,
longest_margin_end,Prisoners Dilemma,all,112,0.0,-6.899999999999999,-3.25,0.0,3.25,6.900000000000006,,
longest_margin_end,Devil,win,56,7.303571428571429,3.0,4.0,5.0,7.0,12.0,,
longest_margin_end,Devil,loss,56,-7.303571428571429,-12.0,-7.0,-5.0,-4.0,-3.0,,
longest_margin_end,Devil,all,112,0.0,-8.0,-5.0,0.0,5.0,8.0,,
longest_margin_end,Trophy,win,56,5.321428571428571,3.0,3.0,4.0,5.0,8.0,,
longest_margin_end,Trophy,loss,56,-5.321428571428571,-8.0,-5.0,-4.0,-3.0,-3.0,,
longest_margin_end,Trophy,all,112,0.0,-6.0,-4.0,0.0,4.0,6.0,,
longest_margin_end,Autarky,win,56,14.410714285714286,3.5,5.0,8.5,22.25,31.0,,
longest_margin_end,Autarky,loss,56,-14.410714285714286,-31.0,-22.25,-8.5,-5.0,-3.5,,
longest_margin_end,Autarky,all,112,0.0,-23.9,-8.25,0.0,8.25,23.900000000000006,,
longest_margin_end,Default,win,56,11.25,3.0,4.0,9.0,15.25,25.5,,
longest_margin_end,Default,loss,56,-11.25,-25.5,-15.25,-9.0,-4.0,-3.0,,
longest_margin_end,Default,all,112,0.0,-17.799999999999997,-9.0,0.0,9.0,17.80000000000001,,
longest_margin_end,Queen Of Spades,win,56,9.892857142857142,3.0,4.0,7.0,13.5,21.5,,
longest_margin_end,Queen Of Spades,loss,56,-9.892857142857142,-21.5,-13.5,-7.0,-4.0,-3.0,,
longest_margin_end,Queen Of Spades,all,112,0.0,-15.899999999999999,-6.5,0.0,6.5,15.900000000000006,,
longest_margin_end,Schooltime,win,56,26.535714285714285,10.0,13.75,25.0,37.25,48.0,,
longest_margin_end,Schooltime,loss,56,-26.535714285714285,-48.0,-37.25,-25.0,-13.75,-10.0,,
longest_margin_end,Schooltime,all,112,0.0,-38.9,-25.0,0.0,25.0,38.900000000000006,,
longest_margin_end,Slithery Fight,win,56,15.625,4.0,7.0,14.5,22.0,24.5,,
longest_margin_end,Slithery Fight,loss,56,-15.625,-24.5,-22.0,-14.5,-7.0,-4.0,,
longest_margin_end,Slithery Fight,all,112,0.0,-23.0,-14.25,0.0,14.25,23.0,,
longest_margin_end,Trauma,win,55,8.763636363636364,1.4000000000000004,4.5,8.0,13.0,17.0,,
longest_margin_end,Trauma,loss,55,-8.763636363636364,-17.0,-13.0,-8.0,-4.5,-1.3999999999999986,,
longest_margin_end,Trauma,all,112,0.0,-13.0,-8.0,0.0,8.0,13.0,,
longest_margin_end,ALL,win,559,11.704830053667264,,4.0,7.0,16.0,,2.0,35.0
longest_margin_end,ALL,loss,559,-11.704830053667264,,-16.0,-7.0,-4.0,,-35.0,-2.0
longest_margin_end,ALL,all,1120,0.0,,-7.0,0.0,7.0,,-26.049999999999997,26.049999999999955
total_margin_end,Portals,win,56,-6.035714285714286,-38.0,-19.75,-6.5,4.25,20.0,,
total_margin_end,Portals,loss,56,6.035714285714286,-20.0,-4.25,6.5,19.75,38.0,,
total_margin_end,Portals,all,112,0.0,-35.9,-12.25,0.0,12.25,35.900000000000006,,
total_margin_end,Prisoners Dilemma,win,56,33.964285714285715,16.0,21.75,32.5,42.25,52.5,,
total_margin_end,Prisoners Dilemma,loss,56,-33.964285714285715,-52.5,-42.25,-32.5,-21.75,-16.0,,
total_margin_end,Prisoners Dilemma,all,112,0.0,-45.0,-33.25,0.0,33.25,45.0,,
total_margin_end,Devil,win,56,103.67857142857143,49.5,94.75,110.0,133.25,158.5,,
total_margin_end,Devil,loss,56,-103.67857142857143,-158.5,-133.25,-110.0,-94.75,-49.5,,
total_margin_end,Devil,all,112,0.0,-137.6,-113.0,0.0,113.0,137.60000000000002,,
total_margin_end,Trophy,win,56,110.44642857142857,88.0,98.75,108.0,129.25,152.0,,
total_margin_end,Trophy,loss,56,-110.44642857142857,-152.0,-129.25,-108.0,-98.75,-88.0,,
total_margin_end,Trophy,all,112,0.0,-136.0,-108.0,0.0,108.0,136.0,,
total_margin_end,Autarky,win,56,100.05357142857143,27.5,59.75,88.5,130.75,200.0,,
total_margin_end,Autarky,loss,56,-100.05357142857143,-200.0,-130.75,-88.5,-59.75,-27.5,,
total_margin_end,Autarky,all,112,0.0,-154.0,-88.25,0.0,88.25,154.00000000000006,,
total_margin_end,Default,win,56,70.80357142857143,8.0,37.75,82.0,112.25,126.0,,
total_margin_end,Default,loss,56,-70.80357142857143,-126.0,-112.25,-82.0,-37.75,-8.0,,
total_margin_end,Default,all,112,0.0,-114.9,-83.25,0.0,83.25,114.9,,
total_margin_end,Queen Of Spades,win,56,46.5,8.0,29.5,48.0,65.0,88.5,,
total_margin_end,Queen Of Spades,loss,56,-46.5,-88.5,-65.0,-48.0,-29.5,-8.0,,
total_margin_end,Queen Of Spades,all,112,0.0,-69.9,-48.0,0.0,48.0,69.9,,
total_margin_end,Schooltime,win,56,130.28571428571428,-153.0,-15.75,141.5,281.0,335.5,,
total_margin_end,Schooltime,loss,56,-130.28571428571428,-335.5,-281.0,-141.5,15.75,153.0,,
total_margin_end,Schooltime,all,112,0.0,-293.5,-204.75,0.0,204.75,293.5,,
total_margin_end,Slithery Fight,win,56,-29.339285714285715,-180.5,-115.25,-32.5,49.5,92.0,,
total_margin_end,Slithery Fight,loss,56,29.339285714285715,-92.0,-49.5,32.5,115.25,180.5,,
total_margin_end,Slithery Fight,all,112,0.0,-144.8,-75.25,0.0,75.25,144.8,,
total_margin_end,Trauma,win,55,25.927272727272726,-33.8,3.0,29.0,54.5,75.6,,
total_margin_end,Trauma,loss,55,-25.927272727272726,-75.6,-54.5,-29.0,-3.0,33.800000000000004,,
total_margin_end,Trauma,all,112,0.0,-60.0,-34.25,0.0,34.25,60.0,,
total_margin_end,ALL,win,559,58.68694096601073,,9.5,54.0,105.5,,-103.1,216.10000000000002
total_margin_end,ALL,loss,559,-58.68694096601073,,-105.5,-54.0,-9.5,,-216.1,103.10000000000002
total_margin_end,ALL,all,1120,0.0,,-69.25,0.0,69.25,,-172.0,172.0
close_end,Portals,win,56,0.21428571428571427,0.0,0.0,0.0,0.0,1.0,,
close_end,Portals,loss,56,0.21428571428571427,0.0,0.0,0.0,0.0,1.0,,
close_end,Portals,all,112,0.21428571428571427,0.0,0.0,0.0,0.0,1.0,,
close_end,Prisoners Dilemma,win,56,0.017857142857142856,0.0,0.0,0.0,0.0,0.0,,
close_end,Prisoners Dilemma,loss,56,0.017857142857142856,0.0,0.0,0.0,0.0,0.0,,
close_end,Prisoners Dilemma,all,112,0.017857142857142856,0.0,0.0,0.0,0.0,0.0,,
close_end,Devil,win,56,0.05357142857142857,0.0,0.0,0.0,0.0,0.0,,
close_end,Devil,loss,56,0.05357142857142857,0.0,0.0,0.0,0.0,0.0,,
close_end,Devil,all,112,0.05357142857142857,0.0,0.0,0.0,0.0,0.0,,
close_end,Trophy,win,56,0.0,0.0,0.0,0.0,0.0,0.0,,
close_end,Trophy,loss,56,0.0,0.0,0.0,0.0,0.0,0.0,,
close_end,Trophy,all,112,0.0,0.0,0.0,0.0,0.0,0.0,,
close_end,Autarky,win,56,0.03571428571428571,0.0,0.0,0.0,0.0,0.0,,
close_end,Autarky,loss,56,0.03571428571428571,0.0,0.0,0.0,0.0,0.0,,
close_end,Autarky,all,112,0.03571428571428571,0.0,0.0,0.0,0.0,0.0,,
close_end,Default,win,56,0.125,0.0,0.0,0.0,0.0,1.0,,
close_end,Default,loss,56,0.125,0.0,0.0,0.0,0.0,1.0,,
close_end,Default,all,112,0.125,0.0,0.0,0.0,0.0,1.0,,
close_end,Queen Of Spades,win,56,0.03571428571428571,0.0,0.0,0.0,0.0,0.0,,
close_end,Queen Of Spades,loss,56,0.03571428571428571,0.0,0.0,0.0,0.0,0.0,,
close_end,Queen Of Spades,all,112,0.03571428571428571,0.0,0.0,0.0,0.0,0.0,,
close_end,Schooltime,win,56,0.017857142857142856,0.0,0.0,0.0,0.0,0.0,,
close_end,Schooltime,loss,56,0.017857142857142856,0.0,0.0,0.0,0.0,0.0,,
close_end,Schooltime,all,112,0.017857142857142856,0.0,0.0,0.0,0.0,0.0,,
close_end,Slithery Fight,win,56,0.07142857142857142,0.0,0.0,0.0,0.0,0.0,,
close_end,Slithery Fight,loss,56,0.07142857142857142,0.0,0.0,0.0,0.0,0.0,,
close_end,Slithery Fight,all,112,0.07142857142857142,0.0,0.0,0.0,0.0,0.0,,
close_end,Trauma,win,55,0.18181818181818182,0.0,0.0,0.0,0.0,1.0,,
close_end,Trauma,loss,55,0.18181818181818182,0.0,0.0,0.0,0.0,1.0,,
close_end,Trauma,all,112,0.19642857142857142,0.0,0.0,0.0,0.0,1.0,,
close_end,ALL,win,559,0.07513416815742398,,0.0,0.0,0.0,,0.0,1.0
close_end,ALL,loss,559,0.07513416815742398,,0.0,0.0,0.0,,0.0,1.0
close_end,ALL,all,1120,0.07678571428571429,,0.0,0.0,0.0,,0.0,1.0
max_drawdown_total,Portals,win,56,46.67857142857143,33.0,41.75,48.0,53.25,60.0,,
max_drawdown_total,Portals,loss,56,33.982142857142854,12.5,23.0,32.5,45.25,58.0,,
max_drawdown_total,Portals,all,112,40.330357142857146,18.1,30.75,43.0,52.0,58.900000000000006,,
max_drawdown_total,Prisoners Dilemma,win,56,11.892857142857142,7.0,9.0,10.0,13.0,14.5,,
max_drawdown_total,Prisoners Dilemma,loss,56,20.267857142857142,19.0,19.0,19.0,22.0,22.0,,
max_drawdown_total,Prisoners Dilemma,all,112,16.080357142857142,8.100000000000001,10.0,18.0,19.0,22.0,,
max_drawdown_total,Devil,win,56,22.196428571428573,10.0,14.0,17.0,24.25,42.5,,
max_drawdown_total,Devil,loss,56,31.321428571428573,18.5,23.0,28.0,34.0,42.0,,
max_drawdown_total,Devil,all,112,26.758928571428573,12.100000000000001,16.0,23.0,30.0,42.0,,
max_drawdown_total,Trophy,win,56,14.446428571428571,7.0,8.75,12.0,15.0,21.5,,
max_drawdown_total,Trophy,loss,56,33.05357142857143,13.5,21.0,28.5,43.25,54.5,,
max_drawdown_total,Trophy,all,112,23.75,8.0,11.0,17.5,30.0,46.0,,
max_drawdown_total,Autarky,win,56,25.357142857142858,11.0,14.5,20.0,33.0,43.5,,
max_drawdown_total,Autarky,loss,56,37.285714285714285,27.0,32.0,36.0,42.0,50.5,,
max_drawdown_total,Autarky,all,112,31.321428571428573,12.100000000000001,20.0,32.0,40.0,49.70000000000002,,
max_drawdown_total,Default,win,56,32.42857142857143,11.5,16.75,29.0,46.0,56.5,,
max_drawdown_total,Default,loss,56,27.892857142857142,16.0,19.75,26.0,35.0,41.5,,
max_drawdown_total,Default,all,112,30.160714285714285,13.100000000000001,19.0,26.5,40.0,48.900000000000006,,
max_drawdown_total,Queen Of Spades,win,56,18.607142857142858,7.5,11.0,16.0,22.25,36.0,,
max_drawdown_total,Queen Of Spades,loss,56,17.642857142857142,6.0,7.75,16.0,23.0,32.5,,
max_drawdown_total,Queen Of Spades,all,112,18.125,6.0,9.75,16.0,23.0,34.80000000000001,,
max_drawdown_total,Schooltime,win,56,87.125,51.0,61.75,81.0,96.0,148.0,,
max_drawdown_total,Schooltime,loss,56,51.875,21.5,33.75,44.5,65.25,79.0,,
max_drawdown_total,Schooltime,all,112,69.5,29.200000000000003,43.75,63.5,85.25,115.40000000000003,,
max_drawdown_total,Slithery Fight,win,56,88.21428571428571,60.5,71.25,90.5,104.5,122.5,,
max_drawdown_total,Slithery Fight,loss,56,70.35714285714286,32.5,42.0,61.5,98.25,118.0,,
max_drawdown_total,Slithery Fight,all,112,79.28571428571429,33.1,50.5,82.0,103.25,119.9,,
max_drawdown_total,Trauma,win,55,49.49090909090909,20.8,30.5,53.0,63.0,74.6,,
max_drawdown_total,Trauma,loss,55,24.09090909090909,7.0,10.5,18.0,29.5,58.800000000000004,,
max_drawdown_total,Trauma,all,112,36.982142857142854,9.100000000000001,17.0,31.0,57.0,66.0,,
max_drawdown_total,ALL,win,559,39.62611806797853,,13.0,29.0,57.0,,8.0,104.0
max_drawdown_total,ALL,loss,559,34.796064400715565,,19.0,29.0,42.5,,8.0,86.20000000000005
max_drawdown_total,ALL,all,1120,37.229464285714286,,16.0,29.0,48.25,,8.0,96.09999999999991
tle,Portals,win,56,0.0,0.0,0.0,0.0,0.0,0.0,,
tle,Portals,loss,56,0.0,0.0,0.0,0.0,0.0,0.0,,
tle,Portals,all,112,0.0,0.0,0.0,0.0,0.0,0.0,,
tle,Prisoners Dilemma,win,56,0.0,0.0,0.0,0.0,0.0,0.0,,
tle,Prisoners Dilemma,loss,56,0.0,0.0,0.0,0.0,0.0,0.0,,
tle,Prisoners Dilemma,all,112,0.0,0.0,0.0,0.0,0.0,0.0,,
tle,Devil,win,56,0.0,0.0,0.0,0.0,0.0,0.0,,
tle,Devil,loss,56,0.0,0.0,0.0,0.0,0.0,0.0,,
tle,Devil,all,112,0.0,0.0,0.0,0.0,0.0,0.0,,
tle,Trophy,win,56,0.0,0.0,0.0,0.0,0.0,0.0,,
tle,Trophy,loss,56,0.0,0.0,0.0,0.0,0.0,0.0,,
tle,Trophy,all,112,0.0,0.0,0.0,0.0,0.0,0.0,,
tle,Autarky,win,56,0.0,0.0,0.0,0.0,0.0,0.0,,
tle,Autarky,loss,56,0.0,0.0,0.0,0.0,0.0,0.0,,
tle,Autarky,all,112,0.0,0.0,0.0,0.0,0.0,0.0,,
tle,Default,win,56,0.0,0.0,0.0,0.0,0.0,0.0,,
tle,Default,loss,56,0.0,0.0,0.0,0.0,0.0,0.0,,
tle,Default,all,112,0.0,0.0,0.0,0.0,0.0,0.0,,
tle,Queen Of Spades,win,56,0.0,0.0,0.0,0.0,0.0,0.0,,
tle,Queen Of Spades,loss,56,0.0,0.0,0.0,0.0,0.0,0.0,,
tle,Queen Of Spades,all,112,0.0,0.0,0.0,0.0,0.0,0.0,,
tle,Schooltime,win,56,0.0,0.0,0.0,0.0,0.0,0.0,,
tle,Schooltime,loss,56,0.0,0.0,0.0,0.0,0.0,0.0,,
tle,Schooltime,all,112,0.0,0.0,0.0,0.0,0.0,0.0,,
tle,Slithery Fight,win,56,0.0,0.0,0.0,0.0,0.0,0.0,,
tle,Slithery Fight,loss,56,0.0,0.0,0.0,0.0,0.0,0.0,,
tle,Slithery Fight,all,112,0.0,0.0,0.0,0.0,0.0,0.0,,
tle,Trauma,win,55,0.0,0.0,0.0,0.0,0.0,0.0,,
tle,Trauma,loss,55,0.0,0.0,0.0,0.0,0.0,0.0,,
tle,Trauma,all,112,0.0,0.0,0.0,0.0,0.0,0.0,,
tle,ALL,win,559,0.0,,0.0,0.0,0.0,,0.0,0.0
tle,ALL,loss,559,0.0,,0.0,0.0,0.0,,0.0,0.0
tle,ALL,all,1120,0.0,,0.0,0.0,0.0,,0.0,0.0
splits_0_100,Portals,win,56,56.517857142857146,27.5,35.75,59.0,76.0,83.0,,
splits_0_100,Portals,loss,56,44.44642857142857,23.0,28.0,33.0,64.25,75.5,,
splits_0_100,Portals,all,112,50.482142857142854,26.0,30.0,48.5,72.25,80.0,,
splits_0_100,Prisoners Dilemma,win,56,24.767857142857142,14.0,17.75,24.0,30.0,37.5,,
splits_0_100,Prisoners Dilemma,loss,56,9.910714285714286,0.0,0.0,7.5,15.0,23.0,,
splits_0_100,Prisoners Dilemma,all,112,17.339285714285715,0.0,7.0,17.0,25.0,34.0,,
splits_0_100,Devil,win,56,75.82142857142857,56.5,68.5,79.5,86.25,92.0,,
splits_0_100,Devil,loss,56,25.464285714285715,12.0,16.75,22.0,32.0,39.0,,
splits_0_100,Devil,all,112,50.642857142857146,14.200000000000003,22.0,47.0,79.25,88.0,,
splits_0_100,Trophy,win,56,44.92857142857143,27.0,37.5,44.0,54.0,60.5,,
splits_0_100,Trophy,loss,56,20.5,7.0,15.0,20.0,25.0,33.5,,
splits_0_100,Trophy,all,112,32.714285714285715,14.0,20.0,31.0,44.0,54.0,,
splits_0_100,Autarky,win,56,45.267857142857146,32.0,39.75,46.0,54.0,57.0,,
splits_0_100,Autarky,loss,56,30.875,11.5,22.5,33.0,40.25,47.5,,
splits_0_100,Autarky,all,112,38.07142857142857,20.0,29.0,40.0,50.0,54.900000000000006,,
splits_0_100,Default,win,56,18.267857142857142,9.0,13.0,19.0,23.25,26.0,,
splits_0_100,Default,loss,56,11.285714285714286,6.0,7.0,10.5,14.25,17.0,,
splits_0_100,Default,all,112,14.776785714285714,7.0,9.0,14.0,20.0,24.0,,
splits_0_100,Queen Of Spades,win,56,16.339285714285715,2.0,5.0,14.5,26.5,33.5,,
splits_0_100,Queen Of Spades,loss,56,9.107142857142858,0.0,0.75,5.0,16.0,27.0,,
splits_0_100,Queen Of Spades,all,112,12.723214285714286,0.0,2.0,10.0,21.25,31.0,,
splits_0_100,Schooltime,win,56,70.08928571428571,49.0,55.0,68.5,82.5,95.0,,
splits_0_100,Schooltime,loss,56,38.267857142857146,5.5,24.5,36.0,54.0,67.5,,
splits_0_100,Schooltime,all,112,54.17857142857143,20.300000000000004,36.0,55.0,72.0,87.0,,
splits_0_100,Slithery Fight,win,56,222.73214285714286,202.5,208.75,219.5,233.0,242.5,,
splits_0_100,Slithery Fight,loss,56,243.57142857142858,192.0,210.75,230.0,270.75,321.5,,
splits_0_100,Slithery Fight,all,112,233.15178571428572,199.1,209.0,221.5,244.25,309.9000000000001,,
splits_0_100,Trauma,win,55,12.963636363636363,3.0,5.0,8.0,21.5,32.000000000000014,,
splits_0_100,Trauma,loss,55,5.672727272727273,2.0,2.5,3.0,6.0,13.0,,
splits_0_100,Trauma,all,112,9.267857142857142,2.0,3.0,5.0,10.0,26.0,,
splits_0_100,ALL,win,559,58.8515205724508,,22.0,41.0,72.0,,5.0,219.10000000000002
splits_0_100,ALL,loss,559,43.978533094812164,,7.0,20.0,37.0,,0.0,230.0
splits_0_100,ALL,all,1120,51.33482142857143,,13.0,28.0,58.0,,2.0,221.04999999999995
rule_t1,Portals,win,56,16.25,15.0,15.0,16.0,18.0,19.0,,
rule_t1,Portals,loss,56,15.464285714285714,14.0,14.0,16.0,16.0,17.0,,
rule_t1,Portals,all,112,15.857142857142858,14.0,15.0,16.0,17.0,18.0,,
rule_t1,Prisoners Dilemma,win,52,13.538461538461538,12.0,12.0,12.5,13.0,14.0,,
rule_t1,Prisoners Dilemma,loss,51,15.803921568627452,12.0,12.0,13.0,18.0,22.0,,
rule_t1,Prisoners Dilemma,all,103,14.660194174757281,12.0,12.0,13.0,14.0,18.0,,
rule_t1,Devil,win,56,18.035714285714285,12.0,18.0,18.0,19.75,23.0,,
rule_t1,Devil,loss,56,13.071428571428571,11.0,11.0,12.0,13.0,18.0,,
rule_t1,Devil,all,112,15.553571428571429,11.0,12.0,14.5,18.0,22.0,,
rule_t1,Trophy,win,56,25.517857142857142,23.0,24.0,25.0,27.0,28.0,,
rule_t1,Trophy,loss,56,27.714285714285715,22.5,24.75,27.0,31.0,35.0,,
rule_t1,Trophy,all,112,26.616071428571427,23.0,24.0,26.0,28.0,33.0,,
rule_t1,Autarky,win,56,16.214285714285715,14.0,15.0,16.0,17.0,20.0,,
rule_t1,Autarky,loss,56,17.178571428571427,14.0,16.0,17.0,18.0,21.0,,
rule_t1,Autarky,all,112,16.696428571428573,14.0,15.0,16.0,18.0,21.0,,
rule_t1,Default,win,56,34.82142857142857,28.5,31.0,34.0,37.25,42.5,,
rule_t1,Default,loss,56,32.5,23.5,29.0,32.5,36.0,42.0,,
rule_t1,Default,all,112,33.660714285714285,25.1,30.0,33.0,37.0,42.0,,
rule_t1,Queen Of Spades,win,56,30.714285714285715,25.0,27.0,29.0,35.0,37.5,,
rule_t1,Queen Of Spades,loss,56,33.410714285714285,25.0,25.0,29.0,42.5,48.5,,
rule_t1,Queen Of Spades,all,112,32.0625,25.0,26.0,29.0,35.25,44.900000000000006,,
rule_t1,Schooltime,win,56,28.839285714285715,21.0,23.0,25.0,35.25,42.5,,
rule_t1,Schooltime,loss,56,30.875,16.0,23.0,28.5,39.0,47.0,,
rule_t1,Schooltime,all,112,29.857142857142858,20.0,23.0,26.0,36.25,45.900000000000006,,
rule_t1,Slithery Fight,win,56,12.964285714285714,13.0,13.0,13.0,13.0,13.0,,
rule_t1,Slithery Fight,loss,56,12.535714285714286,11.0,13.0,13.0,13.0,13.0,,
rule_t1,Slithery Fight,all,112,12.75,11.0,13.0,13.0,13.0,13.0,,
rule_t1,Trauma,win,55,16.072727272727274,12.0,12.0,14.0,19.5,23.0,,
rule_t1,Trauma,loss,55,16.89090909090909,12.0,13.0,15.0,23.0,23.0,,
rule_t1,Trauma,all,112,16.419642857142858,12.0,13.0,14.0,20.75,23.0,,
rule_t1,ALL,win,555,21.36216216216216,,14.0,19.0,27.0,,12.0,38.0
rule_t1,ALL,loss,554,21.604693140794225,,13.0,18.0,27.0,,11.0,43.0
rule_t1,ALL,all,1111,21.46804680468047,,13.0,18.0,27.0,,12.0,41.0
rule_t2,Portals,win,56,372.85714285714283,349.0,361.5,370.0,381.5,402.0,,
rule_t2,Portals,loss,54,368.3888888888889,310.20000000000005,359.75,377.5,403.75,431.20000000000005,,
rule_t2,Portals,all,110,370.6636363636364,347.8,360.5,374.0,397.75,413.40000000000003,,
rule_t2,Prisoners Dilemma,win,19,222.73684210526315,32.2,46.5,316.0,368.5,416.59999999999997,,
rule_t2,Prisoners Dilemma,loss,35,184.02857142857144,52.20000000000001,115.0,157.0,262.5,309.6000000000001,,
rule_t2,Prisoners Dilemma,all,54,197.64814814814815,37.6,88.25,157.5,306.75,379.70000000000005,,
rule_t2,Devil,win,23,340.2608695652174,243.0,284.0,345.0,399.5,437.6,,
rule_t2,Devil,loss,55,230.70909090909092,111.6,135.0,206.0,310.0,405.20000000000005,,
rule_t2,Devil,all,78,263.0128205128205,119.5,148.25,272.5,373.5,413.2,,
rule_t2,Trophy,win,13,261.84615384615387,125.8,141.0,293.0,336.0,358.2,,
rule_t2,Trophy,loss,51,171.0392156862745,85.0,121.0,160.0,218.0,259.0,,
rule_t2,Trophy,all,64,189.484375,89.0,122.0,169.5,247.75,322.1,,
rule_t2,Autarky,win,32,372.96875,288.7,353.75,368.0,413.75,426.0,,
rule_t2,Autarky,loss,53,293.0,163.4,237.0,300.0,354.0,401.8,,
rule_t2,Autarky,all,85,323.1058823529412,218.6,273.0,343.0,384.0,426.0,,
rule_t2,Default,win,48,365.1458333333333,321.0,336.5,356.5,401.5,423.0,,
rule_t2,Default,loss,52,300.0,167.5,248.75,307.5,339.25,461.9,,
rule_t2,Default,all,100,331.27,221.2,292.0,337.5,385.0,427.1,,
rule_t2,Queen Of Spades,win,34,360.79411764705884,309.5,350.75,362.0,398.75,422.2,,
rule_t2,Queen Of Spades,loss,45,281.9555555555556,159.4,232.0,289.0,339.0,370.2,,
rule_t2,Queen Of Spades,all,79,315.88607594936707,199.0,273.0,339.0,369.5,413.20000000000005,,
rule_t2,Schooltime,win,55,357.2181818181818,299.6,347.5,361.0,389.5,417.4,,
rule_t2,Schooltime,loss,48,344.8125,236.6,328.5,356.0,380.75,436.8,,
rule_t2,Schooltime,all,103,351.43689320388347,260.2,343.0,361.0,388.5,430.4,,
rule_t2,Slithery Fight,win,52,379.88461538461536,360.0,366.0,371.0,391.5,412.8,,
rule_t2,Slithery Fight,loss,47,405.3404255319149,357.8,380.0,410.0,424.5,450.0,,
rule_t2,Slithery Fight,all,99,391.969696969697,358.6,368.0,384.0,417.0,438.6,,
rule_t2,Trauma,win,53,412.1509433962264,368.2,397.0,410.0,433.0,446.40000000000003,,
rule_t2,Trauma,loss,41,398.5365853658537,337.0,367.0,400.0,448.0,473.0,,
rule_t2,Trauma,all,96,406.6145833333333,360.5,374.5,409.5,437.25,462.5,,
rule_t2,ALL,win,385,361.85974025974025,,351.0,370.0,403.0,,210.0000000000001,439.79999999999995
rule_t2,ALL,loss,481,298.34719334719335,,203.0,326.0,390.0,,103.0,455.0
rule_t2,ALL,all,868,326.8110599078341,,276.0,359.5,397.25,,112.7,450.0
cp_t1,Portals,win,56,85.44642857142857,20.0,20.0,25.0,56.25,382.5,,
cp_t1,Portals,loss,56,55.357142857142854,20.0,20.0,25.0,50.0,92.5,,
cp_t1,Portals,all,112,70.40178571428571,20.0,20.0,25.0,55.0,134.00000000000006,,
cp_t1,Prisoners Dilemma,win,46,43.69565217391305,20.0,20.0,20.0,20.0,62.5,,
cp_t1,Prisoners Dilemma,loss,46,51.73913043478261,20.0,20.0,20.0,62.5,127.5,,
cp_t1,Prisoners Dilemma,all,92,47.71739130434783,20.0,20.0,20.0,40.0,114.00000000000006,,
cp_t1,Devil,win,56,43.214285714285715,20.0,20.0,20.0,20.0,32.5,,
cp_t1,Devil,loss,56,99.375,35.0,43.75,67.5,120.0,187.5,,
cp_t1,Devil,all,112,71.29464285714286,20.0,20.0,35.0,76.25,165.0,,
cp_t1,Trophy,win,56,23.035714285714285,20.0,20.0,20.0,20.0,35.0,,
cp_t1,Trophy,loss,56,40.535714285714285,20.0,20.0,37.5,50.0,55.0,,
cp_t1,Trophy,all,112,31.785714285714285,20.0,20.0,20.0,40.0,50.0,,
cp_t1,Autarky,win,56,52.5,20.0,20.0,20.0,25.0,157.5,,
cp_t1,Autarky,loss,56,111.25,20.0,20.0,37.5,182.5,300.0,,
cp_t1,Autarky,all,112,81.875,20.0,20.0,20.0,115.0,265.0,,
cp_t1,Default,win,56,35.535714285714285,20.0,23.75,25.0,35.0,45.0,,
cp_t1,Default,loss,56,117.05357142857143,20.0,25.0,95.0,166.25,265.0,,
cp_t1,Default,all,112,76.29464285714286,20.0,25.0,30.0,95.0,207.00000000000017,,
cp_t1,Queen Of Spades,win,53,28.20754716981132,20.0,20.0,20.0,30.0,44.00000000000002,,
cp_t1,Queen Of Spades,loss,53,62.83018867924528,20.0,25.0,40.0,65.0,139.00000000000003,,
cp_t1,Queen Of Spades,all,106,45.5188679245283,20.0,20.0,25.0,45.0,90.0,,
cp_t1,Schooltime,win,56,33.392857142857146,20.0,20.0,25.0,45.0,60.0,,
cp_t1,Schooltime,loss,56,60.625,20.0,25.0,50.0,80.0,100.0,,
cp_t1,Schooltime,all,112,47.00892857142857,20.0,20.0,40.0,60.0,84.50000000000003,,
cp_t1,Slithery Fight,win,56,22.321428571428573,20.0,20.0,20.0,20.0,20.0,,
cp_t1,Slithery Fight,loss,56,27.410714285714285,20.0,20.0,20.0,20.0,20.0,,
cp_t1,Slithery Fight,all,112,24.866071428571427,20.0,20.0,20.0,20.0,20.0,,
cp_t1,Trauma,win,55,44.72727272727273,20.0,20.0,20.0,75.0,95.0,,
cp_t1,Trauma,loss,55,66.36363636363636,20.0,20.0,20.0,97.5,163.00000000000006,,
cp_t1,Trauma,all,112,56.160714285714285,20.0,20.0,20.0,90.0,129.50000000000003,,
cp_t1,ALL,win,546,41.227106227106226,,20.0,20.0,30.0,,20.0,115.0
cp_t1,ALL,loss,546,69.61538461538461,,20.0,35.0,80.0,,20.0,258.75
cp_t1,ALL,all,1094,55.484460694698356,,20.0,20.0,50.0,,20.0,230.0
cp_t2,Portals,win,56,416.07142857142856,322.5,425.0,447.5,456.25,462.5,,
cp_t2,Portals,loss,56,400.44642857142856,312.5,400.0,430.0,446.25,460.0,,
cp_t2,Portals,all,112,408.25892857142856,320.5,403.75,440.0,455.0,460.0,,
cp_t2,Prisoners Dilemma,win,46,162.82608695652175,47.5,56.25,117.5,220.0,430.0,,
cp_t2,Prisoners Dilemma,loss,46,177.2826086956522,52.5,76.25,165.0,251.25,340.0,,
cp_t2,Prisoners Dilemma,all,92,170.05434782608697,50.0,65.0,137.5,227.5,354.00000000000006,,
cp_t2,Devil,win,56,141.875,45.0,60.0,80.0,123.75,440.0,,
cp_t2,Devil,loss,56,235.0,125.0,140.0,192.5,337.5,415.0,,
cp_t2,Devil,all,112,188.4375,60.0,80.0,135.0,266.25,439.5,,
cp_t2,Trophy,win,56,116.51785714285714,50.0,55.0,65.0,145.0,270.0,,
cp_t2,Trophy,loss,56,185.0,70.0,117.5,157.5,246.25,325.0,,
cp_t2,Trophy,all,112,150.75892857142858,50.50000000000001,60.0,130.0,210.0,294.00000000000006,,
cp_t2,Autarky,win,56,267.32142857142856,82.5,125.0,232.5,425.0,437.5,,
cp_t2,Autarky,loss,56,315.5357142857143,150.0,210.0,342.5,415.0,435.0,,
cp_t2,Autarky,all,112,291.42857142857144,115.0,170.0,317.5,420.0,435.0,,
cp_t2,Default,win,56,297.5892857142857,95.0,155.0,342.5,425.0,450.0,,
cp_t2,Default,loss,56,325.7142857142857,147.5,228.75,347.5,415.0,455.0,,
cp_t2,Default,all,112,311.6517857142857,130.0,203.75,345.0,425.0,450.0,,
cp_t2,Queen Of Spades,win,53,171.79245283018867,45.0,55.0,100.0,280.0,435.0,,
cp_t2,Queen Of Spades,loss,53,242.9245283018868,85.0,145.0,230.0,355.0,395.0,,
cp_t2,Queen Of Spades,all,106,207.35849056603774,55.0,80.0,155.0,336.25,425.0,,
cp_t2,Schooltime,win,56,310.89285714285717,80.0,110.0,405.0,420.0,435.0,,
cp_t2,Schooltime,loss,56,288.2142857142857,85.0,115.0,355.0,410.0,425.0,,
cp_t2,Schooltime,all,112,299.55357142857144,85.0,113.75,387.5,420.0,430.0,,
cp_t2,Slithery Fight,win,56,401.9642857142857,295.0,420.0,430.0,446.25,457.5,,
cp_t2,Slithery Fight,loss,56,333.6607142857143,105.0,185.0,410.0,430.0,440.0,,
cp_t2,Slithery Fight,all,112,367.8125,128.50000000000006,372.5,425.0,435.0,455.0,,
cp_t2,Trauma,win,55,252.45454545454547,65.0,100.0,185.0,430.0,440.0,,
cp_t2,Trauma,loss,55,272.1818181818182,117.0,170.0,235.0,422.5,435.0,,
cp_t2,Trauma,all,112,265.26785714285717,90.0,120.0,210.0,430.0,440.0,,
cp_t2,ALL,win,546,256.0531135531136,,85.0,240.0,430.0,,46.25,460.0
cp_t2,ALL,loss,546,279.6336996336996,,151.25,292.5,410.0,,71.25,455.0
cp_t2,ALL,all,1094,268.13528336380256,,120.0,280.0,420.0,,55.0,460.0
phase_t1,Portals,win,56,36.25,25.0,25.0,35.0,45.0,55.0,,
phase_t1,Portals,loss,56,33.30357142857143,25.0,25.0,30.0,40.0,50.0,,
phase_t1,Portals,all,112,34.776785714285715,25.0,25.0,32.5,40.0,55.0,,
phase_t1,Prisoners Dilemma,win,52,35.86538461538461,10.0,10.0,25.0,35.0,68.99999999999999,,
phase_t1,Prisoners Dilemma,loss,45,54.888888888888886,10.0,25.0,35.0,70.0,103.0,,
phase_t1,Prisoners Dilemma,all,97,44.69072164948454,10.0,15.0,30.0,55.0,92.00000000000003,,
phase_t1,Devil,win,56,27.589285714285715,20.0,25.0,25.0,30.0,35.0,,
phase_t1,Devil,loss,56,28.303571428571427,20.0,25.0,30.0,30.0,40.0,,
phase_t1,Devil,all,112,27.946428571428573,20.0,25.0,27.5,30.0,35.0,,
phase_t1,Trophy,win,56,42.142857142857146,30.0,35.0,40.0,50.0,50.0,,
phase_t1,Trophy,loss,55,46.36363636363637,27.0,35.0,45.0,50.0,58.00000000000001,,
phase_t1,Trophy,all,111,44.234234234234236,30.0,35.0,45.0,50.0,55.0,,
phase_t1,Autarky,win,56,29.553571428571427,10.0,15.0,20.0,36.25,55.0,,
phase_t1,Autarky,loss,56,28.303571428571427,12.5,15.0,20.0,35.0,55.0,,
phase_t1,Autarky,all,112,28.928571428571427,10.0,15.0,20.0,35.0,55.0,,
phase_t1,Default,win,56,41.875,30.0,35.0,40.0,46.25,55.0,,
phase_t1,Default,loss,56,53.839285714285715,30.0,33.75,45.0,56.25,77.5,,
phase_t1,Default,all,112,47.857142857142854,30.0,35.0,40.0,50.0,60.0,,
phase_t1,Queen Of Spades,win,52,88.65384615384616,55.0,63.75,75.0,111.25,144.0,,
phase_t1,Queen Of Spades,loss,51,103.92156862745098,60.0,70.0,95.0,122.5,165.0,,
phase_t1,Queen Of Spades,all,103,96.2135922330097,55.0,65.0,85.0,115.0,149.0,,
phase_t1,Schooltime,win,56,60.80357142857143,50.0,55.0,60.0,65.0,70.0,,
phase_t1,Schooltime,loss,56,93.57142857142857,50.0,55.0,65.0,85.0,182.5,,
phase_t1,Schooltime,all,112,77.1875,50.0,55.0,60.0,70.0,89.50000000000003,,
phase_t1,Slithery Fight,win,56,22.857142857142858,15.0,15.0,15.0,15.0,27.5,,
phase_t1,Slithery Fight,loss,56,29.821428571428573,12.5,15.0,15.0,20.0,92.5,,
phase_t1,Slithery Fight,all,112,26.339285714285715,15.0,15.0,15.0,20.0,89.50000000000003,,
phase_t1,Trauma,win,55,85.0909090909091,50.0,57.5,85.0,100.0,118.0,,
phase_t1,Trauma,loss,55,93.27272727272727,28.000000000000007,62.5,95.0,120.0,125.0,,
phase_t1,Trauma,all,112,89.24107142857143,50.0,60.0,90.0,115.0,124.50000000000003,,
phase_t1,ALL,win,551,46.77858439201452,,25.0,40.0,60.0,,15.0,112.5
phase_t1,ALL,loss,542,56.1070110701107,,25.0,40.0,70.0,,15.0,135.0
phase_t1,ALL,all,1095,51.47945205479452,,25.0,40.0,65.0,,15.0,121.49999999999977
phase_t2,Portals,win,53,258.6792452830189,25.0,30.0,390.0,435.0,445.0,,
phase_t2,Portals,loss,33,268.3333333333333,15.0,85.0,370.0,430.0,444.0,,
phase_t2,Portals,all,86,262.3837209302326,15.0,30.0,375.0,435.0,445.0,,
phase_t2,Prisoners Dilemma,win,12,212.5,35.0,38.75,105.0,435.0,444.0,,
phase_t2,Prisoners Dilemma,loss,45,70.55555555555556,22.0,35.0,55.0,90.0,118.0,,
phase_t2,Prisoners Dilemma,all,57,100.43859649122807,25.0,35.0,55.0,100.0,313.0,,
phase_t2,Devil,win,9,397.22222222222223,300.0,365.0,440.0,440.0,445.0,,
phase_t2,Devil,loss,54,165.64814814814815,46.5,55.0,115.0,258.75,373.0000000000001,,
phase_t2,Devil,all,63,198.73015873015873,50.0,62.5,155.0,312.5,438.00000000000006,,
phase_t2,Trophy,win,2,430.0,402.0,412.5,430.0,447.5,458.0,,
phase_t2,Trophy,loss,54,143.88888888888889,50.0,71.25,115.0,185.0,265.0,,
phase_t2,Trophy,all,56,154.10714285714286,50.0,73.75,115.0,192.5,282.5,,
phase_t2,Autarky,win,24,434.375,420.0,433.75,435.0,450.0,458.5,,
phase_t2,Autarky,loss,52,239.6153846153846,85.5,137.5,217.5,356.25,379.0,,
phase_t2,Autarky,all,76,301.11842105263156,90.0,177.5,332.5,435.0,450.0,,
phase_t2,Default,win,25,438.0,372.0,420.0,450.0,470.0,475.0,,
phase_t2,Default,loss,50,231.2,59.0,82.5,247.5,345.0,416.5,,
phase_t2,Default,all,75,300.1333333333333,70.0,175.0,340.0,440.0,470.0,,
phase_t2,Queen Of Spades,win,24,362.2916666666667,146.50000000000003,303.75,425.0,436.25,450.0,,
phase_t2,Queen Of Spades,loss,50,177.7,80.0,96.25,137.5,238.75,324.00000000000006,,
phase_t2,Queen Of Spades,all,74,237.56756756756758,86.5,105.0,207.5,363.75,438.5,,
phase_t2,Schooltime,win,29,446.0344827586207,415.0,430.0,450.0,465.0,477.0,,
phase_t2,Schooltime,loss,39,360.2564102564103,219.0,307.5,380.0,432.5,465.0,,
phase_t2,Schooltime,all,68,396.8382352941176,256.0,370.0,425.0,456.25,471.5,,
phase_t2,Slithery Fight,win,48,440.9375,425.0,425.0,440.0,451.25,465.0,,
phase_t2,Slithery Fight,loss,23,430.2173913043478,406.0,430.0,435.0,462.5,470.0,,
phase_t2,Slithery Fight,all,71,437.46478873239437,415.0,425.0,440.0,455.0,465.0,,
phase_t2,Trauma,win,41,425.3658536585366,425.0,430.0,440.0,450.0,465.0,,
phase_t2,Trauma,loss,37,270.13513513513516,20.0,40.0,365.0,420.0,435.0,,
phase_t2,Trauma,all,80,353.375,40.0,362.5,425.0,445.0,455.50000000000006,,
phase_t2,ALL,win,267,383.1647940074906,,415.0,435.0,450.0,,30.0,473.49999999999994
phase_t2,ALL,loss,437,218.74141876430207,,85.0,185.0,365.0,,29.000000000000004,450.0
phase_t2,ALL,all,706,281.4872521246459,,105.0,345.0,435.0,,30.0,465.0
opening_rounds,Portals,win,56,36.25,25.0,25.0,35.0,45.0,55.0,,
opening_rounds,Portals,loss,56,33.30357142857143,25.0,25.0,30.0,40.0,50.0,,
opening_rounds,Portals,all,112,34.776785714285715,25.0,25.0,32.5,40.0,55.0,,
opening_rounds,Prisoners Dilemma,win,56,33.875,10.0,10.0,20.0,35.0,65.0,,
opening_rounds,Prisoners Dilemma,loss,56,55.767857142857146,10.0,23.75,37.0,70.0,112.5,,
opening_rounds,Prisoners Dilemma,all,112,44.82142857142857,10.0,10.0,27.5,55.0,94.50000000000003,,
opening_rounds,Devil,win,56,27.589285714285715,20.0,25.0,25.0,30.0,35.0,,
opening_rounds,Devil,loss,56,28.303571428571427,20.0,25.0,30.0,30.0,40.0,,
opening_rounds,Devil,all,112,27.946428571428573,20.0,25.0,27.5,30.0,35.0,,
opening_rounds,Trophy,win,56,42.142857142857146,30.0,35.0,40.0,50.0,50.0,,
opening_rounds,Trophy,loss,56,47.214285714285715,27.5,35.0,45.0,50.0,60.0,,
opening_rounds,Trophy,all,112,44.67857142857143,30.0,35.0,45.0,50.0,55.0,,
opening_rounds,Autarky,win,56,29.553571428571427,10.0,15.0,20.0,36.25,55.0,,
opening_rounds,Autarky,loss,56,28.303571428571427,12.5,15.0,20.0,35.0,55.0,,
opening_rounds,Autarky,all,112,28.928571428571427,10.0,15.0,20.0,35.0,55.0,,
opening_rounds,Default,win,56,41.875,30.0,35.0,40.0,46.25,55.0,,
opening_rounds,Default,loss,56,53.839285714285715,30.0,33.75,45.0,56.25,77.5,,
opening_rounds,Default,all,112,47.857142857142854,30.0,35.0,40.0,50.0,60.0,,
opening_rounds,Queen Of Spades,win,56,86.03571428571429,50.0,58.75,75.0,110.0,140.0,,
opening_rounds,Queen Of Spades,loss,56,102.64285714285714,55.0,65.0,95.0,125.5,165.0,,
opening_rounds,Queen Of Spades,all,112,94.33928571428571,50.0,65.0,82.5,115.0,149.50000000000003,,
opening_rounds,Schooltime,win,56,60.80357142857143,50.0,55.0,60.0,65.0,70.0,,
opening_rounds,Schooltime,loss,56,93.57142857142857,50.0,55.0,65.0,85.0,182.5,,
opening_rounds,Schooltime,all,112,77.1875,50.0,55.0,60.0,70.0,89.50000000000003,,
opening_rounds,Slithery Fight,win,56,22.857142857142858,15.0,15.0,15.0,15.0,27.5,,
opening_rounds,Slithery Fight,loss,56,29.821428571428573,12.5,15.0,15.0,20.0,92.5,,
opening_rounds,Slithery Fight,all,112,26.339285714285715,15.0,15.0,15.0,20.0,89.50000000000003,,
opening_rounds,Trauma,win,55,85.0909090909091,50.0,57.5,85.0,100.0,118.0,,
opening_rounds,Trauma,loss,55,93.27272727272727,28.000000000000007,62.5,95.0,120.0,125.0,,
opening_rounds,Trauma,all,112,89.24107142857143,50.0,60.0,90.0,115.0,124.50000000000003,,
opening_rounds,ALL,win,559,46.53846153846154,,25.0,40.0,60.0,,10.0,110.50000000000011
opening_rounds,ALL,loss,559,56.53846153846154,,25.0,40.0,70.0,,15.0,135.5000000000001
opening_rounds,ALL,all,1120,51.611607142857146,,25.0,40.0,65.0,,15.0,125.0
opening_pearls_per100dt,Portals,win,56,15.858820543368308,8.866995073891626,11.214031066972243,13.61081094988165,20.863196278134037,22.30152882667158,,
opening_pearls_per100dt,Portals,loss,56,12.530424163054807,7.142857142857143,8.737864077669903,9.842419621298767,17.287267972188555,20.99005320379366,,
opening_pearls_per100dt,Portals,all,112,14.194622353211557,8.337209302325583,9.090909090909092,13.092274415377709,19.833824007340993,21.374045801526716,,
opening_pearls_per100dt,Prisoners Dilemma,win,56,14.368221528784611,6.910002445585718,9.303977272727273,14.018691588785046,18.234735091470657,23.02198683999358,,
opening_pearls_per100dt,Prisoners Dilemma,loss,56,9.282218004218931,1.4715014715014716,2.7041451698985943,8.559972105997211,13.423021235521235,17.829427583557433,,
opening_pearls_per100dt,Prisoners Dilemma,all,112,11.825219766501771,1.9697950377562032,6.63265306122449,11.904569130704665,16.494617504810442,20.19446275543837,,
opening_pearls_per100dt,Devil,win,56,9.123340829202146,5.084745762711864,7.589285714285714,9.580838323353293,11.44770220046015,12.279489370256822,,
opening_pearls_per100dt,Devil,loss,56,5.696417938536652,2.378933484077633,3.705486564839254,5.319148936170213,7.528111564325874,9.45940347970174,,
opening_pearls_per100dt,Devil,all,112,7.4098793838693995,3.4293459844120635,4.908036785285885,7.589285714285714,10.246787137325327,11.993181818181819,,
opening_pearls_per100dt,Trophy,win,56,13.092661606922178,9.344070961718021,10.618792971734148,12.53872354854122,15.060240963855422,17.865595942519022,,
opening_pearls_per100dt,Trophy,loss,56,9.955903561404071,5.247563681298621,8.181818181818182,9.803921568627452,12.004807692307693,14.729064039408868,,
opening_pearls_per100dt,Trophy,all,112,11.524282584163126,7.8068030856134945,9.434818481848184,11.145617667356799,14.227166276346605,15.574091180785741,,
opening_pearls_per100dt,Autarky,win,56,8.663016086484317,5.861805688108418,7.014813742520749,8.191347436630455,10.567692816948032,11.779379157427938,,
opening_pearls_per100dt,Autarky,loss,56,7.308903810532241,4.008412115783427,5.7883174453728765,6.666666666666667,8.080808080808081,11.576510721247564,,
opening_pearls_per100dt,Autarky,all,112,7.985959948508279,5.138922155688623,5.9171597633136095,7.540825253335278,9.125874125874127,11.578460038986355,,
opening_pearls_per100dt,Default,win,56,2.6743288126728224,1.1067293718055486,1.6342213776967722,2.593937763429289,3.661543674060968,4.256600277906438,,
opening_pearls_per100dt,Default,loss,56,2.2088792886203126,0.9554527750730282,1.6172209624590577,2.0661157024793386,2.8726926870508667,3.4832451499118164,,
opening_pearls_per100dt,Default,all,112,2.4416040506465677,0.9653846153846155,1.6239760009230415,2.3522658108781056,3.1936170212765957,4.1588050314465415,,
opening_pearls_per100dt,Queen Of Spades,win,56,8.578567060240234,3.0103470481759955,4.52466856855177,8.597950268817204,11.245954692556634,15.199615199615199,,
opening_pearls_per100dt,Queen Of Spades,loss,56,5.844818472979361,0.0,0.9480286738351255,3.394686299615877,10.446132686434622,14.71311475409836,,
opening_pearls_per100dt,Queen Of Spades,all,112,7.211692766609795,0.4449611523847333,2.78183657412611,6.931341719077569,11.115232443125617,15.055251973284763,,
opening_pearls_per100dt,Schooltime,win,56,9.253234498087043,6.995932181844184,8.353518821603927,9.070840858920329,10.588727678571429,11.399438117694277,,
opening_pearls_per100dt,Schooltime,loss,56,6.584436992984442,1.962937278471259,4.9050345207472095,6.645178382197104,8.593387195139009,9.790436512921934,,
opening_pearls_per100dt,Schooltime,all,112,7.918835745535743,3.8801246703428434,6.3731625315958675,8.474050077613551,9.748491394158485,11.21164159908096,,
opening_pearls_per100dt,Slithery Fight,win,56,17.82801137051995,15.15748031496063,16.731517509727627,17.82477341389728,18.53281853281853,19.852039538522085,,
opening_pearls_per100dt,Slithery Fight,loss,56,19.705734200935638,17.49567250077673,18.46846846846847,19.17808219178082,22.0125786163522,22.22222222222222,,
opening_pearls_per100dt,Slithery Fight,all,112,18.766872785727795,16.470588235294116,17.127377864245567,18.46846846846847,19.86677928671651,22.115738546821103,,
opening_pearls_per100dt,Trauma,win,55,3.938590329764616,1.3744400001811932,1.5463917525773196,2.727272727272727,5.707762557077626,8.878040424803022,,
opening_pearls_per100dt,Trauma,loss,55,1.9699919511262525,0.0,0.5069781787339039,1.5584415584415585,2.3706896551724137,5.3193731993535245,,
opening_pearls_per100dt,Trauma,all,112,2.9346665462334363,0.4624043640061948,1.3539651837524178,1.9553072625698324,4.290567793980763,6.382978723404255,,
opening_pearls_per100dt,ALL,win,559,10.349327010677682,,5.92661641133717,9.701492537313433,14.090711670906497,,1.5565083341362367,20.349529190207157
opening_pearls_per100dt,ALL,loss,559,8.119754557379007,,2.6144907723855093,6.7114093959731544,11.576510721247564,,0.5050505050505051,21.05403897234437
opening_pearls_per100dt,ALL,all,1120,9.221363593100747,,3.836996336996337,8.553507395469248,13.108785611968806,,1.0923054201742728,20.613101974097816
opening_deaths_per1k,Portals,win,56,36.14208248957591,14.77832512315271,18.66985437948272,33.421754777860514,45.80152671755725,65.69021259919663,,
opening_deaths_per1k,Portals,loss,56,26.285158502628885,9.70873786407767,10.204081632653061,18.31981282243062,40.0,49.881992728200544,,
opening_deaths_per1k,Portals,all,112,31.2136204961024,9.70873786407767,14.77832512315271,23.076923076923077,45.45454545454545,62.63686589653445,,
opening_deaths_per1k,Prisoners Dilemma,win,56,50.218295916806994,25.123601809320103,31.121363885839735,44.776119402985074,46.88916933679947,86.02150537634408,,
opening_deaths_per1k,Prisoners Dilemma,loss,56,53.34409457382925,12.069654996909879,21.875,41.32861587262856,57.86211396259243,97.29729729729729,,
opening_deaths_per1k,Prisoners Dilemma,all,112,51.78119524531813,18.922879648287235,29.013118975536766,43.47826086956522,52.548088434831186,86.18835743418613,,
opening_deaths_per1k,Devil,win,56,9.725126173326641,0.0,3.640776699029126,10.760401721664277,15.228426395939087,17.857142857142858,,
opening_deaths_per1k,Devil,loss,56,10.809049772077312,0.0,5.564834497418767,8.547008547008547,12.578616352201259,28.571428571428573,,
opening_deaths_per1k,Devil,all,112,10.267087972701976,0.0,5.168061644745583,9.507678410117435,14.869957144968229,21.99770158973377,,
opening_deaths_per1k,Trophy,win,56,6.900137675674235,0.0,0.0,6.391407334803562,10.909090909090908,14.793028798845421,,
opening_deaths_per1k,Trophy,loss,56,10.907760117923539,0.0,0.0,9.804863981543786,19.433236666246373,22.423328305681245,,
opening_deaths_per1k,Trophy,all,112,8.903948896798886,0.0,0.0,6.558011524898943,15.02693700744408,20.988614503851924,,
opening_deaths_per1k,Autarky,win,56,20.149751113020972,12.578616352201259,16.71126613508225,19.801980198019802,23.76506813417191,27.96345811051693,,
opening_deaths_per1k,Autarky,loss,56,17.42788068662637,8.55263157894737,12.722739850548745,17.75147928994083,20.359848484848484,26.36455525606469,,
opening_deaths_per1k,Autarky,all,112,18.78881589982367,9.088345864661656,13.602136549380921,18.633540372670808,22.06665460975806,26.75865800865801,,
opening_deaths_per1k,Default,win,56,5.550730331817845,0.0,2.5434111004580804,4.477134633834346,8.19941348973607,11.744505494505495,,
opening_deaths_per1k,Default,loss,56,5.9989505293806875,0.0,0.0,4.940362333849096,9.115247322794493,13.75886524822695,,
opening_deaths_per1k,Default,all,112,5.7748404305992675,0.0,1.6778523489932886,4.728158812483233,8.933766728866951,12.601351351351353,,
opening_deaths_per1k,Queen Of Spades,win,56,15.366033402404108,0.0,3.5137482445117896,14.510469060708855,21.4956551687596,34.87935237158128,,
opening_deaths_per1k,Queen Of Spades,loss,56,13.877442982803725,0.0,3.7711402073104203,9.419732639299657,23.978694797807425,31.086206896551722,,
opening_deaths_per1k,Queen Of Spades,all,112,14.621738192603914,0.0,3.6472610190140538,12.083441390041493,21.905813804584454,34.70647406201031,,
opening_deaths_per1k,Schooltime,win,56,8.001280688902629,2.544677544677545,4.373329709652579,7.4112162347456465,11.000391007417381,14.573157782968782,,
opening_deaths_per1k,Schooltime,loss,56,7.9640688391799666,1.99042073036013,3.7185516408398223,5.777310924369748,11.359748128786979,17.939814814814817,,
opening_deaths_per1k,Schooltime,all,112,7.982674764041298,2.319432964594255,3.9363295880149813,6.363251938891188,11.300550039044666,15.614224137931036,,
opening_deaths_per1k,Slithery Fight,win,56,55.12279670515581,47.24409448818898,49.42965779467681,53.57142857142857,57.915057915057915,61.52118783514335,,
opening_deaths_per1k,Slithery Fight,loss,56,58.79394610463238,49.42965779467681,52.45255521041658,56.60377358490566,60.18518518518518,79.84218518912537,,
opening_deaths_per1k,Slithery Fight,all,112,56.958371404894095,47.24409448818898,49.549549549549546,54.474708171206224,58.36575875486381,76.48830530140157,,
opening_deaths_per1k,Trauma,win,55,6.795247438183362,0.0,0.0,3.7593984962406015,8.89521437466643,22.250770811921903,,
opening_deaths_per1k,Trauma,loss,55,2.188110689678516,0.0,0.0,0.0,0.0,9.80050902013624,,
opening_deaths_per1k,Trauma,all,112,4.411470509217887,0.0,0.0,0.0,8.51063829787234,11.887216878684457,,
opening_deaths_per1k,ALL,win,559,21.423269661743205,,5.406037228602321,14.705882352941176,31.25,,0.0,58.36575875486381
opening_deaths_per1k,ALL,loss,559,20.792869062685003,,4.520799355806529,12.295081967213115,27.812145582018765,,0.0,60.541888785640964
opening_deaths_per1k,ALL,all,1120,21.07037638121015,,4.959708129621895,13.215859030837004,29.197601370645344,,0.0,59.444902823615664
opening_splits_per100dt,Portals,win,56,6.67311210250312,3.4482758620689653,4.800622171945701,6.115597110072248,8.498647955615647,9.579049736037788,,
opening_splits_per100dt,Portals,loss,56,5.390823326371061,3.061224489795918,3.883495145631068,4.808136846971799,7.381035912483256,8.67965367965368,,
opening_splits_per100dt,Portals,all,112,6.031967714437092,3.2750601443464316,3.9669745555942835,5.29784990134041,8.0,9.090909090909092,,
opening_splits_per100dt,Prisoners Dilemma,win,56,9.670589035787136,5.0,5.868075385494004,8.828489880643488,13.846153846153847,15.942028985507246,,
opening_splits_per100dt,Prisoners Dilemma,loss,56,5.156736181987798,0.0,0.2358490566037736,5.280022290331569,7.468047280415146,11.11111111111111,,
opening_splits_per100dt,Prisoners Dilemma,all,112,7.413662608887468,0.0,4.250968575118382,6.504437869822485,11.11111111111111,14.839085820895528,,
opening_splits_per100dt,Devil,win,56,5.115508513291439,3.9723434460276565,4.664601652011724,5.104588882455124,5.896913220733838,6.051149760062134,,
opening_splits_per100dt,Devil,loss,56,3.7913803405089306,2.455760202239076,2.891964840204462,3.6941628606438677,4.605683269476373,5.294117647058823,,
opening_splits_per100dt,Devil,all,112,4.453444426900186,2.7227593415207734,3.4188034188034186,4.62962962962963,5.294117647058823,5.9523809523809526,,
opening_splits_per100dt,Trophy,win,56,5.593717032189643,4.06590583831786,4.680590161368173,5.4782774390243905,6.429353778751369,7.267479485387383,,
opening_splits_per100dt,Trophy,loss,56,4.510618765065862,2.5559366323697534,3.841989388963078,4.654674369747899,5.202312138728324,6.543456543456543,,
opening_splits_per100dt,Trophy,all,112,5.052167898627752,3.114728066693133,4.219434252574269,4.968944099378882,5.887870656721848,6.88982338099243,,
opening_splits_per100dt,Autarky,win,56,5.504216851339776,3.335560474233844,4.303405572755418,5.110878979782812,7.070707070707071,8.003818674550383,,
opening_splits_per100dt,Autarky,loss,56,4.630287333448105,1.397637986933959,3.3756805807622503,4.7557508400103385,5.9171597633136095,7.519858781994705,,
opening_splits_per100dt,Autarky,all,112,5.06725209239394,2.349110320284698,3.867018972345994,5.010460251046025,6.1585944919278255,7.910845370589629,,
opening_splits_per100dt,Default,win,56,2.0689159567073396,1.4519486679490896,1.694915254237288,2.061934562274675,2.376315789473684,2.7198544088294003,,
opening_splits_per100dt,Default,loss,56,1.8664057519277983,1.1850170792195032,1.4492753623188406,1.8124507486209613,2.3396226415094343,2.612849761138735,,
opening_splits_per100dt,Default,all,112,1.9676608543175689,1.2279411764705883,1.5616300111358574,1.9763548859594056,2.360973187686197,2.691309396416293,,
opening_splits_per100dt,Queen Of Spades,win,56,3.6132509423608465,1.1730306157550738,1.9713320974576272,3.6000576009216148,4.868421052631579,6.27003627003627,,
opening_splits_per100dt,Queen Of Spades,loss,56,2.3692590919231447,0.0,0.5054714945804226,1.4124406495631008,4.252672194364262,6.3659515617621265,,
opening_splits_per100dt,Queen Of Spades,all,112,2.9912550171419956,0.02597402597402634,1.132123473541384,2.858514267039768,4.550169747265183,6.2990522990523,,
opening_splits_per100dt,Schooltime,win,56,4.0367187313448385,3.0614293361884366,3.651708535070598,3.995798319327731,4.5839595708980445,4.838419299666937,,
opening_splits_per100dt,Schooltime,loss,56,2.919343613748673,0.9758759634289473,2.189516920757776,3.103066050139366,3.7595676048590847,4.432717359108741,,
opening_splits_per100dt,Schooltime,all,112,3.4780311725467556,1.7628084511585398,2.880983750548968,3.6756799715763,4.2315754223203434,4.686977424749164,,
opening_splits_per100dt,Slithery Fight,win,56,11.908723469496968,10.234635872157735,11.811023622047244,12.45136186770428,12.854580672932062,12.927756653992395,,
opening_splits_per100dt,Slithery Fight,loss,56,12.259660958901572,9.722526354054814,11.68435534591195,12.286832541235672,12.927756653992395,14.649314914645103,,
opening_splits_per100dt,Slithery Fight,all,112,12.084192214199268,9.800076458367915,11.805555555555555,12.32876712328767,12.927756653992395,12.946428571428571,,
opening_splits_per100dt,Trauma,win,55,2.100524290931392,1.0101010101010102,1.0577632667665542,1.6826923076923077,2.73972602739726,4.383284861472526,,
opening_splits_per100dt,Trauma,loss,55,1.4286497159947897,0.5802707930367504,0.641281131516285,1.2658227848101267,1.9886363636363635,2.6045883940620786,,
opening_splits_per100dt,Trauma,all,112,1.7563968996294232,0.5802707930367504,1.0101010101010102,1.3966480446927374,2.5641025641025643,3.3668600902643475,,
opening_splits_per100dt,ALL,win,559,5.63483896880574,,3.330252618607517,4.910714285714286,6.978260869565217,,1.1759195481471278,12.927756653992395
opening_splits_per100dt,ALL,loss,559,4.437689793841071,,1.8202526402981984,3.723404255319149,5.628146388370382,,0.2337662337662343,12.480356955065133
opening_splits_per100dt,ALL,all,1120,5.029603089908145,,2.4099547511312216,4.331684827040864,6.237824675324676,,0.6858897711827169,12.927756653992395
opening_rays_per_dt,Portals,win,56,3.8916646416006695,3.595419847328244,3.896153846153846,4.002232142857142,4.118710233465994,4.170909090909091,,
opening_rays_per_dt,Portals,loss,56,3.104875784150646,0.0,3.5900834040147016,4.081632653061225,4.124031007751938,4.16,,
opening_rays_per_dt,Portals,all,112,3.4982702128756578,0.0,3.811163101604278,4.031259600614439,4.124031007751938,4.16,,
opening_rays_per_dt,Prisoners Dilemma,win,56,3.692108226656043,1.6205557577963838,4.006147910283926,4.113419878622242,4.260162601626016,4.415851775604735,,
opening_rays_per_dt,Prisoners Dilemma,loss,56,2.7663512832131354,0.0,0.8560606060606061,3.940777972027972,4.085082934847579,4.164948453608248,,
opening_rays_per_dt,Prisoners Dilemma,all,112,3.229229754934589,0.0,3.3821676990691074,4.021584534090644,4.143506493506494,4.369230769230769,,
opening_rays_per_dt,Devil,win,56,2.945803547956858,0.0,0.43965517241379304,4.162381894089211,4.182741116751269,4.191616766467066,,
opening_rays_per_dt,Devil,loss,56,3.477095856284085,1.0691489361702127,3.9316239316239314,4.074634129384364,4.110136227199261,4.141176470588236,,
opening_rays_per_dt,Devil,all,112,3.211449702120471,0.0,3.3065515966673305,4.101282051282051,4.164102564102564,4.184971098265896,,
opening_rays_per_dt,Trophy,win,56,3.233603377035618,0.0,2.7544014680971203,4.103896103896104,4.172577232331782,4.2037357315807675,,
opening_rays_per_dt,Trophy,loss,56,3.666557129379276,2.458812083024463,4.076775568181818,4.13479235488438,4.18260641093011,4.2104899930986885,,
opening_rays_per_dt,Trophy,all,112,3.450080253207447,0.0,3.826762204400273,4.125748164878599,4.1750240051210925,4.204012452438603,,
opening_rays_per_dt,Autarky,win,56,3.0162602077365466,0.0,1.629779411764706,4.072751322751323,4.12722280334728,4.181325085171239,,
opening_rays_per_dt,Autarky,loss,56,3.512959260789125,1.4502248875562218,3.9616795384587027,4.073323037668704,4.150762281197064,4.176274944567627,,
opening_rays_per_dt,Autarky,all,112,3.264609734262836,0.0,3.3490259740259742,4.072751322751323,4.139062638630113,4.180709534368071,,
opening_rays_per_dt,Default,win,56,3.2882528122124604,0.8441320453415011,3.7510127635960044,4.055796796937013,4.068329975109636,4.079527166291776,,
opening_rays_per_dt,Default,loss,56,2.9787254648389836,0.0,1.1341703783341013,4.045763154458807,4.067796610169491,4.091780869686508,,
opening_rays_per_dt,Default,all,112,3.133489138525722,0.0,2.997349665924276,4.048664393293549,4.067796610169491,4.08298755186722,,
opening_rays_per_dt,Queen Of Spades,win,56,3.5320719212876237,1.6321672829933596,3.857147095120562,4.039336349924586,4.096609166243869,4.123669123669123,,
opening_rays_per_dt,Queen Of Spades,loss,56,2.9667474196441392,0.0,1.6592175663505853,4.0,4.073402948402949,4.149180327868853,,
opening_rays_per_dt,Queen Of Spades,all,112,3.2494096704658815,0.0,3.3518280491288204,4.0266959064327486,4.091805550620092,4.125634725634725,,
opening_rays_per_dt,Schooltime,win,56,3.5027921136158553,2.1855045284054526,3.8464405219003144,4.100658761528327,4.130583142347849,4.148323993111388,,
opening_rays_per_dt,Schooltime,loss,56,3.157889560659547,0.0,2.3527256821541362,4.025031137268568,4.090015706432498,4.124505070014486,,
opening_rays_per_dt,Schooltime,all,112,3.3303408371377015,0.0,3.4052923767945598,4.071401298205422,4.116675885483224,4.141673136153522,,
opening_rays_per_dt,Slithery Fight,win,56,3.4982977279905394,2.234375,2.328549848942598,4.277064122381536,4.283464566929134,4.304182509505703,,
opening_rays_per_dt,Slithery Fight,loss,56,3.4809062420825367,0.0,4.194946147473074,4.256585540443808,4.289789398753408,4.370875941714097,,
opening_rays_per_dt,Slithery Fight,all,112,3.4896019850365385,0.0,3.6756012560363494,4.270740396994102,4.288288288288288,4.304182509505703,,
opening_rays_per_dt,Trauma,win,55,3.2238200231008225,0.8525923349492404,2.6285301468291156,4.023668639053255,4.050136650645557,4.096521880240169,,
opening_rays_per_dt,Trauma,loss,55,3.047871414529526,0.0,2.286093814860938,4.029143897996357,4.050632911392405,4.097628687102371,,
opening_rays_per_dt,Trauma,all,112,3.152209860399745,0.0,3.2430529522024365,4.029143897996357,4.050697329854737,4.099670038405367,,
opening_rays_per_dt,ALL,win,559,3.3827512657096768,,3.7312194269741443,4.064864864864865,4.150943396226415,,0.0,4.283520477100126
opening_rays_per_dt,ALL,loss,559,3.2162987045750384,,3.1193723663783546,4.050632911392405,4.1235354601293395,,0.0,4.288288288288288
opening_rays_per_dt,ALL,all,1120,3.300869114896659,,3.631108442004118,4.057636887608069,4.135436766623207,,0.0,4.284162107848609
economy_rounds,Portals,win,56,235.35714285714286,0.0,0.0,365.0,395.0,410.0,,
economy_rounds,Portals,loss,56,330.17857142857144,0.0,267.5,410.0,470.0,475.0,,
economy_rounds,Portals,all,112,282.76785714285717,0.0,28.75,385.0,423.75,470.0,,
economy_rounds,Prisoners Dilemma,win,56,160.83928571428572,0.0,41.5,158.5,230.75,386.0,,
economy_rounds,Prisoners Dilemma,loss,56,12.589285714285714,0.0,0.0,0.0,0.0,35.0,,
economy_rounds,Prisoners Dilemma,all,112,86.71428571428571,0.0,0.0,5.0,163.75,257.8000000000001,,
economy_rounds,Devil,win,56,257.85714285714283,136.5,160.5,239.0,351.75,415.0,,
economy_rounds,Devil,loss,56,149.28571428571428,17.5,25.0,95.0,245.0,365.0,,
economy_rounds,Devil,all,112,203.57142857142858,25.0,95.0,174.5,306.5,410.0,,
economy_rounds,Trophy,win,56,190.875,82.0,118.75,170.0,242.0,345.0,,
economy_rounds,Trophy,loss,56,102.14285714285714,0.0,18.75,72.5,155.0,230.0,,
economy_rounds,Trophy,all,112,146.50892857142858,0.0,65.0,129.0,216.25,319.00000000000006,,
economy_rounds,Autarky,win,56,342.1607142857143,178.0,266.5,386.5,431.25,442.5,,
economy_rounds,Autarky,loss,56,229.91071428571428,42.5,117.5,247.5,331.25,412.5,,
economy_rounds,Autarky,all,112,286.0357142857143,77.00000000000003,170.0,306.5,415.0,440.0,,
economy_rounds,Default,win,56,374.76785714285717,242.5,323.0,410.0,440.0,457.5,,
economy_rounds,Default,loss,56,206.16071428571428,0.0,28.75,237.5,341.25,410.0,,
economy_rounds,Default,all,112,290.4642857142857,20.500000000000007,199.25,335.0,420.0,455.0,,
economy_rounds,Queen Of Spades,win,56,224.03571428571428,27.0,124.75,237.0,321.25,375.0,,
economy_rounds,Queen Of Spades,loss,56,72.94642857142857,0.0,0.0,0.0,78.75,262.5,,
economy_rounds,Queen Of Spades,all,112,148.49107142857142,0.0,0.0,114.5,281.25,364.5,,
economy_rounds,Schooltime,win,56,381.75,300.5,368.75,400.0,435.0,445.0,,
economy_rounds,Schooltime,loss,56,309.10714285714283,0.0,267.5,362.5,426.25,440.0,,
economy_rounds,Schooltime,all,112,345.42857142857144,156.90000000000003,315.0,387.5,430.0,444.5,,
economy_rounds,Slithery Fight,win,56,426.51785714285717,405.0,410.0,425.0,440.0,450.0,,
economy_rounds,Slithery Fight,loss,56,441.51785714285717,390.0,413.75,452.5,485.0,485.0,,
economy_rounds,Slithery Fight,all,112,434.01785714285717,400.0,410.0,430.0,475.0,485.0,,
economy_rounds,Trauma,win,55,357.6181818181818,330.0,345.0,365.0,392.5,413.0,,
economy_rounds,Trauma,loss,55,252.0909090909091,0.0,182.5,310.0,377.5,380.0,,
economy_rounds,Trauma,all,112,305.2142857142857,0.0,300.0,347.5,380.0,409.5,,
economy_rounds,ALL,win,559,295.0661896243292,,182.0,350.0,410.0,,0.0,455.0
economy_rounds,ALL,loss,559,210.51878354203936,,17.5,200.0,380.0,,0.0,475.0
economy_rounds,ALL,all,1120,252.92142857142858,,85.0,300.0,405.0,,0.0,470.0
economy_pearls_per100dt,Portals,win,38,12.074070560057937,9.678045369741776,10.28273170554526,12.072298036025607,14.79933784795815,15.661811702337879,,
economy_pearls_per100dt,Portals,loss,49,9.112996798094466,4.205193744214711,5.102657004830918,8.825498861657962,13.817723645527089,15.04126788103324,,
economy_pearls_per100dt,Portals,all,87,10.40633936079115,4.802786579645812,5.428088909901429,11.481039116154076,14.275461996721997,15.350910663903479,,
economy_pearls_per100dt,Prisoners Dilemma,win,47,5.409432080215524,2.540711462450593,3.3161497447211734,4.708520179372197,6.563403689546286,9.692336545975515,,
economy_pearls_per100dt,Prisoners Dilemma,loss,9,3.845761764299626,1.5476958822770106,1.639344262295082,2.616279069767442,3.8220757825370675,7.581809657759026,,
economy_pearls_per100dt,Prisoners Dilemma,all,56,5.15812792230047,1.6639498046935073,3.045206106414521,4.433924022436084,6.450806966353607,9.724511591560303,,
economy_pearls_per100dt,Devil,win,56,10.025589890118095,8.753724536333232,9.400038426185045,10.05725045476542,10.669342129477826,11.525760527786417,,
economy_pearls_per100dt,Devil,loss,51,7.319074691481265,4.225352112676056,5.567920093149225,6.983655274888559,9.193164091715282,10.308901480533724,,
economy_pearls_per100dt,Devil,all,107,8.735568627216427,5.3303301370744585,6.974586258133934,9.400210452472816,10.3252458135821,11.334215329995144,,
economy_pearls_per100dt,Trophy,win,56,5.0238144648923315,4.1816953512279404,4.377029595504537,4.707864857599191,5.412919668319458,6.0588532485417295,,
economy_pearls_per100dt,Trophy,loss,43,5.190752634772164,3.5653833126815795,3.908419705661308,5.030591434398368,6.1325124277215135,7.492178098676294,,
economy_pearls_per100dt,Trophy,all,99,5.096322962920946,3.7030888768456043,4.304904566433903,4.802431610942249,5.75259053519923,6.444846765870206,,
economy_pearls_per100dt,Autarky,win,56,4.95710845647432,3.9664445643716917,4.462682155211173,5.118786450306711,5.625042084162622,5.769299515858747,,
economy_pearls_per100dt,Autarky,loss,53,5.259772798648632,2.005076383273445,4.694835680751174,5.759748991483639,6.730224655465357,7.237670939354981,,
economy_pearls_per100dt,Autarky,all,109,5.104275521935223,3.413457445080273,4.513020109350385,5.277389277389277,5.8782365290412875,7.051830266790121,,
economy_pearls_per100dt,Default,win,56,4.028990439729358,2.9785855942305597,3.4445332356589264,4.11465371890781,4.496673241810587,4.954470531609187,,
economy_pearls_per100dt,Default,loss,46,3.5187681445948193,2.3051656428042246,2.7203754258751305,3.456359278059786,4.191300069846952,5.032462597442078,,
economy_pearls_per100dt,Default,all,102,3.7988901889824107,2.6460329236109033,3.0497571172905418,3.934287574380186,4.428481994851335,4.964534708290316,,
economy_pearls_per100dt,Queen Of Spades,win,51,6.618721203608953,4.519044544867657,5.123919602188446,5.903229622619189,7.757154463149815,9.670781893004115,,
economy_pearls_per100dt,Queen Of Spades,loss,22,5.313463798359521,2.4215295630285056,3.1685291762378323,4.6600375901656,7.4179881790582005,8.89087459755412,,
economy_pearls_per100dt,Queen Of Spades,all,73,6.225355958191315,3.1692848104373113,4.66321243523316,5.666551842921116,7.632743362831858,9.588016132917197,,
economy_pearls_per100dt,Schooltime,win,56,7.264790283682757,6.3368324090062575,6.789218170630332,7.332983188018995,7.763377773313342,8.228342998432513,,
economy_pearls_per100dt,Schooltime,loss,49,6.748219588093127,5.445304642772487,6.077565046637211,6.794574117071979,7.562518830973184,8.539385145328165,,
economy_pearls_per100dt,Schooltime,all,105,7.023723959074262,5.722243327442224,6.390275667462557,7.091163767946773,7.738203680087447,8.436327843152364,,
economy_pearls_per100dt,Slithery Fight,win,56,11.50789240567153,10.031967868516666,10.48831663283848,11.244580689327432,12.44050324378128,13.410570952079627,,
economy_pearls_per100dt,Slithery Fight,loss,56,12.41007607768444,9.979505987722408,10.95466774156415,12.053508163104611,13.958058326187865,14.981151525137133,,
economy_pearls_per100dt,Slithery Fight,all,112,11.958984241677983,9.937921155222163,10.73431662347003,11.73859941567819,13.119202208105284,14.47845743114941,,
economy_pearls_per100dt,Trauma,win,53,5.362092216281465,4.672847488919873,5.028759244042728,5.446896449922503,5.731849144376143,5.959133398775003,,
economy_pearls_per100dt,Trauma,loss,43,4.065788955703989,2.7125915658359565,3.418093387163022,4.281914893617022,5.038412047369162,5.364874704626728,,
economy_pearls_per100dt,Trauma,all,98,4.790468487425721,3.3793166662549523,4.370006410035394,5.070202133113758,5.546624485815379,5.86930376529577,,
economy_pearls_per100dt,ALL,win,525,7.108689658230734,,4.697986577181208,5.896452540747843,9.670781893004115,,3.1979066268382375,13.054401993355475
economy_pearls_per100dt,ALL,loss,421,6.735409295372648,,4.165568151858687,5.773955773955774,8.749165155996565,,2.113491603937464,14.3028466830777
economy_pearls_per100dt,ALL,all,948,6.938940383051216,,4.542837263562823,5.817240039988427,9.399694373609504,,2.728912839737582,13.703470936719144
economy_deaths_per1k,Portals,win,38,43.55741636796247,34.7683435338974,37.59987743653805,43.744706316425095,52.31589398256065,55.41029026366503,,
economy_deaths_per1k,Portals,loss,49,32.01747854071578,15.019821549161097,19.420376456528235,32.00749966519352,46.90913764297648,50.8031174347182,,
economy_deaths_per1k,Portals,all,87,37.05791115491548,18.128771874848045,20.177253745727075,41.291688724192696,49.75753314860677,54.039158732928065,,
economy_deaths_per1k,Prisoners Dilemma,win,47,19.416808150601867,9.233491516033489,11.705151990866277,15.49053356282272,24.382998171846435,31.99511537141534,,
economy_deaths_per1k,Prisoners Dilemma,loss,9,21.330227257392615,11.700226027093706,16.14497528830313,20.689655172413794,21.85792349726776,30.062651834803738,,
economy_deaths_per1k,Prisoners Dilemma,all,56,19.72432193562181,9.65181848017424,11.801752802877662,17.17381915729081,24.07449725776965,32.233626783514644,,
economy_deaths_per1k,Devil,win,56,35.219969368265744,30.276547426589506,32.05584930973786,35.499254097099744,38.835052100403246,39.74792776198294,,
economy_deaths_per1k,Devil,loss,51,27.308960445496524,16.48634724368882,19.97166749188535,28.436018957345972,33.35953426938869,38.288288288288285,,
economy_deaths_per1k,Devil,all,107,31.449301563955178,18.683472593650702,28.004705574799033,32.89473684210526,37.195484586015866,39.53521092197073,,
economy_deaths_per1k,Trophy,win,56,12.88127793520931,9.804775646073418,11.502888610719388,12.66402178902582,13.635844937911289,16.015704266991342,,
economy_deaths_per1k,Trophy,loss,43,20.660880238067016,11.064150943396227,15.34002874302738,18.92744479495268,25.44290702185439,31.117647058823533,,
economy_deaths_per1k,Trophy,all,99,16.260297117258617,9.980353313858057,12.063637063637064,13.5381032098406,18.616129320753032,26.393877869748554,,
economy_deaths_per1k,Autarky,win,56,15.940611632607029,12.639784158338998,13.798169385012557,16.01088400980639,18.385451228867527,20.41888609292418,,
economy_deaths_per1k,Autarky,loss,53,21.33610634894694,9.92079207920792,17.327505463627848,23.093072078376487,25.089605734767026,28.684821384938672,,
economy_deaths_per1k,Autarky,all,109,18.5641090634879,11.14207526800733,14.135886912904697,18.337699452250536,22.937511799131585,26.46603883676332,,
economy_deaths_per1k,Default,win,56,11.661826861308628,7.072358112918285,9.12401931015869,11.853846613568887,13.817530376717816,15.699083032470519,,
economy_deaths_per1k,Default,loss,46,11.690512873098815,5.772564097670328,8.154473161703978,11.791260870451826,13.84618416903185,19.010771576513413,,
economy_deaths_per1k,Default,all,102,11.674763690155187,6.769829264884146,8.71901264899633,11.853846613568887,13.851781170483461,16.667613249301624,,
economy_deaths_per1k,Queen Of Spades,win,51,21.431587058074406,12.364760432766616,14.936945121792071,18.194223334091426,24.24651497540662,35.61887800534283,,
economy_deaths_per1k,Queen Of Spades,loss,22,19.558070050519806,9.463788483192653,11.742837924228683,17.11501673840268,24.56945443757423,36.31263870243022,,
economy_deaths_per1k,Queen Of Spades,all,73,20.866965494153842,10.912037578114615,14.280345734686207,18.002195389681667,24.253731343283583,36.84513783017073,,
economy_deaths_per1k,Schooltime,win,56,16.43226616063961,11.102949526952353,12.245615761884743,15.424415072468214,19.370779700938808,23.549271344502976,,
economy_deaths_per1k,Schooltime,loss,49,21.024250729736632,16.28264853037021,18.43554559880519,20.97902097902098,23.486238532110093,27.238160042242583,,
economy_deaths_per1k,Schooltime,all,105,18.575192292884886,12.032901100491609,14.558568184853746,18.99849018621037,22.263450834879407,25.040498768025195,,
economy_deaths_per1k,Slithery Fight,win,56,39.7676421278256,32.60630040460383,35.012980433458054,38.329620579934186,43.24243412325072,49.54705511078798,,
economy_deaths_per1k,Slithery Fight,loss,56,45.20062737878542,34.72115855779608,39.189165405929444,44.82638260984382,52.048205249899986,55.92739310453908,,
economy_deaths_per1k,Slithery Fight,all,112,42.484134753305504,33.1320962415189,36.20466011484864,40.689920049801636,48.90626584719592,54.14960740834886,,
economy_deaths_per1k,Trauma,win,53,19.030490182586114,14.062477790652464,17.775642565457602,19.80279375513558,20.870123615347566,21.981864778327616,,
economy_deaths_per1k,Trauma,loss,43,13.511439593116702,7.590946659037447,10.891079359139743,13.297872340425531,17.81219636607834,19.743524854803056,,
economy_deaths_per1k,Trauma,all,98,16.57240958891271,10.193285118553915,13.238144912729798,18.18700075162998,20.196057651336616,21.32802041174551,,
economy_deaths_per1k,ALL,win,525,22.96380951144315,,13.396179608037707,18.56461315079859,33.31688055281342,,9.046947780974378,48.74605437169058
economy_deaths_per1k,ALL,loss,421,24.42582759622346,,14.630509738141832,20.98849018280298,31.25,,7.69858859209145,51.50608225526163
economy_deaths_per1k,ALL,all,948,23.60101441882921,,13.655295879967362,19.637169850184357,32.57335925205961,,8.309696239821031,49.958146502073355
economy_splits_per100dt,Portals,win,38,4.530668644180631,3.5757052808753818,4.001773468633265,4.566024681490841,5.376873191460319,5.579966429530023,,
economy_splits_per100dt,Portals,loss,49,3.4206634668593514,1.6778039850279918,2.061553492916463,3.227534485067631,4.867853290183387,5.424937957057027,,
economy_splits_per100dt,Portals,all,87,3.9054933144249686,1.9807928959900405,2.201686433698574,4.393859184753838,5.179716158627027,5.4867779859222425,,
economy_splits_per100dt,Prisoners Dilemma,win,47,2.10619623857396,1.0517508530606303,1.4235721235077845,1.7736214124475975,2.592228003562556,3.7176245856508787,,
economy_splits_per100dt,Prisoners Dilemma,loss,9,1.4261675770300735,0.5158986274256702,0.546448087431694,0.9380863039399625,1.71334431630972,2.8771683075480547,,
economy_splits_per100dt,Prisoners Dilemma,all,56,1.9969059179686925,0.8780897336318363,1.2286086149722513,1.7290569961655944,2.539759818240831,3.7516152592842293,,
economy_splits_per100dt,Devil,win,56,3.9877954612590165,3.495396591173895,3.7657726990231315,3.986265764091507,4.316878646653029,4.6332131830309695,,
economy_splits_per100dt,Devil,loss,51,2.665952211660132,1.5915119363395225,1.9907037696828225,2.6206896551724137,3.397653141973033,3.828828828828829,,
economy_splits_per100dt,Devil,all,107,3.357758024534315,1.8924448624119474,2.560344827586207,3.6678265776356627,4.064145871993921,4.4298597917318006,,
economy_splits_per100dt,Trophy,win,56,1.9796948131729415,1.5548448822189036,1.7114033181192494,1.8357306031072653,2.16089884445861,2.4499526745035727,,
economy_splits_per100dt,Trophy,loss,43,1.7655132490688736,0.9363427966848881,1.1993150684931506,1.694915254237288,2.237225318888592,2.4954954954954958,,
economy_splits_per100dt,Trophy,all,99,1.886666457046932,1.1965640730259697,1.5669186350002413,1.826433473544388,2.1813515092705797,2.481981981981982,,
economy_splits_per100dt,Autarky,win,56,1.803233000927652,1.3726349322077682,1.6478243805179102,1.8071103948849698,2.0753089264895244,2.184541567266912,,
economy_splits_per100dt,Autarky,loss,53,1.900545712215322,0.8046934906807731,1.7004578155657293,2.0293911826452065,2.4141132776230267,2.5614662459795903,,
economy_splits_per100dt,Autarky,all,109,1.850550190819822,1.0793720160382823,1.6604010025062657,1.9186315302820158,2.1886063727067913,2.4596844604769657,,
economy_splits_per100dt,Default,win,56,1.332492020851716,0.8249980778623396,1.0914152888063664,1.3748233873766589,1.6031179294571993,1.8017770795978607,,
economy_splits_per100dt,Default,loss,46,1.2185418500880334,0.5215415403658245,0.9429609864707762,1.2336541472054117,1.4923240305588092,1.9742160985316959,,
economy_splits_per100dt,Default,all,102,1.281102728154369,0.802823142360395,0.984378585292953,1.312578783693002,1.5844946499766248,1.860198749381784,,
economy_splits_per100dt,Queen Of Spades,win,51,2.39268262974635,1.5903801396431343,1.806029923741154,2.009273570324575,2.889264766521084,3.7344398340248963,,
economy_splits_per100dt,Queen Of Spades,loss,22,1.8419523710996686,0.7166362612710911,1.0369010337430153,1.6664202944329731,2.4003137704346504,3.0739883284473555,,
economy_splits_per100dt,Queen Of Spades,all,73,2.226709127140501,1.0436695714130215,1.6347237880496055,1.9607843137254901,2.70081490104773,3.7282926079606575,,
economy_splits_per100dt,Schooltime,win,56,1.703086944804374,1.1903031844846605,1.2702542000065138,1.7035940404045062,1.9978376252905492,2.410830255903806,,
economy_splits_per100dt,Schooltime,loss,49,2.112994524158199,1.4941319289606874,1.7991947659788625,2.113414066138798,2.3637212559822576,2.743151674959703,,
economy_splits_per100dt,Schooltime,all,105,1.8943771485028253,1.2152025455552204,1.476916538277639,1.8991358687692232,2.2612085769980506,2.6129941617656627,,
economy_splits_per100dt,Slithery Fight,win,56,3.957989307588701,3.199865929589329,3.461009616299064,3.8073887539117433,4.286937217483937,5.016296497815912,,
economy_splits_per100dt,Slithery Fight,loss,56,4.55047163828908,3.3981396554889947,3.888952556675793,4.442776730074257,5.318871530739312,5.72814126946502,,
economy_splits_per100dt,Slithery Fight,all,112,4.254230472938891,3.325591299651828,3.581278930977331,4.001959895810271,4.973670807726963,5.468604047786888,,
economy_splits_per100dt,Trauma,win,53,1.9624370678418772,1.56946361664366,1.834504293520687,1.9989479221462387,2.1259671704389325,2.2181495819908656,,
economy_splits_per100dt,Trauma,loss,43,1.4765117989747027,0.8775625996938262,1.2168080416977967,1.4736567553468962,1.8973950623022522,2.033479474019735,,
economy_splits_per100dt,Trauma,all,98,1.7459309596266261,1.1438757607891403,1.4681209337047592,1.9050558948691378,2.062435502322818,2.185817986506044,,
economy_splits_per100dt,ALL,win,525,2.521891308812133,,1.6449348044132397,2.0494542214301625,3.5816618911174785,,1.0758757810095603,5.022866368209004
economy_splits_per100dt,ALL,loss,421,2.4025810008872064,,1.420706801633813,2.076915896574256,3.048780487804878,,0.6695069993913573,5.339672040788204
economy_splits_per100dt,ALL,all,948,2.46738565463266,,1.5778324048593866,2.05839800025249,3.4114758217956846,,0.8680331532783874,5.137603543199647
economy_rays_per_dt,Portals,win,38,3.8408920909832065,3.916903927537625,3.9325093164749982,3.9756855077787616,4.012205356347596,4.014884248684174,,
economy_rays_per_dt,Portals,loss,49,3.086126700478784,0.0,3.906316348195329,4.008597948216903,4.011388440732657,4.013590526805125,,
economy_rays_per_dt,Portals,all,87,3.415794342308302,0.0,3.9266624973942044,4.006266021076616,4.0114177727845295,4.01410004553106,,
economy_rays_per_dt,Prisoners Dilemma,win,47,3.792345173689176,3.7158110712684893,3.975459119428288,4.004289544235925,4.010960342979636,4.014696915735837,,
economy_rays_per_dt,Prisoners Dilemma,loss,9,3.9170907264932477,3.738498011009764,3.9562841530054644,3.9586206896551723,3.968503937007874,3.996317606444189,,
economy_rays_per_dt,Prisoners Dilemma,all,56,3.812393566104116,3.7148054438018607,3.9562841530054644,4.0,4.010287940201085,4.013959454119936,,
economy_rays_per_dt,Devil,win,56,2.9451509511701213,0.0,1.8322041553748871,4.008236134255688,4.025882216819283,4.035737890378025,,
economy_rays_per_dt,Devil,loss,51,3.6207563603885564,2.284612261469752,3.859876883888771,4.0090507488417195,4.028839968252642,4.046715328467153,,
economy_rays_per_dt,Devil,all,107,3.267168482666759,0.0,3.098003748915699,4.0085035304836385,4.0271619684663165,4.038319474835887,,
economy_rays_per_dt,Trophy,win,56,3.1822603716945586,0.0,3.0652980748462215,3.9716182947487297,4.023993028753963,4.035576291241931,,
economy_rays_per_dt,Trophy,loss,43,3.808993212435022,3.8973969382489537,4.0,4.012618296529968,4.0245256419628035,4.035311291434036,,
economy_rays_per_dt,Trophy,all,99,3.454477666157588,1.6811700182815372,3.930955431103951,4.010891763104152,4.024345456229246,4.035748103603334,,
economy_rays_per_dt,Autarky,win,56,2.9619841551876673,0.0,2.493510788672652,4.003127363700541,4.008613281529984,4.017080339471852,,
economy_rays_per_dt,Autarky,loss,53,3.4753727568409167,1.4498040536311916,3.6870379497289303,4.0,4.008658008658009,4.012701167966152,,
economy_rays_per_dt,Autarky,all,109,3.211613475257596,0.0,3.5729794933655006,4.001613553852359,4.008658008658009,4.013868874536806,,
economy_rays_per_dt,Default,win,56,3.482514214038484,2.652925521816635,3.5973395094222744,3.9892079907864306,4.008043752292869,4.015966854824353,,
economy_rays_per_dt,Default,loss,46,2.878470855343528,0.0,1.6064175472840847,3.9843971631205672,4.0136654665625695,4.019840771324873,,
economy_rays_per_dt,Default,all,102,3.210102503254484,0.0,2.9172272090943507,3.9887670449044768,4.011684412875948,4.01827156634137,,
economy_rays_per_dt,Queen Of Spades,win,51,3.6083453370646295,2.660010793308149,3.6940815797273263,4.005142589995325,4.0152270085883135,4.022155550426956,,
economy_rays_per_dt,Queen Of Spades,loss,22,3.6514581309733134,2.3706948939637416,3.7888229563991453,4.0010249402118205,4.006530540047867,4.009738571637214,,
economy_rays_per_dt,Queen Of Spades,all,73,3.621338233859027,2.4925840408416886,3.7616071428571427,4.00209753539591,4.010085337470907,4.020232214421681,,
economy_rays_per_dt,Schooltime,win,56,3.540124038624353,2.9853735046814798,3.7951763240195895,3.987786359277715,4.006733234731553,4.0104796397659825,,
economy_rays_per_dt,Schooltime,loss,49,3.065858960595584,0.0,3.0598050682261206,4.0,4.008812999173782,4.014355124048333,,
economy_rays_per_dt,Schooltime,all,105,3.3188003355442617,0.0,3.3119089759797724,3.9879323160334046,4.007854688267059,4.013663979030309,,
economy_rays_per_dt,Slithery Fight,win,56,3.482377129805561,3.1532284542875457,3.2686999434244717,3.971000831712559,4.00308922196396,4.005615389809725,,
economy_rays_per_dt,Slithery Fight,loss,56,3.3114123411171374,0.0,3.9503696205396115,4.003619979113774,4.010039684775821,4.015023117509793,,
economy_rays_per_dt,Slithery Fight,all,112,3.3968947354613497,0.0,3.7964807375070557,3.988851002888798,4.005719164861757,4.012694529126278,,
economy_rays_per_dt,Trauma,win,53,3.655549641734433,2.7742041750937227,3.888809284997851,3.9237536656891496,4.00367478180983,4.007422327226728,,
economy_rays_per_dt,Trauma,loss,43,3.0587074559012084,0.0,2.681650348799833,4.002747252747253,4.007186303150194,4.011633618985693,,
economy_rays_per_dt,Trauma,all,98,3.3996341763126483,1.7764999376325337,3.857221177401334,3.969633828613622,4.0051518773668695,4.008911191135142,,
economy_rays_per_dt,ALL,win,525,3.427144521927878,,3.6596204434423147,3.9993211709800596,4.010081426909655,,0.0,4.029659400541806
economy_rays_per_dt,ALL,loss,421,3.3231505997427577,,3.6971830985915495,4.002747252747253,4.011849344054168,,0.0,4.03129074315515
economy_rays_per_dt,ALL,all,948,3.3820599938468354,,3.6886119833405795,4.000266809663595,4.010966430829445,,0.0,4.029902430014693
crown_rounds,Portals,win,56,228.30357142857142,45.0,60.0,92.5,470.0,475.0,,
crown_rounds,Portals,loss,56,136.42857142857142,0.0,0.0,60.0,185.0,475.0,,
crown_rounds,Portals,all,112,182.36607142857142,0.0,35.0,70.0,436.25,475.0,,
crown_rounds,Prisoners Dilemma,win,56,31.732142857142858,0.0,0.0,0.0,0.0,83.0,,
crown_rounds,Prisoners Dilemma,loss,56,158.08928571428572,0.0,14.75,105.5,249.75,403.0,,
crown_rounds,Prisoners Dilemma,all,112,94.91071428571429,0.0,0.0,5.0,132.5,350.9,,
crown_rounds,Devil,win,56,16.25,0.0,0.0,0.0,0.0,57.5,,
crown_rounds,Devil,loss,56,124.10714285714286,49.5,70.5,107.5,139.5,255.0,,
crown_rounds,Devil,all,112,70.17857142857143,0.0,0.0,54.5,111.75,159.50000000000003,,
crown_rounds,Trophy,win,56,2.5,0.0,0.0,0.0,0.0,0.0,,
crown_rounds,Trophy,loss,56,86.16071428571429,33.0,46.0,68.0,115.5,161.0,,
crown_rounds,Trophy,all,112,44.330357142857146,0.0,0.0,7.0,69.5,120.70000000000002,,
crown_rounds,Autarky,win,56,27.607142857142858,0.0,0.0,0.0,55.0,67.5,,
crown_rounds,Autarky,loss,56,141.10714285714286,42.5,82.0,131.5,176.0,239.0,,
crown_rounds,Autarky,all,112,84.35714285714286,0.0,0.0,65.0,135.0,180.0,,
crown_rounds,Default,win,56,27.678571428571427,0.0,0.0,0.0,40.0,82.5,,
crown_rounds,Default,loss,56,184.32142857142858,22.5,85.0,155.0,237.5,417.5,,
crown_rounds,Default,all,112,106.0,0.0,0.0,60.0,161.75,259.9,,
crown_rounds,Queen Of Spades,win,56,47.392857142857146,0.0,0.0,0.0,66.25,114.0,,
crown_rounds,Queen Of Spades,loss,56,181.875,10.5,56.5,153.0,295.75,390.0,,
crown_rounds,Queen Of Spades,all,112,114.63392857142857,0.0,0.0,65.0,186.0,351.60000000000014,,
crown_rounds,Schooltime,win,56,27.946428571428573,0.0,0.0,15.0,51.25,75.0,,
crown_rounds,Schooltime,loss,56,67.82142857142857,0.0,0.0,60.0,116.25,152.5,,
crown_rounds,Schooltime,all,112,47.88392857142857,0.0,0.0,35.0,75.0,129.00000000000006,,
crown_rounds,Slithery Fight,win,56,50.625,0.0,35.0,55.0,71.25,75.0,,
crown_rounds,Slithery Fight,loss,56,28.660714285714285,0.0,0.0,0.0,51.25,70.0,,
crown_rounds,Slithery Fight,all,112,39.642857142857146,0.0,0.0,40.0,65.0,75.0,,
crown_rounds,Trauma,win,55,55.63636363636363,0.0,10.0,50.0,65.0,75.0,,
crown_rounds,Trauma,loss,55,152.98181818181817,0.0,0.0,80.0,212.5,472.0,,
crown_rounds,Trauma,all,112,103.91964285714286,0.0,0.0,60.0,85.0,450.0,,
crown_rounds,ALL,win,559,51.559928443649376,,0.0,0.0,60.0,,0.0,327.50000000000057
crown_rounds,ALL,loss,559,126.10733452593918,,24.5,88.0,165.0,,0.0,450.0
crown_rounds,ALL,all,1120,88.82232142857143,,0.0,50.0,114.0,,0.0,430.2499999999998
crown_pearls_per100dt,Portals,win,53,16.459060718722295,12.01814940852374,14.711538461538462,16.923076923076923,17.982456140350877,19.780466817149282,,
crown_pearls_per100dt,Portals,loss,33,14.165519709727283,7.387677172389793,12.903225806451612,16.23134328358209,17.441860465116278,19.106928787724392,,
crown_pearls_per100dt,Portals,all,86,15.578981029224208,10.79937304075235,13.179200702887538,16.51547945528074,17.83195364318016,19.590809055057036,,
crown_pearls_per100dt,Prisoners Dilemma,win,12,8.49837593698229,6.045386904761904,6.750541125541126,8.773356650808276,10.048466931857298,10.589814316801295,,
crown_pearls_per100dt,Prisoners Dilemma,loss,45,5.45732865558974,0.0,0.0,3.3380681818181817,6.530612244897959,13.078369905956116,,
crown_pearls_per100dt,Prisoners Dilemma,all,57,6.097549135882908,0.0,0.9433962264150944,4.1518386714116255,9.758551307847082,12.756592292089248,,
crown_pearls_per100dt,Devil,win,9,17.11662302878971,10.625249396306673,11.528822055137844,16.422764227642276,22.442244224422442,27.388632872503837,,
crown_pearls_per100dt,Devil,loss,54,7.257746025439901,2.3155467720685117,4.12445798444976,6.575468560505531,9.988286479250334,11.940298507462687,,
crown_pearls_per100dt,Devil,all,63,8.666157025918446,2.551836176307127,4.427007417484534,7.498144023756496,11.197014925373134,16.273804602452806,,
crown_pearls_per100dt,Trophy,win,2,14.441560314370179,11.931790323743602,12.872954070228568,14.441560314370179,16.01016655851179,16.951330304996755,,
crown_pearls_per100dt,Trophy,loss,54,5.6437856899556795,1.6119905349771,3.0415509506515703,5.411868046066758,7.3239164086687305,9.670300655821482,,
crown_pearls_per100dt,Trophy,all,56,5.957991926541913,1.6490374026531431,3.1643879512924586,5.5300713557594285,7.5136612021857925,10.669191919191919,,
crown_pearls_per100dt,Autarky,win,24,9.071485991660298,4.88877664835743,7.145400278770984,8.420551607902704,11.198501872659175,13.188979767541971,,
crown_pearls_per100dt,Autarky,loss,52,4.7395112785242155,1.1990438451542522,2.625740664186303,4.49588443943023,6.441321443953484,8.98927159796725,,
crown_pearls_per100dt,Autarky,all,76,6.107503293198768,1.270649453005002,3.40007701193685,5.668878798463151,8.14523779691052,11.05124521072797,,
crown_pearls_per100dt,Default,win,25,9.79868929296655,5.404272032387685,7.544141252006421,9.671179883945841,12.404287901990811,13.662415603900977,,
crown_pearls_per100dt,Default,loss,50,4.170393348058732,1.3746105919003115,2.1593905000223423,3.779345943007524,5.733452403733708,7.38892365456821,,
crown_pearls_per100dt,Default,all,75,6.046491996361337,1.8140589569160999,2.870886634780458,5.349794238683128,8.296622081817787,11.784534038334437,,
crown_pearls_per100dt,Queen Of Spades,win,24,9.67457958015081,6.344573111898015,7.147002752025584,10.241841491841491,11.768057685135304,12.567267103382976,,
crown_pearls_per100dt,Queen Of Spades,loss,50,4.781508123551128,0.0,1.1014719265619437,3.9005328596802844,7.344585039409237,11.781966315660675,,
crown_pearls_per100dt,Queen Of Spades,all,74,6.368450217583456,0.2129226468849112,3.0448314889336014,6.156203665689533,10.249125874125875,12.466814159292035,,
crown_pearls_per100dt,Schooltime,win,29,16.114510090193587,11.074044792870295,13.235294117647058,16.228070175438596,19.17989417989418,22.100307803729855,,
crown_pearls_per100dt,Schooltime,loss,39,10.400798518376797,1.224305398689858,4.854588510762845,10.736196319018404,15.368932383079814,17.76455309396486,,
crown_pearls_per100dt,Schooltime,all,68,12.83752845341631,3.7902581847218526,9.49456961683756,13.433652689067852,16.925369165560046,20.183844011142064,,
crown_pearls_per100dt,Slithery Fight,win,48,15.313022080734527,10.701965813855782,13.00531304946105,15.729827430982702,17.666230936819172,20.07169365721997,,
crown_pearls_per100dt,Slithery Fight,loss,23,15.400305785817691,10.475799835931092,12.313090924236743,15.189873417721518,18.448212209542596,20.383680704462932,,
crown_pearls_per100dt,Slithery Fight,all,71,15.341297083789637,10.377358490566039,12.794139915202908,15.600624024960998,17.953440894617366,20.085470085470085,,
crown_pearls_per100dt,Trauma,win,41,7.659901953123559,5.238095238095238,6.331877729257642,7.414829659318637,8.557457212713937,11.442786069651742,,
crown_pearls_per100dt,Trauma,loss,37,4.080981158102051,0.6726580323140869,1.8154872174879586,3.9173014145810665,5.83623693379791,7.783891320411527,,
crown_pearls_per100dt,Trauma,all,80,6.008046009716303,1.283833933472376,4.045072706514018,6.217732884399551,7.96095749767939,9.712248113442245,,
crown_pearls_per100dt,ALL,win,267,12.61617264359732,,8.231452840379045,12.07920792079208,16.7223716618368,,5.421623184431641,21.004690916679515
crown_pearls_per100dt,ALL,loss,437,6.898418285487255,,2.5641025641025643,5.4680259499536605,9.90783410138249,,0.0,17.867762634132397
crown_pearls_per100dt,ALL,all,706,9.063340346243452,,4.153324632556587,7.9662129633682,13.220136088709678,,0.47715894868585734,19.310152359818144
crown_deaths_per1k,Portals,win,53,55.92635985567667,37.252066115702476,44.827586206896555,59.45945945945946,64.29891734882493,70.36511483656078,,
crown_deaths_per1k,Portals,loss,33,44.62787299906252,21.22639665938136,28.770706190061027,45.45454545454545,62.5,66.65266849947754,,
crown_deaths_per1k,Portals,all,86,51.590893968836355,30.049513496033022,41.615266243593496,56.73353185715392,63.6826193892191,69.13568943416956,,
crown_deaths_per1k,Prisoners Dilemma,win,12,36.30103738121747,18.024553571428573,21.562260352760735,32.273050065096456,35.140274308476464,37.136639741040284,,
crown_deaths_per1k,Prisoners Dilemma,loss,45,44.106159033880616,12.351097178683386,16.822429906542055,27.77777777777778,62.5,96.2967081850534,,
crown_deaths_per1k,Prisoners Dilemma,all,57,42.4629755280568,12.77951933124347,17.391304347826086,29.708520179372197,47.36842105263158,92.84363879003557,,
crown_deaths_per1k,Devil,win,9,42.512672780092785,26.652225566624267,30.075187969924812,42.9042904290429,44.36860068259386,61.82795698924732,,
crown_deaths_per1k,Devil,loss,54,40.97078291230287,23.6192516338897,29.206361237110197,38.14136609245832,54.27532524289955,63.1161971830986,,
crown_deaths_per1k,Devil,all,63,41.191052893415716,23.61065656415393,29.54271343888732,38.14713896457766,53.78033246459769,63.20422535211268,,
crown_deaths_per1k,Trophy,win,2,28.17074050039657,22.881245944192084,24.864806402768764,28.17074050039657,31.47667459802437,33.46023505660105,,
crown_deaths_per1k,Trophy,loss,54,49.35930811480725,23.24314936796795,33.229959474152416,47.74569402228977,60.494883224510296,77.29002048580628,,
crown_deaths_per1k,Trophy,all,56,48.60257355714972,22.436438591307528,32.60645781148131,47.37509758001561,59.937688347564034,76.5291191103307,,
crown_deaths_per1k,Autarky,win,24,18.698414515071192,8.212168266516093,11.772664272298616,17.706488660156012,24.693454065270707,28.59224101596144,,
crown_deaths_per1k,Autarky,loss,52,29.94553884017839,14.670026741204564,18.278752223956605,25.33209762125425,34.96484085862325,43.908265647396085,,
crown_deaths_per1k,Autarky,all,76,26.393815369091907,10.796520806648594,16.778227072864322,23.045885229758092,31.199752628324056,41.32971393091333,,
crown_deaths_per1k,Default,win,25,20.840993618227643,8.801381305183867,12.208657047724751,19.18465227817746,24.502297090352222,37.17021692397891,,
crown_deaths_per1k,Default,loss,50,17.190292947703405,7.456841838029957,10.349911454412505,13.258636788048552,19.753720289617643,32.14924610273448,,
crown_deaths_per1k,Default,all,75,18.407193171211485,7.741328558856553,10.937740331208449,15.827338129496402,21.805807997356247,34.165317886248154,,
crown_deaths_per1k,Queen Of Spades,win,24,24.67778936108886,11.219057073595714,20.331342934082663,24.224938875305625,30.357434307165008,38.09126836594478,,
crown_deaths_per1k,Queen Of Spades,loss,50,24.45879102232355,8.386985470318804,13.249184556648533,20.554089709762533,36.34057159913439,42.12534690101758,,
crown_deaths_per1k,Queen Of Spades,all,74,24.529817510571757,9.125427886040807,14.712794873652783,23.098845057747113,33.11366483307009,40.76712328767123,,
crown_deaths_per1k,Schooltime,win,29,23.130587434236574,13.628146293978585,17.195767195767196,24.853801169590643,28.30188679245283,32.3670137911624,,
crown_deaths_per1k,Schooltime,loss,39,31.13788246956455,10.60939060939061,15.173496276807192,20.737327188940093,27.27653102564273,34.193996902099016,,
crown_deaths_per1k,Schooltime,all,68,27.723006645674683,11.416763528348186,16.2807433047914,22.10314505549055,28.00570425625274,33.63722847629618,,
crown_deaths_per1k,Slithery Fight,win,48,32.193943495237875,14.977243035947575,23.395697483088547,29.590062262866038,36.64246479284755,47.52886470300308,,
crown_deaths_per1k,Slithery Fight,loss,23,41.72152038255453,21.73891591588628,26.940411019647996,33.0188679245283,56.267282461610876,69.62481102038433,,
crown_deaths_per1k,Slithery Fight,all,71,35.28034164183341,16.736401673640167,24.659907669263703,30.592734225621413,42.82074732166188,60.3290676416819,,
crown_deaths_per1k,Trauma,win,41,24.45395147382075,12.312238364934744,21.238938053097346,25.477707006369428,29.082774049217,32.0855614973262,,
crown_deaths_per1k,Trauma,loss,37,15.761617007829551,2.7403953300989183,4.075583549462764,13.937282229965156,24.896265560165975,32.762109262088615,,
crown_deaths_per1k,Trauma,all,80,20.880865738389787,3.6655031029649834,10.814185814185814,22.40474560803103,28.74596874224758,32.72910464850011,,
crown_deaths_per1k,ALL,win,267,32.28249859259012,,19.833812951817254,28.30188679245283,39.41597195907541,,10.039463058615594,67.77455372150875
crown_deaths_per1k,ALL,loss,437,33.71189087768816,,16.260162601626018,27.68166089965398,43.82470119521912,,6.403660337654566,71.86678352322522
crown_deaths_per1k,ALL,all,706,33.195751922274965,,17.54385964912281,28.056224899598394,42.2680569995719,,7.608487931473193,70.60759945057848
crown_splits_per100dt,Portals,win,53,3.6476710801590677,0.43859649122807015,1.2048192771084338,2.96875,6.2439024390243905,6.483396868047076,,
crown_splits_per100dt,Portals,loss,33,3.269132809839964,0.5683227091134517,1.3636363636363635,2.7777777777777777,5.829924021040327,6.216584310544042,,
crown_splits_per100dt,Portals,all,86,3.5024180229435973,0.43859649122807015,1.3636363636363635,2.913659651135872,6.050520994091507,6.483024880398065,,
crown_splits_per100dt,Prisoners Dilemma,win,12,2.2748829636760375,0.0,0.16592920353982302,1.9514274987218814,4.527438210644317,4.630094043887148,,
crown_splits_per100dt,Prisoners Dilemma,loss,45,1.8617267079141593,0.0,0.0,1.1185682326621924,2.292441140024783,4.451410658307211,,
crown_splits_per100dt,Prisoners Dilemma,all,57,1.9487069722850812,0.0,0.0,1.2121212121212122,3.280224929709466,4.58307210031348,,
crown_splits_per100dt,Devil,win,9,1.9788805011902215,1.0843941537010844,1.2096774193548387,1.6260162601626016,2.5597269624573378,3.2065783187064656,,
crown_splits_per100dt,Devil,loss,54,1.9757640149008298,0.7714593989769821,1.1393791966547384,1.7503938386136881,2.6831256897974605,3.697913149186196,,
crown_splits_per100dt,Devil,all,63,1.976209227227886,0.7700607416879796,1.1933242196400091,1.71875,2.6756684199536656,3.709056527318161,,
crown_splits_per100dt,Trophy,win,2,0.24875621890547264,0.04975124378109453,0.12437810945273632,0.24875621890547264,0.373134328358209,0.44776119402985076,,
crown_splits_per100dt,Trophy,loss,54,1.5615154715266746,0.06289308176100644,0.5990335132421238,1.465221124946329,2.1334586466165413,2.946560846560847,,
crown_splits_per100dt,Trophy,all,56,1.514631212504489,0.0,0.5739177980854665,1.4493514677309247,2.1146616541353382,2.9109347442680775,,
crown_splits_per100dt,Autarky,win,24,0.24546934824277278,0.0,0.0,0.2754883542411571,0.3590699118823027,0.4214840166134331,,
crown_splits_per100dt,Autarky,loss,52,1.0400276741363135,0.0,0.2757829170589841,0.7853887537264845,1.4640023605009507,2.7333222042493905,,
crown_splits_per100dt,Autarky,all,76,0.7891145185909849,0.0,0.23680613961312025,0.4378678185524323,1.1311610327064345,2.0972011942924325,,
crown_splits_per100dt,Default,win,25,0.4580501969879848,0.0,0.16051364365971107,0.42016806722689076,0.5420054200542005,1.0092456863018076,,
crown_splits_per100dt,Default,loss,50,0.6419078128866037,0.0,0.18854839602214205,0.5428805237315876,0.9590085266010054,1.3658865886588658,,
crown_splits_per100dt,Default,all,75,0.5806219409203974,0.0,0.17433019906409825,0.4439511653718091,0.8037052902120367,1.3073633797998814,,
crown_splits_per100dt,Queen Of Spades,win,24,1.0070246472178657,0.0,0.0,0.5277843221493872,1.255122351012762,3.077669348855789,,
crown_splits_per100dt,Queen Of Spades,loss,50,1.2965101865572124,0.0,0.2511185682326622,0.9090219398494299,1.928759894459103,3.330037032926005,,
crown_splits_per100dt,Queen Of Spades,all,74,1.2026229846093162,0.0,0.04488330341113106,0.7667481662591688,1.6914660691147478,3.3289468521287318,,
crown_splits_per100dt,Schooltime,win,29,0.5430662902266981,0.11695906432748542,0.24067388688327315,0.5235602094240838,0.8912655971479501,0.9518438335728711,,
crown_splits_per100dt,Schooltime,loss,39,1.0929761709573824,0.0,0.19971537569212738,0.6012024048096193,0.8126327454058546,1.8830046637153477,,
crown_splits_per100dt,Schooltime,all,68,0.858455780645767,0.0,0.20523433341737402,0.5281706511934983,0.8530685001273237,1.4035017906884204,,
crown_splits_per100dt,Slithery Fight,win,48,0.9595964219666421,0.0,0.32212115153938425,0.7525341591347202,1.26270136307311,1.933371221347191,,
crown_splits_per100dt,Slithery Fight,loss,23,1.8906936270340176,0.0,0.34318027280071134,1.0819165378670788,2.951749070517429,5.240771939886549,,
crown_splits_per100dt,Slithery Fight,all,71,1.2612194602279048,0.0,0.3163734506197521,0.7800312012480499,1.3934227537168713,3.656307129798903,,
crown_splits_per100dt,Trauma,win,41,0.8981256498799023,0.2544529262086514,0.5763688760806917,0.9554140127388535,1.2224938875305624,1.4373716632443532,,
crown_splits_per100dt,Trauma,loss,37,0.5925580359794549,0.09651740664398893,0.24691358024691357,0.48661800486618007,0.9103322712790168,1.2296326282764902,,
crown_splits_per100dt,Trauma,all,80,0.7645894226878188,0.1178904585853145,0.3421248837335197,0.7976270000318096,1.0804195804195804,1.4380636578552686,,
crown_splits_per100dt,ALL,win,267,1.4197618460407118,,0.31016773101484957,0.7633587786259542,1.5217678973137487,,0.0,6.258246733549786
crown_splits_per100dt,ALL,loss,437,1.4684466528502984,,0.3663003663003663,0.9704641350210971,1.9073569482288828,,0.0,4.581981421396505
crown_splits_per100dt,ALL,all,706,1.4493016360158077,,0.32827396224376804,0.8577413100678576,1.744186046511628,,0.0,5.872480717338874
crown_rays_per_dt,Portals,win,53,3.7959102276219987,3.4102052501995015,3.77511961722488,3.859154929577465,3.9641485275288093,4.0147404755787415,,
crown_rays_per_dt,Portals,loss,33,3.5265865778435823,3.379639457729031,3.8502673796791442,3.92797960484385,3.9732262382864794,4.005281130906202,,
crown_rays_per_dt,Portals,all,86,3.6925651061953966,3.408657576339543,3.7756885971171688,3.88764204426855,3.9691441723092833,4.0143548170351036,,
crown_rays_per_dt,Prisoners Dilemma,win,12,2.6070712792854573,0.0,0.0,3.8739495798319328,3.9397914032869785,3.994584396547044,,
crown_rays_per_dt,Prisoners Dilemma,loss,45,3.162698926299797,0.7393684210526317,3.1565836298932384,3.9787798408488064,4.0,4.00306029141563,,
crown_rays_per_dt,Prisoners Dilemma,all,57,3.0457246848230937,0.0,3.079710144927536,3.9285714285714284,3.996932515337423,4.002866299192411,,
crown_rays_per_dt,Devil,win,9,3.2975083275153625,2.3235494880546077,3.5234113712374584,3.838709677419355,3.921951219512195,3.9389477307742364,,
crown_rays_per_dt,Devil,loss,54,3.690671873703776,2.5387302617348046,3.763765515618566,3.9594807238394965,4.0,4.022426702176011,,
crown_rays_per_dt,Devil,all,63,3.6345056528197173,2.4793948347002193,3.7380113375210664,3.9435294117647057,4.0,4.017809694084179,,
crown_rays_per_dt,Trophy,win,2,3.8559629389285455,3.793801283437883,3.8171119042468815,3.8559629389285455,3.89481397361021,3.9181245944192082,,
crown_rays_per_dt,Trophy,loss,54,3.536753851271163,2.2522080536912754,3.834974533106961,3.953075546993257,3.9856866461344076,4.0,,
crown_rays_per_dt,Trophy,all,56,3.548154175830356,2.2715771812080536,3.829566563467492,3.9512057328060424,3.9852786332885834,4.0,,
crown_rays_per_dt,Autarky,win,24,3.812014225810247,3.531999110023362,3.818965517241379,3.9135109864422626,3.9481640663817945,3.9739403081093405,,
crown_rays_per_dt,Autarky,loss,52,3.5468205001093884,2.077016598718696,3.6295344397121454,3.951829151503543,3.9780890751040006,3.9926919364180447,,
crown_rays_per_dt,Autarky,all,76,3.630565887172817,3.082036775106082,3.718299151343706,3.9391501232015855,3.9714792299898685,3.989187233118622,,
crown_rays_per_dt,Default,win,25,3.8430206434341097,3.6681996434937614,3.827338129496403,3.9303135888501743,3.959798994974874,3.9740862213021737,,
crown_rays_per_dt,Default,loss,50,3.420853488783872,1.4392578941772691,3.6396619806997847,3.9631057842626367,3.9891456701689165,4.002914503351063,,
crown_rays_per_dt,Default,all,75,3.5615758736672842,2.778022616453989,3.7653897215525975,3.953307392996109,3.9814848142054027,3.998943894389439,,
crown_rays_per_dt,Queen Of Spades,win,24,3.875544009037751,3.7263472466214558,3.808403603006089,3.9117148885879836,3.9423381642512076,3.9765086055497014,,
crown_rays_per_dt,Queen Of Spades,loss,50,2.970256007086117,0.0,2.2220063556261738,3.970223061880614,4.0,4.005239746370305,,
crown_rays_per_dt,Queen Of Spades,all,74,3.263862926637999,0.0,3.7097977810119196,3.9272667434589437,3.9965607235587086,4.0,,
crown_rays_per_dt,Schooltime,win,29,3.868410491053467,3.724644821844529,3.8660287081339715,3.910179640718563,3.936986301369863,3.955233625790655,,
crown_rays_per_dt,Schooltime,loss,39,3.6950589802059017,3.455889187692343,3.8680499721689654,3.953216374269006,3.972648545159064,4.0,,
crown_rays_per_dt,Schooltime,all,68,3.7689883010085397,3.540161499951863,3.865490117487913,3.9315914334925743,3.96084897066861,4.0,,
crown_rays_per_dt,Slithery Fight,win,48,3.821549562376587,3.561967441860465,3.787232438950859,3.900734075301918,3.932124498094678,3.9557179304836083,,
crown_rays_per_dt,Slithery Fight,loss,23,3.877948516097401,3.7962558120564482,3.8736958015744096,3.9014989293361886,3.920352527212338,3.9508470586738427,,
crown_rays_per_dt,Slithery Fight,all,71,3.839819645976288,3.569868995633188,3.856588486829125,3.9014989293361886,3.9263008547603713,3.9558498896247243,,
crown_rays_per_dt,Trauma,win,41,3.6791125495715713,3.629268292682927,3.857142857142857,3.8990536277602525,3.9360730593607305,3.9523809523809526,,
crown_rays_per_dt,Trauma,loss,37,3.6004593816411896,3.463042876901798,3.892249527410208,3.952238805970149,4.0,4.004177571074275,,
crown_rays_per_dt,Trauma,all,80,3.647733452116094,3.609607543018403,3.8583229555832297,3.9144180799319415,3.9547972551466,4.000175901495163,,
crown_rays_per_dt,ALL,win,267,3.733694418464991,,3.789516990804107,3.9022403258655802,3.9384462720452253,,3.363139245355296,3.9963767459760486
crown_rays_per_dt,ALL,loss,437,3.477087075329881,,3.76,3.952238805970149,3.9932432432432434,,0.0,4.011810343607095
crown_rays_per_dt,ALL,all,706,3.5752712835204528,,3.778297924901186,3.9214694369165914,3.9793645979409367,,0.0,4.008061187910628
